Title,Publish date,Category,Associated project name,Link to item,Type,Link to project page,Year,Project Status,pdf_url,local_path,status
Fortescue Solar Innovation Hub - Milestone 1 report,5/03/2026,"Large-scale solar, Solar energy",Fortescue Solar Innovation Hub,https://arena.gov.au/knowledge-bank/fortescue-solar-innovation-hub-milestone-1-report/,Milestones,https://arena.gov.au/projects/fortescue-solar-innovation-hub/,2025,Current,https://arena.gov.au/assets/2026/03/Fortescue-Solar-Innovation-Hub-Milestone-1-report.pdf,pdfs/Milestones/Fortescue_Solar_Innovation_Hub_-_Milestone_1_report_4b4e07.pdf,downloaded
Curtin University ' Hydrogen export using a powder project ' Core Research Interim Report,19/02/2026,Hydrogen energy,Hydrogen export using a powder project,https://arena.gov.au/knowledge-bank/curtin-university-hydrogen-export-using-a-powder-project-core-research-interim-report/,Reports,https://arena.gov.au/projects/hydrogen-export-using-a-powder-project/,2024,Current,https://arena.gov.au/assets/2026/02/Curtin-University-–-Hydrogen-export-using-a-powder-project-–-Core-Research-Interim-Report.pdf,pdfs/Reports/Curtin_University_'_Hydrogen_export_using_a_powder_project_'_Core_Research_Interim_Report_1586a3.pdf,downloaded
Origin - Mortlake Power Station Battery Project - Development and Grid Connection Report,19/02/2026,Battery storage,Origin Energy Mortlake Power Station Battery,https://arena.gov.au/knowledge-bank/origin-mortlake-power-station-battery-project-development-and-grid-connection-report/,Reports,https://arena.gov.au/projects/origin-energy-mortlake-power-station-battery/,2024,Current,https://arena.gov.au/assets/2026/02/Origin-Mortlake-Power-Station-Battery-Project-Development-and-Grid-Connection-Report.pdf,pdfs/Reports/Origin_-_Mortlake_Power_Station_Battery_Project_-_Development_and_Grid_Connection_Report_323a41.pdf,downloaded
Lochard Energy H2RESTORE Feasibility Study,18/02/2026,Hydrogen energy,Lochard Energy H2RESTORE Feasibility Study,https://arena.gov.au/knowledge-bank/lochard-energy-h2restore-feasibility-study/,Reports,https://arena.gov.au/projects/lochard-energy-h2restore-feasibility-study/,2024,Past,https://arena.gov.au/assets/2026/02/DL-15547-KS9-Feasibility-Summary-Report-Public-2025-11-26T11_19_42.pdf,pdfs/Reports/Lochard_Energy_H2RESTORE_Feasibility_Study_eea5a1.pdf,downloaded
SA Power Networks - Energy Masters - Lessons Learnt Report 2,16/02/2026,Demand response,SA Power Networks - Electrification and Demand Flexibility,https://arena.gov.au/knowledge-bank/sa-power-networks-energy-masters-lessons-learnt-report-2/,Reports,https://arena.gov.au/projects/sa-power-networks-electrification-and-demand-flexibility/,2024,Current,https://arena.gov.au/assets/2026/02/SA-Power-Networks-Energy-Masters-Lessons-Learnt-Report-2.pdf,pdfs/Reports/SA_Power_Networks_-_Energy_Masters_-_Lessons_Learnt_Report_2_a2428d.pdf,downloaded
DEIP Market Integration Trials Summary Report 3.0,12/02/2026,Distributed energy resources,,https://arena.gov.au/knowledge-bank/deip-market-integration-trials-summary-report-3-0/,Reports,,,,https://arena.gov.au/assets/2026/02/DEIP-Market-Integration-Trials-Summary30.pdf,pdfs/Reports/DEIP_Market_Integration_Trials_Summary_Report_3.0_08b5df.pdf,downloaded
Stanwell - Central Queensland Hydrogen (CQ-H2) Project FEED study - Public FEED Summary Report,3/02/2026,Hydrogen energy,Central Queensland Hydrogen (CQ-H2) Project FEED study,https://arena.gov.au/knowledge-bank/stanwell-central-queensland-hydrogen-cq-h2-project-feed-study-public-feed-summary-report/,Reports,https://arena.gov.au/projects/central-queensland-hydrogen-cq-h2-project-feed-study/,2023,Past,https://arena.gov.au/assets/2026/02/Stanwell-Central-Queensland-Hydrogen-CQ-H2-Project-FEED-study-Public-FEED-Summary-Report.pdf,pdfs/Reports/Stanwell_-_Central_Queensland_Hydrogen_(CQ-H2)_Project_FEED_study_-_Public_FEED_Summary_Report_75813e.pdf,downloaded
Fortescue - Low Temp Direct Electrochemical Reduction for Zero Emissions Iron - Core Research Final Report,27/01/2026,Renewables for industry,Fortescue - low temperature direct electrochemical reduction for zero emissions iron,https://arena.gov.au/knowledge-bank/fortescue-low-temp-direct-electrochemical-reduction-for-zero-emissions-iron-core-research-final-report/,Reports,https://arena.gov.au/projects/fortescue-low-temperature-direct-electrochemical-reduction-for-zero-emissions-iron-project/,2024,Past,https://arena.gov.au/assets/2026/01/Fortescue-Low-Temp-Direct-Electrochemical-Reduction-for-Zero-Emissions-Iron-Core-Research-Final-Report.pdf,pdfs/Reports/Fortescue_-_Low_Temp_Direct_Electrochemical_Reduction_for_Zero_Emissions_Iron_-_Core_Research_Final_Report_980651.pdf,downloaded
Rio Tinto and Sumitomo - Yarwun Hydrogen Calcination Pilot Demonstration Program - Lessons Learnt Report 6,27/01/2026,Hydrogen energy,Yarwun Hydrogen Calcination Pilot Demonstration Program,https://arena.gov.au/knowledge-bank/rio-tinto-and-sumitomo-yarwun-hydrogen-calcination-pilot-demonstration-program-lessons-learnt-report-6/,"Reports, Lessons",https://arena.gov.au/projects/yarwun-hydrogen-calcination-pilot-demonstration-program/,2023,Current,https://arena.gov.au/assets/2026/01/Rio-Tinto-and-Sumitomo-Yarwun-Hydrogen-Calcination-Pilot-Demonstration-Program-Lessons-Learnt-Report-6.pdf,pdfs/Reports_Lessons/Rio_Tinto_and_Sumitomo_-_Yarwun_Hydrogen_Calcination_Pilot_Demonstration_Program_-_Lessons_Learnt_Report_6_74f978.pdf,downloaded
Fortescue - Low Temp Direct Electrochemical Reduction for Zero Emissions Iron - Research Poster n2,27/01/2026,Renewables for industry,Fortescue - low temperature direct electrochemical reduction for zero emissions iron,https://arena.gov.au/knowledge-bank/fortescue-low-temp-direct-electrochemical-reduction-for-zero-emissions-iron-research-poster-n2/,Reports,https://arena.gov.au/projects/fortescue-low-temperature-direct-electrochemical-reduction-for-zero-emissions-iron-project/,2024,Past,https://arena.gov.au/assets/2026/01/Fortescue-Low-Temp-Direct-Electrochemical-Reduction-for-Zero-Emissions-Iron-Research-Poster-n2.pdf,pdfs/Reports/Fortescue_-_Low_Temp_Direct_Electrochemical_Reduction_for_Zero_Emissions_Iron_-_Research_Poster_n2_88d51f.pdf,downloaded
Navigating Dynamic Operating Envelopes,27/01/2026,Distributed energy resources,,https://arena.gov.au/knowledge-bank/navigating-dynamic-operating-envelopes/,Reports,,,,https://arena.gov.au/assets/2026/01/Final-DEIP-DOEs-Report-Feb-2026.pdf,pdfs/Reports/Navigating_Dynamic_Operating_Envelopes_abb07a.pdf,downloaded
Edify - Darlington Point Energy Storage System - Operations Report 4,23/01/2026,Battery storage,Darlington Point Energy Storage System,https://arena.gov.au/knowledge-bank/edify-darlington-point-energy-storage-system-operations-report-4/,Reports,https://arena.gov.au/projects/darlington-point-energy-storage-system/,2022,Current,https://arena.gov.au/assets/2026/01/Edify-Darlington-Point-Energy-Storage-System-Operations-Report-4.pdf,pdfs/Reports/Edify_-_Darlington_Point_Energy_Storage_System_-_Operations_Report_4_c49888.pdf,downloaded
Project Clean Wafers ' Pre-Feasibility Study,16/01/2026,Solar PV R&amp;D,Stellar PV - Project Clean Wafers - Feasibility Study,https://arena.gov.au/knowledge-bank/project-clean-wafers-pre-feasibility-study/,Reports,https://arena.gov.au/projects/stellar-pv-project-clean-wafers-feasibility-study/,2025,Current,https://arena.gov.au/assets/2026/01/Project-Clean-Wafers-Pre-Feasibility-Study.pdf,pdfs/Reports/Project_Clean_Wafers_'_Pre-Feasibility_Study_ef116e.pdf,downloaded
AGL-Liddell BESS-Battery Development and Grid Connection Report,14/01/2026,Battery storage,AGL Energy - Liddell Large Scale Battery with advanced inverters; Deployment Project,https://arena.gov.au/knowledge-bank/agl-liddell-bess-battery-development-and-grid-connection-report/,Reports,https://arena.gov.au/projects/agl-liddell-large-scale-battery-with-advanced-inverters-deployment-project/,2024,Current,https://arena.gov.au/assets/2026/01/AGL-Liddell-BESS-Battery_Development-and-Grid-Connection-Report.pdf,pdfs/Reports/AGL-Liddell_BESS-Battery_Development_and_Grid_Connection_Report_eb7ed5.pdf,downloaded
Neoen - Victorian Big Battery - Lessons Learnt 3,14/01/2026,Battery storage,Neoen Victorian Big Battery (Moorabool) Retrofit,https://arena.gov.au/knowledge-bank/neoen-victorian-big-battery-lessons-learnt-3/,Lessons,https://arena.gov.au/projects/neoen-victorian-big-battery-moorabool/,2023,Past,https://arena.gov.au/assets/2026/01/Neoen-Victorian-Big-Battery-Lessons-Learnt-3.pdf,pdfs/Lessons/Neoen_-_Victorian_Big_Battery_-_Lessons_Learnt_3_cdfc1f.pdf,downloaded
Neoen - Western Downs BESS - Lessons Learnt Report 3,14/01/2026,"Battery storage, System security and reliability",Neoen Big Battery (Western Downs) Deployment Project,https://arena.gov.au/knowledge-bank/neoen-western-downs-bess-lessons-learnt-report-3/,Lessons,https://arena.gov.au/projects/neoen-big-battery-western-downs-deployment-project/,2023,Current,https://arena.gov.au/assets/2026/01/Neoen-Western-Downs-BESS-Lessons-Learnt-Report-3.pdf,pdfs/Lessons/Neoen_-_Western_Downs_BESS_-_Lessons_Learnt_Report_3_59b454.pdf,downloaded
Neoen - Blyth Battery - Lessons Learnt 3,14/01/2026,"Battery storage, System security and reliability",Neoen Big Battery (Blyth) Deployment Project,https://arena.gov.au/knowledge-bank/neoen-blyth-battery-lessons-learnt-3/,Lessons,https://arena.gov.au/projects/neoen-big-battery-blyth-deployment-project/,2023,Current,https://arena.gov.au/assets/2026/01/Neoen-Blyth-Battery-Lessons-Learnt-3.pdf,pdfs/Lessons/Neoen_-_Blyth_Battery_-_Lessons_Learnt_3_b6ee3f.pdf,downloaded
Maverick Solutions Development: Annual Knowledge Sharing Report 2025,7/01/2026,"Large-scale solar, Solar energy",5B - Scaling Manufacturing and Accelerating Maverick Solution Development,https://arena.gov.au/knowledge-bank/maverick-solutions-development-annual-knowledge-sharing-report-2025/,Reports,https://arena.gov.au/projects/5b-scaling-manufacturing-and-accelerating-maverick-solution-development/,2024,Current,https://arena.gov.au/assets/2026/01/Maverick-Solutions-Development_Annual_KS_Report_5B_2025.pdf,pdfs/Reports/Maverick_Solutions_Development__Annual_Knowledge_Sharing_Report_2025_78122a.pdf,downloaded
Luminous - Knowledge Share Public Report,7/01/2026,Large-scale solar,"Luminous Robotics - Scale for a Solar Future, Deployment",https://arena.gov.au/knowledge-bank/luminous-knowledge-share-public-report/,Reports,https://arena.gov.au/projects/luminous-robotics-scale-for-a-solar-future-deployment/,2025,Current,https://arena.gov.au/assets/2025/12/Luminous-Knowledge-Share-Public-Report.pdf,pdfs/Reports/Luminous_-_Knowledge_Share_Public_Report_7a789c.pdf,downloaded
ANU - De-risking large-scale Australian fine-ore hydrogen ironmaking - Core Research Interim Report,18/12/2025,Renewables for industry,ANU – De-risking large-scale Australian fine-ore hydrogen ironmaking,https://arena.gov.au/knowledge-bank/anu-de-risking-large-scale-australian-fine-ore-hydrogen-ironmaking-core-research-interim-report/,Reports,https://arena.gov.au/projects/anu-de-risking-large-scale-australian-fine-ore-hydrogen-ironmaking/,2024,Current,https://arena.gov.au/assets/2025/12/ANU-De-risking-large-scale-Australian-fine-ore-hydrogen-ironmaking-Core-Research-Interim-Report.pdf,pdfs/Reports/ANU_-_De-risking_large-scale_Australian_fine-ore_hydrogen_ironmaking_-_Core_Research_Interim_Report_60f254.pdf,downloaded
Edify - Darlington Point Energy Storage System - Flagship Report: System Strength Remediation,18/12/2025,Battery storage,Darlington Point Energy Storage System,https://arena.gov.au/knowledge-bank/edify-darlington-point-energy-storage-system-flagship-report-system-strength-remediation/,Reports,https://arena.gov.au/projects/darlington-point-energy-storage-system/,2022,Current,https://arena.gov.au/assets/2025/12/Edify-Darlington-Point-Energy-Storage-System-Flagship-Report-System-Strength-Remediation.pdf,pdfs/Reports/Edify_-_Darlington_Point_Energy_Storage_System_-_Flagship_Report__System_Strength_Remediation_79cc95.pdf,downloaded
Insights Spotlight: the NeoSmelt joint venture,17/12/2025,Renewables for industry,Project NeoSmelt,https://arena.gov.au/knowledge-bank/insights-spotlight-the-neosmelt-joint-venture/,Insights,https://arena.gov.au/projects/project-neosmelt/,2025,Current,https://arena.gov.au/assets/2025/12/FINAL-NeoSmelt-spotlight-interview-Clean-1.pdf,pdfs/Insights/Insights_Spotlight__the_NeoSmelt_joint_venture_884f71.pdf,downloaded
"UNSW, Blast furnace innovations: sustainable, low-carbon ironmaking project - Core Research Interim Report",17/12/2025,Renewables for industry,"UNSW - blast furnace innovations: sustainable, low-carbon ironmaking project",https://arena.gov.au/knowledge-bank/unsw-blast-furnace-innovations-sustainable-low-carbon-ironmaking-project-core-research-interim-report/,Reports,https://arena.gov.au/projects/unsw-blast-furnace-innovations-sustainable/,2024,Current,https://arena.gov.au/assets/2025/12/UNSW-–-blast-furnace-innovations-sustainable-low-carbon-ironmaking-project-Core-Research-Interim-Report.pdf,"pdfs/Reports/UNSW,_Blast_furnace_innovations__sustainable,_low-carbon_ironmaking_project_-_Core_Research_Interim_Report_36eb1a.pdf",downloaded
Project Edith Stage 3 Insights Report,12/12/2025,Distributed energy resources,,https://arena.gov.au/knowledge-bank/project-edith-stage-3-insights-report/,Insights,,,,https://arena.gov.au/assets/2025/12/Edith-Stage3-Insights.pdf,pdfs/Insights/Project_Edith_Stage_3_Insights_Report_801644.pdf,downloaded
Grid Oscillation Project - Milestone 4 Report,2/12/2025,System security and reliability,Monash Grid Oscillation Project (Study and Software Development),https://arena.gov.au/knowledge-bank/grid-oscillation-project-milestone-4-report/,Milestones,https://arena.gov.au/projects/monash-grid-oscillation-project-study-and-software-development/,2023,Past,https://arena.gov.au/assets/2025/12/Monash-University-Management-of-oscillations-in-Australias-National-Grid-Public-Final-Report.pdf,pdfs/Milestones/Grid_Oscillation_Project_-_Milestone_4_Report_d3979d.pdf,downloaded
Public Project Knowledge Sharing Report - Darlington Point Energy Storage System (DPESS),24/11/2025,Battery storage,Darlington Point Energy Storage System,https://arena.gov.au/knowledge-bank/public-project-knowledge-sharing-report-darlington-point-energy-storage-system-dpess/,Reports,https://arena.gov.au/projects/darlington-point-energy-storage-system/,2022,Current,https://arena.gov.au/assets/2025/11/Public-Project-Knowledge-Sharing-Report.pdf,pdfs/Reports/Public_Project_Knowledge_Sharing_Report_-_Darlington_Point_Energy_Storage_System_(DPESS)_6884c2.pdf,downloaded
ARENA Webinar - 2025 LCA Guidelines for Bioenergy Projects,21/11/2025,Bioenergy / Energy from waste,,https://arena.gov.au/knowledge-bank/arena-insights-lca-webinar/,Insights,,,,https://arena.gov.au/assets/2025/11/LCA_Webinar_Presentation.pdf,pdfs/Insights/ARENA_Webinar_-_2025_LCA_Guidelines_for_Bioenergy_Projects_74322c.pdf,downloaded
Toll Group - Project Truckvolt - Infrastructure Design Report,19/11/2025,Electric vehicles,Toll Group - Project Truckvolt,https://arena.gov.au/knowledge-bank/toll-group-project-truckvolt-infrastructure-design-report/,Reports,https://arena.gov.au/projects/toll-group-project-truckvolt/,2024,Current,https://arena.gov.au/assets/2025/11/Toll-Group-Project-Truckvolt-Infrastructure-Design-Report.pdf,pdfs/Reports/Toll_Group_-_Project_Truckvolt_-_Infrastructure_Design_Report_f331da.pdf,downloaded
Capral - Log Furnace Replacement - Technology and Equipment Report,13/11/2025,Renewables for industry,,https://arena.gov.au/knowledge-bank/capral-log-furnace-replacement-technology-and-equipment-report/,,,,,https://arena.gov.au/assets/2025/11/Capral-Log-Furnace-Replacement-Technology-and-Equipment-Report.pdf,pdfs/Other/Capral_-_Log_Furnace_Replacement_-_Technology_and_Equipment_Report_bf9fd1.pdf,downloaded
Toll Group - Project Truckvolt - Lessons Learnt Report,11/11/2025,Electric vehicles,Toll Group - Project Truckvolt,https://arena.gov.au/knowledge-bank/toll-group-project-truckvolt-lessons-learnt-report/,Lessons,https://arena.gov.au/projects/toll-group-project-truckvolt/,2024,Current,https://arena.gov.au/assets/2025/11/Toll-Group-Project-Truckvolt-Lessons-Learnt-Report-1.pdf,pdfs/Lessons/Toll_Group_-_Project_Truckvolt_-_Lessons_Learnt_Report_db1963.pdf,downloaded
Delorean - SA1 Biomethane Upgrading - Proof of Concept LCA (Public Summary),7/11/2025,Bioenergy / Energy from waste,Delorean - SA1 Biomethane Upgrading Project,https://arena.gov.au/knowledge-bank/delorean-sa1-biomethane-upgrading-proof-of-concept-lca-public-summary/,Reports,https://arena.gov.au/projects/delorean-sa1-biomethane-upgrading-project/,2025,Current,https://arena.gov.au/assets/2025/11/Delorean-SA1-Biomethane-Upgrading-Proof-of-Concept-LCA-Public-Summary.pdf,pdfs/Reports/Delorean_-_SA1_Biomethane_Upgrading_-_Proof_of_Concept_LCA_(Public_Summary)_26468d.pdf,downloaded
Licella - Project Swift - Lessons Learnt Report,7/11/2025,Bioenergy / Energy from waste,Licella - Project Swift - SAF from Sugarcane Residues Feasibility Study,https://arena.gov.au/knowledge-bank/licella-project-swift-lessons-learnt-report/,Lessons,https://arena.gov.au/projects/licella-project-swift-saf-from-sugarcane-residues-feasibility-study/,2025,Current,https://arena.gov.au/assets/2025/11/Licella-Project-Swift-Lessons-Learnt-Report.pdf,pdfs/Lessons/Licella_-_Project_Swift_-_Lessons_Learnt_Report_9227ad.pdf,downloaded
Amber Electric - Automating EV Charging in line with Wholesale Pricing - Lessons Learnt Report #3,6/11/2025,Electric vehicles,Amber - Automating EV Charging in line with Wholesale Pricing,https://arena.gov.au/knowledge-bank/amber-electric-automating-ev-charging-in-line-with-wholesale-pricing-lessons-learnt-report-3/,Lessons,https://arena.gov.au/projects/amber-automating-ev-charging-in-line-with-wholesale-pricing/,2024,Current,https://arena.gov.au/assets/2025/11/Amber-Electric-Automating-EV-Charging-in-line-with-Wholesale-Pricing-Lessons-Learnt-Report-3.pdf,pdfs/Lessons/Amber_Electric_-_Automating_EV_Charging_in_line_with_Wholesale_Pricing_-_Lessons_Learnt_Report_#3_785411.pdf,downloaded
HILT CRC - Upgrading Iron Ore for DRI Production Using Seawater Reverse Osmosis - Core Research Interim Report,30/10/2025,Renewables for industry,HILT CRC - upgrading iron ore for DRI production using seawater,https://arena.gov.au/knowledge-bank/hilt-crc-upgrading-iron-ore-for-dri-production-using-seawater-reverse-osmosis-core-research-interim-report/,Reports,https://arena.gov.au/projects/hilt-crc-upgrading-iron-ore-for-dri-production-using-seawater/,2024,Current,https://arena.gov.au/assets/2025/10/HILT-CRC-Upgrading-Ion-Ore-for-DRI-Production-Using-Seawater-Reverse-Osmosis-Core-Research-Interim-Report.pdf,pdfs/Reports/HILT_CRC_-_Upgrading_Iron_Ore_for_DRI_Production_Using_Seawater_Reverse_Osmosis_-_Core_Research_Interim_Report_ef5b58.pdf,downloaded
BlueScope - NeoSmelt - Lessons Learnt Report 1,21/10/2025,Renewables for industry,Project NeoSmelt,https://arena.gov.au/knowledge-bank/bluescope-neosmelt-lessons-learnt-report-1/,Lessons,https://arena.gov.au/projects/project-neosmelt/,2025,Current,https://arena.gov.au/assets/2025/10/Bluescope-NeoSmelt-Lessons-Learnt-Report-1.pdf,pdfs/Lessons/BlueScope_-_NeoSmelt_-_Lessons_Learnt_Report_1_d7332d.pdf,downloaded
Hysata - High-Efficiency &lsquo;Capillary-fed&rsquo; Electrolyser Pilot Project - Lessons Learnt Report September 2025,17/10/2025,Hydrogen energy,Hysata - High-Efficiency ‘Capillary-fed’ Electrolyser Pilot Project,https://arena.gov.au/knowledge-bank/hysata-high-efficiency-capillary-fed-electrolyser-pilot-project-lessons-learnt-report-september-2025/,Lessons,https://arena.gov.au/projects/high-efficiency-capillary-fed-electrolyser-pilot-project/,2023,Current,https://arena.gov.au/assets/2025/10/HyGATE-Lessons-learnt-July-2025.pdf,pdfs/Lessons/Hysata_-_High-Efficiency_&lsquo;Capillary-fed&rsquo;_Electrolyser_Pilot_Project_-_Lessons_Learnt_Report_September_2025_609e33.pdf,downloaded
Monash - Lowering cost of proton exchange water electrolysis Systems - Core Research Interim Report,17/10/2025,Hydrogen energy,Lowering the cost of proton exchange water electrolysis systems,https://arena.gov.au/knowledge-bank/monash-lowering-cost-of-proton-exchange-water-electrolysis-systems-core-research-interim-report/,Reports,https://arena.gov.au/projects/lowering-the-cost-of-proton-exchange-water-electrolysis-systems/,2024,Current,https://arena.gov.au/assets/2025/10/Monash-Lowering-cost-of-proton-exchange-water-electrolysis-Systems-Core-Research-Interim-Report.pdf,pdfs/Reports/Monash_-_Lowering_cost_of_proton_exchange_water_electrolysis_Systems_-_Core_Research_Interim_Report_d4df8c.pdf,downloaded
UNSW - Multiphase Electrolysers for Renewable Ammonia Production - Core Research Interim Report,17/10/2025,Hydrogen energy,Multiphase electrolysers for renewable ammonia production,https://arena.gov.au/knowledge-bank/unsw-multiphase-electrolysers-for-renewable-ammonia-production-core-research-interim-report/,Reports,https://arena.gov.au/projects/multiphase-electrolysers-for-renewable-ammonia-production/,2024,Current,https://arena.gov.au/assets/2025/10/UNSW-Multiphase-Electrolysers-for-Renewable-Ammonia-Production-Core-Research-Interim-Report.pdf,pdfs/Reports/UNSW_-_Multiphase_Electrolysers_for_Renewable_Ammonia_Production_-_Core_Research_Interim_Report_5f198b.pdf,downloaded
"MGA Thermal, Thermal Energy Storage Project",15/10/2025,"Geothermal energy, Renewables for industry",MGA Thermal Energy Storage Project,https://arena.gov.au/knowledge-bank/mga-thermal-thermal-energy-storage-project/,Reports,https://arena.gov.au/projects/mga-thermal-energy-storage-project/,2022,Past,https://arena.gov.au/assets/2025/10/MGA-Thermal-Thermal-Energy-Storage-Project-Final-Project-Knowledge-Sharing-Report.pdf,"pdfs/Reports/MGA_Thermal,_Thermal_Energy_Storage_Project_3e9d00.pdf",downloaded
"Insights from Freight Transport Electrification Across Port, Express Parcels & Last-Mile Deliveries",15/10/2025,Electric vehicles,,https://arena.gov.au/knowledge-bank/insights-from-freight-transport-electrification-across-port-express-parcels-last-mile-deliveries/,Reports,,,,https://arena.gov.au/assets/2025/10/Energeia-Insights-from-Freight-Transport-Electrification-Across-Port-Express-Parcels-Last-Mile-Deliveries.pdf,"pdfs/Reports/Insights_from_Freight_Transport_Electrification_Across_Port,_Express_Parcels_&_Last-Mile_Deliveries_a52254.pdf",downloaded
ARENA LCA Guidelines for Bioenergy Projects,13/10/2025,Bioenergy / Energy from waste,,https://arena.gov.au/knowledge-bank/arena-lca-guidelines-for-bioenergy-projects/,,,,,https://arena.gov.au/assets/2025/10/ARENA-LCA-Guidelines-FINAL-October2025.pdf,pdfs/Other/ARENA_LCA_Guidelines_for_Bioenergy_Projects_6b9d1b.pdf,downloaded
Hysata ' &lsquo;Capillary-fed&rsquo; Electrolyser Commercial-Scale Demonstration Project ' Lessons Learned Report September 2025,1/10/2025,Hydrogen energy,Hysata Capillary-fed’ Electrolyser Commercial-Scale Demonstration Project,https://arena.gov.au/knowledge-bank/hysata-capillary-fed-electrolyser-commercial-scale-demonstration-project-lessons-learned-report-september-2025/,Lessons,https://arena.gov.au/projects/hysata-capillary-fed-electrolyser-commercial-scale-demonstration-project/,2023,Current,https://arena.gov.au/assets/2025/09/ARP-Lessons-learnt-Q3-2025-report.pdf,pdfs/Lessons/Hysata_'_&lsquo;Capillary-fed&rsquo;_Electrolyser_Commercial-Scale_Demonstration_Project_'_Lessons_Learned_Report_Septem_1bf662.pdf,downloaded
Sunsolve ' Radiative heat loss from PV systems whitepaper,29/09/2025,Solar energy,PV Lighthouse - Accurate and Precise Solar Yield Modelling with SunSolve,https://arena.gov.au/knowledge-bank/sunsolve-radiative-heat-loss-from-pv-systems/,Reports,https://arena.gov.au/projects/pv-lighthouse-accurate-and-precise-solar-yield-modelling-with-sunsolve/,2024,Current,https://arena.gov.au/assets/2025/09/Sunsolve_Radiative_heat_loss_Whitepaper_2025.pdf,pdfs/Reports/Sunsolve_'_Radiative_heat_loss_from_PV_systems_whitepaper_635158.pdf,downloaded
RELA Land Assessment Tool Project - Interim Knowledge Sharing Report,23/09/2025,"Solar energy, Wind energy",RELA Land Assessment Tool Project,https://arena.gov.au/knowledge-bank/rela-land-assessment-tool-project-interim-knowledge-sharing-report/,Reports,https://arena.gov.au/projects/rela-land-assessment-tool-project/,2025,Current,https://arena.gov.au/assets/2025/09/RELA-Assess-2.0-Interim-Knowledge-Sharing-Report.pdf,pdfs/Reports/RELA_Land_Assessment_Tool_Project_-_Interim_Knowledge_Sharing_Report_47bf24.pdf,downloaded
"Hysata ' High temperature, ultra-high efficiency capillary-fed electrolysis project ' Core Research Interim Report",12/09/2025,Hydrogen energy,"High temperature, ultra-high efficiency capillary-fed electrolysis project",https://arena.gov.au/knowledge-bank/hysata-high-temperature-ultra-high-efficiency-capillary-fed-electrolysis-project-core-research-interim-report/,Reports,https://arena.gov.au/projects/high-temperature-ultra-high-efficiency-capillary-fed-electrolysis-project/,2024,Current,https://arena.gov.au/assets/2025/09/Hysata_High-temp-Ultra-high-Efficiency-Capillary-fed-Electrolysis-Project_Hysata-Core-Research-Interim-Report.pdf,"pdfs/Reports/Hysata_'_High_temperature,_ultra-high_efficiency_capillary-fed_electrolysis_project_'_Core_Research_Interim_Report_93ac7e.pdf",downloaded
Project Jupiter webinar: Project Jupiter WA&rsquo;s path to virtual power plants at scale,11/09/2025,Distributed energy resources,Project Jupiter,https://arena.gov.au/knowledge-bank/project-jupiter-webinar-project-jupiter-was-path-to-virtual-power-plants-at-scale/,Insights,https://arena.gov.au/projects/project-jupiter/,2025,Current,https://arena.gov.au/assets/2025/09/ARENA-Project-Jupiter-webinar-slides-Final.pdf,pdfs/Insights/Project_Jupiter_webinar__Project_Jupiter_WA&rsquo;s_path_to_virtual_power_plants_at_scale_63af38.pdf,downloaded
ARENA Community Battery Round 1 Pre-Deployment Challenges & Best Practice Report,9/09/2025,Battery storage,,https://arena.gov.au/knowledge-bank/arena-community-battery-round-1-pre-deployment-challenges-best-practice-report/,Reports,,,,https://arena.gov.au/assets/2025/09/ARENA-Community-Batteries-Round-1-Pre-Deployment-Challenges-Best-Practices-Report.pdf,pdfs/Reports/ARENA_Community_Battery_Round_1_Pre-Deployment_Challenges_&_Best_Practice_Report_d71ffd.pdf,downloaded
5B - Navigating the Challenges of Start-Up Commercialisation Report,2/09/2025,"Large-scale solar, Solar energy",5B - Scaling Manufacturing and Accelerating Maverick Solution Development,https://arena.gov.au/knowledge-bank/5b-navigating-the-challenges-of-start-up-commercialisation-report/,Reports,https://arena.gov.au/projects/5b-scaling-manufacturing-and-accelerating-maverick-solution-development/,2024,Current,https://arena.gov.au/assets/2025/03/5B_Navigating-the-challenges-of-Start-Up-Commercilisation-report.pdf,pdfs/Reports/5B_-_Navigating_the_Challenges_of_Start-Up_Commercialisation_Report_f82007.pdf,downloaded
Edify Energy - Darlington Point Energy Storage System - Operations Report #3,2/09/2025,Battery storage,Darlington Point Energy Storage System,https://arena.gov.au/knowledge-bank/edify-energy-darlington-point-energy-storage-system-operations-report-3/,Reports,https://arena.gov.au/projects/darlington-point-energy-storage-system/,2022,Current,https://arena.gov.au/assets/2025/09/Edify-Darlington-Point-Energy-Storage-System-Operations-Report-3.pdf,pdfs/Reports/Edify_Energy_-_Darlington_Point_Energy_Storage_System_-_Operations_Report_#3_e97332.pdf,downloaded
Rio Tinto and Sumitomo - Yarwun Hydrogen Calcination Demonstration Program - Technology & Market Report,2/09/2025,Hydrogen energy,Yarwun Hydrogen Calcination Pilot Demonstration Program,https://arena.gov.au/knowledge-bank/rio-tinto-and-sumitomo-yarwun-hydrogen-calcination-demonstration-program-technology-market-report/,Reports,https://arena.gov.au/projects/yarwun-hydrogen-calcination-pilot-demonstration-program/,2023,Current,https://arena.gov.au/assets/2025/09/Rio-Tinto-and-Sumitomo-Yarwun-Hydrogen-Calcination-Demonstration-program-Technology-and-Market-Report.pdf,pdfs/Reports/Rio_Tinto_and_Sumitomo_-_Yarwun_Hydrogen_Calcination_Demonstration_Program_-_Technology_&_Market_Report_889671.pdf,downloaded
Kennedy Energy Park - Operations Report 1,1/09/2025,Hybrid technologies,Kennedy Energy Park,https://arena.gov.au/knowledge-bank/kennedy-energy-park-operations-report-1/,Reports,https://arena.gov.au/projects/kennedy-energy-park/,2017,Current,https://arena.gov.au/assets/2025/09/Kennedy-Energy-Park-Kennedy-Energy-Park-Operations-Report-1-May-2024-April-2025.pdf,pdfs/Reports/Kennedy_Energy_Park_-_Operations_Report_1_426a6b.pdf,downloaded
5B ' Scaling Manufacturing and Accelerating Maverick Solution Development - Lessons Learnt Report 1,1/09/2025,"Large-scale solar, Solar energy",5B - Scaling Manufacturing and Accelerating Maverick Solution Development,https://arena.gov.au/knowledge-bank/5b-scaling-manufacturing-and-accelerating-maverick-solution-development-lessons-learnt-report-1/,"Reports, Lessons",https://arena.gov.au/projects/5b-scaling-manufacturing-and-accelerating-maverick-solution-development/,2024,Current,https://arena.gov.au/assets/2025/09/5B-–-Scaling-Manufacturing-and-Accelerating-Maverick-Solution-Development-Lessons-Learnt-Report-1.pdf,pdfs/Reports_Lessons/5B_'_Scaling_Manufacturing_and_Accelerating_Maverick_Solution_Development_-_Lessons_Learnt_Report_1_912d21.pdf,downloaded
George Weston Foods ' Feasibility Study into Onsite Thermal Systems - Study Report,1/09/2025,Renewables for industry,George Weston Foods - Feasibility Study into Onsite Thermal Systems,https://arena.gov.au/knowledge-bank/george-weston-foods-feasibility-study-into-onsite-thermal-systems-study-report/,Reports,https://arena.gov.au/projects/george-weston-foods-feasibility-study-into-onsite-thermal-systems/,2024,Past,https://arena.gov.au/assets/2025/09/George-Weston-Foods-–-Feasibility-Study-into-Onsite-Thermal-Systems-Study-Report.pdf,pdfs/Reports/George_Weston_Foods_'_Feasibility_Study_into_Onsite_Thermal_Systems_-_Study_Report_87f03e.pdf,downloaded
EVX - ChargeKonnect Kerbside EV Charging Project - Lessons Learnt Report 1,1/09/2025,Electric vehicles,EVX - ChargeKonnect Kerbside EV Charging Project,https://arena.gov.au/knowledge-bank/evx-chargekonnect-kerbside-ev-charging-project-lessons-learnt-report-1/,"Reports, Lessons",https://arena.gov.au/projects/evx-chargekonnect-kerbside-ev-charging-project/,2025,Current,https://arena.gov.au/assets/2025/09/EVX-ChargeKonnect-Kerbside-EV-Charging-Project-Lessons-Learnt-Report-1.pdf,pdfs/Reports_Lessons/EVX_-_ChargeKonnect_Kerbside_EV_Charging_Project_-_Lessons_Learnt_Report_1_26464a.pdf,downloaded
Fortescue - Scale up of Next Gen CSIRO Axial Flow Electrolyser for Green Hydrogen - Core research interim report,21/08/2025,Hydrogen energy,Scale up & demonstration of next-generation CSIRO axial flow electrolyser,https://arena.gov.au/knowledge-bank/fortescue-scale-up-of-next-gen-csiro-axial-flow-electrolyser-for-green-hydrogen-core-research-interim-report/,Reports,https://arena.gov.au/projects/scale-up-and-demonstration-of-next-generation-csiro-axial-flow-electrolyser-for-green-hydrogen-production/,2024,Current,https://arena.gov.au/assets/2025/08/Fortescue-Scale-up-of-Next-Gen-CSIRO-Axial-Flow-Electrolyser-for-Green-Hydrogen-Core-research-interim-report.pdf,pdfs/Reports/Fortescue_-_Scale_up_of_Next_Gen_CSIRO_Axial_Flow_Electrolyser_for_Green_Hydrogen_-_Core_research_interim_report_a7364b.pdf,downloaded
Alice Springs Future Grid Final Report,20/08/2025,"Solar energy, Solar PV R&amp;D",Alice Springs Future Grid Project,https://arena.gov.au/knowledge-bank/alice-springs-future-grid-final-report/,Reports,https://arena.gov.au/projects/alice-springs-future-grid-project/,2020,Past,https://arena.gov.au/assets/2025/08/Desert-Knowledge-Research-Institute_Alice-Spr.pdf,pdfs/Reports/Alice_Springs_Future_Grid_Final_Report_a2cb62.pdf,downloaded
Lessons learned from renewable hydrogen projects,15/08/2025,Hydrogen energy,,https://arena.gov.au/knowledge-bank/lessons-learned-from-renewable-hydrogen-projects/,Reports,,,,https://arena.gov.au/assets/2025/08/Orica-Hunter-Valley-Hydrogen-Hub-Phase-2-Knowledge-Sharing-Report.pdf,pdfs/Reports/Lessons_learned_from_renewable_hydrogen_projects_e214c3.pdf,downloaded
5B ' Scaling Manufacturing and Accelerating Maverick Solution Development - Commercialisation Report,15/08/2025,"Large-scale solar, Solar energy",5B - Scaling Manufacturing and Accelerating Maverick Solution Development,https://arena.gov.au/knowledge-bank/5b-scaling-manufacturing-and-accelerating-maverick-solution-development-commercialisation-report/,Reports,https://arena.gov.au/projects/5b-scaling-manufacturing-and-accelerating-maverick-solution-development/,2024,Current,https://arena.gov.au/assets/2025/08/5B-–-Scaling-Manufacturing-and-Accelerating-Maverick-Solution-Development-Commercialisation-Report.pdf,pdfs/Reports/5B_'_Scaling_Manufacturing_and_Accelerating_Maverick_Solution_Development_-_Commercialisation_Report_d59c71.pdf,downloaded
Edify - Green Hydrogen Project - Final Report,15/08/2025,Hydrogen energy,Edify - Green Hydrogen Project,https://arena.gov.au/knowledge-bank/edify-green-hydrogen-project-final-report/,Reports,https://arena.gov.au/projects/edify-green-hydrogen-project/,2024,Past,https://arena.gov.au/assets/2025/08/Edify-Green-Hydrogen-Project-Final-Report.pdf,pdfs/Reports/Edify_-_Green_Hydrogen_Project_-_Final_Report_c3fa6c.pdf,downloaded
Linfox - Heavy Truck Electrification Project - Lessons Learnt Report 1,15/08/2025,Electric vehicles,Linfox - Heavy Truck Electrification Project,https://arena.gov.au/knowledge-bank/linfox-heavy-truck-electrification-project-lessons-learnt-report-1/,"Reports, Lessons",https://arena.gov.au/projects/linfox-heavy-truck-electrification-project/,2024,Current,https://arena.gov.au/assets/2025/08/Linfox-Heavy-Truck-Electrification-Project-Lessons-Learnt-Report-1.pdf,pdfs/Reports_Lessons/Linfox_-_Heavy_Truck_Electrification_Project_-_Lessons_Learnt_Report_1_137897.pdf,downloaded
UoN - Electric Smelting of Australian Hematite-Goethite Hydrogen DRI - Core Research Interim Report,14/08/2025,Renewables for industry,"The University of Newcastle, electric smelting of hematite-goethite hydrogen DRI",https://arena.gov.au/knowledge-bank/uon-electric-smelting-of-australian-hematite-goethite-hydrogen-dri-core-research-interim-report/,Reports,https://arena.gov.au/projects/the-university-of-newcastle-electric-smelting-of-australian-hematite-goethite-hydrogen/,2024,Current,https://arena.gov.au/assets/2025/08/UoN-Electric-Smelting-of-Australian-Hematite-Goethite-Hydrogen-DRI-Core-Research-Interim-Report.pdf,pdfs/Reports/UoN_-_Electric_Smelting_of_Australian_Hematite-Goethite_Hydrogen_DRI_-_Core_Research_Interim_Report_fe35b7.pdf,downloaded
Hydro Tasmania Community Batteries Project - Lessons Learnt Report 1,13/08/2025,Battery storage,Hydro Tasmania Community Batteries Project,https://arena.gov.au/knowledge-bank/hydro-tasmania-community-batteries-project-lessons-learnt-report-1/,Lessons,https://arena.gov.au/projects/hydro-tasmania-community-batteries-project/,2024,Current,https://arena.gov.au/assets/2025/08/Hydro-Tasmania-Community-Batteries-Project-Lessons-Learnt-Report-1.pdf,pdfs/Lessons/Hydro_Tasmania_Community_Batteries_Project_-_Lessons_Learnt_Report_1_14dd1a.pdf,downloaded
CAPA Intelligence ' Cyber Risk Study - The Growing Cybersecurity Imperative for CER,12/08/2025,Distributed energy resources,CAPA Intelligence – Cyber Risk Study,https://arena.gov.au/knowledge-bank/capa-intelligence-cyber-risk-study-the-growing-cybersecurity-imperative-for-cer/,Reports,https://arena.gov.au/projects/capa-intelligence-cyber-risk-study/,2024,Past,https://arena.gov.au/assets/2025/08/CAPA-Intelligence-–-Cyber-Risk-Study-The-Growing-Cybersecurity-Imperative-for-CER.pdf,pdfs/Reports/CAPA_Intelligence_'_Cyber_Risk_Study_-_The_Growing_Cybersecurity_Imperative_for_CER_cd66cd.pdf,downloaded
AEMO ' CER Data Exchange Industry Co-Design - Attachment C: Implementation Plan,11/08/2025,Distributed energy resources,AEMO – CER Data Exchange Industry Co-Design,https://arena.gov.au/knowledge-bank/aemo-cer-data-exchange-industry-co-design-attachment-c-implementation-plan/,Reports,https://arena.gov.au/projects/aemo-cer-data-exchange-industry-co-design/,2024,Past,https://arena.gov.au/assets/2025/08/AEMO-CER-Data-Exchange-Industry-Co-Design-Attachment-C-Implementation-Plan.pdf,pdfs/Reports/AEMO_'_CER_Data_Exchange_Industry_Co-Design_-_Attachment_C__Implementation_Plan_633933.pdf,downloaded
AEMO ' CER Data Exchange Industry Co-Design - Attachment A: High-Level Design,11/08/2025,Distributed energy resources,AEMO – CER Data Exchange Industry Co-Design,https://arena.gov.au/knowledge-bank/aemo-cer-data-exchange-industry-co-design-attachment-a-high-level-design/,Reports,https://arena.gov.au/projects/aemo-cer-data-exchange-industry-co-design/,2024,Past,https://arena.gov.au/assets/2025/08/AEMO-–-CER-Data-Exchange-Industry-Co-Design-Attachment-A-High-Level-Design.pdf,pdfs/Reports/AEMO_'_CER_Data_Exchange_Industry_Co-Design_-_Attachment_A__High-Level_Design_f55186.pdf,downloaded
AEMO ' CER Data Exchange Industry Co-Design ' Co-Design Summary,11/08/2025,Distributed energy resources,AEMO – CER Data Exchange Industry Co-Design,https://arena.gov.au/knowledge-bank/aemo-cer-data-exchange-industry-co-design-co-design-summary/,Reports,https://arena.gov.au/projects/aemo-cer-data-exchange-industry-co-design/,2024,Past,https://arena.gov.au/assets/2025/08/AEMO-–-CER-Data-Exchange-Industry-Co-Design-–-Co-Design-Summary.pdf,pdfs/Reports/AEMO_'_CER_Data_Exchange_Industry_Co-Design_'_Co-Design_Summary_639bd7.pdf,downloaded
Jemena Gas Network - Malabar Biomethane Injection Project - Commissioning Report,11/08/2025,Bioenergy / Energy from waste,Malabar Biomethane Injection Project,https://arena.gov.au/knowledge-bank/jemena-gas-network-malabar-biomethane-injection-project-commissioning-report/,Reports,https://arena.gov.au/projects/malabar-biomethane-injection-project/,2020,Past,https://arena.gov.au/assets/2025/08/Jemena-Gas-Network-Malabar-Biomethane-Injection-Project-Commissioning-Report.pdf,pdfs/Reports/Jemena_Gas_Network_-_Malabar_Biomethane_Injection_Project_-_Commissioning_Report_444aa2.pdf,downloaded
Wyndham City Council - Local Council BEV Integration Project - Lessons Learnt Report 2,8/08/2025,Electric vehicles,Wyndham City Council – Local Council BEV Integration Project,https://arena.gov.au/knowledge-bank/wyndham-city-council-local-council-bev-integration-project-lessons-learnt-report-2/,"Reports, Lessons",https://arena.gov.au/projects/wyndham-city-council-local-council-bev-integration-project/,2024,Current,https://arena.gov.au/assets/2025/08/Wyndham-City-Council-Local-Council-BEV-Integration-Project-Lessons-Learnt-Report-2.pdf,pdfs/Reports_Lessons/Wyndham_City_Council_-_Local_Council_BEV_Integration_Project_-_Lessons_Learnt_Report_2_007632.pdf,downloaded
Brighte ' Electrify 2515 Community Pilot - Lessons Learnt Report 2,5/08/2025,Demand response,Brighte - Electrify 2515 Community Pilot,https://arena.gov.au/knowledge-bank/brighte-electrify-2515-community-pilot-lessons-learnt-report-2/,"Reports, Lessons",https://arena.gov.au/projects/electrify-2515-brighte-research-testbed-of-community-electrification-at-scale/,2024,Current,https://arena.gov.au/assets/2025/08/Brighte-–-Electrify-2515-Community-Pilot.pdf,pdfs/Reports_Lessons/Brighte_'_Electrify_2515_Community_Pilot_-_Lessons_Learnt_Report_2_e12229.pdf,downloaded
Brighte ' Electrify 2515 Community Pilot - Customer Insights Report 1,5/08/2025,Demand response,Brighte - Electrify 2515 Community Pilot,https://arena.gov.au/knowledge-bank/brighte-electrify-2515-community-pilot-customer-insights-report-1/,Reports,https://arena.gov.au/projects/electrify-2515-brighte-research-testbed-of-community-electrification-at-scale/,2024,Current,https://arena.gov.au/assets/2025/08/Brighte-Electrify-2515-Community-Pilot-Customer-Insights-Report-1-Aug25.pdf,pdfs/Reports/Brighte_'_Electrify_2515_Community_Pilot_-_Customer_Insights_Report_1_aedeb7.pdf,downloaded
Project Jupiter - Lessons Learnt Report 1,5/08/2025,Distributed energy resources,Project Jupiter,https://arena.gov.au/knowledge-bank/project-jupiter-lessons-learnt-report-1/,"Reports, Lessons",https://arena.gov.au/projects/project-jupiter/,2025,Current,https://arena.gov.au/assets/2025/08/Project-Jupiter-Lessons-Learnt-Report-1.pdf,pdfs/Reports_Lessons/Project_Jupiter_-_Lessons_Learnt_Report_1_75a212.pdf,downloaded
Project Jupiter - National Alignment Report,5/08/2025,Distributed energy resources,Project Jupiter,https://arena.gov.au/knowledge-bank/project-jupiter-national-alignment-report/,Reports,https://arena.gov.au/projects/project-jupiter/,2025,Current,https://arena.gov.au/assets/2025/08/Western-Power_Project-Jupiter_National-Alignment-Report.pdf,pdfs/Reports/Project_Jupiter_-_National_Alignment_Report_7e159a.pdf,downloaded
Project Jupiter - Vision and Impact Pathway Report,5/08/2025,Distributed energy resources,Project Jupiter,https://arena.gov.au/knowledge-bank/project-jupiter-vision-and-impact-pathway-report/,Reports,https://arena.gov.au/projects/project-jupiter/,2025,Current,https://arena.gov.au/assets/2025/08/Western-Power-Project-Jupiter-Vision-and-Impact-Pathway-Report-v2.pdf,pdfs/Reports/Project_Jupiter_-_Vision_and_Impact_Pathway_Report_55a769.pdf,downloaded
Grid Forming Battery Webinar 23 July 2025,1/08/2025,System security and reliability,,https://arena.gov.au/knowledge-bank/grid-forming-battery-webinar-2025/,Insights,,,,https://arena.gov.au/assets/2025/08/GFM_Webinar_Slides_full.pdf,pdfs/Insights/Grid_Forming_Battery_Webinar_23_July_2025_78ba6d.pdf,downloaded
Jet Zero - Project Ulysses - Proof of Concept LCA Public Summary,1/08/2025,Bioenergy / Energy from waste,Jet Zero Australia - FEED Study for Project Ulysses ATJ SAF Plant,https://arena.gov.au/knowledge-bank/jet-zero-project-ulysses-proof-of-concept-lca-public-summary/,Reports,https://arena.gov.au/projects/jet-zero-australia-feed-study-for-project-ulysses/,2024,Past,https://arena.gov.au/assets/2025/08/Jet-Zero-Project-Ulysses-Proof-of-Concept-LCA-Public-Summary.pdf,pdfs/Reports/Jet_Zero_-_Project_Ulysses_-_Proof_of_Concept_LCA_Public_Summary_8b6ee3.pdf,downloaded
United Energy Low Voltage Battery Trial - Final Report,1/08/2025,Battery storage,United Energy Low Voltage Battery Trial,https://arena.gov.au/knowledge-bank/united-energy-low-voltage-battery-trial-final-report/,Reports,https://arena.gov.au/projects/united-energy-low-voltage-battery-trial/,2021,Past,https://arena.gov.au/assets/2025/07/United-Energy-Low-Voltage-Battery-Trial-Knowledge-Sharing-Report-Final-260625.pdf,pdfs/Reports/United_Energy_Low_Voltage_Battery_Trial_-_Final_Report_ff2f5d.pdf,downloaded
Hardwick Meatworks Heat Pump Installation and Power Upgrade Demonstration - Final Report,1/08/2025,Renewables for industry,,https://arena.gov.au/knowledge-bank/hardwick-meatworks-heat-pump-installation-and-power-upgrade-demonstration-final-report/,Reports,,,,https://arena.gov.au/assets/2025/08/Hardwick-Meatworks-Heat-Pump-Installation-and-Power-Upgrade-Demonstration-Final-Report.pdf,pdfs/Reports/Hardwick_Meatworks_Heat_Pump_Installation_and_Power_Upgrade_Demonstration_-_Final_Report_4927a2.pdf,downloaded
Yuri Renewable Hydrogen to Ammonia Project - Project Technology & Market Report,30/07/2025,"Battery storage, Hydrogen energy, Large-scale solar",Yuri Renewable Hydrogen to Ammonia Project,https://arena.gov.au/knowledge-bank/yuri-renewable-hydrogen-to-ammonia-project-project-technology-market-report/,Reports,https://arena.gov.au/projects/yuri-renewable-hydrogen-to-ammonia-project/,2022,Current,https://arena.gov.au/assets/2025/07/Yuri-Technology-Market-Report-Rev-0-Public.pdf,pdfs/Reports/Yuri_Renewable_Hydrogen_to_Ammonia_Project_-_Project_Technology_&_Market_Report_119749.pdf,downloaded
Viva Energy SAF Infrastructure Solutions for the Future - Market context and opportunity report,30/07/2025,Bioenergy / Energy from waste,Viva Energy SAF Infrastructure Solutions for the Future,https://arena.gov.au/knowledge-bank/viva-energy-saf-infrastructure-solutions-for-the-future-market-context-and-opportunity-report/,Reports,https://arena.gov.au/projects/viva-energy-saf-infrastructure-solutions-for-the-future/,2025,Current,https://arena.gov.au/assets/2025/07/Viva-Energy-SAF-Infrastructure-Solutions-for-the-Future-Market-context-and-opportunity-report.pdf,pdfs/Reports/Viva_Energy_SAF_Infrastructure_Solutions_for_the_Future_-_Market_context_and_opportunity_report_23bba0.pdf,downloaded
ATCO - Scale H2 Feasibility Study - Final Report,29/07/2025,Hydrogen energy,ATCO - Scale H2 Feasibility Study,https://arena.gov.au/knowledge-bank/atco-scale-h2-feasibility-study-final-report/,Reports,https://arena.gov.au/projects/atco-scale-h2-feasibility-study/,2023,Current,https://arena.gov.au/assets/2025/07/ATCO_ScaleH2-Feasibility-Study_Final-Feasibility-Summary-Report.pdf,pdfs/Reports/ATCO_-_Scale_H2_Feasibility_Study_-_Final_Report_479e84.pdf,downloaded
Yadlamalka Energy - Co-located Vanadium Flow Battery Storage and Solar - Operations Report 1,25/07/2025,Battery storage,Co-located Vanadium Flow Battery Storage and Solar,https://arena.gov.au/knowledge-bank/yadlamalka-energy-co-located-vanadium-flow-battery-storage-and-solar-operations-report-1/,Reports,https://arena.gov.au/projects/co-located-vanadium-flow-battery-storage-and-solar/,2020,Past,https://arena.gov.au/assets/2025/07/Yadlamalka-Energy-Co-located-Vanadium-Flow-Battery-Storage-and-Solar-Operations-Report-1.pdf,pdfs/Reports/Yadlamalka_Energy_-_Co-located_Vanadium_Flow_Battery_Storage_and_Solar_-_Operations_Report_1_79f30a.pdf,downloaded
Rio Tinto and Sumitomo - Yarwun Hydrogen Calcination Pilot Demonstration Program - Lessons Learnt Report 5,18/07/2025,Hydrogen energy,Yarwun Hydrogen Calcination Pilot Demonstration Program,https://arena.gov.au/knowledge-bank/rio-tinto-and-sumitomo-yarwun-hydrogen-calcination-pilot-demonstration-program-lessons-learnt-report-5/,"Reports, Lessons",https://arena.gov.au/projects/yarwun-hydrogen-calcination-pilot-demonstration-program/,2023,Current,https://arena.gov.au/assets/2025/07/Rio-Tinto-and-Sumitomo-Yarwun-Hydrogen-Calcination-Pilot-Demonstration-Program-Lessons-Learnt-Report-5.pdf,pdfs/Reports_Lessons/Rio_Tinto_and_Sumitomo_-_Yarwun_Hydrogen_Calcination_Pilot_Demonstration_Program_-_Lessons_Learnt_Report_5_dfac89.pdf,downloaded
ANC - Last Mile Delivery Vehicle Electrification - Lessons Learnt Report 2,18/07/2025,Electric vehicles,ANC - Last Mile Delivery EV,https://arena.gov.au/knowledge-bank/anc-last-mile-delivery-vehicle-electrification-lessons-learnt-report-2/,"Reports, Lessons",https://arena.gov.au/projects/anc-last-mile-delivery-ev/,2024,Current,https://arena.gov.au/assets/2025/07/ANC-Last-Mile-Delivery-Vehicle-Electrification-Lessons-Learnt-Report-2.pdf,pdfs/Reports_Lessons/ANC_-_Last_Mile_Delivery_Vehicle_Electrification_-_Lessons_Learnt_Report_2_c1d61f.pdf,downloaded
AECOM ' Electrifying Road Freight Report,15/07/2025,Electric vehicles,,https://arena.gov.au/knowledge-bank/aecom-electrifying-road-freight-report/,Reports,,,,https://arena.gov.au/assets/2025/07/AECOM-–-Electrifying-Road-Freight-Report.pdf,pdfs/Reports/AECOM_'_Electrifying_Road_Freight_Report_f91027.pdf,downloaded
Brimbank Aquatic and Wellness Centre Integrated Energy System - Performance analysis,11/07/2025,Renewables in buildings,Brimbank Aquatic and Wellness Centre Integrated Energy System,https://arena.gov.au/knowledge-bank/brimbank-city-council-brimbank-aquatic-and-wellness-centre-integrated-energy-system-performance-analysis/,Reports,https://arena.gov.au/projects/brimbank-aquatic-and-wellness-centre-integrated-energy-system/,2020,Past,https://arena.gov.au/assets/2025/07/Brimbank-Aquatic-and-Wellness-Centre-Integrated-Energy-System-–-Performance-analysis.pdf,pdfs/Reports/Brimbank_Aquatic_and_Wellness_Centre_Integrated_Energy_System_-_Performance_analysis_7028f5.pdf,downloaded
Brimbank Aquatic and Wellness Centre Integrated Energy System - Guide to Building a 100% Renewable Energy Powered Aquatic Centre,11/07/2025,Renewables in buildings,Brimbank Aquatic and Wellness Centre Integrated Energy System,https://arena.gov.au/knowledge-bank/brimbank-aquatic-and-wellness-centre-integrated-energy-system-guide-to-building-a-100-renewable-energy-powered-aquatic-centre/,Reports,https://arena.gov.au/projects/brimbank-aquatic-and-wellness-centre-integrated-energy-system/,2020,Past,https://arena.gov.au/assets/2025/07/Brimbank-City-Council-Brimbank-Aquatic-and-Wellness-Centre-Integrated-Energy-System-Guide-to-Building-a-100-Renewable-Energy-Powered-Aquatic-Centre.pdf,pdfs/Reports/Brimbank_Aquatic_and_Wellness_Centre_Integrated_Energy_System_-_Guide_to_Building_a_100%_Renewable_Energy_Powered_Aquati_e488f6.pdf,downloaded
ARENA Electrical Infrastructure Roundtable,11/07/2025,Renewables for industry,,https://arena.gov.au/knowledge-bank/electrical-infrastructure-roundtable/,Insights,,,,https://arena.gov.au/assets/2025/07/Electrical-Infrastructure-Roundtable-June-2025-Presentation-Deck.pdf,pdfs/Insights/ARENA_Electrical_Infrastructure_Roundtable_483b47.pdf,downloaded
Patrick Terminals ' BEV Terminal Trucks at Fremantle Port ' Lessons Learnt Report 3,11/07/2025,Electric vehicles,Patrick Terminals - BEV Terminal Trucks at Fremantle Port,https://arena.gov.au/knowledge-bank/patrick-terminals-bev-terminal-trucks-fremantle-port-lessons-learnt-report-3/,"Reports, Lessons",https://arena.gov.au/projects/patrick-terminals-bev-terminal-trucks-at-fremantle-port/,2023,Current,https://arena.gov.au/assets/2025/07/Patrick-Terminals-–-BEV-Terminal-Trucks-at-Fremantle-Port-–-Lessons-Learnt-Report-3.pdf,pdfs/Reports_Lessons/Patrick_Terminals_'_BEV_Terminal_Trucks_at_Fremantle_Port_'_Lessons_Learnt_Report_3_8b76bc.pdf,downloaded
Ekistica ' ARENA Grid-Forming Battery Portfolio Series,3/07/2025,Battery storage,,https://arena.gov.au/knowledge-bank/ekistica-arena-grid-forming-battery-portfolio-series/,Reports,,,,https://arena.gov.au/assets/2025/10/ARENA-Grid-Forming-Battery-Portfolio-Series-Update-Report.pdf,pdfs/Reports/Ekistica_'_ARENA_Grid-Forming_Battery_Portfolio_Series_379ea9.pdf,downloaded
G & K O&rsquo;Connor ' Closing the Loop on Red Meat Processing Energy and Emissions - Integrated Scenarios & Roadmap - Final Report,1/07/2025,Renewables for industry,G & K O’Connor - Closing the Loop on Red Meat Processing Energy and Emissions,https://arena.gov.au/knowledge-bank/g-k-oconnor-closing-the-loop-on-red-meat-processing-energy-and-emissions-integrated-scenarios-roadmap-final-report/,Reports,https://arena.gov.au/projects/g-k-oconnor-closing-the-loop-on-red-meat-processing-energy-and-emissions/,2023,Past,https://arena.gov.au/assets/2025/07/G-K-OConnor-–-Closing-the-Loop-on-Red-Meat-Processing-Energy-and-Emissions-Integrated-Scenarios-Roadmap-Final-Report.pdf,pdfs/Reports/G_&_K_O&rsquo;Connor_'_Closing_the_Loop_on_Red_Meat_Processing_Energy_and_Emissions_-_Integrated_Scenarios_&_Roadmap_-_F_ba643c.pdf,downloaded
G & K O&rsquo;Connor ' Closing the Loop on Red Meat Processing Energy and Emissions - Lessons Learnt Report,1/07/2025,Renewables for industry,G & K O’Connor - Closing the Loop on Red Meat Processing Energy and Emissions,https://arena.gov.au/knowledge-bank/g-k-oconnor-closing-the-loop-on-red-meat-processing-energy-and-emissions-lessons-learnt-report/,"Reports, Lessons",https://arena.gov.au/projects/g-k-oconnor-closing-the-loop-on-red-meat-processing-energy-and-emissions/,2023,Past,https://arena.gov.au/assets/2025/07/G-K-OConnor-–-Closing-the-Loop-on-Red-Meat-Processing-Energy-and-Emissions-Lessons-Learnt-Report.pdf,pdfs/Reports_Lessons/G_&_K_O&rsquo;Connor_'_Closing_the_Loop_on_Red_Meat_Processing_Energy_and_Emissions_-_Lessons_Learnt_Report_24227e.pdf,downloaded
Brimbank Aquatic and Wellness Centre Integrated Energy System - Lessons Learnt Report 2,1/07/2025,Renewables in buildings,Brimbank Aquatic and Wellness Centre Integrated Energy System,https://arena.gov.au/knowledge-bank/brimbank-aquatic-and-wellness-centre-integrated-energy-system-lessons-learnt-report-2/,"Reports, Lessons",https://arena.gov.au/projects/brimbank-aquatic-and-wellness-centre-integrated-energy-system/,2020,Past,https://arena.gov.au/assets/2025/07/Brimbank-Aquatic-and-Wellness-Centre-Integrated-Energy-System-Lessons-Learnt-Report-2.pdf,pdfs/Reports_Lessons/Brimbank_Aquatic_and_Wellness_Centre_Integrated_Energy_System_-_Lessons_Learnt_Report_2_ca4fa6.pdf,downloaded
Built Robotics - Australian Robotic Piling Deployment for Large Scale Solar - Lesson Learnt Report 2,1/07/2025,Large-scale solar,Australian Robotic Piling Deployment for Large Scale Solar ,https://arena.gov.au/knowledge-bank/built-robotics-australian-robotic-piling-deployment-for-large-scale-solar-lesson-learnt-report-2/,"Reports, Lessons",https://arena.gov.au/projects/australian-robotic-piling-deployment-for-large-scale-solar/,2024,Current,https://arena.gov.au/assets/2025/07/Built-Robotics-Australian-Robotic-Piling-Deployment-for-Large-Scale-Solar-Lesson-Learnt-Report-2.pdf,pdfs/Reports_Lessons/Built_Robotics_-_Australian_Robotic_Piling_Deployment_for_Large_Scale_Solar_-_Lesson_Learnt_Report_2_65b502.pdf,downloaded
Brimbank Aquatic and Wellness Centre Integrated Energy System - Lessons Learnt Report 3,1/07/2025,Renewables in buildings,Brimbank Aquatic and Wellness Centre Integrated Energy System,https://arena.gov.au/knowledge-bank/brimbank-aquatic-and-wellness-centre-integrated-energy-system-lessons-learnt-report-3/,"Reports, Lessons",https://arena.gov.au/projects/brimbank-aquatic-and-wellness-centre-integrated-energy-system/,2020,Past,https://arena.gov.au/assets/2025/07/Brimbank-Aquatic-and-Wellness-Centre-Integrated-Energy-System-Lessons-Learnt-Report-3.pdf,pdfs/Reports_Lessons/Brimbank_Aquatic_and_Wellness_Centre_Integrated_Energy_System_-_Lessons_Learnt_Report_3_0d384d.pdf,downloaded
Origin Energy - Mortlake Power Station Battery - Lessons Learnt Report 3,1/07/2025,Battery storage,Origin Energy Mortlake Power Station Battery,https://arena.gov.au/knowledge-bank/origin-energy-mortlake-power-station-battery-lessons-learnt-report-3/,"Reports, Lessons",https://arena.gov.au/projects/origin-energy-mortlake-power-station-battery/,2024,Current,https://arena.gov.au/assets/2025/07/Origin-Mortlake-Power-Station-Battery-Project-Lessons-Learnt-Report-3.pdf,pdfs/Reports_Lessons/Origin_Energy_-_Mortlake_Power_Station_Battery_-_Lessons_Learnt_Report_3_95d1ee.pdf,downloaded
"Kennedy Energy Park - Construction, Connection and Commissioning Report",27/06/2025,Hybrid technologies,Kennedy Energy Park,https://arena.gov.au/knowledge-bank/kennedy-energy-park-construction-connection-and-commissioning-report/,Reports,https://arena.gov.au/projects/kennedy-energy-park/,2017,Current,https://arena.gov.au/assets/2025/06/Kennedy-Energy-Park-Construction-Connection-and-Commissioning-Report.pdf,"pdfs/Reports/Kennedy_Energy_Park_-_Construction,_Connection_and_Commissioning_Report_7fcc76.pdf",downloaded
Origin Accelerate EV Fleet Program - Lessons Learnt Report 2,27/06/2025,Electric vehicles,Origin Accelerate EV Fleet Program,https://arena.gov.au/knowledge-bank/origin-accelerate-ev-fleet-program-lessons-learnt-report-2/,"Reports, Lessons",https://arena.gov.au/projects/origin-accelerate-ev-fleet-program/,2022,Past,https://arena.gov.au/assets/2025/06/Origin-Accelerate-EV-Fleet-Program-Lessons-Learnt-Report-2.pdf,pdfs/Reports_Lessons/Origin_Accelerate_EV_Fleet_Program_-_Lessons_Learnt_Report_2_d30097.pdf,downloaded
Hazer - The Hazer Process Demonstration Plant - Hazer Lessons Learnt Report 4,26/06/2025,Hydrogen energy,The Hazer Process: Commercial Demonstration Plant,https://arena.gov.au/knowledge-bank/hazer-the-hazer-process-demonstration-plant-hazer-lessons-learnt-report-4/,"Reports, Lessons",https://arena.gov.au/projects/the-hazer-process-commercial-demonstration-plant/,2020,Current,https://arena.gov.au/assets/2025/06/Hazer-The-Hazer-Process-Demonstration-Plant-Hazer-Lessons-Learnt-Report-4-1.pdf,pdfs/Reports_Lessons/Hazer_-_The_Hazer_Process_Demonstration_Plant_-_Hazer_Lessons_Learnt_Report_4_437cab.pdf,downloaded
Hazer - The Hazer Process Demonstration Plant - Maximising the value of biogas through low emission hydrogen and graphite products,26/06/2025,Hydrogen energy,The Hazer Process: Commercial Demonstration Plant,https://arena.gov.au/knowledge-bank/hazer-the-hazer-process-demonstration-plant-maximising-the-value-of-biogas-through-low-emission-hydrogen-and-graphite-products/,Reports,https://arena.gov.au/projects/the-hazer-process-commercial-demonstration-plant/,2020,Current,https://arena.gov.au/assets/2025/06/Hazer-Hazer-Process-Demonstration-Plant-Maximising-the-Value-of-Biogas-Through-Low-Emission-Hydrogen-and-Graphite-Products.pdf,pdfs/Reports/Hazer_-_The_Hazer_Process_Demonstration_Plant_-_Maximising_the_value_of_biogas_through_low_emission_hydrogen_and_graphit_3ee436.pdf,downloaded
Lochard Energy - H2Restore - Stakeholder Engagement Plan & Regulatory Approvals Plan,20/06/2025,Hydrogen energy,Lochard Energy H2RESTORE Feasibility Study,https://arena.gov.au/knowledge-bank/lochard-energy-h2restore-stakeholder-engagement-plan-regulatory-approvals-plan/,Reports,https://arena.gov.au/projects/lochard-energy-h2restore-feasibility-study/,2024,Past,https://arena.gov.au/assets/2025/06/Lochard-Energy-H2RESTORE-Regulatory-Approval-Plan.pdf,pdfs/Reports/Lochard_Energy_-_H2Restore_-_Stakeholder_Engagement_Plan_&_Regulatory_Approvals_Plan_df30ca.pdf,downloaded
QUT Hydrogen Process Research & Development - End of Activity Report,20/06/2025,Hydrogen energy,QUT Hydrogen Process Research & Development,https://arena.gov.au/knowledge-bank/qut-hydrogen-process-research-development-end-of-activity-report/,Reports,https://arena.gov.au/projects/qut-hydrogen-process-research-and-development/,2018,Past,https://arena.gov.au/assets/2025/06/QUT-Hydrogen-process-RD-Project-QUT-End-of-Activity-Report.pdf,pdfs/Reports/QUT_Hydrogen_Process_Research_&_Development_-_End_of_Activity_Report_7b40d1.pdf,downloaded
Rio Tinto and Sumitomo ' Yarwun Hydrogen Calcination Pilot Demonstration Program ' Lessons Learnt Report 4,20/06/2025,Hydrogen energy,Yarwun Hydrogen Calcination Pilot Demonstration Program,https://arena.gov.au/knowledge-bank/rio-tinto-and-sumitomo-yarwun-hydrogen-calcination-pilot-demonstration-program-lessons-learnt-report-4/,"Reports, Lessons",https://arena.gov.au/projects/yarwun-hydrogen-calcination-pilot-demonstration-program/,2023,Current,https://arena.gov.au/assets/2025/06/Rio-Tinto-and-Sumitomo-Yarwun-Hydrogen-Calcination-Pilot-Demonstration-Program-Rio-Tinto-Lessons-Learnt-Report-4.pdf,pdfs/Reports_Lessons/Rio_Tinto_and_Sumitomo_'_Yarwun_Hydrogen_Calcination_Pilot_Demonstration_Program_'_Lessons_Learnt_Report_4_f23f40.pdf,downloaded
AGIG - Hydrogen Park Murray Valley - Lessons Learnt Report 1,20/06/2025,Hydrogen energy,Hydrogen Park Murray Valley Facility,https://arena.gov.au/knowledge-bank/agig-hydrogen-park-murray-valley-agig-lessons-learnt-report-1/,"Reports, Lessons",https://arena.gov.au/projects/hydrogen-park-murray-valley-facility/,2023,Current,https://arena.gov.au/assets/2025/06/AGIG-HyP-Murray-Valley-AGIG-Lessons-Learned-Report-June-2025.pdf,pdfs/Reports_Lessons/AGIG_-_Hydrogen_Park_Murray_Valley_-_Lessons_Learnt_Report_1_c0816e.pdf,downloaded
"Cavendish - Efficient, Scalable and Modular Ammonia to H2/Electricity Conversion - Core Research Midpoint Update",20/06/2025,Hydrogen energy,Cavendish - Efficient Scalable and Modular Ammonia to Hydrogen/Electricity Conversion System,https://arena.gov.au/knowledge-bank/cavendish-efficient-scalable-and-modular-ammonia-to-h2-electricity-conversion-core-research-midpoint-update/,Reports,https://arena.gov.au/projects/efficient-scalable-and-modular-ammonia-to-hydrogen-electricity-conversion-system-development-and-demonstration/,2024,Current,https://arena.gov.au/assets/2025/06/Cavendish-Efficient-Scalable-and-Modular-Ammonia-to-H2-Electricity-Conversion-Cavendish-Core-Research-Interim-Report.pdf,"pdfs/Reports/Cavendish_-_Efficient,_Scalable_and_Modular_Ammonia_to_H2_Electricity_Conversion_-_Core_Research_Midpoint_Update_909188.pdf",downloaded
Windlab - Kennedy Energy Park - Equipment Testing Plan Report,20/06/2025,Hybrid technologies,Kennedy Energy Park,https://arena.gov.au/knowledge-bank/windlab-kennedy-energy-park-equipment-testing-plan-report/,Reports,https://arena.gov.au/projects/kennedy-energy-park/,2017,Current,https://arena.gov.au/assets/2025/06/Windlab-Kennedy-Energy-Park-Equipment-Testing-Plan-Report.pdf,pdfs/Reports/Windlab_-_Kennedy_Energy_Park_-_Equipment_Testing_Plan_Report_5c60f0.pdf,downloaded
Vast - Port Augusta Solar Methanol Project - Lessons Learnt Report 1,20/06/2025,"Concentrated solar thermal, Hydrogen energy",Port Augusta Solar Methanol Project,https://arena.gov.au/knowledge-bank/vast-renewables-port-augusta-solar-methanol-project-lessons-learnt-report-1/,"Reports, Lessons",https://arena.gov.au/projects/port-augusta-solar-methanol-project/,2023,Current,https://arena.gov.au/assets/2025/06/Vast-Port-Augusta-Solar-Methanol-Project-Lessons-Learnt-Report.pdf,pdfs/Reports_Lessons/Vast_-_Port_Augusta_Solar_Methanol_Project_-_Lessons_Learnt_Report_1_b817fe.pdf,downloaded
AEMO ' CER Data Exchange Industry Co-Design - Attachment B High-Level Cost Assessment,20/06/2025,Distributed energy resources,AEMO – CER Data Exchange Industry Co-Design,https://arena.gov.au/knowledge-bank/aemo-cer-data-exchange-industry-co-design-attachment-b-high-level-cost-assessment/,Reports,https://arena.gov.au/projects/aemo-cer-data-exchange-industry-co-design/,2024,Past,https://arena.gov.au/assets/2025/06/CER-Data-Exchange-Industry-Co-Design-Attachment-B-High-Level-Cost-Assessment.pdf,pdfs/Reports/AEMO_'_CER_Data_Exchange_Industry_Co-Design_-_Attachment_B_High-Level_Cost_Assessment_9208c4.pdf,downloaded
AEMO ' CER Data Exchange Industry Co-Design - Knowledge Sharing Report,20/06/2025,Distributed energy resources,AEMO – CER Data Exchange Industry Co-Design,https://arena.gov.au/knowledge-bank/aemo-cer-data-exchange-industry-co-design-knowledge-sharing-report/,Reports,https://arena.gov.au/projects/aemo-cer-data-exchange-industry-co-design/,2024,Past,https://arena.gov.au/assets/2025/06/CER-Data-Exchange-Industry-Co-Design-Knowledge-Sharing-Report.pdf,pdfs/Reports/AEMO_'_CER_Data_Exchange_Industry_Co-Design_-_Knowledge_Sharing_Report_0d13d8.pdf,downloaded
5B Maverick Solar PV Automated Assembly & Deployment - Final Report,17/06/2025,"Solar energy, Solar PV R&amp;D",5B Maverick Solar PV Automated Assembly & Deployment,https://arena.gov.au/knowledge-bank/5b-maverick-solar-pv-automated-assembly-deployment-final-report/,Reports,https://arena.gov.au/projects/5b-maverick-solar-pv-automated-assembly-deployment/,2021,Past,https://arena.gov.au/assets/2025/06/5B-Maverick-Solar-PV-Automated-Assembly-Deployment-Final-Report.pdf,pdfs/Reports/5B_Maverick_Solar_PV_Automated_Assembly_&_Deployment_-_Final_Report_b8b2cc.pdf,downloaded
2024 Annual Report ' Australian Centre for Advanced Photovoltaics,17/06/2025,"Solar energy, Solar PV R&amp;D",Australian Centre for Advanced Photovoltaics (ACAP),https://arena.gov.au/knowledge-bank/2024-annual-report-australian-centre-for-advanced-photovoltaics/,Reports,https://arena.gov.au/projects/australian-centre-for-advanced-photovoltaics-acap/,2012,Current,https://arena.gov.au/assets/2025/06/2024-Annual-Report-–-Australian-Centre-for-Advanced-Photovoltaics.pdf,pdfs/Reports/2024_Annual_Report_'_Australian_Centre_for_Advanced_Photovoltaics_0372d3.pdf,downloaded
AEMO ' CER Data Exchange Industry Co-Design - Final Webinar,16/06/2025,Distributed energy resources,AEMO – CER Data Exchange Industry Co-Design,https://arena.gov.au/knowledge-bank/aemo-cer-data-exchange-industry-co-design-final-webinar/,Insights,https://arena.gov.au/projects/aemo-cer-data-exchange-industry-co-design/,2024,Past,https://arena.gov.au/assets/2025/06/CER-Data-Exchange-Industry-Co-Design-Final-Webinar-Slides.pdf,pdfs/Insights/AEMO_'_CER_Data_Exchange_Industry_Co-Design_-_Final_Webinar_c7f0fd.pdf,downloaded
5B - Maverick Solar PV Automated Assembly & Deployment ' Lesson Learnt Report 5,13/06/2025,"Solar energy, Solar PV R&amp;D",5B Maverick Solar PV Automated Assembly & Deployment,https://arena.gov.au/knowledge-bank/5b-maverick-solar-pv-automated-assembly-deployment-lesson-learnt-report-5/,"Reports, Lessons",https://arena.gov.au/projects/5b-maverick-solar-pv-automated-assembly-deployment/,2021,Past,https://arena.gov.au/assets/2025/06/5B-Maverick-Solar-PV-Automated-Assembly-Deployment-–-Lesson-Learnt-Report-5.pdf,pdfs/Reports_Lessons/5B_-_Maverick_Solar_PV_Automated_Assembly_&_Deployment_'_Lesson_Learnt_Report_5_ffab1d.pdf,downloaded
Built Robotics - Australian Robotic Piling Deployment for Large Scale Solar&#8239;- Lesson Learnt Report 1,13/06/2025,Large-scale solar,Australian Robotic Piling Deployment for Large Scale Solar ,https://arena.gov.au/knowledge-bank/built-robotics-australian-robotic-piling-deployment-for-large-scale-solar-lesson-learnt-report-1/,"Reports, Lessons",https://arena.gov.au/projects/australian-robotic-piling-deployment-for-large-scale-solar/,2024,Current,https://arena.gov.au/assets/2025/06/Built-Robotics-Australian-Robotic-Piling-Deployment-for-Large-Scale-Solar -Lesson-Learnt-Report-1.pdf,pdfs/Reports_Lessons/Built_Robotics_-_Australian_Robotic_Piling_Deployment_for_Large_Scale_Solar&#8239;-_Lesson_Learnt_Report_1_9b5efa.pdf,downloaded
Europcar - Electric Vehicle Infrastructure Project - Infrastructure and Design Report,13/06/2025,Electric vehicles,Europcar Electric Vehicle Infrastructure Project,https://arena.gov.au/knowledge-bank/europcar-electric-vehicle-infrastructure-project-infrastructure-and-design-report/,Reports,https://arena.gov.au/projects/europcar-electric-vehicle-infrastructure-project/,2023,Current,https://arena.gov.au/assets/2025/06/Europcar-Electric-Vehicle-Infrastructure-Project-Infrastructure-and-Design-Report.pdf,pdfs/Reports/Europcar_-_Electric_Vehicle_Infrastructure_Project_-_Infrastructure_and_Design_Report_ec687f.pdf,downloaded
ARENA Funding Agreement Variation Policy,13/06/2025,,,https://arena.gov.au/knowledge-bank/funding-agreement-variation-policy/,,,,,https://arena.gov.au/assets/2025/06/ARENA-Variation-Policy-June-2025.pdf,pdfs/Other/ARENA_Funding_Agreement_Variation_Policy_058c86.pdf,downloaded
ARENA Report Writing Tips & Guidelines,13/06/2025,,,https://arena.gov.au/knowledge-bank/report-writing-tips-guidelines/,,,,,https://arena.gov.au/assets/2020/03/arena-report-writing-guidelines.pdf,pdfs/Other/ARENA_Report_Writing_Tips_&_Guidelines_51258b.pdf,downloaded
Origin Energy - Backbone Charging Infrastructure Project - Lessons Learnt Report 1,10/06/2025,Electric vehicles,Origin Energy - Backbone Charging Infrastructure Project,https://arena.gov.au/knowledge-bank/origin-energy-backbone-charging-infrastructure-project-lessons-learnt-report-1/,"Reports, Lessons",https://arena.gov.au/projects/origin-energy-backbone-charging-infrastructure-project/,2024,Current,https://arena.gov.au/assets/2025/06/Origin-Backbone-Charging-Infrastructure-Project-Lessons-Learnt-Report-1.pdf,pdfs/Reports_Lessons/Origin_Energy_-_Backbone_Charging_Infrastructure_Project_-_Lessons_Learnt_Report_1_0a6ea4.pdf,downloaded
BFWG - Electrification and Thermal Energy Feasibility Study ' IETS summary & emissions reduction roadmap,10/06/2025,Renewables for industry,Brown Family Wine Group - Electrification and Thermal Energy Feasibility Study,https://arena.gov.au/knowledge-bank/bfwg-electrification-and-thermal-energy-feasibility-study-iets-summary-emissions-reduction-roadmap/,Reports,https://arena.gov.au/projects/brown-family-wine-group-electrification-and-thermal-energy-feasibility-study/,2024,Past,https://arena.gov.au/assets/2025/06/BFWG-Electrification-and-Thermal-Energy-Feasibility-Study-IETS-Summary-emissions-reduction-roadmap.pdf,pdfs/Reports/BFWG_-_Electrification_and_Thermal_Energy_Feasibility_Study_'_IETS_summary_&_emissions_reduction_roadmap_4dd839.pdf,downloaded
SunDrive Solar - 20MW Pilot Facility Knowledge Sharing Report,10/06/2025,"Solar energy, Solar PV R&amp;D",Commercialisation of SunDrive Copper Metallisation,https://arena.gov.au/knowledge-bank/sundrive-solar-20mw-pilot-facility-knowledge-sharing-report/,Reports,https://arena.gov.au/projects/commercialisation-of-sundrive-copper-metallisation/,2023,Past,https://arena.gov.au/assets/2025/06/SunDrive-20MW-Pilot-Facility-Knowledge-Sharing-Report.pdf,pdfs/Reports/SunDrive_Solar_-_20MW_Pilot_Facility_Knowledge_Sharing_Report_6f131b.pdf,downloaded
"ANU, Low-cost integration of on-site PV for large-scale industrial heat supply - R&D Conclusion report",10/06/2025,"Solar energy, Solar PV R&amp;D",Low-Cost Integration of On-Site Solar PV for Large-Scale Industrial Heat Supply,https://arena.gov.au/knowledge-bank/anu-low-cost-integration-of-on-site-pv-for-large-scale-industrial-heat-supply-rd-conclusion-report/,Reports,https://arena.gov.au/projects/low-cost-integration-of-on-site-solar-photovoltaic-pv-for-large-scale-industrial-heat-supply/,2022,Current,https://arena.gov.au/assets/2025/06/ANU-Low-cost-integration-of-on-site-PV-for-large-scale-industrial-heat-supply-RD-conclusion-report.pdf,"pdfs/Reports/ANU,_Low-cost_integration_of_on-site_PV_for_large-scale_industrial_heat_supply_-_R&D_Conclusion_report_8018d9.pdf",downloaded
WALGA - Accelerating the Local Government Transition to BEVs in Western Australia - Lessons Learnt Report 2,26/05/2025,Electric vehicles,Accelerating the Local Government Transition to BEVs in Western Australia,https://arena.gov.au/knowledge-bank/walga-accelerating-the-local-government-transition-to-bevs-in-western-australia-lessons-learnt-report-2/,"Reports, Lessons",https://arena.gov.au/projects/accelerating-the-local-government-transition-to-bevs-in-western-australia/,2024,Current,https://arena.gov.au/assets/2025/05/WALGA-Accelerating-the-Local-Government-Transition-to-BEVs-in-Western-Australia-Lessons-Learnt-Report-2.pdf,pdfs/Reports_Lessons/WALGA_-_Accelerating_the_Local_Government_Transition_to_BEVs_in_Western_Australia_-_Lessons_Learnt_Report_2_b5e03a.pdf,downloaded
Infravision - Next Generation Line Monitoring System Demonstration Project - Knowledge Sharing Report,23/05/2025,System security and reliability,Infravision Next Generation Line Monitoring System Demonstration,https://arena.gov.au/knowledge-bank/infravision-next-generation-line-monitoring-system-demonstration-project-knowledge-sharing-report/,Reports,https://arena.gov.au/projects/infravision-next-generation-line-monitoring-system-demonstration/,2022,Past,https://arena.gov.au/assets/2025/05/Infravision-Next-Generation-Line-Monitoring-System-Demonstration-Project-Knowledge-Sharing-Report.pdf,pdfs/Reports/Infravision_-_Next_Generation_Line_Monitoring_System_Demonstration_Project_-_Knowledge_Sharing_Report_84716f.pdf,downloaded
Fortescue ' low temperature direct electrochemical reduction for zero emissions iron - Core Research Interim Report,23/05/2025,Renewables for industry,Fortescue - low temperature direct electrochemical reduction for zero emissions iron,https://arena.gov.au/knowledge-bank/fortescue-low-temperature-direct-electrochemical-reduction-for-zero-emissions-iron-core-research-interim-report/,Reports,https://arena.gov.au/projects/fortescue-low-temperature-direct-electrochemical-reduction-for-zero-emissions-iron-project/,2024,Past,https://arena.gov.au/assets/2025/05/Fortescue-Low-Temp-DER-for-Zero-Emissions-Iron-Core-Research-Interim-Report.pdf,pdfs/Reports/Fortescue_'_low_temperature_direct_electrochemical_reduction_for_zero_emissions_iron_-_Core_Research_Interim_Report_f0df5f.pdf,downloaded
"United Energy, CitiPower, and Powercor ' Flexible Services Trial - Lessons Learnt Report 2",13/05/2025,Demand response,"United Energy, CitiPower and Powercor - Flexible Services Trial",https://arena.gov.au/knowledge-bank/united-energy-citipower-and-powercor-flexible-services-trial-lessons-learnt-report-2/,"Reports, Lessons",https://arena.gov.au/projects/united-energy-citipower-and-powercor-flexible-services-trial/,2024,Current,https://arena.gov.au/assets/2025/05/Flexible-Services-Lessons-learnt-report-Milestone-two.pdf,"pdfs/Reports_Lessons/United_Energy,_CitiPower,_and_Powercor_'_Flexible_Services_Trial_-_Lessons_Learnt_Report_2_274d09.pdf",downloaded
Edify Energy ' Darlington Point Energy Storage System ' Operations Report #2,13/05/2025,Battery storage,Darlington Point Energy Storage System,https://arena.gov.au/knowledge-bank/edify-energy-darlington-point-energy-storage-system-operations-report-2/,,https://arena.gov.au/projects/darlington-point-energy-storage-system/,2022,Current,https://arena.gov.au/assets/2025/05/Edify-Energy-–-Darlington-Point-Energy-Storage-System-–-Operations-Report-2.pdf,pdfs/Other/Edify_Energy_'_Darlington_Point_Energy_Storage_System_'_Operations_Report_#2_aa3053.pdf,downloaded
GridWise ' Dynamic Model Validation Project ' DMV Pilot Learnings Report,12/05/2025,"Solar energy, Solar PV R&amp;D",GridWise - Dynamic Model Validation,https://arena.gov.au/knowledge-bank/gridwise-dynamic-model-validation-project-dmv-pilot-learnings-report/,Reports,https://arena.gov.au/projects/gridwise-dynamic-model-validation/,2024,Past,https://arena.gov.au/assets/2025/05/GridWise-Dynamic-Model-Validation-Project-DMV-Pilot-Learnings-Report.pdf,pdfs/Reports/GridWise_'_Dynamic_Model_Validation_Project_'_DMV_Pilot_Learnings_Report_b34b01.pdf,downloaded
Aeolius ' Wind Forecasting Demonstration Project - Lessons Learnt Report 4a,12/05/2025,Wind energy,Aeolius Wind Forecasting Project,https://arena.gov.au/knowledge-bank/aeolius-wind-forecasting-demonstration-project-lessons-learnt-report-4a/,"Reports, Lessons",https://arena.gov.au/projects/aeolius-wind-forecasting-project/,2019,Current,https://arena.gov.au/assets/2025/05/Aeolius-–-Wind-Forecasting-Demonstration-Project-Lessons-Learnt-Report-4a.pdf,pdfs/Reports_Lessons/Aeolius_'_Wind_Forecasting_Demonstration_Project_-_Lessons_Learnt_Report_4a_e6fa60.pdf,downloaded
Renergi - Energy from Waste through Pyrolysis - Lessons Learnt Report 5,12/05/2025,Bioenergy / Energy from waste,Energy from Waste Through Pyrolysis,https://arena.gov.au/knowledge-bank/renergi-energy-from-waste-through-pyrolysis-lessons-learnt-report-5/,"Reports, Lessons",https://arena.gov.au/projects/energy-from-waste-through-pyrolysis/,2020,Past,https://arena.gov.au/assets/2025/05/Renergi-Energy-from-Waste-through-Pyrolysis-Lessons-Learnt-Report-5.pdf,pdfs/Reports_Lessons/Renergi_-_Energy_from_Waste_through_Pyrolysis_-_Lessons_Learnt_Report_5_13a9c8.pdf,downloaded
Relectrify - Second-life battery trial - Final Knowledge Sharing Report,6/05/2025,Battery storage,Relectrify Second-Life Battery Trial,https://arena.gov.au/knowledge-bank/relectrify-second-life-battery-trial-final-knowledge-sharing-report/,Reports,https://arena.gov.au/projects/relectrify-second-life-battery-trial/,2020,Past,https://arena.gov.au/assets/2025/05/Relectrify-Second-life-battery-trial-Final-knowledge-sharing-report.pdf,pdfs/Reports/Relectrify_-_Second-life_battery_trial_-_Final_Knowledge_Sharing_Report_dede15.pdf,downloaded
AGL Energy ' Liddell Large Scale Battery - Lessons Learnt Report 1,6/05/2025,Battery storage,AGL Energy - Liddell Large Scale Battery with advanced inverters; Deployment Project,https://arena.gov.au/knowledge-bank/agl-energy-liddell-large-scale-battery-lessons-learnt-report-1/,"Reports, Lessons",https://arena.gov.au/projects/agl-liddell-large-scale-battery-with-advanced-inverters-deployment-project/,2024,Current,https://arena.gov.au/assets/2025/05/AGL-Energy-–-Liddell-Large-Scale-Battery-Lessons-Learnt-Report-1.pdf,pdfs/Reports_Lessons/AGL_Energy_'_Liddell_Large_Scale_Battery_-_Lessons_Learnt_Report_1_73dee7.pdf,downloaded
Amber ' Automating EV Charging in line with Wholesale Pricing - Lessons Learnt Report 2,5/05/2025,Electric vehicles,Amber - Automating EV Charging in line with Wholesale Pricing,https://arena.gov.au/knowledge-bank/amber-automating-ev-charging-in-line-with-wholesale-pricing-lessons-learnt-report-2/,"Reports, Lessons",https://arena.gov.au/projects/amber-automating-ev-charging-in-line-with-wholesale-pricing/,2024,Current,https://arena.gov.au/assets/2025/05/Amber-Automating-EV-Charging-in-line-with-Wholesale-Pricing-Lessons-Learnt-Report-2.pdf,pdfs/Reports_Lessons/Amber_'_Automating_EV_Charging_in_line_with_Wholesale_Pricing_-_Lessons_Learnt_Report_2_94bf93.pdf,downloaded
Industrial Transformation Stream Round 2 Webinar,5/05/2025,Renewables for industry,,https://arena.gov.au/knowledge-bank/industrial-transformation-stream-round-2-webinar/,"Insights, Videos",,,,https://arena.gov.au/assets/2025/04/ITS-Round-2-Webinar.pdf,pdfs/Insights_Videos/Industrial_Transformation_Stream_Round_2_Webinar_b7c237.pdf,downloaded
Licella - Project Swift - Market Context & Opportunity Report,30/04/2025,Bioenergy / Energy from waste,Licella - Project Swift - SAF from Sugarcane Residues Feasibility Study,https://arena.gov.au/knowledge-bank/licella-project-swift-market-context-opportunity-report/,"Reports, Lessons",https://arena.gov.au/projects/licella-project-swift-saf-from-sugarcane-residues-feasibility-study/,2025,Current,https://arena.gov.au/assets/2025/04/Licella-–-Project-Swift-–-Market-Context-Opportunity-Report.pdf,pdfs/Reports_Lessons/Licella_-_Project_Swift_-_Market_Context_&_Opportunity_Report_ca2d53.pdf,downloaded
Genex ' Kidston Pumped Hydro Energy Storage ' Lessons Learnt Report No.12,30/04/2025,Hydropower / Pumped Hydro Energy Storage,Kidston Pumped Hydro Energy Storage,https://arena.gov.au/knowledge-bank/genex-kidston-pumped-hydro-energy-storage-lessons-learnt-report-no-12/,"Reports, Lessons",https://arena.gov.au/projects/kidston-pumped-hydro-energy-storage/,2021,Current,https://arena.gov.au/assets/2025/04/Genex-–-Kidston-Pumped-Hydro-Energy-Storage-–-Lessons-Learnt-Report-No.12.pdf,pdfs/Reports_Lessons/Genex_'_Kidston_Pumped_Hydro_Energy_Storage_'_Lessons_Learnt_Report_No.12_4e7625.pdf,downloaded
APA Fortescue Solar Gas Hybrid Project - Annual Performance Final Report 2024,28/04/2025,"Battery storage, Hybrid technologies, Solar energy, Solar PV R&amp;D",APA Fortescue Solar Gas Hybrid Project,https://arena.gov.au/knowledge-bank/apa-fortescue-solar-gas-hybrid-project-annual-performance-final-report-2024/,Reports,https://arena.gov.au/projects/alinta-fortescue-solar-gas-hybrid-project/,2019,Current,https://arena.gov.au/assets/2025/04/Fortescue-APA-Solar-Gas-Hybrid-Project-Annual-Performance-Final-Report-2024.pdf,pdfs/Reports/APA_Fortescue_Solar_Gas_Hybrid_Project_-_Annual_Performance_Final_Report_2024_e65d20.pdf,downloaded
Evaluation of ARENA&rsquo;s transport strategic priority,11/04/2025,Electric vehicles,,https://arena.gov.au/knowledge-bank/evaluation-of-arenas-transport-strategic-priority/,Reports,,,,https://arena.gov.au/assets/2025/04/ARENA-Impact-Evaluation-on-Decarbonising-Transport-Funding-Programs.pdf,pdfs/Reports/Evaluation_of_ARENA&rsquo;s_transport_strategic_priority_7bd1ec.pdf,downloaded
Ampol - Brisbane Renewable Fuels Project - Market Context and Interim Report,7/04/2025,Bioenergy / Energy from waste,Ampol - Brisbane Renewable Fuels Pre-FEED Study,https://arena.gov.au/knowledge-bank/ampol-brisbane-renewable-fuels-project-market-context-and-interim-report/,Reports,https://arena.gov.au/projects/ampol-brisbane-renewable-fuels-pre-feed-study/,2024,Past,https://arena.gov.au/assets/2025/04/Ampol-Brisbane-Renewable-Fuels-Project-Market-Context-and-Interim-Report.pdf,pdfs/Reports/Ampol_-_Brisbane_Renewable_Fuels_Project_-_Market_Context_and_Interim_Report_5aa56e.pdf,downloaded
UNSW - High-Throughput Inspection Methods for High-Efficiency Multijunction Solar Cells ' R&D Interim Report,7/04/2025,"Solar energy, Solar PV R&amp;D",High-Throughput Inspection Methods for High-Efficiency Multijunction Solar Cells,https://arena.gov.au/knowledge-bank/unsw-high-throughput-inspection-methods-for-high-efficiency-multijunction-solar-cells-rd-interim-report/,Reports,https://arena.gov.au/projects/high-throughput-inspection-methods-for-high-efficiency-multijunction-solar-cells/,2022,Current,https://arena.gov.au/assets/2025/04/UNSW-High-Throughput-Inspection-Methods-for-High-Efficiency-Multijunction-Solar-Cells-–-RD-Interim-Report.pdf,pdfs/Reports/UNSW_-_High-Throughput_Inspection_Methods_for_High-Efficiency_Multijunction_Solar_Cells_'_R&D_Interim_Report_021783.pdf,downloaded
Intellihub Demand Flexibility Platform Project - Lessons Learnt Report 3,31/03/2025,Demand response,Intellihub Demand Flexibility Platform Project,https://arena.gov.au/knowledge-bank/intellihub-demand-flexibility-platform-project-lessons-learnt-report-3/,"Reports, Lessons",https://arena.gov.au/projects/intellihub-demand-flexibility-platform-project/,2023,Past,https://arena.gov.au/assets/2025/03/Intellihub-Demand-Flexibility-Platform-Lessons-Learnt-Report-3.pdf,pdfs/Reports_Lessons/Intellihub_Demand_Flexibility_Platform_Project_-_Lessons_Learnt_Report_3_5eab84.pdf,downloaded
Neoen ' Hornsdale Power Reserve Upgrade ' Operations Report H1 2024,28/03/2025,Battery storage,Hornsdale Power Reserve Upgrade,https://arena.gov.au/knowledge-bank/neoen-hornsdale-power-reserve-upgrade-operations-report-h1-2024/,Reports,https://arena.gov.au/projects/hornsdale-power-reserve-upgrade/,2019,Current,https://arena.gov.au/assets/2025/03/Neoen-–-Hornsdale-Power-Reserve-Upgrade-–-Operations-Report-H1-2024.pdf,pdfs/Reports/Neoen_'_Hornsdale_Power_Reserve_Upgrade_'_Operations_Report_H1_2024_a5606e.pdf,downloaded
Alcoa ' Renewable Powered Electric Calcination Pilot ' Lessons Learnt Report 2,28/03/2025,Renewables for industry,Alcoa - Renewable Powered Electric Calcination Pilot,https://arena.gov.au/knowledge-bank/alcoa-renewable-powered-electric-calcination-pilot-lessons-learnt-report-2/,"Reports, Lessons",https://arena.gov.au/projects/alcoa-renewable-powered-electric-calcination-pilot/,2022,Current,https://arena.gov.au/assets/2025/03/Alcoa-–-Renewable-Powered-Electric-Calcination-Pilot-–-Lessons-Learnt-Report-2.pdf,pdfs/Reports_Lessons/Alcoa_'_Renewable_Powered_Electric_Calcination_Pilot_'_Lessons_Learnt_Report_2_d70d23.pdf,downloaded
ARENA Insights Newsletter Edition #62,26/03/2025,,,https://arena.gov.au/knowledge-bank/arena-insights-newsletter-edition-62/,InsightNewsletter,,,,https://arena.gov.au/assets/2025/02/Bidirectional-Bidi-ROADMAP-2025-01-15-1.pdf,pdfs/InsightNewsletter/ARENA_Insights_Newsletter_Edition_#62_bba543.pdf,downloaded
Europcar - Electric Vehicle Infrastructure Project - Lessons Learnt Report 1,21/03/2025,Electric vehicles,Europcar Electric Vehicle Infrastructure Project,https://arena.gov.au/knowledge-bank/europcar-electric-vehicle-infrastructure-project-lessons-learnt-report-1/,"Reports, Lessons",https://arena.gov.au/projects/europcar-electric-vehicle-infrastructure-project/,2023,Current,https://arena.gov.au/assets/2025/03/Europcar-Electric-Vehicle-Infrastructure-Project-Lessons-Learnt-Report-1.pdf,pdfs/Reports_Lessons/Europcar_-_Electric_Vehicle_Infrastructure_Project_-_Lessons_Learnt_Report_1_f5c5b7.pdf,downloaded
EnergyLab ' Decarb Debrief for 2024,18/03/2025,"Battery storage, Hydrogen energy, Renewables for industry, Renewables in buildings",EnergyLab: Deployment of Entrepreneurial Support for the Cleantech Start-up Ecosystem,https://arena.gov.au/knowledge-bank/energylab-decarb-debrief-for-2024/,Reports,https://arena.gov.au/projects/energylab-deployment-of-entrepreneurial-support-for-the-cleantech-start-up-ecosystem/,2023,Current,https://arena.gov.au/assets/2025/03/EnergyLab-Decarb-Debrief-for-2024.pdf,pdfs/Reports/EnergyLab_'_Decarb_Debrief_for_2024_b12979.pdf,downloaded
"Vast Solar, Port Augusta Concentrated Solar Power Project - Milestone 1 Lessons Learnt Report",13/03/2025,"Solar energy, Solar PV R&amp;D",Vast Solar Port Augusta Concentrated Solar Thermal Power Project,https://arena.gov.au/knowledge-bank/vast-solar-port-augusta-concentrated-solar-power-project-milestone-1-lessons-learnt-report/,Lessons,https://arena.gov.au/projects/vast-solar-port-augusta-concentrated-solar-thermal-power-project/,2023,Current,https://arena.gov.au/assets/2025/03/Vast-Solar-Port-Augusta-Concentrated-Solar-Power-Project-Milestone-1-Lessons-Learnt-Report.pdf,"pdfs/Lessons/Vast_Solar,_Port_Augusta_Concentrated_Solar_Power_Project_-_Milestone_1_Lessons_Learnt_Report_b5fa07.pdf",downloaded
Wyndham City Council - Local Council BEV Integration Project - Lessons Learnt Report 1,6/03/2025,Electric vehicles,Wyndham City Council – Local Council BEV Integration Project,https://arena.gov.au/knowledge-bank/wyndham-city-council-local-council-bev-integration-project-lessons-learnt-report-1/,Lessons,https://arena.gov.au/projects/wyndham-city-council-local-council-bev-integration-project/,2024,Current,https://arena.gov.au/assets/2025/03/Wyndham-City-Council-Local-Council-BEV-Integration-Project-Lessons-Learnt-Report-1.pdf,pdfs/Lessons/Wyndham_City_Council_-_Local_Council_BEV_Integration_Project_-_Lessons_Learnt_Report_1_1fd37f.pdf,downloaded
"RayGen, Solar Power Plant Two Phase 1 - Milestone 2 Lessons Learnt Report",5/03/2025,"Concentrated solar thermal, Solar energy",Raygen - Solar Power Plant Two: Phase 1,https://arena.gov.au/knowledge-bank/raygen-solar-power-plant-two-phase-1-milestone-2-lessons-learnt-report/,Lessons,https://arena.gov.au/projects/solar-power-plant-two-phase-1/,2023,Current,https://arena.gov.au/assets/2025/03/RayGen-Solar-Power-Plant-Two-Phase-1-Milestone-2-Lessons-Learnt-Report.pdf,"pdfs/Lessons/RayGen,_Solar_Power_Plant_Two_Phase_1_-_Milestone_2_Lessons_Learnt_Report_b2fadb.pdf",downloaded
Monash University - Integrating Energy Storage into the NEM Study - Milestone 2 Report,5/03/2025,Renewables for industry,Monash University Integrating Energy Storage into the NEM Study,https://arena.gov.au/knowledge-bank/monash-university-integrating-energy-storage-into-the-nem-study-milestone-2-report/,Milestones,https://arena.gov.au/projects/monash-university-integrating-energy-storage-into-the-nem-study/,2022,Past,https://arena.gov.au/assets/2025/03/Storage_integration_in_the_NEM____Milestone_2.pdf,pdfs/Milestones/Monash_University_-_Integrating_Energy_Storage_into_the_NEM_Study_-_Milestone_2_Report_d5ce02.pdf,downloaded
AEMO ' Project EDGE - Final customer insights study,28/02/2025,System security and reliability,AEMO - Project EDGE (Energy Demand and Generation Exchange),https://arena.gov.au/knowledge-bank/aemo-project-edge-final-customer-insights-study/,Reports,https://arena.gov.au/projects/project-edge-energy-demand-and-generation-exchange/,2020,Past,https://arena.gov.au/assets/2025/02/AEMO-–-Project-EDGE-Final-customer-insights-study.pdf,pdfs/Reports/AEMO_'_Project_EDGE_-_Final_customer_insights_study_6f2f70.pdf,downloaded
Rio Tinto and Sumitomo - Yarwun Hydrogen Calcination Pilot Demonstration Program - Lessons Learnt Report 3,24/02/2025,Hydrogen energy,Yarwun Hydrogen Calcination Pilot Demonstration Program,https://arena.gov.au/knowledge-bank/rio-tinto-and-sumitomo-yarwun-hydrogen-calcination-pilot-demonstration-program-lessons-learnt-report-3/,Lessons,https://arena.gov.au/projects/yarwun-hydrogen-calcination-pilot-demonstration-program/,2023,Current,https://arena.gov.au/assets/2025/02/DL-1158-Yarwun-Hydrogen-calcination-pilot-project-Lesson-learnt-report-Dec-2024-vF-2025-02-11T10_15_47.pdf,pdfs/Lessons/Rio_Tinto_and_Sumitomo_-_Yarwun_Hydrogen_Calcination_Pilot_Demonstration_Program_-_Lessons_Learnt_Report_3_5f4ece.pdf,downloaded
WALGA - Accelerating the Local Government Transition to BEVs in Western Australia - Infrastructure and Design Report,24/02/2025,Electric vehicles,Accelerating the Local Government Transition to BEVs in Western Australia,https://arena.gov.au/knowledge-bank/walga-accelerating-the-local-government-transition-to-bevs-in-western-australia-infrastructure-and-design-report/,Reports,https://arena.gov.au/projects/accelerating-the-local-government-transition-to-bevs-in-western-australia/,2024,Current,https://arena.gov.au/assets/2025/02/WALGA-Accelerating-the-Local-Government-Transition-to-BEVs-in-Western-Australia-Infrastructure-and-Design-Report.pdf,pdfs/Reports/WALGA_-_Accelerating_the_Local_Government_Transition_to_BEVs_in_Western_Australia_-_Infrastructure_and_Design_Report_6227dc.pdf,downloaded
AEMO ' Accelerating the Engineering Roadmap - Milestone 2 Publications Report,24/02/2025,System security and reliability,AEMO - Accelerating the Engineering Roadmap,https://arena.gov.au/knowledge-bank/aemo-accelerating-the-engineering-roadmap-milestone-2-publications-report/,Reports,https://arena.gov.au/projects/aemo-accelerating-the-engineering-roadmap/,2024,Past,https://arena.gov.au/assets/2025/02/AEMO-–-Accelerating-the-Engineering-Roadmap-Milestone-2-Publications-Report.pdf,pdfs/Reports/AEMO_'_Accelerating_the_Engineering_Roadmap_-_Milestone_2_Publications_Report_bcd087.pdf,downloaded
ARENA Insights Newsletter Edition #61,20/02/2025,,,https://arena.gov.au/knowledge-bank/arena-insights-newsletter-edition-61/,InsightNewsletter,,,,,,no_pdf_found
National Roadmap for Bidirectional EV Charging in Australia,12/02/2025,Electric vehicles,,https://arena.gov.au/knowledge-bank/national-roadmap-for-bidirectional-ev-charging-in-australia/,Reports,,,,https://arena.gov.au/assets/2025/02/Bidirectional-Bidi-ROADMAP-2025-01-15-1.pdf,pdfs/Reports/National_Roadmap_for_Bidirectional_EV_Charging_in_Australia_bba543.pdf,downloaded
5B Maverick Solar PV Automated Assembly & Deployment - Module Quality Report,11/02/2025,"Solar energy, Solar PV R&amp;D",5B Maverick Solar PV Automated Assembly & Deployment,https://arena.gov.au/knowledge-bank/5b-maverick-solar-pv-automated-assembly-deployment-module-quality-report/,Reports,https://arena.gov.au/projects/5b-maverick-solar-pv-automated-assembly-deployment/,2021,Past,https://arena.gov.au/assets/2025/02/5B-Maverick-Solar-PV-Automated-Assembly-Deployment-Module-Quality-Report.pdf,pdfs/Reports/5B_Maverick_Solar_PV_Automated_Assembly_&_Deployment_-_Module_Quality_Report_96a6c4.pdf,downloaded
Lord Howe Island Hybrid Renewable Energy System - Solar Resource Data,11/02/2025,"Battery storage, Hybrid technologies",Lord Howe Island Hybrid Renewable Energy System,https://arena.gov.au/knowledge-bank/lord-howe-island-hybrid-renewable-energy-system-solar-resource-data/,Reports,https://arena.gov.au/projects/lord-howe-island-hybrid-renewable-energy-system/,2014,Past,https://arena.gov.au/assets/2025/02/Lord-Howe-Island-Renewable-Energy-Project-Solar-Resource-Data.pdf,pdfs/Reports/Lord_Howe_Island_Hybrid_Renewable_Energy_System_-_Solar_Resource_Data_fa5de3.pdf,downloaded
Lord Howe Island Hybrid Renewable Energy System - Plant Performance Report 36 Months,11/02/2025,"Battery storage, Hybrid technologies",Lord Howe Island Hybrid Renewable Energy System,https://arena.gov.au/knowledge-bank/lord-howe-island-hybrid-renewable-energy-system-plant-performance-report-36-months/,Reports,https://arena.gov.au/projects/lord-howe-island-hybrid-renewable-energy-system/,2014,Past,https://arena.gov.au/assets/2025/02/Lord-Howe-Island-Renewable-Energy-Project-Plant-Performance-Report-36-months.pdf,pdfs/Reports/Lord_Howe_Island_Hybrid_Renewable_Energy_System_-_Plant_Performance_Report_36_Months_b54074.pdf,downloaded
UNSW - Efficient & Stable Chalcogenide-Si Tandem Cells: Integrating PV Technologies - R&D Interim Report,10/02/2025,"Solar energy, Solar PV R&amp;D",Efficient & Stable Chalcogenide-Si Tandem Cells: Integrating PV Technologies,https://arena.gov.au/knowledge-bank/unsw-efficient-stable-chalcogenide-si-tandem-cells-integrating-pv-technologies-rd-interim-report/,Reports,https://arena.gov.au/projects/efficient-stable-chalcogenide-si-tandem-cells-integrating-pv-technologies/,2022,Current,https://arena.gov.au/assets/2025/02/UNSW-Efficient-and-Stable-Chalcogenide-Si-Tandem-Cells-Integrating-PV-Technologies-RnD-Interim-Report-1.pdf,pdfs/Reports/UNSW_-_Efficient_&_Stable_Chalcogenide-Si_Tandem_Cells__Integrating_PV_Technologies_-_R&D_Interim_Report_3267cc.pdf,downloaded
Hysata ' High-Efficiency &lsquo;Capillary-fed&rsquo; Electrolyser Pilot Project - Lessons Learnt Report 2,10/02/2025,Hydrogen energy,Hysata - High-Efficiency ‘Capillary-fed’ Electrolyser Pilot Project,https://arena.gov.au/knowledge-bank/hysata-high-efficiency-capillary-fed-electrolyser-pilot-project-lessons-learnt-report-2/,"Reports, Lessons",https://arena.gov.au/projects/high-efficiency-capillary-fed-electrolyser-pilot-project/,2023,Current,https://arena.gov.au/assets/2025/02/Hysata-–-High-Efficiency-Capillary-fed-Electrolyser-Pilot-Project-Lessons-Learnt-Report.pdf,pdfs/Reports_Lessons/Hysata_'_High-Efficiency_&lsquo;Capillary-fed&rsquo;_Electrolyser_Pilot_Project_-_Lessons_Learnt_Report_2_582695.pdf,downloaded
SA Power Networks Market Active Solar Trial - Lessons Learnt Report for Milestone 2,10/02/2025,Demand response,SA Power Networks Market Active Solar Trial,https://arena.gov.au/knowledge-bank/sa-power-networks-market-active-solar-trial-lessons-learnt-report-for-milestone-2/,"Reports, Milestones, Lessons",https://arena.gov.au/projects/sa-power-networks-market-active-solar-trial/,2022,Current,https://arena.gov.au/assets/2025/02/SA-Power-Networks-Market-Active-Solar-Trial-Lessons-Learnt-Report-for-Milestone-2-1.pdf,pdfs/Reports_Milestones_Lessons/SA_Power_Networks_Market_Active_Solar_Trial_-_Lessons_Learnt_Report_for_Milestone_2_08c7ad.pdf,downloaded
Quantem ' Energy Efficiency and Electrification Feasibility Study - Public Report,10/02/2025,Renewables for industry,Quantem - Energy Efficiency and Electrification Feasibility Study,https://arena.gov.au/knowledge-bank/quantem-energy-efficiency-and-electrification-feasibility-study-public-report/,Reports,https://arena.gov.au/projects/quantem-energy-efficiency-and-electrification-feasibility-study/,2024,Past,https://arena.gov.au/assets/2025/02/Quantem-–-Energy-Efficiency-and-Electrification-Feasibility-Study-Public-Report.pdf,pdfs/Reports/Quantem_'_Energy_Efficiency_and_Electrification_Feasibility_Study_-_Public_Report_bdf033.pdf,downloaded
Neoen - Blyth Battery Deployment - Lessons Learnt Report No.2 H2 2024,4/02/2025,"Battery storage, System security and reliability",Neoen Big Battery (Blyth) Deployment Project,https://arena.gov.au/knowledge-bank/neoen-blyth-battery-deployment-lessons-learnt-report-no-2-h2-2024/,"Reports, Lessons",https://arena.gov.au/projects/neoen-big-battery-blyth-deployment-project/,2023,Current,https://arena.gov.au/assets/2025/02/Neoen-Blyth-Battery-Deployment-Lessons-Learnt-Report-No.2-H2-2024.pdf,pdfs/Reports_Lessons/Neoen_-_Blyth_Battery_Deployment_-_Lessons_Learnt_Report_No.2_H2_2024_c94dd4.pdf,downloaded
Neoen ' Victorian Big Battery (Moorabool) Retrofit ' Lessons Learnt Report 2,4/02/2025,Battery storage,Neoen Victorian Big Battery (Moorabool) Retrofit,https://arena.gov.au/knowledge-bank/neoen-victorian-big-battery-moorabool-retrofit-lessons-learnt-report-2/,"Reports, Lessons",https://arena.gov.au/projects/neoen-victorian-big-battery-moorabool/,2023,Past,https://arena.gov.au/assets/2025/02/Neoen-–-Victorian-Big-Battery-Moorabool-Retrofit-–-Lessons-Learnt-Report-2.pdf,pdfs/Reports_Lessons/Neoen_'_Victorian_Big_Battery_(Moorabool)_Retrofit_'_Lessons_Learnt_Report_2_ba5f89.pdf,downloaded
ANC ' Last Mile Delivery EV - Lessons Learnt Report 1,4/02/2025,Electric vehicles,ANC - Last Mile Delivery EV,https://arena.gov.au/knowledge-bank/anc-last-mile-delivery-ev-lessons-learnt-report-1/,"Reports, Lessons",https://arena.gov.au/projects/anc-last-mile-delivery-ev/,2024,Current,https://arena.gov.au/assets/2025/02/ANC-Last-Mile-Delivery-Vehicle-Electrification-Lessons-Learnt-Report-1.pdf,pdfs/Reports_Lessons/ANC_'_Last_Mile_Delivery_EV_-_Lessons_Learnt_Report_1_659e7c.pdf,downloaded
Neoen - Big Battery (Western Downs) Deployment Project - Lessons Learnt Report 2,4/02/2025,"Battery storage, System security and reliability",Neoen Big Battery (Western Downs) Deployment Project,https://arena.gov.au/knowledge-bank/neoen-big-battery-western-downs-deployment-project-lessons-learnt-report-2/,"Reports, Lessons",https://arena.gov.au/projects/neoen-big-battery-western-downs-deployment-project/,2023,Current,https://arena.gov.au/assets/2025/02/Neoen-Western-Downs-Battery-Deployment-Project-Lessons-Learnt-Report-2.pdf,pdfs/Reports_Lessons/Neoen_-_Big_Battery_(Western_Downs)_Deployment_Project_-_Lessons_Learnt_Report_2_26beb1.pdf,downloaded
Zenob&#275; - EV Delivery Truck Charging Facility - Lessons Learnt Report 1,3/02/2025,Electric vehicles,Zenobē - EV Delivery Truck Charging Facility,https://arena.gov.au/knowledge-bank/zenobe-ev-delivery-truck-charging-facility-lessons-learnt-report-1/,"Reports, Lessons",https://arena.gov.au/projects/zenobe-ev-delivery-truck-charging-facility/,2024,Current,https://arena.gov.au/assets/2025/02/Zenobe-–-EV-Delivery-Truck-Charging-Facility-Lessons-Learnt-Report-1.pdf,pdfs/Reports_Lessons/Zenob&#275;_-_EV_Delivery_Truck_Charging_Facility_-_Lessons_Learnt_Report_1_33b085.pdf,downloaded
Alcoa - Renewable Powered Electric Calcination Pilot - Lessons Learnt Report 1,30/01/2025,Renewables for industry,Alcoa - Renewable Powered Electric Calcination Pilot,https://arena.gov.au/knowledge-bank/alcoa-renewable-powered-electric-calcination-pilot-lessons-learnt-report-1/,Reports,https://arena.gov.au/projects/alcoa-renewable-powered-electric-calcination-pilot/,2022,Current,https://arena.gov.au/assets/2025/01/Alcoa-Renewable-Powered-Electric-Calcination-Pilot-Lessons-Learnt-Report-1.pdf,pdfs/Reports/Alcoa_-_Renewable_Powered_Electric_Calcination_Pilot_-_Lessons_Learnt_Report_1_933dd6.pdf,downloaded
Alice Springs Future Grid Project - Solar Connect VPP Trial Technical Report #1,24/01/2025,"Solar energy, Solar PV R&amp;D",Alice Springs Future Grid Project,https://arena.gov.au/knowledge-bank/alice-springs-future-grid-project-solar-connect-vpp-trial-technical-report-1/,Reports,https://arena.gov.au/projects/alice-springs-future-grid-project/,2020,Past,https://arena.gov.au/assets/2025/01/Alice-Springs-Future-Grid-–-Solar-Connect-VPP-Design-Technical-Report-1.pdf,pdfs/Reports/Alice_Springs_Future_Grid_Project_-_Solar_Connect_VPP_Trial_Technical_Report_#1_73244e.pdf,downloaded
George Weston Foods ' Feasibility Study into Onsite Thermal Systems - Lessons Learnt Report 1,21/01/2025,Renewables for industry,George Weston Foods - Feasibility Study into Onsite Thermal Systems,https://arena.gov.au/knowledge-bank/george-weston-foods-feasibility-study-into-onsite-thermal-systems-lessons-learnt-report-1/,"Reports, Lessons",https://arena.gov.au/projects/george-weston-foods-feasibility-study-into-onsite-thermal-systems/,2024,Past,https://arena.gov.au/assets/2025/01/George-Weston-Foods-–-Feasibility-Study-into-Onsite-Thermal-Systems-Lessons-Learnt-Report-1.pdf,pdfs/Reports_Lessons/George_Weston_Foods_'_Feasibility_Study_into_Onsite_Thermal_Systems_-_Lessons_Learnt_Report_1_f388f2.pdf,downloaded
Yolarno ' Feasibility Study into Resource Recovery Facility - Lessons Learnt Report 1,21/01/2025,,Yolarno - Feasibility Study into Resource Recovery Facility,https://arena.gov.au/knowledge-bank/yolarno-feasibility-study-into-resource-recovery-facility-lessons-learnt-report-1/,"Reports, Lessons",https://arena.gov.au/projects/yolarno-feasibility-study-into-resource-recovery-facility/,2024,Past,https://arena.gov.au/assets/2025/01/Yolarno-–-Feasibility-Study-into-Resource-Recovery-Facility-Lessons-Learnt-Report-1.pdf,pdfs/Reports_Lessons/Yolarno_'_Feasibility_Study_into_Resource_Recovery_Facility_-_Lessons_Learnt_Report_1_8733ed.pdf,downloaded
Ethtec ' Cellulosic Ethanol Pilot Plant ' Lessons Learnt Report 1,21/01/2025,Bioenergy / Energy from waste,Ethtec Cellulosic Ethanol Pilot Plant,https://arena.gov.au/knowledge-bank/ethtec-cellulosic-ethanol-pilot-plant-lessons-learnt-report-1/,"Reports, Lessons",https://arena.gov.au/projects/ethtec-cellulosic-ethanol-pilot-plant/,2018,Current,https://arena.gov.au/assets/2025/01/Ethtec-Cellulosic-Ethanol-Pilot-Plant-Lessons-learned-report.pdf,pdfs/Reports_Lessons/Ethtec_'_Cellulosic_Ethanol_Pilot_Plant_'_Lessons_Learnt_Report_1_c063db.pdf,downloaded
UNSW - Low-Cost >30% Efficient Silicon Photovoltaic Solar Cells Achieved Through Singlet Fission - R&D Interim Report,20/01/2025,"Solar energy, Solar PV R&amp;D",Low-Cost >30% Efficient Silicon Photovoltaic Solar Cells Achieved Through Singlet Fission,https://arena.gov.au/knowledge-bank/unsw-low-cost-30-efficient-silicon-photovoltaic-solar-cells-achieved-through-singlet-fission-rd-interim-report/,Reports,https://arena.gov.au/projects/low-cost-30-efficient-silicon-photovoltaic-solar-cells-achieved-through-singlet-fission/,2022,Current,https://arena.gov.au/assets/2025/01/UNSW-Low-Cost-30-Efficient-Silicon-Photovoltaic-Solar-Cells-Achieved-Through-Singlet-Fission-–-RD-Interim-Report.pdf,pdfs/Reports/UNSW_-_Low-Cost__30%_Efficient_Silicon_Photovoltaic_Solar_Cells_Achieved_Through_Singlet_Fission_-_R&D_Interim_Report_351998.pdf,downloaded
Ethtec - Cellulosic Ethanol Pilot Plant - Cellulosic Feedstock Availability in Australia and Asian Markets Report,20/01/2025,Bioenergy / Energy from waste,Ethtec Cellulosic Ethanol Pilot Plant,https://arena.gov.au/knowledge-bank/ethtec-cellulosic-ethanol-pilot-plant-cellulosic-feedstock-availability-in-australia-and-asian-markets-report/,Reports,https://arena.gov.au/projects/ethtec-cellulosic-ethanol-pilot-plant/,2018,Current,https://arena.gov.au/assets/2025/01/Ethtec-Cellulosic-Ethanol-Pilot-Plant-Report-on-cellulosic-feedstock-availability.pdf,pdfs/Reports/Ethtec_-_Cellulosic_Ethanol_Pilot_Plant_-_Cellulosic_Feedstock_Availability_in_Australia_and_Asian_Markets_Report_4c37aa.pdf,downloaded
Enel X - Commercial Refrigeration Flexible Demand Project - Lessons Learnt Report 2,20/01/2025,Demand response,Enel X Commercial Refrigeration Flexible Demand Project,https://arena.gov.au/knowledge-bank/enel-x-commercial-refrigeration-flexible-demand-project-lessons-learnt-report-2/,"Reports, Lessons",https://arena.gov.au/projects/enel-x-commercial-refrigeration-flexible-demand-project/,2023,Current,https://arena.gov.au/assets/2025/01/Enel-X-Commercial-Refrigeration-Flexible-Demand-Project-Lessons-Learnt-Report-2.pdf,pdfs/Reports_Lessons/Enel_X_-_Commercial_Refrigeration_Flexible_Demand_Project_-_Lessons_Learnt_Report_2_ead821.pdf,downloaded
RayGen Solar Power Plant Demonstration - Operational Report,17/01/2025,"Concentrated solar thermal, Solar energy",RayGen Solar Power Plant Demonstration,https://arena.gov.au/knowledge-bank/raygen-solar-power-plant-demonstration-operational-report/,Reports,https://arena.gov.au/projects/raygen-solar-power-plant-demonstration/,2021,Past,https://arena.gov.au/assets/2025/01/RayGen-Solar-Power-Plant-Demonstration-Project-Operational-Report.pdf,pdfs/Reports/RayGen_Solar_Power_Plant_Demonstration_-_Operational_Report_2ff1b0.pdf,downloaded
Neoen ' Victorian Big Battery (Moorabool) Retrofit ' Lessons Learnt Report 1,14/01/2025,Battery storage,Neoen Victorian Big Battery (Moorabool) Retrofit,https://arena.gov.au/knowledge-bank/neoen-victorian-big-battery-moorabool-retrofit-lessons-learnt-report-1/,"Reports, Lessons",https://arena.gov.au/projects/neoen-victorian-big-battery-moorabool/,2023,Past,https://arena.gov.au/assets/2025/01/Neoen-–-Victorian-Big-Battery-Moorabool-Retrofit-–-Lessons-Learnt-Report-1.pdf,pdfs/Reports_Lessons/Neoen_'_Victorian_Big_Battery_(Moorabool)_Retrofit_'_Lessons_Learnt_Report_1_8a3daf.pdf,downloaded
BFWG Electrification and Thermal Energy Feasibility Study - Lessons Learnt Report 1,14/01/2025,Renewables for industry,Brown Family Wine Group - Electrification and Thermal Energy Feasibility Study,https://arena.gov.au/knowledge-bank/bfwg-electrification-and-thermal-energy-feasibility-study-lessons-learnt-report-1/,"Reports, Lessons",https://arena.gov.au/projects/brown-family-wine-group-electrification-and-thermal-energy-feasibility-study/,2024,Past,https://arena.gov.au/assets/2025/01/BFWG-Energy-Efficiency-Feasibility-Study-Lessons-Learnt-Report-1.pdf,pdfs/Reports_Lessons/BFWG_Electrification_and_Thermal_Energy_Feasibility_Study_-_Lessons_Learnt_Report_1_422963.pdf,downloaded
Brighte ' Electrify 2515 Community Pilot - Lessons Learnt Report 1,13/01/2025,Demand response,Brighte - Electrify 2515 Community Pilot,https://arena.gov.au/knowledge-bank/brighte-electrify-2515-community-pilot-lessons-learnt-report-1/,"Reports, Lessons",https://arena.gov.au/projects/electrify-2515-brighte-research-testbed-of-community-electrification-at-scale/,2024,Current,https://arena.gov.au/assets/2025/01/Brighte-–-Electrify-2515-Community-Pilot-Lessons-Learnt-Report-1.pdf,pdfs/Reports_Lessons/Brighte_'_Electrify_2515_Community_Pilot_-_Lessons_Learnt_Report_1_98717a.pdf,downloaded
Yolarno ' Feasibility Study into Resource Recovery Facility - Study Report,13/01/2025,,Yolarno - Feasibility Study into Resource Recovery Facility,https://arena.gov.au/knowledge-bank/yolarno-feasibility-study-into-resource-recovery-facility-study-report/,Reports,https://arena.gov.au/projects/yolarno-feasibility-study-into-resource-recovery-facility/,2024,Past,https://arena.gov.au/assets/2025/01/Yolarno-–-Feasibility-Study-into-Resource-Recovery-Facility-Study-Report.pdf,pdfs/Reports/Yolarno_'_Feasibility_Study_into_Resource_Recovery_Facility_-_Study_Report_043495.pdf,downloaded
GWMWater ' Feasibility Study into Energy Optimisation of Water Network - Lessons Learnt Report,13/01/2025,"Demand response, Distributed energy resources, Renewables for industry",GWMWater - Feasibility Study into Energy Optimisation of Water Network,https://arena.gov.au/knowledge-bank/gwmwater-feasibility-study-into-energy-optimisation-of-water-network-lessons-learnt-report/,"Reports, Lessons",https://arena.gov.au/projects/gwmwater-feasibility-study-into-energy-optimisation-of-water-network/,2023,Past,https://arena.gov.au/assets/2025/01/GWMWater-–-Feasibility-Study-into-Energy-Optimisation-of-Water-Network-Lessons-Learnt-Report-2024.pdf,pdfs/Reports_Lessons/GWMWater_'_Feasibility_Study_into_Energy_Optimisation_of_Water_Network_-_Lessons_Learnt_Report_18ce4b.pdf,downloaded
Glaciem - PCM Thermal Energy Storage Project - Lessons Learnt Report 3,6/01/2025,Renewables for industry,Advancing Renewables with PCM Thermal Energy Storage,https://arena.gov.au/knowledge-bank/glaciem-pcm-thermal-energy-storage-project-lessons-learnt-report-3/,"Reports, Lessons",https://arena.gov.au/projects/advancing-renewables-with-pcm-thermal-energy-storage/,2019,Past,https://arena.gov.au/assets/2025/01/Glaciem-PCM-Thermal-Energy-Storage-Project-Lessons-Learnt-Report-3.pdf,pdfs/Reports_Lessons/Glaciem_-_PCM_Thermal_Energy_Storage_Project_-_Lessons_Learnt_Report_3_7a0ff3.pdf,downloaded
Glaciem - PCM Thermal Energy Storage Project - Lessons Learnt Report 2,6/01/2025,Renewables for industry,Advancing Renewables with PCM Thermal Energy Storage,https://arena.gov.au/knowledge-bank/glaciem-pcm-thermal-energy-storage-project-lessons-learnt-report-2/,"Reports, Lessons",https://arena.gov.au/projects/advancing-renewables-with-pcm-thermal-energy-storage/,2019,Past,https://arena.gov.au/assets/2025/01/Glaciem-PCM-Thermal-Energy-Storage-Project-Lessons-Learnt-Report-2.pdf,pdfs/Reports_Lessons/Glaciem_-_PCM_Thermal_Energy_Storage_Project_-_Lessons_Learnt_Report_2_8f4c1e.pdf,downloaded
Glaciem - PCM Thermal Energy Storage Project - Case Study Report,6/01/2025,Renewables for industry,Advancing Renewables with PCM Thermal Energy Storage,https://arena.gov.au/knowledge-bank/glaciem-pcm-thermal-energy-storage-project-case-study-report/,Reports,https://arena.gov.au/projects/advancing-renewables-with-pcm-thermal-energy-storage/,2019,Past,https://arena.gov.au/assets/2025/01/Glaciem-PCM-Thermal-Energy-Storage-Project-Case-Study.pdf,pdfs/Reports/Glaciem_-_PCM_Thermal_Energy_Storage_Project_-_Case_Study_Report_6a155f.pdf,downloaded
Glaciem - PCM Thermal Energy Storage Project - Final Report,6/01/2025,Renewables for industry,Advancing Renewables with PCM Thermal Energy Storage,https://arena.gov.au/knowledge-bank/glaciem-pcm-thermal-energy-storage-project-final-report/,Reports,https://arena.gov.au/projects/advancing-renewables-with-pcm-thermal-energy-storage/,2019,Past,https://arena.gov.au/assets/2025/01/Glaciem-PCM-Thermal-Energy-Storage-Project-Final-Report.pdf,pdfs/Reports/Glaciem_-_PCM_Thermal_Energy_Storage_Project_-_Final_Report_d2f8f1.pdf,downloaded
RayGen - Solar Power Plant Demonstration Project - Deployment and Manufacturing Lessons Learnt Report,24/12/2024,"Concentrated solar thermal, Solar energy",RayGen Solar Power Plant Demonstration,https://arena.gov.au/knowledge-bank/raygen-solar-power-plant-demonstration-project-deployment-and-manufacturing-lessons-learnt-report/,"Reports, Lessons",https://arena.gov.au/projects/raygen-solar-power-plant-demonstration/,2021,Past,https://arena.gov.au/assets/2024/12/RayGen-Solar-Power-Plant-Demonstration-Project-Deployment-and-Manufacturing-Lessons-Learnt-Report.pdf,pdfs/Reports_Lessons/RayGen_-_Solar_Power_Plant_Demonstration_Project_-_Deployment_and_Manufacturing_Lessons_Learnt_Report_ee2a8e.pdf,downloaded
Mirvac - Net Zero Energy Homes - Milestone 3 Knowledge Sharing Report,23/12/2024,Renewables in buildings,Mirvac Net Zero Energy Homes,https://arena.gov.au/knowledge-bank/mirvac-net-zero-energy-homes-final-lessons-learned-report/,"Reports, Lessons",https://arena.gov.au/projects/net-zero-energy-homes/,2019,Past,https://arena.gov.au/assets/2025/01/Mirvac-Net-Zero-Energy-Homes-Milestone-3-Knowledge-Sharing-Report.pdf,pdfs/Reports_Lessons/Mirvac_-_Net_Zero_Energy_Homes_-_Milestone_3_Knowledge_Sharing_Report_d1e7d7.pdf,downloaded
RayGen - Solar Power Plant Demonstration Project - Commercialisation Report,23/12/2024,"Concentrated solar thermal, Solar energy",RayGen Solar Power Plant Demonstration,https://arena.gov.au/knowledge-bank/raygen-solar-power-plant-demonstration-project-commercialisation-report/,Reports,https://arena.gov.au/projects/raygen-solar-power-plant-demonstration/,2021,Past,https://arena.gov.au/assets/2024/12/RayGen-Solar-Power-Plant-Demonstration-Project-Commercialisation-Report.pdf,pdfs/Reports/RayGen_-_Solar_Power_Plant_Demonstration_Project_-_Commercialisation_Report_79ab18.pdf,downloaded
RayGen - Solar Power Plant Demonstration Project - Development Report,23/12/2024,"Concentrated solar thermal, Solar energy",RayGen Solar Power Plant Demonstration,https://arena.gov.au/knowledge-bank/raygen-solar-power-plant-demonstration-project-development-report/,Reports,https://arena.gov.au/projects/raygen-solar-power-plant-demonstration/,2021,Past,https://arena.gov.au/assets/2024/12/RayGen-Solar-Power-Plant-Demonstration-Project-Development-Report.pdf,pdfs/Reports/RayGen_-_Solar_Power_Plant_Demonstration_Project_-_Development_Report_b59c9e.pdf,downloaded
RayGen - Solar Power Plant Demonstration Project - Manufacturing Report,23/12/2024,"Concentrated solar thermal, Solar energy",RayGen Solar Power Plant Demonstration,https://arena.gov.au/knowledge-bank/raygen-solar-power-plant-demonstration-project-manufacturing-report/,Reports,https://arena.gov.au/projects/raygen-solar-power-plant-demonstration/,2021,Past,https://arena.gov.au/assets/2024/12/RayGen-Solar-Power-Plant-Demonstration-Project-Manufacturing-Report.pdf,pdfs/Reports/RayGen_-_Solar_Power_Plant_Demonstration_Project_-_Manufacturing_Report_de21a9.pdf,downloaded
Neoen - Blyth Big Battery Deployment Project - Development Report Milestone 2,23/12/2024,"Battery storage, System security and reliability",Neoen Big Battery (Blyth) Deployment Project,https://arena.gov.au/knowledge-bank/neoen-blyth-big-battery-deployment-project-development-report-milestone-2/,"Reports, Milestones",https://arena.gov.au/projects/neoen-big-battery-blyth-deployment-project/,2023,Current,https://arena.gov.au/assets/2024/12/Neoen-Blyth-South-Australia-BESS-Development-Report.pdf,pdfs/Reports_Milestones/Neoen_-_Blyth_Big_Battery_Deployment_Project_-_Development_Report_Milestone_2_a6329d.pdf,downloaded
Neoen - Western Downs BESS Deployment - Development Report Milestone 2,23/12/2024,"Battery storage, System security and reliability",Neoen Big Battery (Western Downs) Deployment Project,https://arena.gov.au/knowledge-bank/neoen-western-downs-bess-deployment-development-report-milestone-2/,Reports,https://arena.gov.au/projects/neoen-big-battery-western-downs-deployment-project/,2023,Current,https://arena.gov.au/assets/2024/12/Neoen-Western-Downs-BESS-Deployment-Development-Report.pdf,pdfs/Reports/Neoen_-_Western_Downs_BESS_Deployment_-_Development_Report_Milestone_2_daa7d6.pdf,downloaded
Neoen - Blyth Big Battery Deployment Project - Lessons Learnt Report No.1,18/12/2024,"Battery storage, System security and reliability",Neoen Big Battery (Blyth) Deployment Project,https://arena.gov.au/knowledge-bank/neoen-blyth-big-battery-deployment-project-lessons-learnt-report-no-1/,"Reports, Lessons",https://arena.gov.au/projects/neoen-big-battery-blyth-deployment-project/,2023,Current,https://arena.gov.au/assets/2024/12/Neoen-Blyth-Big-Battery-Deployment-Project-Lessons-Learnt-Report-No.1.pdf,pdfs/Reports_Lessons/Neoen_-_Blyth_Big_Battery_Deployment_Project_-_Lessons_Learnt_Report_No.1_cf5df9.pdf,downloaded
UNSW - Rear-Junction p-type PERC/TOPCon Hybrid Solar Cells (RJ-PERP) - Interim Public Dissemination Report,18/12/2024,"Solar energy, Solar PV R&amp;D",Rear-Junction P-Type PERC/TOPCon Hybrid Solar Cells (RJ-PERP) Project,https://arena.gov.au/knowledge-bank/unsw-rear-junction-p-type-perc-topcon-hybrid-solar-cells-rj-perp-interim-public-dissemination-report/,Reports,https://arena.gov.au/projects/rear-junction-p-type-perc-topcon-hybrid-solar-cells-rj-perp-project/,2022,Current,https://arena.gov.au/assets/2025/01/Rear-Junction-p-type-PERC-and-TOPCon-Hybrid-Solar-Cells-UNSW-R-and-D-Interim-Report.pdf,pdfs/Reports/UNSW_-_Rear-Junction_p-type_PERC_TOPCon_Hybrid_Solar_Cells_(RJ-PERP)_-_Interim_Public_Dissemination_Report_fee367.pdf,downloaded
Origin Energy Mortlake Power Station Battery - Lessons Learnt Report No. 2,18/12/2024,Battery storage,Origin Energy Mortlake Power Station Battery,https://arena.gov.au/knowledge-bank/origin-energy-mortlake-power-station-battery-lessons-learnt-report-2/,"Reports, Lessons",https://arena.gov.au/projects/origin-energy-mortlake-power-station-battery/,2024,Current,https://arena.gov.au/assets/2024/12/Origin-Energy-Mortlake-Power-Station-Battery-Lessons-Learnt-Report-2.pdf,pdfs/Reports_Lessons/Origin_Energy_Mortlake_Power_Station_Battery_-_Lessons_Learnt_Report_No._2_793af6.pdf,downloaded
TGE - Depot of the Future - Change Management Report 2,18/12/2024,Electric vehicles,Depot of the Future Vehicle Electrification Project,https://arena.gov.au/knowledge-bank/tge-depot-of-the-future-change-management-report-2/,Reports,https://arena.gov.au/projects/depot-of-the-future-vehicle-electrification-project/,2022,Current,https://arena.gov.au/assets/2024/12/TGE-Depot-of-the-Future-Change-Management-Report-2.pdf,pdfs/Reports/TGE_-_Depot_of_the_Future_-_Change_Management_Report_2_0e9d2f.pdf,downloaded
ARENA Insights Newsletter Edition #60,17/12/2024,,,https://arena.gov.au/knowledge-bank/arena-insights-newsletter-edition-60/,InsightNewsletter,,,,,,no_pdf_found
Accelerating the Local Government Transition to BEVs in Western Australia - Lessons Learnt Report 1,17/12/2024,Electric vehicles,Accelerating the Local Government Transition to BEVs in Western Australia,https://arena.gov.au/knowledge-bank/accelerating-the-local-government-transition-to-bevs-in-western-australia-lessons-learnt-report-1/,"Reports, Lessons",https://arena.gov.au/projects/accelerating-the-local-government-transition-to-bevs-in-western-australia/,2024,Current,https://arena.gov.au/assets/2024/12/WALGA-Accelerating-the-Local-Government-Transition-to-BEVs-in-Western-Australia-Lessons-Learnt-Report-1.pdf,pdfs/Reports_Lessons/Accelerating_the_Local_Government_Transition_to_BEVs_in_Western_Australia_-_Lessons_Learnt_Report_1_24def0.pdf,downloaded
Flexible Hot Water Webinar,16/12/2024,Demand response,,https://arena.gov.au/knowledge-bank/flexible-hot-water-webinar/,Insights,,,,https://arena.gov.au/assets/2024/12/ARENA-Flexible-Demand-Webinar-2024-Hot-water-learnings-and-opportunities.pdf,pdfs/Insights/Flexible_Hot_Water_Webinar_567ea9.pdf,downloaded
ARENA Insights ' Driving the Nation Program - Focus Area Webinar,9/12/2024,Electric vehicles,,https://arena.gov.au/knowledge-bank/arena-insights-driving-the-nation-program-focus-area-webinar/,Insights,,,,https://arena.gov.au/assets/2024/12/Driving-the-Nation_New-Focus-Area-Launch_Webinar.pdf,pdfs/Insights/ARENA_Insights_'_Driving_the_Nation_Program_-_Focus_Area_Webinar_8a7508.pdf,downloaded
UNSW - Daytime Inspection Solutions for Advanced Operation and Maintenance of Solar Farms - R&D Interim Report,9/12/2024,"Solar energy, Solar PV R&amp;D",Daytime Inspection Solutions for Advanced Operation & Solar Farm Maintenance,https://arena.gov.au/knowledge-bank/unsw-daytime-inspection-solutions-for-advanced-operation-and-maintenance-of-solar-farms-rd-interim-report/,Reports,https://arena.gov.au/projects/daytime-inspection-solutions-for-advanced-operation-solar-farm-maintenance/,2022,Current,https://arena.gov.au/assets/2024/12/UNSW-Daytime-Inspection-Solutions-for-Advanced-Operation-and-Maintenance-of-Solar-Farms-Intermin-Report-1.pdf,pdfs/Reports/UNSW_-_Daytime_Inspection_Solutions_for_Advanced_Operation_and_Maintenance_of_Solar_Farms_-_R&D_Interim_Report_d4f48a.pdf,downloaded
Project SHIELD - Final Knowledge Sharing Report,9/12/2024,Distributed energy resources,Project SHIELD - Synchronising Heterogeneous Information to Evaluate Limits for DNSP,https://arena.gov.au/knowledge-bank/project-shield-final-knowledge-sharing-report/,Reports,https://arena.gov.au/projects/project-shield/,2020,Past,https://arena.gov.au/assets/2024/12/SHIELD-Final-Report.pdf,pdfs/Reports/Project_SHIELD_-_Final_Knowledge_Sharing_Report_b1160f.pdf,downloaded
Project SHIELD - Consolidated Analysis Report,9/12/2024,Distributed energy resources,Project SHIELD - Synchronising Heterogeneous Information to Evaluate Limits for DNSP,https://arena.gov.au/knowledge-bank/project-shield-consolidated-analysis-report/,Reports,https://arena.gov.au/projects/project-shield/,2020,Past,https://arena.gov.au/assets/2024/12/SHIELD-Consolidated-Analysis-Report.pdf,pdfs/Reports/Project_SHIELD_-_Consolidated_Analysis_Report_1ea16a.pdf,downloaded
NRMA - National EV Charging Infrastructure Program - Lessons Learnt Report,4/12/2024,Electric vehicles,NRMA - Future Fuels Public Fast Charging,https://arena.gov.au/knowledge-bank/nrma-national-ev-charging-infrastructure-program-lessons-learnt-report/,"Reports, Lessons",https://arena.gov.au/projects/chargefox-future-fuels-public-fast-charging-project/,2021,Past,https://arena.gov.au/assets/2024/12/Chargefox-Electric-Vehicle-Charging-Network-Lessons-Learnt-Report-5.pdf,pdfs/Reports_Lessons/NRMA_-_National_EV_Charging_Infrastructure_Program_-_Lessons_Learnt_Report_987a53.pdf,downloaded
Patrick Terminals - BEV Terminal Trucks at Fremantle Port - Lessons Learnt Report 2,4/12/2024,Electric vehicles,Patrick Terminals - BEV Terminal Trucks at Fremantle Port,https://arena.gov.au/knowledge-bank/patrick-terminals-bev-terminal-trucks-at-fremantle-port-lessons-learnt-report-2/,"Reports, Lessons",https://arena.gov.au/projects/patrick-terminals-bev-terminal-trucks-at-fremantle-port/,2023,Current,https://arena.gov.au/assets/2024/12/Patrick-Terminals-BEV-Terminal-Trucks-at-the-Port-of-Fremantle-Lessons-Learnt-Report-2.pdf,pdfs/Reports_Lessons/Patrick_Terminals_-_BEV_Terminal_Trucks_at_Fremantle_Port_-_Lessons_Learnt_Report_2_d41f64.pdf,downloaded
Intellihub - Street Power Pole EV Charger with Grid Integration - Lessons Learnt Report 3,3/12/2024,Renewables for industry,Intellihub Street Power Pole EV Charger with Grid Integration,https://arena.gov.au/knowledge-bank/intellihub-street-power-pole-ev-charger-with-grid-integration-lessons-learnt-report-3/,"Reports, Lessons",https://arena.gov.au/projects/intellihub-street-power-pole-ev-charger-with-grid-integration/,2021,Past,https://arena.gov.au/assets/2024/12/Intellihub-Intellihub-Street-Power-Pole-EV-Charger-with-Grid-Integration-Lessons-Learnt-Report-3.pdf,pdfs/Reports_Lessons/Intellihub_-_Street_Power_Pole_EV_Charger_with_Grid_Integration_-_Lessons_Learnt_Report_3_75dbc4.pdf,downloaded
Lochard Energy H2RESTORE Feasibility Study - Macro-economic Analysis of Underground Hydrogen Storage,3/12/2024,Hydrogen energy,Lochard Energy H2RESTORE Feasibility Study,https://arena.gov.au/knowledge-bank/lochard-energy-h2restore-feasibility-study-macro-economic-analysis-of-underground-hydrogen-storage/,Reports,https://arena.gov.au/projects/lochard-energy-h2restore-feasibility-study/,2024,Past,https://arena.gov.au/assets/2024/12/Lochard-Energy-H2RESTORE-Feasibility-Study-Public-Report.pdf,pdfs/Reports/Lochard_Energy_H2RESTORE_Feasibility_Study_-_Macro-economic_Analysis_of_Underground_Hydrogen_Storage_971462.pdf,downloaded
ATCO Scale H2 Feasibility Study - Market Study Report,3/12/2024,Hydrogen energy,ATCO - Scale H2 Feasibility Study,https://arena.gov.au/knowledge-bank/atco-scale-h2-feasibility-study-market-study-report/,Reports,https://arena.gov.au/projects/atco-scale-h2-feasibility-study/,2023,Current,https://arena.gov.au/assets/2024/12/ATCO-Scale-H2-Feasibility-Study-Market-Study-Report.pdf,pdfs/Reports/ATCO_Scale_H2_Feasibility_Study_-_Market_Study_Report_f2b202.pdf,downloaded
ARENA Insights ' Hot Decarbonisation Webinar: Renewable Heat and Energy Efficiency at Industrial Facilities,3/12/2024,Renewables for industry,,https://arena.gov.au/knowledge-bank/hot-decarbonisation-webinar-renewable-heat-and-energy-efficiency-at-industrial-facilities/,Insights,,,,https://arena.gov.au/assets/2024/11/National-Industrial-Transformation-Program-ARENA-Industrial-Webinar-2024-Hot-Decarbonisation-Opportunities.pdf,pdfs/Insights/ARENA_Insights_'_Hot_Decarbonisation_Webinar__Renewable_Heat_and_Energy_Efficiency_at_Industrial_Facilities_ed5f97.pdf,downloaded
Hysata 'Capillary-fed&rsquo; Electrolyser Commercial-Scale Demonstration Project - Lessons Learnt Report,29/11/2024,Hydrogen energy,Hysata Capillary-fed’ Electrolyser Commercial-Scale Demonstration Project,https://arena.gov.au/knowledge-bank/hysata-capillary-fed-electrolyser-commercial-scale-demonstration-project-lessons-learnt-report/,"Reports, Lessons",https://arena.gov.au/projects/hysata-capillary-fed-electrolyser-commercial-scale-demonstration-project/,2023,Current,https://arena.gov.au/assets/2024/11/Hysata_Capillary-fed-Electrolyser-Commercial-Scale-Demonstration-Project-Lessons-Learnt-Report.pdf,pdfs/Reports_Lessons/Hysata_'Capillary-fed&rsquo;_Electrolyser_Commercial-Scale_Demonstration_Project_-_Lessons_Learnt_Report_9dfcdd.pdf,downloaded
ARENA Insights Newsletter Edition #59,29/11/2024,,,https://arena.gov.au/knowledge-bank/arena-insights-newsletter-edition-59/,InsightNewsletter,,,,,,no_pdf_found
Rio Tinto and Sumitomo - Yarwun Hydrogen Calcination Pilot Demonstration Program - Lessons Learnt Report 2,29/11/2024,Hydrogen energy,Yarwun Hydrogen Calcination Pilot Demonstration Program,https://arena.gov.au/knowledge-bank/rio-tinto-and-sumitomo-yarwun-hydrogen-calcination-pilot-demonstration-program-lessons-learnt-report-2/,"Reports, Lessons",https://arena.gov.au/projects/yarwun-hydrogen-calcination-pilot-demonstration-program/,2023,Current,https://arena.gov.au/assets/2024/11/Rio-Tinto-and-Sumitomo-Yarwun-Hydrogen-Calcination-Pilot-Demonstration-Program-Lessons-Learnt-Report-2.pdf,pdfs/Reports_Lessons/Rio_Tinto_and_Sumitomo_-_Yarwun_Hydrogen_Calcination_Pilot_Demonstration_Program_-_Lessons_Learnt_Report_2_4ae6b9.pdf,downloaded
AEMO - Accelerating the Engineering Roadmap - Milestone 1 Publications report,29/11/2024,System security and reliability,AEMO - Accelerating the Engineering Roadmap,https://arena.gov.au/knowledge-bank/aemo-accelerating-the-engineering-roadmap-milestone-1-publications-report/,Reports,https://arena.gov.au/projects/aemo-accelerating-the-engineering-roadmap/,2024,Past,https://arena.gov.au/assets/2024/11/AEMO-Accelerating-the-Engineering-Roadmap-Milestone-1-Publications-report.pdf,pdfs/Reports/AEMO_-_Accelerating_the_Engineering_Roadmap_-_Milestone_1_Publications_report_646211.pdf,downloaded
Commercialising Si Perovskite Tandem in Australia - USYD - R&D Interim Report,29/11/2024,"Solar energy, Solar PV R&amp;D",Commercialising Si Perovskite Tandem in Australia,https://arena.gov.au/knowledge-bank/usyd-commercialising-si-perovskite-tandem-in-australia-rd-interim-report/,Reports,https://arena.gov.au/projects/commercialising-si-perovskite-tandem-in-australia/,2022,Current,https://arena.gov.au/assets/2024/11/Commercialising-Si-Perovskite-Tandem-in-Australia-USYD-R-and-D-Interim-Report.pdf,pdfs/Reports/Commercialising_Si_Perovskite_Tandem_in_Australia_-_USYD_-_R&D_Interim_Report_45ede7.pdf,downloaded
Hysata High-Efficiency &lsquo;Capillary-fed&rsquo; Electrolyser Pilot Project - Lessons Learnt Report 1,27/11/2024,Hydrogen energy,Hysata - High-Efficiency ‘Capillary-fed’ Electrolyser Pilot Project,https://arena.gov.au/knowledge-bank/hysata-high-efficiency-capillary-fed-electrolyser-pilot-project-lessons-learnt-report/,"Reports, Lessons",https://arena.gov.au/projects/high-efficiency-capillary-fed-electrolyser-pilot-project/,2023,Current,https://arena.gov.au/assets/2024/11/Hysata-High-Efficiency-Capillary-fed-Electrolyser-Pilot-Project-Lesson-Learnt-Report.pdf,pdfs/Reports_Lessons/Hysata_High-Efficiency_&lsquo;Capillary-fed&rsquo;_Electrolyser_Pilot_Project_-_Lessons_Learnt_Report_1_5a28bd.pdf,downloaded
GridWise - Dynamic Model Validation Project - Lessons Learnt 1,27/11/2024,"Solar energy, Solar PV R&amp;D",GridWise - Dynamic Model Validation,https://arena.gov.au/knowledge-bank/gridwise-dynamic-model-validation-project-lessons-learnt-1/,"Reports, Lessons",https://arena.gov.au/projects/gridwise-dynamic-model-validation/,2024,Past,https://arena.gov.au/assets/2024/11/GridWise-Dynamic-Model-Validation-Project-Lessons-Learnt-1.pdf,pdfs/Reports_Lessons/GridWise_-_Dynamic_Model_Validation_Project_-_Lessons_Learnt_1_d8d302.pdf,downloaded
ARENA Insights Forum November 2024 - Accelerating Zero-Emissions Heavy Transport,27/11/2024,Electric vehicles,,https://arena.gov.au/knowledge-bank/arena-insights-forum-accelerating-zero-emissions-heavy-transport/,"Reports, Insights",,,,https://arena.gov.au/assets/2024/11/ARENA-Insights-November-2024-presentations.pdf,pdfs/Reports_Insights/ARENA_Insights_Forum_November_2024_-_Accelerating_Zero-Emissions_Heavy_Transport_2d15e1.pdf,downloaded
Parmelia Green Hydrogen Project Feasibility Study - Summary Report,26/11/2024,Hydrogen energy,Parmelia Green Hydrogen Project Feasibility Study,https://arena.gov.au/knowledge-bank/parmelia-green-hydrogen-project-feasibility-study-summary-report/,Reports,https://arena.gov.au/projects/parmelia-green-hydrogen-project-feasibility-study/,2023,Past,https://arena.gov.au/assets/2024/11/APA-Group-Parmelia-Green-Hydrogen-Project-Feasibility-Study-Summary-Report.pdf,pdfs/Reports/Parmelia_Green_Hydrogen_Project_Feasibility_Study_-_Summary_Report_cdb59d.pdf,downloaded
"SA Power Networks, South Australia, Electrification and Demand Flexibility - Energy Masters - Lessons Learnt Report 1",20/11/2024,Demand response,SA Power Networks - Electrification and Demand Flexibility,https://arena.gov.au/knowledge-bank/sa-power-networks-south-australia-electrification-and-demand-flexibility-energy-masters-lessons-learnt-report-1/,"Reports, Lessons",https://arena.gov.au/projects/sa-power-networks-electrification-and-demand-flexibility/,2024,Current,https://arena.gov.au/assets/2024/11/SA-Power-Networks-Energy-Masters-Lessons-Learnt-Report-1.pdf,"pdfs/Reports_Lessons/SA_Power_Networks,_South_Australia,_Electrification_and_Demand_Flexibility_-_Energy_Masters_-_Lessons_Learnt_Report_1_35eb06.pdf",downloaded
Monash University ' Management of Oscillations in Australia&rsquo;s National Grid ' Milestone 2 Interim Report,19/11/2024,System security and reliability,Monash Grid Oscillation Project (Study and Software Development),https://arena.gov.au/knowledge-bank/monash-university-management-oscillations-australias-national-grid-milestone-2-interim-report/,"Reports, Milestones",https://arena.gov.au/projects/monash-grid-oscillation-project-study-and-software-development/,2023,Past,https://arena.gov.au/assets/2024/11/Monash-University-–-Management-of-Oscillations-in-Australias-National-Grid-–-Impedance-Measurement-Tool-Milestone-2-Interim-Report.pdf,pdfs/Reports_Milestones/Monash_University_'_Management_of_Oscillations_in_Australia&rsquo;s_National_Grid_'_Milestone_2_Interim_Report_f45182.pdf,downloaded
AGL - AGL Broken Hill Grid-Forming Battery - Lessons Learnt Report 2,19/11/2024,"Battery storage, System security and reliability",AGL Broken Hill Grid-Forming Battery,https://arena.gov.au/knowledge-bank/agl-agl-broken-hill-grid-forming-battery-lessons-learnt-report-2/,"Reports, Lessons",https://arena.gov.au/projects/agl-broken-hill-grid-forming-battery/,2021,Past,https://arena.gov.au/assets/2024/11/AGL-AGL-Broken-Hill-Grid-Forming-Battery-Lessons-Learnt-Report-2.pdf,pdfs/Reports_Lessons/AGL_-_AGL_Broken_Hill_Grid-Forming_Battery_-_Lessons_Learnt_Report_2_f832dc.pdf,downloaded
Reactive ' System Inertia Measurement Demonstration ' Lessons Learned Report 3,18/11/2024,System security and reliability,Reactive Technologies - System Inertia Measurement Demonstration,https://arena.gov.au/knowledge-bank/reactive-system-inertia-measurement-demonstration-lessons-learned-report-3/,"Reports, Lessons",https://arena.gov.au/projects/reactive-technologies-system-inertia-measurement-demonstration/,2020,Past,https://arena.gov.au/assets/2024/11/System-Inertia-Measurement-Demonstration-Lessons-Learnt-Report-3.pdf,pdfs/Reports_Lessons/Reactive_'_System_Inertia_Measurement_Demonstration_'_Lessons_Learned_Report_3_a5ef37.pdf,downloaded
PLUS ES ' South Australia Demand Flexibility Trial '  Final Knowledge Sharing Report,13/11/2024,"Demand response, Renewables for industry",PLUS ES South Australia Demand Flexibility Trial,https://arena.gov.au/knowledge-bank/plus-es-south-australia-demand-flexibility-trial-final-knowledge-sharing-report/,Reports,https://arena.gov.au/projects/plus-es-south-australia-demand-flexibility-trial/,2022,Past,https://arena.gov.au/assets/2024/11/PLUS-ES-South-Australia-Demand-Flexibility-Trial-Final-Knowledge-Sharing-Report.pdf,pdfs/Reports/PLUS_ES_'_South_Australia_Demand_Flexibility_Trial_'_Final_Knowledge_Sharing_Report_ee52d8.pdf,downloaded
Community Battery Market Snapshot Report,11/11/2024,Distributed energy resources,,https://arena.gov.au/knowledge-bank/community-battery-market-snapshot-report/,Reports,,,,https://arena.gov.au/assets/2024/11/ARENA-Community-Battery-Market-Snapshop.pdf,pdfs/Reports/Community_Battery_Market_Snapshot_Report_c6811f.pdf,downloaded
United Energy - Low-Voltage Grid Battery Energy Storage Systems - Interim Report,8/11/2024,Battery storage,United Energy Low Voltage Battery Trial,https://arena.gov.au/knowledge-bank/united-energy-low-voltage-grid-battery-energy-storage-systems-interim-report/,Reports,https://arena.gov.au/projects/united-energy-low-voltage-battery-trial/,2021,Past,https://arena.gov.au/assets/2024/11/United-Energy_Low-Voltage-Battery-Trial-Interim-Knowledge-Sharing-report.pdf,pdfs/Reports/United_Energy_-_Low-Voltage_Grid_Battery_Energy_Storage_Systems_-_Interim_Report_58db94.pdf,downloaded
Distributed Energy Integration Program - Common Smart Inverter Profile - CSIP-AUS Communications Client Test Procedures,8/11/2024,Distributed energy resources,,https://arena.gov.au/knowledge-bank/distributed-energy-integration-program-csip-aus-communications-client-test-procedures/,Guides,,,,https://arena.gov.au/assets/2024/11/Distributed-Energy-Integration-Program-–-ISC-CSIP-AUS-Comms-Client-Test-Procedures.pdf,pdfs/Guides/Distributed_Energy_Integration_Program_-_Common_Smart_Inverter_Profile_-_CSIP-AUS_Communications_Client_Test_Procedures_09d747.pdf,downloaded
Distributed Energy Integration Program (DEIP) - Interoperability Steering Committee - Final Knowledge Sharing Report,8/11/2024,Distributed energy resources,,https://arena.gov.au/knowledge-bank/distributed-energy-integration-program-interoperability-final-report/,Reports,,,,https://arena.gov.au/assets/2024/11/Distributed-Energy-Integration-Program-ISC-Final-Knowledge-Sharing-Report.pdf,pdfs/Reports/Distributed_Energy_Integration_Program_(DEIP)_-_Interoperability_Steering_Committee_-_Final_Knowledge_Sharing_Report_5b57dd.pdf,downloaded
"Amber ' Automatic EV Charging in line with Wholesale Pricing, Lessons Learnt Report #1",29/10/2024,Electric vehicles,Amber - Automating EV Charging in line with Wholesale Pricing,https://arena.gov.au/knowledge-bank/amber-automatic-ev-charging-in-line-with-wholesale-pricing-lessons-learnt-report-1/,Lessons,https://arena.gov.au/projects/amber-automating-ev-charging-in-line-with-wholesale-pricing/,2024,Current,https://arena.gov.au/assets/2024/10/Amber-Automating-EV-Charging-in-line-with-Wholesale-Pricing-Lessons-Learnt-Report-1.pdf,"pdfs/Lessons/Amber_'_Automatic_EV_Charging_in_line_with_Wholesale_Pricing,_Lessons_Learnt_Report_#1_95e472.pdf",downloaded
Logan City Council - FOGO Feasibility Study - Lessons Learnt Report,24/10/2024,Bioenergy / Energy from waste,"Logan City, food and garden organics (FOGO) feasibility study",https://arena.gov.au/knowledge-bank/logan-city-council-fogo-feasibility-study-lessons-learnt-report/,Lessons,https://arena.gov.au/projects/logan-city-food-and-garden-organics-fogo-feasibility-study/,2023,Past,https://arena.gov.au/assets/2024/10/Logan-City-Council-FOGO-Feasibility-Study-Lessons-Learnt-Report.pdf,pdfs/Lessons/Logan_City_Council_-_FOGO_Feasibility_Study_-_Lessons_Learnt_Report_53f72e.pdf,downloaded
Tropic Wings Lesson&rsquo;s Learnt Report 1,23/10/2024,"Battery storage, Electric vehicles",Sustainable transport in tourism,https://arena.gov.au/knowledge-bank/tropic-wings-lessons-learnt-report-1/,Lessons,https://arena.gov.au/projects/tropic-wings-battery-electric-supply-arena/,2023,Past,https://arena.gov.au/assets/2024/10/Tropic-Wings-Towards-Sustainable-Transport-In-Tourism-Lessons-Learnt-Report-1.pdf,pdfs/Lessons/Tropic_Wings_Lesson&rsquo;s_Learnt_Report_1_1a11bd.pdf,downloaded
TGE ' Depot of the Future Vehicle Electrification Project - Change Management Report,21/10/2024,Electric vehicles,Depot of the Future Vehicle Electrification Project,https://arena.gov.au/knowledge-bank/change-management-report/,Reports,https://arena.gov.au/projects/depot-of-the-future-vehicle-electrification-project/,2022,Current,https://arena.gov.au/assets/2024/10/TGE_Depot-of-the-Future_Change-Management-Report.pdf,pdfs/Reports/TGE_'_Depot_of_the_Future_Vehicle_Electrification_Project_-_Change_Management_Report_39d51f.pdf,downloaded
TGE ' Depot of the Future Vehicle Electrification Project - Infrastructure Design Report,21/10/2024,Electric vehicles,Depot of the Future Vehicle Electrification Project,https://arena.gov.au/knowledge-bank/infrastructure-design-report/,Reports,https://arena.gov.au/projects/depot-of-the-future-vehicle-electrification-project/,2022,Current,https://arena.gov.au/assets/2024/10/TGE-Depot-of-the-Future-Infrastructure-Design-Report.pdf,pdfs/Reports/TGE_'_Depot_of_the_Future_Vehicle_Electrification_Project_-_Infrastructure_Design_Report_f8f51f.pdf,downloaded
Loganholme Wastewater Treatment Plant - Gasification Facility Demonstration - Final Knowledge Sharing Report,9/10/2024,Bioenergy / Energy from waste,Logan City Biosolids Gasification Project,https://arena.gov.au/knowledge-bank/loganholme-wastewater-treatment-plant-gasification-facility-demonstration-final-knowledge-sharing-report/,"Reports, Lessons",https://arena.gov.au/projects/logan-city-biosolids-gasification-project/,2019,Current,https://arena.gov.au/assets/2024/10/Loganholme-Wastewater-Treatment-Plant-Gasification-Facility-Demonstration-Final-Knowledge-Sharing-Report.pdf,pdfs/Reports_Lessons/Loganholme_Wastewater_Treatment_Plant_-_Gasification_Facility_Demonstration_-_Final_Knowledge_Sharing_Report_1e689e.pdf,downloaded
Loganholme Wastewater Treatment Plant - Gasification Facility Demonstration ' Project Report,9/10/2024,Bioenergy / Energy from waste,Logan City Biosolids Gasification Project,https://arena.gov.au/knowledge-bank/loganholme-wastewater-treatment-plant-gasification-facility-demonstration-project-report/,Reports,https://arena.gov.au/projects/logan-city-biosolids-gasification-project/,2019,Current,https://arena.gov.au/assets/2024/10/Loganholme-Wastewater-Treatment-Plant-Gasification-Facility-Demonstration-Project-Report.pdf,pdfs/Reports/Loganholme_Wastewater_Treatment_Plant_-_Gasification_Facility_Demonstration_'_Project_Report_8739ad.pdf,downloaded
Logan City Council ' FOGO Feasibility Study ' Final Public Study Report,9/10/2024,Bioenergy / Energy from waste,"Logan City, food and garden organics (FOGO) feasibility study",https://arena.gov.au/knowledge-bank/logan-city-council-fogo-feasibility-study-final-public-study-report/,Reports,https://arena.gov.au/projects/logan-city-food-and-garden-organics-fogo-feasibility-study/,2023,Past,https://arena.gov.au/assets/2024/10/Logan-City-Council-FOGO-Feasibility-Study-Final-Public-Study-Report.pdf,pdfs/Reports/Logan_City_Council_'_FOGO_Feasibility_Study_'_Final_Public_Study_Report_290479.pdf,downloaded
Edify Energy ' Darlington Point Energy Storage System - Operations Report #1,8/10/2024,Battery storage,Darlington Point Energy Storage System,https://arena.gov.au/knowledge-bank/edify-energy-darlington-point-energy-storage-system-operations-report-1/,Reports,https://arena.gov.au/projects/darlington-point-energy-storage-system/,2022,Current,https://arena.gov.au/assets/2024/10/Edify-Energy-Darlington-Point-Energy-Storage-System-Operations-Report-1.pdf,pdfs/Reports/Edify_Energy_'_Darlington_Point_Energy_Storage_System_-_Operations_Report_#1_824470.pdf,downloaded
"Reactive Technologies - Reactive Technologies, System Inertia Measurement Demonstration ' Lessons Learnt #3 Report",8/10/2024,System security and reliability,,https://arena.gov.au/knowledge-bank/reactive-technologies-reactive-technologies-system-inertia-measurement-demonstration-lessons-learnt-3-report/,"Reports, Lessons",,,,https://arena.gov.au/assets/2024/10/Reactive-Technologies-Reactive-Technologies-System-Inertia-Measurement-Demonstration-–-Lessons-Learnt-3-Report.pdf,"pdfs/Reports_Lessons/Reactive_Technologies_-_Reactive_Technologies,_System_Inertia_Measurement_Demonstration_'_Lessons_Learnt_#3_Report_d52a80.pdf",downloaded
Yadlamalka Energy - Spencer Energy Co-located Vanadium Flow Battery Storage and Solar Project - Packages 2 and 3 Testing Report,8/10/2024,Battery storage,Co-located Vanadium Flow Battery Storage and Solar,https://arena.gov.au/knowledge-bank/yadlamalka-energy-spencer-energy-co-located-vanadium-flow-battery-storage-and-solar-project-packages-2-and-3-testing-report/,Reports,https://arena.gov.au/projects/co-located-vanadium-flow-battery-storage-and-solar/,2020,Past,https://arena.gov.au/assets/2024/10/Yadlamalka-Energy-Co-located-Vanadium-Flow-Battery-Storage-and-Solar-Project-Packages-2-and-3-Testing-Report.pdf,pdfs/Reports/Yadlamalka_Energy_-_Spencer_Energy_Co-located_Vanadium_Flow_Battery_Storage_and_Solar_Project_-_Packages_2_and_3_Testing_de8ff0.pdf,downloaded
Viva ' New Energies Service Station Geelong Demonstration Project ' Lessons Learned Report 2,3/10/2024,Hydrogen energy,New Energies Service Station Geelong Demonstration Project,https://arena.gov.au/knowledge-bank/viva-new-energies-service-station-geelong-demonstration-project-lessons-learned-report-1-2/,Reports,https://arena.gov.au/projects/new-energies-service-station-geelong-demonstration-project/,2022,Current,https://arena.gov.au/assets/2024/10/Viva-Energy-New-Energies-Service-Station-Lesson-Learnt-Report-2.pdf,pdfs/Reports/Viva_'_New_Energies_Service_Station_Geelong_Demonstration_Project_'_Lessons_Learned_Report_2_123157.pdf,downloaded
Yadlamalka Energy - Spencer Energy Co-located Vanadium Flow Battery Storage and Solar Project ' Factory Integration Testing Report,2/10/2024,Battery storage,Co-located Vanadium Flow Battery Storage and Solar,https://arena.gov.au/knowledge-bank/yadlamalka-energy-spencer-energy-co-located-vanadium-flow-battery-storage-and-solar-project-factory-integration-testing-report/,Reports,https://arena.gov.au/projects/co-located-vanadium-flow-battery-storage-and-solar/,2020,Past,https://arena.gov.au/assets/2024/10/Yadlamalka-Energy-Spencer-Energy-Co-located-Vanadium-Flow-Battery-Storage-and-Solar-Project-–-Factory-Integration-Testing-Report.pdf,pdfs/Reports/Yadlamalka_Energy_-_Spencer_Energy_Co-located_Vanadium_Flow_Battery_Storage_and_Solar_Project_'_Factory_Integration_Test_bd8dba.pdf,downloaded
ARENA Insights Newsletter Edition #58,2/10/2024,,,https://arena.gov.au/knowledge-bank/arena-insights-newsletter-edition-58/,InsightNewsletter,,,,,,no_pdf_found
ANU - Cost-effective Si/Perovskite Tandem Modules on Passivating Contact Si Cells ' R&D Interim Report,2/10/2024,"Solar energy, Solar PV R&amp;D",Cost-effective Si/Perovskite Tandem Modules on Passivating Contact Si Cells,https://arena.gov.au/knowledge-bank/anu-cost-effective-si-perovskite-tandem-modules-on-passivating-contact-si-cells-rd-interim-report/,Reports,https://arena.gov.au/projects/cost-effective-si-perovskite-tandem-modules-on-passivating-contact-si-cells/,2022,Current,https://arena.gov.au/assets/2024/10/ANU_Cost-effective-Si-and-Perovskite-Tandem-Modules-on-Passivating-Contact-Si-Cells_Interim-Report.pdf,pdfs/Reports/ANU_-_Cost-effective_Si_Perovskite_Tandem_Modules_on_Passivating_Contact_Si_Cells_'_R&D_Interim_Report_246cbe.pdf,downloaded
UNSW - Low-Cost and Sustainable PV Systems for the Terawatt Scale ' R&D Interim Report,2/10/2024,"Solar energy, Solar PV R&amp;D",Low-Cost and Sustainable PV Systems for the Terawatt Scale,https://arena.gov.au/knowledge-bank/unsw-low-cost-and-sustainable-pv-systems-for-the-terawatt-scale-rd-interim-report/,Reports,https://arena.gov.au/projects/low-cost-and-sustainable-pv-systems-for-the-terawatt-scale/,2022,Current,https://arena.gov.au/assets/2024/10/UNSW_Low-cost-and-Sustainable-PV-Systems-for-the-Terawatt-Scale-Project_Interim-Report.pdf,pdfs/Reports/UNSW_-_Low-Cost_and_Sustainable_PV_Systems_for_the_Terawatt_Scale_'_R&D_Interim_Report_00c03e.pdf,downloaded
UNSW - Optimal O&M-strategy and LCOE-modelling for Ground-mounted PV ' R&D Interim Report,2/10/2024,"Solar energy, Solar PV R&amp;D",Optimal O&M-Strategy and LCOE-Modelling for Ground-Mounted PV,https://arena.gov.au/knowledge-bank/unsw-optimal-om-strategy-and-lcoe-modelling-for-ground-mounted-pv-rd-interim-report/,Reports,https://arena.gov.au/projects/optimal-om-strategy-and-lcoe-modelling-for-ground-mounted-pv/,2022,Current,https://arena.gov.au/assets/2024/10/UNSW_Optimal-OM-strategy-and-LCOE-modelling-for-Ground-Mounted-PV_Interim-Report.pdf,pdfs/Reports/UNSW_-_Optimal_O&M-strategy_and_LCOE-modelling_for_Ground-mounted_PV_'_R&D_Interim_Report_217c8c.pdf,downloaded
UNSW - Machine Learning Applications for Utility-Scale Photovoltaics ' R&D Interim Report,2/10/2024,"Solar energy, Solar PV R&amp;D",Machine Learning Applications for Utility-Scale PV,https://arena.gov.au/knowledge-bank/unsw-machine-learning-applications-for-utility-scale-photovoltaics-rd-interim-report/,Reports,https://arena.gov.au/projects/machine-learning-applications-for-utility-scale-pv/,2022,Current,https://arena.gov.au/assets/2024/10/UNSW_Machine-Learning-Applications-for-Utility-Scale-Photovoltaics_Interim-Report.pdf,pdfs/Reports/UNSW_-_Machine_Learning_Applications_for_Utility-Scale_Photovoltaics_'_R&D_Interim_Report_8fb96f.pdf,downloaded
Gibson Island Green Hydrogen and Ammonia Project - Public FEED Summary Report,2/10/2024,Hydrogen energy,Gibson Island Renewable Ammonia Project FEED Study,https://arena.gov.au/knowledge-bank/gibson-island-green-hydrogen-and-ammonia-project-public-feed-summary-report/,Reports,https://arena.gov.au/projects/gibson-island-renewable-ammonia-project-feed-study/,2022,Past,https://arena.gov.au/assets/2024/10/Fortescue-Future-Industries_Gibson-Island-Renewable-Ammonia-Project-FEED-Study_Public-FEED-Summary-Report.pdf,pdfs/Reports/Gibson_Island_Green_Hydrogen_and_Ammonia_Project_-_Public_FEED_Summary_Report_07bcb9.pdf,downloaded
Addressing Solar PV End-of-Life Issues and Lowering Solar PV Cost ' Summary Report,25/09/2024,Solar PV R&amp;D,,https://arena.gov.au/knowledge-bank/addressing-solar-pv-end-of-life-issues-and-lowering-solar-pv-cost-summary-report/,Reports,,,,https://arena.gov.au/assets/2024/09/ARENA-SOLAR-RD-ROUND-5-PROGRAM-REVIEW.pdf,pdfs/Reports/Addressing_Solar_PV_End-of-Life_Issues_and_Lowering_Solar_PV_Cost_'_Summary_Report_9bda7b.pdf,downloaded
"Reactive Technologies, System Inertia Measurement Demonstration",20/09/2024,System security and reliability,Reactive Technologies - System Inertia Measurement Demonstration,https://arena.gov.au/knowledge-bank/reactive-technologies-system-inertia-measurement-demonstration/,Reports,https://arena.gov.au/projects/reactive-technologies-system-inertia-measurement-demonstration/,2020,Past,https://arena.gov.au/assets/2024/09/Reactive-Technologies-System-Inertia-Measurement-Demonstration-Project-Technical-Knowledge-Sharing-Report.pdf,"pdfs/Reports/Reactive_Technologies,_System_Inertia_Measurement_Demonstration_70b820.pdf",downloaded
Pollination - Community Energy Report,19/09/2024,Distributed energy resources,,https://arena.gov.au/knowledge-bank/pollination-community-energy-report/,Reports,,,,https://arena.gov.au/assets/2024/09/Pollination-Community-Energy-Report.pdf,pdfs/Reports/Pollination_-_Community_Energy_Report_11c560.pdf,downloaded
Aboriginal Clean Energy Partnership ' Final Knowledge Sharing Report,18/09/2024,Hydrogen energy,"East Kimberley Clean Energy Project - Stage 1, Feasibility Study",https://arena.gov.au/knowledge-bank/aboriginal-clean-energy-partnership-final-knowledge-sharing-report/,Reports,https://arena.gov.au/projects/east-kimberley-clean-energy-project/,2023,Past,https://arena.gov.au/assets/2024/09/ACEP_East-Kimberly-Clean-Energy-Project_Final-Knowledge-Sharing-Report.pdf,pdfs/Reports/Aboriginal_Clean_Energy_Partnership_'_Final_Knowledge_Sharing_Report_d6d80b.pdf,downloaded
Aboriginal Clean Energy Partnership - Workforce and Capacity Building Report,17/09/2024,Hydrogen energy,"East Kimberley Clean Energy Project - Stage 1, Feasibility Study",https://arena.gov.au/knowledge-bank/aboriginal-clean-energy-partnership-workforce-and-capacity-building-report/,Reports,https://arena.gov.au/projects/east-kimberley-clean-energy-project/,2023,Past,https://arena.gov.au/assets/2024/09/ACEP_East-Kimberly-Clean-Energy-Project_Workforce-and-Capacity-Building-Plan-1.pdf,pdfs/Reports/Aboriginal_Clean_Energy_Partnership_-_Workforce_and_Capacity_Building_Report_e0fd22.pdf,downloaded
Hornsdale Power Reserve Expansion H2 2023 Operations Report,16/09/2024,Battery storage,Hornsdale Power Reserve Upgrade,https://arena.gov.au/knowledge-bank/hornsdale-power-reserve-expansion-h2-2023-operations-report/,Reports,https://arena.gov.au/projects/hornsdale-power-reserve-upgrade/,2019,Current,https://arena.gov.au/assets/2024/09/Neoen-HPRX-H22023-Operations-Report.pdf,pdfs/Reports/Hornsdale_Power_Reserve_Expansion_H2_2023_Operations_Report_22f19f.pdf,downloaded
Hornsdale Power Reserve Expansion Final Project Report,16/09/2024,Battery storage,Hornsdale Power Reserve Upgrade,https://arena.gov.au/knowledge-bank/hornsdale-power-reserve-expansion-final-project-report/,Reports,https://arena.gov.au/projects/hornsdale-power-reserve-upgrade/,2019,Current,https://arena.gov.au/assets/2024/09/Neoen-HPRX-Final-Project-Report_2024.pdf,pdfs/Reports/Hornsdale_Power_Reserve_Expansion_Final_Project_Report_8d85a7.pdf,downloaded
Flexible Services Program: Lessons Learnt,6/09/2024,Demand response,"United Energy, CitiPower and Powercor - Flexible Services Trial",https://arena.gov.au/knowledge-bank/flexible-services-program-lessons-learnt/,"Reports, Lessons",https://arena.gov.au/projects/united-energy-citipower-and-powercor-flexible-services-trial/,2024,Current,https://arena.gov.au/assets/2024/09/United-Energy-CitiPower-and-Powercor-Flexible-Services-Trial-Lessons-Learnt.pdf,pdfs/Reports_Lessons/Flexible_Services_Program__Lessons_Learnt_8f4804.pdf,downloaded
Solar Analytics ' Smart CER Consumer Uptake Tool ' 2023 Technical Report,5/09/2024,Distributed energy resources,Smart CER Consumer Uptake Tool,https://arena.gov.au/knowledge-bank/solar-analytics-smart-cer-consumer-uptake-tool-2023-technical-report/,Reports,https://arena.gov.au/projects/smart-cer-consumer-uptake-tool/,2023,Past,https://arena.gov.au/assets/2024/09/Solar-Analytics-Smart-CER-Uptake-Tool-Technical-Report-2023.pdf,pdfs/Reports/Solar_Analytics_'_Smart_CER_Consumer_Uptake_Tool_'_2023_Technical_Report_fa2fb6.pdf,downloaded
Enel X - Commercial Refrigeration Flexible Demand - Lessons Learnt Report 1,5/09/2024,Demand response,Enel X Commercial Refrigeration Flexible Demand Project,https://arena.gov.au/knowledge-bank/enel-x-commercial-refrigeration-flexible-demand-lessons-learnt-report-1/,"Reports, Lessons",https://arena.gov.au/projects/enel-x-commercial-refrigeration-flexible-demand-project/,2023,Current,https://arena.gov.au/assets/2024/09/Enel-X-Commercial-Refrigeration-Flexible-Demand-Lessons-Learnt-Report-1.pdf,pdfs/Reports_Lessons/Enel_X_-_Commercial_Refrigeration_Flexible_Demand_-_Lessons_Learnt_Report_1_67c181.pdf,downloaded
ARENA Knowledge Sharing Report: Public Project Knowledge Sharing,5/09/2024,"Battery storage, Hybrid technologies",Lord Howe Island Hybrid Renewable Energy System,https://arena.gov.au/knowledge-bank/arena-knowledge-sharing-report-public-project-knowledge-sharing/,Reports,https://arena.gov.au/projects/lord-howe-island-hybrid-renewable-energy-system/,2014,Past,https://arena.gov.au/assets/2024/09/Lord-Howe-Island-Hybrid-Renewable-Project-Public-KS-Report.pdf,pdfs/Reports/ARENA_Knowledge_Sharing_Report__Public_Project_Knowledge_Sharing_82ce76.pdf,downloaded
Rio Tinto and Sumitomo - Yarwun Hydrogen Calcination Pilot Demonstration Program - Lessons Learnt Report,5/09/2024,Hydrogen energy,Yarwun Hydrogen Calcination Pilot Demonstration Program,https://arena.gov.au/knowledge-bank/rio-tinto-and-sumitomo-yarwun-hydrogen-calcination-pilot-demonstration-program-lessons-learnt-report/,"Reports, Lessons",https://arena.gov.au/projects/yarwun-hydrogen-calcination-pilot-demonstration-program/,2023,Current,https://arena.gov.au/assets/2024/09/Rio-Tinto-Yarwun-Hydrogen-calcination-pilot-project-Lessons-learnt-report-1.pdf,pdfs/Reports_Lessons/Rio_Tinto_and_Sumitomo_-_Yarwun_Hydrogen_Calcination_Pilot_Demonstration_Program_-_Lessons_Learnt_Report_aa6dbc.pdf,downloaded
Kidston Pumped Hydro Energy Storage ' Lessons Learnt Report # 11,4/09/2024,Hydropower / Pumped Hydro Energy Storage,Kidston Pumped Hydro Energy Storage,https://arena.gov.au/knowledge-bank/kidston-pumped-hydro-energy-storage-lessons-learnt-report-11/,Lessons,https://arena.gov.au/projects/kidston-pumped-hydro-energy-storage/,2021,Current,https://arena.gov.au/assets/2024/09/Genex-Kidston-Pumped-Hydro-Energy-Storage-Lessons-Learnt-Report-11.pdf,pdfs/Lessons/Kidston_Pumped_Hydro_Energy_Storage_'_Lessons_Learnt_Report_#_11_4d05fa.pdf,downloaded
Next generation silicon solar cells >26% efficiency in mass production - Interim Public Dissemination Report,26/08/2024,"Solar energy, Solar PV R&amp;D",Next Generation Silicon Solar Cells Above 26% Efficiency in Mass Production,https://arena.gov.au/knowledge-bank/next-generation-silicon-solar-cells-26-efficiency-in-mass-production-interim-public-dissemination-report/,Reports,https://arena.gov.au/projects/next-generation-silicon-solar-cells-above-26-efficiency-in-mass-production/,2022,Current,https://arena.gov.au/assets/2024/08/ANU-Next-Gen-Si-Solar-Cells-Above-26pc-Eff-Interim-Public-Dissemination-Report.pdf,pdfs/Reports/Next_generation_silicon_solar_cells__26%_efficiency_in_mass_production_-_Interim_Public_Dissemination_Report_be7f0a.pdf,downloaded
Future Fuels Public Fast Charging - Lessons Learnt Report May 2024,26/08/2024,Electric vehicles,Evie Networks Future Fuels Public Fast Charging,https://arena.gov.au/knowledge-bank/future-fuels-public-fast-charging-lessons-learnt-report-may-2024/,Lessons,https://arena.gov.au/projects/evie-networks-future-fuels-public-fast-charging/,2021,Past,https://arena.gov.au/assets/2024/08/Evie-Future-Fuels-Public-Fast-Charging-Lessons-Learnt-Report-May-2024.pdf,pdfs/Lessons/Future_Fuels_Public_Fast_Charging_-_Lessons_Learnt_Report_May_2024_7ed7c8.pdf,downloaded
Interim R&D Phase Public Dissemination Report,26/08/2024,"Solar energy, Solar PV R&amp;D",Silver-Lean Screen Printing for Sustainable Low-Cost Industrial PV Manufacturing,https://arena.gov.au/knowledge-bank/interim-rd-phase-public-dissemination-report/,Reports,https://arena.gov.au/projects/silver-lean-screen-printing-for-sustainable-low-cost-industrial-pv-manufacturing/,2022,Current,https://arena.gov.au/assets/2024/08/UNSW-Silver-lean-Screen-printing-PV-R_D-Phase-Public-Report.pdf,pdfs/Reports/Interim_R&D_Phase_Public_Dissemination_Report_154187.pdf,downloaded
Flagship Report: Large-Scale Battery Storage as an Inertia Substitute,26/08/2024,Battery storage,TransGrid Wallgrove Battery,https://arena.gov.au/knowledge-bank/flagship-report-large-scale-battery-storage-as-an-inertia-substitute/,Reports,https://arena.gov.au/projects/transgrid-wallgrove-battery/,2020,Past,https://arena.gov.au/assets/2024/08/TransGrid-Wallgrove-Battery-Flagship-Report.pdf,pdfs/Reports/Flagship_Report__Large-Scale_Battery_Storage_as_an_Inertia_Substitute_e9f3fd.pdf,downloaded
TransGrid Wallgrove Grid Battery ' Operations Report #4,26/08/2024,Battery storage,TransGrid Wallgrove Battery,https://arena.gov.au/knowledge-bank/transgrid-wallgrove-grid-battery-operations-report-4/,Reports,https://arena.gov.au/projects/transgrid-wallgrove-battery/,2020,Past,https://arena.gov.au/assets/2024/08/TransGrid-Wallgrove-Battery-Operations-Report-4.pdf,pdfs/Reports/TransGrid_Wallgrove_Grid_Battery_'_Operations_Report_#4_95fe58.pdf,downloaded
Platform for Solar Farm Pre-Commissioning - Final Knowledge Sharing Report,26/08/2024,"Solar energy, Solar PV R&amp;D",University of Queensland Platform for Solar Farm Pre-Commissioning,https://arena.gov.au/knowledge-bank/platform-for-solar-farm-pre-commissioning-final-knowledge-sharing-report/,Reports,https://arena.gov.au/projects/university-of-queensland-platform-for-solar-farm-pre-commissioning/,2022,Past,https://arena.gov.au/assets/2024/08/University-of-Queensland-Platform-for-Solar-Farm-Pre-Commissioning-Final-KS-report.pdf,pdfs/Reports/Platform_for_Solar_Farm_Pre-Commissioning_-_Final_Knowledge_Sharing_Report_71be50.pdf,downloaded
Electrically-Enhanced  Recycling Process for End of Life Si PV Cells ' Final Report,23/08/2024,"Solar energy, Solar PV R&amp;D",Electrically-Enhanced Recycling Process for EoL Si PV-Cells,https://arena.gov.au/knowledge-bank/electrically-enhanced-recycling-process-for-end-of-life-si-pv-cells-final-report/,Reports,https://arena.gov.au/projects/electrically-enhanced-recycling-process-for-eol-si-pv-cells/,2020,Past,https://arena.gov.au/assets/2024/08/Swinburne-Electrically-Enhanced-PV-Recycling-Final-Report.pdf,pdfs/Reports/Electrically-Enhanced_Recycling_Process_for_End_of_Life_Si_PV_Cells_'_Final_Report_db971b.pdf,downloaded
PLUS ES ' South Australia Demand Flexibility Trial '  Lessons Learnt 3,23/08/2024,"Demand response, Renewables for industry",PLUS ES South Australia Demand Flexibility Trial,https://arena.gov.au/knowledge-bank/plus-es-south-australia-demand-flexibility-trial-lessons-learnt-3/,Lessons,https://arena.gov.au/projects/plus-es-south-australia-demand-flexibility-trial/,2022,Past,https://arena.gov.au/assets/2024/08/PLUS-ES-SA-Demand-Flex-Trial-Lessons-Learnt-Report-3.pdf,pdfs/Lessons/PLUS_ES_'_South_Australia_Demand_Flexibility_Trial_'_Lessons_Learnt_3_b49aa2.pdf,downloaded
Low-cost integration of on-site PV for Large-scale Industrial Heat Supply - Public Dissemination Report,19/08/2024,"Solar energy, Solar PV R&amp;D",Low-Cost Integration of On-Site Solar PV for Large-Scale Industrial Heat Supply,https://arena.gov.au/knowledge-bank/low-cost-integration-of-on-site-pv-for-large-scale-industrial-heat-supply-public-dissemination-report/,Reports,https://arena.gov.au/projects/low-cost-integration-of-on-site-solar-photovoltaic-pv-for-large-scale-industrial-heat-supply/,2022,Current,https://arena.gov.au/assets/2024/08/ANU-PV-for-Large-Scale-Industrial-Heat-Public-Dissemination-Report.pdf,pdfs/Reports/Low-cost_integration_of_on-site_PV_for_Large-scale_Industrial_Heat_Supply_-_Public_Dissemination_Report_91d6de.pdf,downloaded
ARENA Insights Newsletter Edition #57,16/08/2024,,,https://arena.gov.au/knowledge-bank/arena-insights-newsletter-edition-57/,InsightNewsletter,,,,,,no_pdf_found
Yadlamalka Energy Project Lessons Learnt Report Number 2,15/08/2024,Battery storage,Co-located Vanadium Flow Battery Storage and Solar,https://arena.gov.au/knowledge-bank/yadlamalka-energy-project-lessons-learnt-report-number-2/,Lessons,https://arena.gov.au/projects/co-located-vanadium-flow-battery-storage-and-solar/,2020,Past,https://arena.gov.au/assets/2024/08/Yadlamalka-Spencer-Energy-Vanadium-Flow-Battery-Lessons-Learnt-Report-2.pdf,pdfs/Lessons/Yadlamalka_Energy_Project_Lessons_Learnt_Report_Number_2_7fb8ec.pdf,downloaded
Yadlamalka Energy Project Commissioning Report,15/08/2024,Battery storage,Co-located Vanadium Flow Battery Storage and Solar,https://arena.gov.au/knowledge-bank/yadlamalka-energy-project-commissioning-report/,Reports,https://arena.gov.au/projects/co-located-vanadium-flow-battery-storage-and-solar/,2020,Past,https://arena.gov.au/assets/2024/08/Yadlamalka-Spencer-Energy-Vanadium-Flow-Battery-Commissioning-Report.pdf,pdfs/Reports/Yadlamalka_Energy_Project_Commissioning_Report_f6c37a.pdf,downloaded
Coober Pedy Renewable Hybrid Project ' Lessons Learned Report,12/08/2024,"Battery storage, Hybrid technologies, Solar energy, Wind energy",Coober Pedy Renewable Diesel Hybrid,https://arena.gov.au/knowledge-bank/coober-pedy-renewable-hybrid-project-lessons-learned-report/,Lessons,https://arena.gov.au/projects/coober-pedy-renewable-diesel-hybrid/,2014,Past,https://arena.gov.au/assets/2024/08/EDL-–-Coober-Pedy-Renewable-Hybrid-–-Lessons-Learnt-Report-Jan23.pdf,pdfs/Lessons/Coober_Pedy_Renewable_Hybrid_Project_'_Lessons_Learned_Report_1509e2.pdf,downloaded
ARENA Insights Newsletter Edition #56,11/07/2024,,,https://arena.gov.au/knowledge-bank/arena-insights-newsletter-edition-56/,InsightNewsletter,,,,,,no_pdf_found
2023 Annual Report ' Australian Centre for Advanced Photovoltaics,11/07/2024,"Solar energy, Solar PV R&amp;D",Australian Centre for Advanced Photovoltaics (ACAP),https://arena.gov.au/knowledge-bank/2023-annual-report-australian-centre-for-advanced-photovoltaics/,Reports,https://arena.gov.au/projects/australian-centre-for-advanced-photovoltaics-acap/,2012,Current,https://arena.gov.au/assets/2024/07/ACAP-Australian-Centre-for-Advanced-Photovoltaics-Annual-Report-2023.pdf,pdfs/Reports/2023_Annual_Report_'_Australian_Centre_for_Advanced_Photovoltaics_4a61e2.pdf,downloaded
Proof of Concept Life Cycle Analysis for the Ethtec Cellulosic Pilot Plant,11/07/2024,Bioenergy / Energy from waste,Ethtec Cellulosic Ethanol Pilot Plant,https://arena.gov.au/knowledge-bank/proof-of-concept-life-cycle-analysis-for-the-ethtec-cellulosic-pilot-plant/,Reports,https://arena.gov.au/projects/ethtec-cellulosic-ethanol-pilot-plant/,2018,Current,https://arena.gov.au/assets/2024/07/Ethtec-Cellulosic-Pilot-Plant-LCA-Proof-Concept-Report.pdf,pdfs/Reports/Proof_of_Concept_Life_Cycle_Analysis_for_the_Ethtec_Cellulosic_Pilot_Plant_bc4e25.pdf,downloaded
Integrating Concentrating Solar Thermal Energy into the Bayer Alumina Process - Final Report,5/07/2024,"Concentrated solar thermal, Solar energy",Integrating Concentrating Solar Thermal Energy,https://arena.gov.au/knowledge-bank/integrating-concentrating-solar-thermal-energy-into-the-bayer-alumina-process-final-report/,Reports,https://arena.gov.au/projects/integrating-concentrating-solar-thermal-energy-into-the-bayer-alumina-process/,2016,Past,https://arena.gov.au/assets/2024/07/Univeristy-of-Adelaide-Integrating-Concentrating-Solar-Thermal-Energy-into-the-Bayer-Alumina-Process-Final-report.pdf,pdfs/Reports/Integrating_Concentrating_Solar_Thermal_Energy_into_the_Bayer_Alumina_Process_-_Final_Report_1d3525.pdf,downloaded
5B Maverick Solar PV Automated Assembly & Deployment - Lessons Learnt Report 4,5/07/2024,"Solar energy, Solar PV R&amp;D",5B Maverick Solar PV Automated Assembly & Deployment,https://arena.gov.au/knowledge-bank/5b-maverick-solar-pv-automated-assembly-deployment-lessons-learnt-report-4/,Lessons,https://arena.gov.au/projects/5b-maverick-solar-pv-automated-assembly-deployment/,2021,Past,https://arena.gov.au/assets/2024/07/5B-Maverick-Solar-PV-Automated-Lessons-Learnt-Report-4.pdf,pdfs/Lessons/5B_Maverick_Solar_PV_Automated_Assembly_&_Deployment_-_Lessons_Learnt_Report_4_f658c9.pdf,downloaded
Insights from ARENA&rsquo;s Public Charging Projects,4/07/2024,Electric vehicles,,https://arena.gov.au/knowledge-bank/insights-from-arenas-public-charging-projects/,Reports,,,,https://arena.gov.au/assets/2024/07/Energeia-Insights-from-ARENAs-Public-Charging-Projects.pdf,pdfs/Reports/Insights_from_ARENA&rsquo;s_Public_Charging_Projects_20b1ae.pdf,downloaded
Aeolius Wind Systems Wind Forecasting Demonstration Project Lessons Learnt Report #4,4/07/2024,Wind energy,Aeolius Wind Forecasting Project,https://arena.gov.au/knowledge-bank/aeolius-wind-systems-wind-forecasting-demonstration-project-lessons-learnt-report-4/,Lessons,https://arena.gov.au/projects/aeolius-wind-forecasting-project/,2019,Current,https://arena.gov.au/assets/2024/07/Aeolius-Wind-forecasting-project-lessons-learnt-report-4.pdf,pdfs/Lessons/Aeolius_Wind_Systems_Wind_Forecasting_Demonstration_Project_Lessons_Learnt_Report_#4_289023.pdf,downloaded
Origin Energy - Mortlake Power Station Battery Project - Lessons Learnt Report No.1,4/07/2024,Battery storage,Origin Energy Mortlake Power Station Battery,https://arena.gov.au/knowledge-bank/origin-energy-mortlake-power-station-battery-project-lessons-learnt-report-no-1/,Lessons,https://arena.gov.au/projects/origin-energy-mortlake-power-station-battery/,2024,Current,https://arena.gov.au/assets/2024/07/Origin-energy-Mortlake-power-station-battery-Lessons-learnt-report-1-1.pdf,pdfs/Lessons/Origin_Energy_-_Mortlake_Power_Station_Battery_Project_-_Lessons_Learnt_Report_No.1_ff3631.pdf,downloaded
PLUS ES ' South Australia Demand Flexibility Trial ' Lessons Learnt 1,3/07/2024,"Demand response, Renewables for industry",PLUS ES South Australia Demand Flexibility Trial,https://arena.gov.au/knowledge-bank/plus-es-south-australia-demand-flexibility-trial-lessons-learnt-1/,Lessons,https://arena.gov.au/projects/plus-es-south-australia-demand-flexibility-trial/,2022,Past,,,no_pdf_found
Cellulosic Ethanol Pilot Plant - Feedstock Availability Report,3/07/2024,Bioenergy / Energy from waste,Ethtec Cellulosic Ethanol Pilot Plant,https://arena.gov.au/knowledge-bank/cellulosic-ethanol-pilot-plant-feedstock-availability-report/,Reports,https://arena.gov.au/projects/ethtec-cellulosic-ethanol-pilot-plant/,2018,Current,https://arena.gov.au/assets/2024/07/Ethtec-Cellulosic-Ethanol-Pilot-Plant-Feedstock-availablity-Report.pdf,pdfs/Reports/Cellulosic_Ethanol_Pilot_Plant_-_Feedstock_Availability_Report_79771a.pdf,downloaded
Malabar Biomethane Injection Project Lessons Learnt Report 3,3/07/2024,Bioenergy / Energy from waste,Malabar Biomethane Injection Project,https://arena.gov.au/knowledge-bank/malabar-biomethane-injection-project-lessons-learnt-report-3/,Lessons,https://arena.gov.au/projects/malabar-biomethane-injection-project/,2020,Past,https://arena.gov.au/assets/2024/07/Jemena-Malabar-Biomethane-Injection-Lessons-Learnt-Report-3.pdf,pdfs/Lessons/Malabar_Biomethane_Injection_Project_Lessons_Learnt_Report_3_976159.pdf,downloaded
Patrick Terminals - BEV Terminal Trucks at Fremantle Port - Lessons Learnt Report 1,3/07/2024,Electric vehicles,Patrick Terminals - BEV Terminal Trucks at Fremantle Port,https://arena.gov.au/knowledge-bank/lessons-learned-from-using-bev-terminal-trucks-at-patrick-terminals-in-fremantle-port/,Lessons,https://arena.gov.au/projects/patrick-terminals-bev-terminal-trucks-at-fremantle-port/,2023,Current,https://arena.gov.au/assets/2024/07/Patrick-Terminals-Battery-Electric-Terminal-Trucks-Fremantle-Lessons-Learned-Report-1.pdf,pdfs/Lessons/Patrick_Terminals_-_BEV_Terminal_Trucks_at_Fremantle_Port_-_Lessons_Learnt_Report_1_d6455c.pdf,downloaded
Knowledge Sharing Report for the AGL Thermal Storage at Torrens Island Power Station B Feasibility Study,3/07/2024,"Geothermal energy, Renewables for industry",AGL Thermal Storage at Torrens Island Power Station B Feasibility Study,https://arena.gov.au/knowledge-bank/knowledge-sharing-report-for-the-agl-thermal-storage-at-torrens-island-power-station-b-feasibility-study/,Reports,https://arena.gov.au/projects/agl-thermal-storage-at-torrens-island-power-station-b-feasibility-study/,2022,Past,https://arena.gov.au/assets/2024/07/AGL-Thermal-Storage-at-Torrens-Island-Power-Station-Final-KS-Report-Public.pdf,pdfs/Reports/Knowledge_Sharing_Report_for_the_AGL_Thermal_Storage_at_Torrens_Island_Power_Station_B_Feasibility_Study_5f8064.pdf,downloaded
Stability enhancing measures for weak grids study - Final Report,2/07/2024,System security and reliability,Stability Enhancing Measures for Weak Grids Study,https://arena.gov.au/knowledge-bank/stability-enhancing-measures-for-weak-grids-study-final-report/,Reports,https://arena.gov.au/projects/stability-enhancing-measures-for-weak-grids/,2020,Past,https://arena.gov.au/assets/2024/07/Monash-Stability-Enhancing-Weak-Grids-Study-Final-Report-sm.pdf,pdfs/Reports/Stability_enhancing_measures_for_weak_grids_study_-_Final_Report_b862d4.pdf,downloaded
"Hazer - Hazer Commercial Demonstration Plant - Lessons Learned Reports 1, 2 & 3",2/07/2024,Hydrogen energy,The Hazer Process: Commercial Demonstration Plant,https://arena.gov.au/knowledge-bank/lessons-learned-reports-from-the-hazer-commercial-demonstration-plant/,Lessons,https://arena.gov.au/projects/the-hazer-process-commercial-demonstration-plant/,2020,Current,https://arena.gov.au/assets/2024/07/Hazer-Commercial-Demo-Plant-Lessons-Learned-Report-1.pdf,"pdfs/Lessons/Hazer_-_Hazer_Commercial_Demonstration_Plant_-_Lessons_Learned_Reports_1,_2_&_3_1aa02a.pdf",downloaded
Viva ' New Energies Service Station Geelong Demonstration Project ' Market and Technology Report 1,27/06/2024,Hydrogen energy,New Energies Service Station Geelong Demonstration Project,https://arena.gov.au/knowledge-bank/viva-new-energies-service-station-geelong-demonstration-project-market-and-technology-report-1/,Reports,https://arena.gov.au/projects/new-energies-service-station-geelong-demonstration-project/,2022,Current,https://arena.gov.au/assets/2024/06/Viva-–-New-Energies-Service-Station-Geelong-Demonstration-Project-–-Market-and-Technology-Report-1.pdf,pdfs/Reports/Viva_'_New_Energies_Service_Station_Geelong_Demonstration_Project_'_Market_and_Technology_Report_1_cbf416.pdf,downloaded
Project Converge - Final Report,26/06/2024,Distributed energy resources,Project Converge ACT Distributed Energy Resources Demonstration Pilot,https://arena.gov.au/knowledge-bank/project-converge-final-report/,Reports,https://arena.gov.au/projects/project-converge-act-distributed-energy-resources-demonstration-pilot/,2021,Past,https://arena.gov.au/assets/2024/06/Evoenergy_Project-Converge_Social-Science-Final-Report.pdf,pdfs/Reports/Project_Converge_-_Final_Report_2fb3ac.pdf,downloaded
Project Symphony - DER Participation Framework - Work Package 7 Report,26/06/2024,Distributed energy resources,Western Australia Distributed Energy Resources Orchestration Pilot (Project Symphony),https://arena.gov.au/knowledge-bank/project-symphony-der-participation-framework-work-package-7-report/,Reports,https://arena.gov.au/projects/western-australia-distributed-energy-resources-orchestration-pilot/,2021,Past,https://arena.gov.au/assets/2024/06/Project-Symphony_DER-Participation-Framework-Work-Package-7-Report.pdf,pdfs/Reports/Project_Symphony_-_DER_Participation_Framework_-_Work_Package_7_Report_a9ede3.pdf,downloaded
Project Converge - Final Knowledge Sharing - Public Webinar,25/06/2024,Distributed energy resources,Project Converge ACT Distributed Energy Resources Demonstration Pilot,https://arena.gov.au/knowledge-bank/project-converge-final-knowledge-sharing-public-webinar/,Reports,https://arena.gov.au/projects/project-converge-act-distributed-energy-resources-demonstration-pilot/,2021,Past,https://arena.gov.au/assets/2024/06/Project-Converge_Final-Webinar.pdf,pdfs/Reports/Project_Converge_-_Final_Knowledge_Sharing_-_Public_Webinar_ba6013.pdf,downloaded
Project Converge - Final Technical Report,25/06/2024,Distributed energy resources,Project Converge ACT Distributed Energy Resources Demonstration Pilot,https://arena.gov.au/knowledge-bank/project-converge-final-technical-report/,Reports,https://arena.gov.au/projects/project-converge-act-distributed-energy-resources-demonstration-pilot/,2021,Past,https://arena.gov.au/assets/2024/06/Evoenergy_Project-Converge_Technical-Knowledge-Sharing-Report.pdf,pdfs/Reports/Project_Converge_-_Final_Technical_Report_131e8c.pdf,downloaded
Frasers Property ' Net Zero Energy Demand Homes ' Lessons Learned Report 3,25/06/2024,Distributed energy resources,Frasers Property Net Zero Energy Demand Homes,https://arena.gov.au/knowledge-bank/frasers-property-australia-net-zero-energy-homes/,"Reports, Lessons",https://arena.gov.au/projects/net-zero-energy-demand-homes/,2019,Past,https://arena.gov.au/assets/2024/06/Frasers-Property-Lessons-learnt-report-3.pdf,pdfs/Reports_Lessons/Frasers_Property_'_Net_Zero_Energy_Demand_Homes_'_Lessons_Learned_Report_3_a70e11.pdf,downloaded
Project Symphony - Cost Benefit Analysis and Recommendations Report,25/06/2024,Distributed energy resources,Western Australia Distributed Energy Resources Orchestration Pilot (Project Symphony),https://arena.gov.au/knowledge-bank/project-symphony-cost-benefit-analysis-and-recommendations-report/,Reports,https://arena.gov.au/projects/western-australia-distributed-energy-resources-orchestration-pilot/,2021,Past,https://arena.gov.au/assets/2024/06/Western-Power-Project-Symphony-CBA-Recommendations-Report.pdf,pdfs/Reports/Project_Symphony_-_Cost_Benefit_Analysis_and_Recommendations_Report_09c68e.pdf,downloaded
Rheem Final Knowledge Sharing Report,25/06/2024,Distributed energy resources,Rheem Active Hot Water Control,https://arena.gov.au/knowledge-bank/rheem-final-knowledge-sharing-report/,Reports,https://arena.gov.au/projects/rheem-active-hot-water-control/,2019,Past,https://arena.gov.au/assets/2024/06/Rheem-SA-Smart-Network-Project-Final-Report.pdf,pdfs/Reports/Rheem_Final_Knowledge_Sharing_Report_87358d.pdf,downloaded
Rheem Final Lessons Learnt Report,25/06/2024,Distributed energy resources,Rheem Active Hot Water Control,https://arena.gov.au/knowledge-bank/rheem-final-lessons-learnt-report/,Lessons,https://arena.gov.au/projects/rheem-active-hot-water-control/,2019,Past,https://arena.gov.au/assets/2024/06/Rheem-SA-Smart-Network-Final-Lessons-Learnt-Report.pdf,pdfs/Lessons/Rheem_Final_Lessons_Learnt_Report_1a4cb2.pdf,downloaded
MVR for Low Carbon Alumina Refining Project - Close Out Report,24/06/2024,Renewables for industry,Mechanical Vapour Recompression for Low Carbon Alumina Refining,https://arena.gov.au/knowledge-bank/mvr-for-low-carbon-alumina-refining-project-close-out-report/,Reports,https://arena.gov.au/projects/mechanical-vapour-recompression-for-low-carbon-alumina-refining/,2021,Past,https://arena.gov.au/assets/2024/06/Alcoa-MVR-for-Low-Carbon-Alumina-Refining-Close-Out-Report.pdf,pdfs/Reports/MVR_for_Low_Carbon_Alumina_Refining_Project_-_Close_Out_Report_0359fe.pdf,downloaded
Project Symphony - Final Lessons Learnt Report,24/06/2024,Distributed energy resources,Western Australia Distributed Energy Resources Orchestration Pilot (Project Symphony),https://arena.gov.au/knowledge-bank/project-symphony-final-lessons-learnt-report/,"Reports, Lessons",https://arena.gov.au/projects/western-australia-distributed-energy-resources-orchestration-pilot/,2021,Past,https://arena.gov.au/assets/2024/06/Western-Power-Project-Symphony-Final-Lessons-Learnt-Report.pdf,pdfs/Reports_Lessons/Project_Symphony_-_Final_Lessons_Learnt_Report_15026d.pdf,downloaded
Project Symphony - End of Project Assessment,24/06/2024,Distributed energy resources,Western Australia Distributed Energy Resources Orchestration Pilot (Project Symphony),https://arena.gov.au/knowledge-bank/project-symphony-end-of-project-assessment/,Reports,https://arena.gov.au/projects/western-australia-distributed-energy-resources-orchestration-pilot/,2021,Past,https://arena.gov.au/assets/2024/06/Project-Symphony_End-Project-Assessment_WP8.2.pdf,pdfs/Reports/Project_Symphony_-_End_of_Project_Assessment_a7f489.pdf,downloaded
Intellihub Demand Flexibility Platform Lessons Learnt Report 2,24/06/2024,Demand response,Intellihub Demand Flexibility Platform Project,https://arena.gov.au/knowledge-bank/intellihub-demand-flexibility-platform-lessons-learnt-report-2/,Reports,https://arena.gov.au/projects/intellihub-demand-flexibility-platform-project/,2023,Past,https://arena.gov.au/assets/2024/06/Intellihub-Demand-Flexibility-Platform-Lessons-Learnt-Report-2.pdf,pdfs/Reports/Intellihub_Demand_Flexibility_Platform_Lessons_Learnt_Report_2_2723c1.pdf,downloaded
Public Dissemination Report - Heterocontact-Polysilicon Hybrid IBC Solar Cell,24/06/2024,"Solar energy, Solar PV R&amp;D",Heterocontact-Polysilicon Hybrid Interdigitated Back Contact Solar Cells,https://arena.gov.au/knowledge-bank/public-dissemination-report-heterocontact-polysilicon-hybrid-ibc-solar-cell/,Reports,https://arena.gov.au/projects/heterocontact-polysilicon-hybrid-interdigitated-back-contact-solar-cells/,2020,Past,https://arena.gov.au/assets/2024/06/Public-Dis-Report-2020RND013_Reviewed.pdf,pdfs/Reports/Public_Dissemination_Report_-_Heterocontact-Polysilicon_Hybrid_IBC_Solar_Cell_9bc380.pdf,downloaded
HILTCRC Research Poster - DRI Seawater,21/06/2024,Renewables for industry,HILT CRC - upgrading iron ore for DRI production using seawater,https://arena.gov.au/knowledge-bank/hiltcrc-research-poster-dri-seawater/,Infographics,https://arena.gov.au/projects/hilt-crc-upgrading-iron-ore-for-dri-production-using-seawater/,2024,Current,https://arena.gov.au/assets/2024/06/HILT-CRC-Poster-Assessed.pdf,pdfs/Infographics/HILTCRC_Research_Poster_-_DRI_Seawater_ca9d26.pdf,downloaded
MIH2 Research Poster - Low Temp DRI,21/06/2024,Renewables for industry,Fortescue - low temperature direct electrochemical reduction for zero emissions iron,https://arena.gov.au/knowledge-bank/mih2-research-poster-low-temp-dri/,Infographics,https://arena.gov.au/projects/fortescue-low-temperature-direct-electrochemical-reduction-for-zero-emissions-iron-project/,2024,Past,https://arena.gov.au/assets/2024/06/Fortescue-MIH2-Poster-Lowtemp-DRI.pdf,pdfs/Infographics/MIH2_Research_Poster_-_Low_Temp_DRI_f7bab6.pdf,downloaded
Fortescue APA Solar Gas Hybrid Project Annual Performance Report 2023,21/06/2024,"Battery storage, Hybrid technologies, Solar energy, Solar PV R&amp;D",APA Fortescue Solar Gas Hybrid Project,https://arena.gov.au/knowledge-bank/fortescue-apa-solar-gas-hybrid-project-annual-performance-report-2023/,Reports,https://arena.gov.au/projects/alinta-fortescue-solar-gas-hybrid-project/,2019,Current,https://arena.gov.au/assets/2024/06/DL-8335-2024-February-Chichester-Annual-Performance-Report-Final-2024-05-01T13_18_22.pdf,pdfs/Reports/Fortescue_APA_Solar_Gas_Hybrid_Project_Annual_Performance_Report_2023_f25a21.pdf,downloaded
Transformative Research Accelerating Commercialisation (TRAC) Program ' Hydrogen and Iron & Steel Funding Round,21/06/2024,Hydrogen energy,,https://arena.gov.au/knowledge-bank/transformative-research-accelerating-commercialisation-trac-program-hydrogen-and-iron-steel-funding-round/,Reports,,,,https://arena.gov.au/assets/2024/06/Plenary-slide-pack.pdf,pdfs/Reports/Transformative_Research_Accelerating_Commercialisation_(TRAC)_Program_'_Hydrogen_and_Iron_&_Steel_Funding_Round_57f811.pdf,downloaded
Denham Hydrogen Demonstration Project Construction and Commissioning Report,20/06/2024,Hydrogen energy,Horizon Power Denham Hydrogen Demonstration,https://arena.gov.au/knowledge-bank/denham-hydrogen-demonstration-project-construction-and-commissioning-report/,Reports,https://arena.gov.au/projects/horizon-power-denham-hydrogen-demonstration/,2020,Past,https://arena.gov.au/assets/2024/06/PUBLIC-Denham-H2-Demo-Cons-and-Comm-Report-1.pdf,pdfs/Reports/Denham_Hydrogen_Demonstration_Project_Construction_and_Commissioning_Report_813aef.pdf,downloaded
ARENA Insights Newsletter Edition #55,12/06/2024,Distributed energy resources,,https://arena.gov.au/knowledge-bank/arena-insights-newsletter-edition-55/,InsightNewsletter,,,,,,no_pdf_found
UTS - Flexible Demand State of Play in Australia - Report,12/06/2024,Demand response,,https://arena.gov.au/knowledge-bank/uts-flexible-demand-state-of-play-in-aust-report/,Reports,,,,https://arena.gov.au/assets/2024/06/UTS-Flexible-Demand-State-of-Play-in-Aust-Report.pdf,pdfs/Reports/UTS_-_Flexible_Demand_State_of_Play_in_Australia_-_Report_cb166f.pdf,downloaded
University of Wollongong - Australian Pilbara Iron Ores in an Electric Smelting Furnace Process Project - Poster,5/06/2024,Hydrogen energy,University of Wollongong - Australian Pilbara Iron Ores in an Electric Smelting Furnace Process,https://arena.gov.au/knowledge-bank/university-of-wollongong-australian-pilbara-iron-ores-in-an-electric-smelting-furnace-process-project-poster/,Infographics,https://arena.gov.au/projects/university-of-wollongong-australian-pilbara-iron-ores-in-an-electric-smelting-furnace-process/,2024,Current,https://arena.gov.au/assets/2024/06/University-of-Wollongong-Australian-Pilbara-Iron-Ores-in-an-Electric-Smelting-Furnace-Process-Project-Poster.pdf,pdfs/Infographics/University_of_Wollongong_-_Australian_Pilbara_Iron_Ores_in_an_Electric_Smelting_Furnace_Process_Project_-_Poster_e85a24.pdf,downloaded
Jupiter Ionics ' capital cost reduction in electrochemical ammonia synthesis - poster,5/06/2024,Hydrogen energy,Jupiter Ionics - capital cost reduction in electrochemical ammonia synthesis,https://arena.gov.au/knowledge-bank/jupiter-ionics-capital-cost-reduction-in-electrochemical-ammonia-synthesis-poster/,Infographics,https://arena.gov.au/projects/jupiter-ionics-capital-cost-reduction-in-electrochemical-ammonia-synthesis/,2024,Current,https://arena.gov.au/assets/2024/06/Jupiter-Ionics-–-Capital-cost-reduction-in-electrochemical-ammonia-synthesis-poster.pdf,pdfs/Infographics/Jupiter_Ionics_'_capital_cost_reduction_in_electrochemical_ammonia_synthesis_-_poster_db30c4.pdf,downloaded
Future Energy Exports ' development & demonstration of hydrogen liquefaction - Poster,5/06/2024,Hydrogen energy,Future Energy Exports - development & demonstration of hydrogen liquefaction,https://arena.gov.au/knowledge-bank/future-energy-exports-development-demonstration-of-hydrogen-liquefaction-poster/,Infographics,https://arena.gov.au/projects/future-energy-exports-development-and-demonstration-of-safe-efficient-hydrogen-liquefaction-through-optimised-refrigerants-and-plant-design/,2024,Current,https://arena.gov.au/assets/2024/06/Future-Energy-Project-Poster.pdf,pdfs/Infographics/Future_Energy_Exports_'_development_&_demonstration_of_hydrogen_liquefaction_-_Poster_92f49d.pdf,downloaded
"UNSW ' blast furnace innovations: sustainable, low-carbon ironmaking project - poster",5/06/2024,Renewables for industry,"UNSW - blast furnace innovations: sustainable, low-carbon ironmaking project",https://arena.gov.au/knowledge-bank/unsw-blast-furnace-innovations-sustainable-low-carbon-ironmaking-project-poster/,Infographics,https://arena.gov.au/projects/unsw-blast-furnace-innovations-sustainable/,2024,Current,https://arena.gov.au/assets/2024/06/UNSW-–-blast-furnace-innovations-sustainable-low-carbon-ironmaking-project-Poster.pdf,"pdfs/Infographics/UNSW_'_blast_furnace_innovations__sustainable,_low-carbon_ironmaking_project_-_poster_f22b2a.pdf",downloaded
Monash - Lowering the cost of proton exchange water electrolysis systems- Poster,5/06/2024,Hydrogen energy,Lowering the cost of proton exchange water electrolysis systems,https://arena.gov.au/knowledge-bank/monash-lowering-the-cost-of-proton-exchange-water-electrolysis-systems-poster/,Infographics,https://arena.gov.au/projects/lowering-the-cost-of-proton-exchange-water-electrolysis-systems/,2024,Current,https://arena.gov.au/assets/2024/06/Monash-Lowering-the-cost-of-proton-exchange-water-electrolysis-systems-Poster.pdf,pdfs/Infographics/Monash_-_Lowering_the_cost_of_proton_exchange_water_electrolysis_systems-_Poster_ce9f8e.pdf,downloaded
MIH2 - Scale up & demonstration of next-generation CSIRO axial flow electrolyser - Poster,4/06/2024,Hydrogen energy,Scale up & demonstration of next-generation CSIRO axial flow electrolyser,https://arena.gov.au/knowledge-bank/mih2-scale-up-demonstration-of-next-generation-csiro-axial-flow-electrolyser-poster/,Infographics,https://arena.gov.au/projects/scale-up-and-demonstration-of-next-generation-csiro-axial-flow-electrolyser-for-green-hydrogen-production/,2024,Current,https://arena.gov.au/assets/2024/06/MIH2-Scale-up-demonstration-of-next-generation-CSIRO-axial-flow-electrolyser-Poster.pdf,pdfs/Infographics/MIH2_-_Scale_up_&_demonstration_of_next-generation_CSIRO_axial_flow_electrolyser_-_Poster_ef0e41.pdf,downloaded
"Hysata - High temperature, ultra-high efficiency capillary-fed electrolysis project - Poster",4/06/2024,Hydrogen energy,"High temperature, ultra-high efficiency capillary-fed electrolysis project",https://arena.gov.au/knowledge-bank/hysata-high-temperature-ultra-high-efficiency-capillary-fed-electrolysis-project-poster/,Infographics,https://arena.gov.au/projects/high-temperature-ultra-high-efficiency-capillary-fed-electrolysis-project/,2024,Current,https://arena.gov.au/assets/2024/06/Hysata-High-temperature-ultra-high-efficiency-capillary-fed-electrolysis-project-Poster.pdf,"pdfs/Infographics/Hysata_-_High_temperature,_ultra-high_efficiency_capillary-fed_electrolysis_project_-_Poster_f2ac60.pdf",downloaded
Cavendish - Efficient scalable and modular ammonia to hydrogen/electricity conversion system - Poster,4/06/2024,Hydrogen energy,Cavendish - Efficient Scalable and Modular Ammonia to Hydrogen/Electricity Conversion System,https://arena.gov.au/knowledge-bank/cavendish-efficient-scalable-and-modular-ammonia-to-hydrogen-electricity-conversion-system-poster/,Infographics,https://arena.gov.au/projects/efficient-scalable-and-modular-ammonia-to-hydrogen-electricity-conversion-system-development-and-demonstration/,2024,Current,https://arena.gov.au/assets/2024/06/Cavendish-Efficient-scalable-and-modular-ammonia-to-hydrogenelectricity-conversion-system-Poster.pdf,pdfs/Infographics/Cavendish_-_Efficient_scalable_and_modular_ammonia_to_hydrogen_electricity_conversion_system_-_Poster_5f53d6.pdf,downloaded
Curtin Uni - Hydrogen export using a powder project - Poster,4/06/2024,Hydrogen energy,Hydrogen export using a powder project,https://arena.gov.au/knowledge-bank/curtin-uni-hydrogen-export-using-a-powder-project-poster/,Infographics,https://arena.gov.au/projects/hydrogen-export-using-a-powder-project/,2024,Current,https://arena.gov.au/assets/2024/06/Curtin-Uni-Hydrogen-export-using-a-powder-project-Poster.pdf,pdfs/Infographics/Curtin_Uni_-_Hydrogen_export_using_a_powder_project_-_Poster_2ac87e.pdf,downloaded
CSIRO ' Low temperature agglomeration process for Australian iron ores - Poster,4/06/2024,Renewables for industry,CSIRO - low temperature agglomeration process for Australian iron ores,https://arena.gov.au/knowledge-bank/csiro-low-temperature-agglomeration-process-for-australian-iron-ores-poster/,Infographics,https://arena.gov.au/projects/csiro-low-temperature-agglomeration-process-for-australian-iron-ores/,2024,Current,https://arena.gov.au/assets/2024/06/CSIRO-–-Low-temperature-agglomeration-process-for-Australian-iron-ores-Poster.pdf,pdfs/Infographics/CSIRO_'_Low_temperature_agglomeration_process_for_Australian_iron_ores_-_Poster_cb4068.pdf,downloaded
UNSW - Multiphase electrolysers for renewable ammonia production - Poster,4/06/2024,Hydrogen energy,Multiphase electrolysers for renewable ammonia production,https://arena.gov.au/knowledge-bank/unsw-multiphase-electrolysers-for-renewable-ammonia-production-poster/,Infographics,https://arena.gov.au/projects/multiphase-electrolysers-for-renewable-ammonia-production/,2024,Current,https://arena.gov.au/assets/2024/06/UNSW-Multiphase-electrolysers-for-renewable-ammonia-production-Poster.pdf,pdfs/Infographics/UNSW_-_Multiphase_electrolysers_for_renewable_ammonia_production_-_Poster_bbc7e6.pdf,downloaded
RMIT - Solar-energy-driven modular floatable device for scalable green hydrogen production - poster,4/06/2024,"Concentrated solar thermal, Solar energy",30MW Concentrating Solar Thermal Power Plant,https://arena.gov.au/knowledge-bank/rmit-solar-energy-driven-modular-floatable-device-for-scalable-green-hydrogen-production-poster/,Infographics,https://arena.gov.au/?post_type=projects&p=29062,2014,Past,https://arena.gov.au/assets/2024/06/RMIT-Solar-energy-driven-modular-floatable-device-for-scalable-green-hydrogen-production-Poster.pdf,pdfs/Infographics/RMIT_-_Solar-energy-driven_modular_floatable_device_for_scalable_green_hydrogen_production_-_poster_eb959d.pdf,downloaded
ANU - Hydrogen storage with ground-source energy utilisation - Poster,4/06/2024,Hydrogen energy,Hydrogen storage with ground-source energy utilisation,https://arena.gov.au/knowledge-bank/anu-hydrogen-storage-with-ground-source-energy-utilisation-poster/,Infographics,https://arena.gov.au/projects/hydrogen-storage-with-ground-source-energy-utilisation/,2024,Current,https://arena.gov.au/assets/2024/06/ANU-Hydrogen-storage-with-ground-source-energy-utilisation-Poster.pdf,pdfs/Infographics/ANU_-_Hydrogen_storage_with_ground-source_energy_utilisation_-_Poster_250519.pdf,downloaded
UniMelb - Mega-scale liquid H2 storage with super-insulated full-containment & zero-boil-off - Poster,4/06/2024,Hydrogen energy,Mega-scale liquid H2 storage with super-insulated full-containment & zero-boil-off,https://arena.gov.au/knowledge-bank/unimelb-mega-scale-liquid-h2-storage-with-super-insulated-full-containment-zero-boil-off-poster/,Infographics,https://arena.gov.au/projects/mega-scale-liquid-h2-storage-with-super-insulated-full-containment-and-zero-boil-off/,2024,Current,https://arena.gov.au/assets/2024/06/UniMelb-Mega-scale-liquid-H2-storage-with-super-insulated-full-containment-zero-boil-off-Poster.pdf,pdfs/Infographics/UniMelb_-_Mega-scale_liquid_H2_storage_with_super-insulated_full-containment_&_zero-boil-off_-_Poster_bbea09.pdf,downloaded
USYD - Advanced Manufacturing Alkaline Electrolyser Cell-Stacks - Poster,4/06/2024,Hydrogen energy,Advanced manufacturing alkaline electrolyser cell-stacks for green hydrogen,https://arena.gov.au/knowledge-bank/usyd-advanced-manufacturing-alkaline-electrolyser-cell-stacks-poster/,Infographics,https://arena.gov.au/projects/advanced-manufacturing-alkaline-electrolyser-cell-stacks-for-affordable-and-scalable-green-hydrogen-production-project/,2024,Current,https://arena.gov.au/assets/2024/06/USYD-Advanced-manufacturing-alkaline-electrolyser-cell-stacks-for-green-hydrogen-Poster.pdf,pdfs/Infographics/USYD_-_Advanced_Manufacturing_Alkaline_Electrolyser_Cell-Stacks_-_Poster_0b77ac.pdf,downloaded
ANU - Accelerating the commercialisation of the direct solar-to-hydrogen technology - Poster,4/06/2024,Hydrogen energy,Accelerating the commercialisation of the direct solar-to-hydrogen technology,https://arena.gov.au/knowledge-bank/anu-accelerating-the-commercialisation-of-the-direct-solar-to-hydrogen-technology-poster/,Infographics,https://arena.gov.au/projects/accelerating-the-commercialisation-of-the-direct-solar-to-hydrogen-technology/,2024,Current,https://arena.gov.au/assets/2024/06/ANU-Accelerating-the-commercialisation-of-the-direct-solar-to-hydrogen-technology-Poster.pdf,pdfs/Infographics/ANU_-_Accelerating_the_commercialisation_of_the_direct_solar-to-hydrogen_technology_-_Poster_5dd7a3.pdf,downloaded
Western Power - Project Symphony - Pilot Results and Recommendations,3/06/2024,Distributed energy resources,Western Australia Distributed Energy Resources Orchestration Pilot (Project Symphony),https://arena.gov.au/knowledge-bank/western-power-project-symphony-pilot-results-and-recommendations/,Reports,https://arena.gov.au/projects/western-australia-distributed-energy-resources-orchestration-pilot/,2021,Past,https://arena.gov.au/assets/2024/06/Western-Power-Project-Symphony-Pilot-Results-and-Recommendations.pdf,pdfs/Reports/Western_Power_-_Project_Symphony_-_Pilot_Results_and_Recommendations_0f8eea.pdf,downloaded
ARENA Insights ' Green Steel Webinar,31/05/2024,Renewables for industry,,https://arena.gov.au/knowledge-bank/arena-insights-green-steel-webinar/,Insights,,,,https://arena.gov.au/assets/2024/05/Green-Steel-Webinar-Slide-Deck.pdf,pdfs/Insights/ARENA_Insights_'_Green_Steel_Webinar_55e240.pdf,downloaded
Solar Analytics - Smart CER Consumer Uptake Tool - 2024 Technical Report,22/05/2024,Distributed energy resources,Smart CER Consumer Uptake Tool,https://arena.gov.au/knowledge-bank/solar-analytics-smart-cer-consumer-uptake-tool-2024-technical-report/,Reports,https://arena.gov.au/projects/smart-cer-consumer-uptake-tool/,2023,Past,https://arena.gov.au/assets/2024/05/Solar-Analytics-Smart-CER-Consumer-Uptake-Tool-2024-Technical-Report.pdf,pdfs/Reports/Solar_Analytics_-_Smart_CER_Consumer_Uptake_Tool_-_2024_Technical_Report_9893c0.pdf,downloaded
Calix Zesty Tech ' Zero Emissions Iron and Steel - study and final reports,22/05/2024,Renewables for industry,Calix Zero Emissions Steel Technology (ZESTY) pre-FEED / FEED Study,https://arena.gov.au/knowledge-bank/calix-zesty-tech-zero-emissions-iron-and-steel-study-and-final-reports/,Reports,https://arena.gov.au/projects/calix-zero-emissions-steel-technology-zesty-pre-feed-feed-study/,2022,Past,https://arena.gov.au/assets/2024/05/Calix-Zesty-Tech-–-Zero-Emissions-Iron-and-Steel-study-and-final-reports.pdf,pdfs/Reports/Calix_Zesty_Tech_'_Zero_Emissions_Iron_and_Steel_-_study_and_final_reports_a0ba5f.pdf,downloaded
ANU - De-risking large-scale Australian fine-ore hydrogen ironmaking - poster,22/05/2024,Renewables for industry,ANU – De-risking large-scale Australian fine-ore hydrogen ironmaking,https://arena.gov.au/knowledge-bank/anu-de-risking-large-scale-australian-fine-ore-hydrogen-ironmaking-poster/,Infographics,https://arena.gov.au/projects/anu-de-risking-large-scale-australian-fine-ore-hydrogen-ironmaking/,2024,Current,https://arena.gov.au/assets/2024/05/ANU-De-risking-large-scale-Australian-fine-ore-hydrogen-ironmaking-poster.pdf,pdfs/Infographics/ANU_-_De-risking_large-scale_Australian_fine-ore_hydrogen_ironmaking_-_poster_42300f.pdf,downloaded
Macquarie University ' upcycling of steelmaking slag for material reuse project - poster,22/05/2024,Renewables for industry,Macquarie University - upcycling of steelmaking slag for material reuse project,https://arena.gov.au/knowledge-bank/macquarie-university-upcycling-of-steelmaking-slag-for-material-reuse-project-poster/,Infographics,https://arena.gov.au/projects/macquarie-university-upcycling-of-steelmaking-slag-for-material-reuse-project/,2024,Current,https://arena.gov.au/assets/2024/05/Macquarie-University-–-upcycling-of-steelmaking-slag-for-material-reuse-project-poster.pdf,pdfs/Infographics/Macquarie_University_'_upcycling_of_steelmaking_slag_for_material_reuse_project_-_poster_e563a9.pdf,downloaded
The University of Newcastle - Electric smelting of hematite-goethite hydrogen DRI - poster,22/05/2024,Renewables for industry,"The University of Newcastle, electric smelting of hematite-goethite hydrogen DRI",https://arena.gov.au/knowledge-bank/the-university-of-newcastle-electric-smelting-of-hematite-goethite-hydrogen-dri-poster/,Infographics,https://arena.gov.au/projects/the-university-of-newcastle-electric-smelting-of-australian-hematite-goethite-hydrogen/,2024,Current,https://arena.gov.au/assets/2024/05/The-University-of-Newcastle-Electric-smelting-of-hematite-goethite-hydrogen-DRI-poster.pdf,pdfs/Infographics/The_University_of_Newcastle_-_Electric_smelting_of_hematite-goethite_hydrogen_DRI_-_poster_f01b24.pdf,downloaded
"UNSW - Blast furnace innovations sustainable, low-carbon ironmaking - poster",22/05/2024,Renewables for industry,"UNSW - blast furnace innovations: sustainable, low-carbon ironmaking project",https://arena.gov.au/knowledge-bank/unsw-blast-furnace-innovations-sustainable-low-carbon-ironmaking-poster/,Infographics,https://arena.gov.au/projects/unsw-blast-furnace-innovations-sustainable/,2024,Current,https://arena.gov.au/assets/2024/05/UNSW-Blast-furnace-innovations-sustainable-low-carbon-ironmaking-poster.pdf,"pdfs/Infographics/UNSW_-_Blast_furnace_innovations_sustainable,_low-carbon_ironmaking_-_poster_766798.pdf",downloaded
Project Converge ACT - Distributed Energy Resources Pilot - Final knowledge sharing report,22/05/2024,Distributed energy resources,Project Converge ACT Distributed Energy Resources Demonstration Pilot,https://arena.gov.au/knowledge-bank/project-converge-act-distributed-energy-resources-pilot-final-knowledge-sharing-report/,Reports,https://arena.gov.au/projects/project-converge-act-distributed-energy-resources-demonstration-pilot/,2021,Past,https://arena.gov.au/assets/2024/05/Project-Converge-ACT-Distributed-Energy-Resources-Demonstration-Pilot-Final-knowledge-sharing-report.pdf,pdfs/Reports/Project_Converge_ACT_-_Distributed_Energy_Resources_Pilot_-_Final_knowledge_sharing_report_21b1c3.pdf,downloaded
Project Converge ACT - Distributed Energy Resources Demo Pilot - Technical Report 2 Economic benefits,22/05/2024,Distributed energy resources,Project Converge ACT Distributed Energy Resources Demonstration Pilot,https://arena.gov.au/knowledge-bank/project-converge-act-distributed-energy-resources-demo-pilot-technical-report-2-economic-benefits/,Reports,https://arena.gov.au/projects/project-converge-act-distributed-energy-resources-demonstration-pilot/,2021,Past,https://arena.gov.au/assets/2024/05/Project-Converge-ACT-Distributed-Energy-Resources-Demonstration-Pilot-Public-Technical-Report-2-Economic-benefits-report.pdf,pdfs/Reports/Project_Converge_ACT_-_Distributed_Energy_Resources_Demo_Pilot_-_Technical_Report_2_Economic_benefits_abb380.pdf,downloaded
ARENA Insights Newsletter Edition #54,30/04/2024,,,https://arena.gov.au/knowledge-bank/arena-insights-newsletter-edition-54/,InsightNewsletter,,,,,,no_pdf_found
Edify Energy - Darlington Point Energy Storage System - Lessons Learnt Report,30/04/2024,Battery storage,Darlington Point Energy Storage System,https://arena.gov.au/knowledge-bank/edify-energy-darlington-point-energy-storage-system-lessons-learnt-report/,"Reports, Lessons",https://arena.gov.au/projects/darlington-point-energy-storage-system/,2022,Current,https://arena.gov.au/assets/2024/04/Edify-Energy-Darlington-Point-Energy-Storage-System-Lessons-Learnt-Report.pdf,pdfs/Reports_Lessons/Edify_Energy_-_Darlington_Point_Energy_Storage_System_-_Lessons_Learnt_Report_90d5aa.pdf,downloaded
Monash - Storage integration in the NEM - Milestone report 3,30/04/2024,Renewables for industry,Monash University Integrating Energy Storage into the NEM Study,https://arena.gov.au/knowledge-bank/monash-storage-integration-in-the-nem-milestone-report-3/,"Reports, Milestones",https://arena.gov.au/projects/monash-university-integrating-energy-storage-into-the-nem-study/,2022,Past,https://arena.gov.au/assets/2024/04/Monash-Storage-integration-in-the-NEM-Milestone-report-3.pdf,pdfs/Reports_Milestones/Monash_-_Storage_integration_in_the_NEM_-_Milestone_report_3_6d351d.pdf,downloaded
Genex ' Kidston Pumped Storage Hydro Project ' Lessons Learnt Report 10,5/04/2024,Hydropower / Pumped Hydro Energy Storage,Kidston Pumped Hydro Energy Storage,https://arena.gov.au/knowledge-bank/genex-kidston-pumped-storage-hydro-project-lessons-learnt-report-10/,"Reports, Lessons",https://arena.gov.au/projects/kidston-pumped-hydro-energy-storage/,2021,Current,https://arena.gov.au/assets/2024/04/Genex-–-Kidston-Pumped-Storage-Hydro-Project-–-Lessons-Learnt-Report-10.pdf,pdfs/Reports_Lessons/Genex_'_Kidston_Pumped_Storage_Hydro_Project_'_Lessons_Learnt_Report_10_84f26a.pdf,downloaded
ARENA - Insights - March 2024 Forum presentations,4/04/2024,Battery storage,,https://arena.gov.au/knowledge-bank/arena-insights-march-2024-forum-presentations/,Presentation,,,,https://arena.gov.au/assets/2024/04/ARENA-Insights-March-2024-Forum-presentations.pdf,pdfs/Presentation/ARENA_-_Insights_-_March_2024_Forum_presentations_328f63.pdf,downloaded
ARENA Insights Newsletter Edition #53,28/03/2024,Solar PV R&amp;D,,https://arena.gov.au/knowledge-bank/arena-insights-newsletter-edition-53/,InsightNewsletter,,,,,,no_pdf_found
Australian Centre for Advanced Photovoltaics (ACAP) - 10-year public dissemination report,28/03/2024,"Solar energy, Solar PV R&amp;D",Australian Centre for Advanced Photovoltaics (ACAP),https://arena.gov.au/knowledge-bank/australian-centre-for-advanced-photovoltaics-acap-10-year-public-dissemination-report/,Reports,https://arena.gov.au/projects/australian-centre-for-advanced-photovoltaics-acap/,2012,Current,https://arena.gov.au/assets/2024/03/Australian-Centre-for-Advanced-Photovoltaics-10th-Anniversary-Public-Dissemination-Report.pdf,pdfs/Reports/Australian_Centre_for_Advanced_Photovoltaics_(ACAP)_-_10-year_public_dissemination_report_052c9e.pdf,downloaded
Western Power - Project Symphony - Social Research Report,26/03/2024,Distributed energy resources,Western Australia Distributed Energy Resources Orchestration Pilot (Project Symphony),https://arena.gov.au/knowledge-bank/western-power-project-symphony-social-research-report/,Reports,https://arena.gov.au/projects/western-australia-distributed-energy-resources-orchestration-pilot/,2021,Past,https://arena.gov.au/assets/2024/03/Western-Power-Project-Symphony-Social-Research-Report.pdf,pdfs/Reports/Western_Power_-_Project_Symphony_-_Social_Research_Report_890630.pdf,downloaded
ENGIE - Future Fuels Public Fast Charging - Lessons Learnt 2,26/03/2024,Electric vehicles,ENGIE Future Fuels Public Fast Charging,https://arena.gov.au/knowledge-bank/engie-future-fuels-public-fast-charging-lessons-learnt-2-2/,"Reports, Lessons",https://arena.gov.au/projects/engie-future-fuels-public-fast-charging/,2021,Past,https://arena.gov.au/assets/2024/03/ENGIE-Future-Fuels-Public-Fast-Charging-Lessons-Learnt-2.pdf,pdfs/Reports_Lessons/ENGIE_-_Future_Fuels_Public_Fast_Charging_-_Lessons_Learnt_2_6fb7c0.pdf,downloaded
Bluescope Steel - Port Kembla Steelworks Renewables & Emissions Reduction Study - Phase 3 Report,8/03/2024,Hydrogen energy,Port Kembla Steelworks Renewables & Emissions Reduction Study,https://arena.gov.au/knowledge-bank/bluescope-steel-port-kembla-steelworks-renewables-emissions-reduction-study-phase-3-report/,Reports,https://arena.gov.au/projects/port-kembla-steelworks-renewables-emissions-reduction-study/,2022,Past,https://arena.gov.au/assets/2024/03/Bluescope-Steel-Port-Kembla-Steelworks-Renewables-Emissions-Reduction-Study-Phase-3-Report.pdf,pdfs/Reports/Bluescope_Steel_-_Port_Kembla_Steelworks_Renewables_&_Emissions_Reduction_Study_-_Phase_3_Report_795760.pdf,downloaded
Frasers Property ' Net Zero Energy Demand Homes - Lessons Learned Report 2,8/03/2024,Distributed energy resources,Frasers Property Net Zero Energy Demand Homes,https://arena.gov.au/knowledge-bank/frasers-property-net-zero-energy-demand-homes-lessons-learned-report-2/,"Reports, Lessons",https://arena.gov.au/projects/net-zero-energy-demand-homes/,2019,Past,https://arena.gov.au/assets/2024/03/Frasers-Property-–-Net-Zero-Energy-Demand-Homes-Lessons-Learned-Report-2.pdf,pdfs/Reports_Lessons/Frasers_Property_'_Net_Zero_Energy_Demand_Homes_-_Lessons_Learned_Report_2_ee6b87.pdf,downloaded
Calix Zesty Tech ' Zero Emissions Iron and Steel - KS5 Pilot Plant Study Report,8/03/2024,Renewables for industry,Calix Zero Emissions Steel Technology (ZESTY) pre-FEED / FEED Study,https://arena.gov.au/knowledge-bank/calix-zesty-tech-zero-emissions-iron-and-steel-ks5-pilot-plant-study-report/,Reports,https://arena.gov.au/projects/calix-zero-emissions-steel-technology-zesty-pre-feed-feed-study/,2022,Past,https://arena.gov.au/assets/2024/03/Calix-Zesty-Tech-–-Zero-Emissions-Iron-and-Steel-KS5-Pilot-Plant-Study-Report.pdf,pdfs/Reports/Calix_Zesty_Tech_'_Zero_Emissions_Iron_and_Steel_-_KS5_Pilot_Plant_Study_Report_c8bc24.pdf,downloaded
CSIRO - ASTRI Australian Solar Thermal Research Institute - Public Dissemination report,4/03/2024,"Concentrated solar thermal, Solar energy",ASTRI Australian Solar Thermal Research Institute,https://arena.gov.au/knowledge-bank/csiro-astri-australian-solar-thermal-research-institute-public-dissemination-report/,Reports,https://arena.gov.au/projects/astri-australian-solar-thermal-research-institute/,2012,Past,https://arena.gov.au/assets/2024/03/CSIRO-ASTRI-Australian-Solar-Thermal-Research-Institute-Public-Dissemination-report.pdf,pdfs/Reports/CSIRO_-_ASTRI_Australian_Solar_Thermal_Research_Institute_-_Public_Dissemination_report_a95565.pdf,downloaded
ARENA Insights Newsletter Edition #52,27/02/2024,Electric vehicles,,https://arena.gov.au/knowledge-bank/arena-insights-newsletter-edition-52/,InsightNewsletter,,,,,,no_pdf_found
ARENA - Vehicle to Grid - Network tariffs report,26/02/2024,Electric vehicles,,https://arena.gov.au/knowledge-bank/arena-vehicle-to-grid-network-tariffs-report/,Reports,,,,https://arena.gov.au/assets/2024/02/ARENA-Vehicle-to-Grid-Network-tariffs-report.pdf,pdfs/Reports/ARENA_-_Vehicle_to_Grid_-_Network_tariffs_report_dc7538.pdf,downloaded
ARENA - Vehicle to Grid - Insights Final Report,26/02/2024,Electric vehicles,,https://arena.gov.au/knowledge-bank/arena-vehicle-to-grid-insights-final-report/,Insights,,,,https://arena.gov.au/assets/2024/02/ARENA-Vehicle-to-Grid-Insights-Final-Report.pdf,pdfs/Insights/ARENA_-_Vehicle_to_Grid_-_Insights_Final_Report_a8eb89.pdf,downloaded
Redback Technologies - Project SHIELD - Project Journey Report,19/02/2024,Distributed energy resources,Project SHIELD - Synchronising Heterogeneous Information to Evaluate Limits for DNSP,https://arena.gov.au/knowledge-bank/redback-technologies-project-shield-project-journey-report/,Reports,https://arena.gov.au/projects/project-shield/,2020,Past,https://arena.gov.au/assets/2024/02/Redback-Technologies-Project-SHIELD-Project-Journey-Report.pdf,pdfs/Reports/Redback_Technologies_-_Project_SHIELD_-_Project_Journey_Report_07a47e.pdf,downloaded
Western Power - Project Symphony - Lessons Learnt Report Milestone 03: Testing,19/02/2024,Distributed energy resources,Western Australia Distributed Energy Resources Orchestration Pilot (Project Symphony),https://arena.gov.au/knowledge-bank/western-power-project-symphony-lessons-learnt-report-milestone-03-testing/,"Reports, Lessons",https://arena.gov.au/projects/western-australia-distributed-energy-resources-orchestration-pilot/,2021,Past,https://arena.gov.au/assets/2024/02/Western-Power-Project-Symphony-Lessons-Learnt-Report-Milestone-03-Testing.pdf,pdfs/Reports_Lessons/Western_Power_-_Project_Symphony_-_Lessons_Learnt_Report_Milestone_03__Testing_d4d6f4.pdf,downloaded
TGE - Depot of the Future Vehicle Electrification Project - Lessons Learnt Reports 1-5,19/02/2024,Electric vehicles,Depot of the Future Vehicle Electrification Project,https://arena.gov.au/knowledge-bank/ipec-depot-of-the-future-vehicle-electrification-project-lessons-learnt-reports-1-5/,"Reports, Lessons",https://arena.gov.au/projects/depot-of-the-future-vehicle-electrification-project/,2022,Current,https://arena.gov.au/assets/2024/02/IPEC-Depot-of-the-Future-Vehicle-Electrification-Project-Lessons-Learnt-Reports-1-5.pdf,pdfs/Reports_Lessons/TGE_-_Depot_of_the_Future_Vehicle_Electrification_Project_-_Lessons_Learnt_Reports_1-5_581b33.pdf,downloaded
Ground Source Systems - Yanderra Shallow Geothermal-Solar Systems Demonstration - Lessons Learnt 3,8/02/2024,Geothermal energy,Yanderra Shallow Geothermal Solar Systems Demonstration Project,https://arena.gov.au/knowledge-bank/ground-source-systems-yanderra-shallow-geothermal-solar-systems-demonstration-lessons-learnt-3/,Lessons,https://arena.gov.au/projects/yanderra-shallow-geothermal-solar-systems-demonstration-project/,2021,Past,https://arena.gov.au/assets/2024/02/Ground-Source-Systems-Yanderra-Shallow-Geothermal-Solar-Systems-Demonstration-Lessons-Learnt-3.pdf,pdfs/Lessons/Ground_Source_Systems_-_Yanderra_Shallow_Geothermal-Solar_Systems_Demonstration_-_Lessons_Learnt_3_8b85ae.pdf,downloaded
TransGrid - Wallgrove Battery - Operations report 3,8/02/2024,Battery storage,TransGrid Wallgrove Battery,https://arena.gov.au/knowledge-bank/transgrid-wallgrove-battery-operations-report-3/,Reports,https://arena.gov.au/projects/transgrid-wallgrove-battery/,2020,Past,https://arena.gov.au/assets/2024/02/TransGrid-Wallgrove-Battery-Operations-report-3.pdf,pdfs/Reports/TransGrid_-_Wallgrove_Battery_-_Operations_report_3_13164e.pdf,downloaded
UNSW - Project MATCH - Knowledge Sharing Report 2,8/02/2024,"Distributed energy resources, Solar energy, Solar PV R&amp;D",Project MATCH,https://arena.gov.au/knowledge-bank/unsw-project-match-knowledge-sharing-report-2/,Reports,https://arena.gov.au/projects/project-match/,2021,Past,https://arena.gov.au/assets/2024/02/UNSW-Project-MATCH-Knowledge-Sharing-Report-2.pdf,pdfs/Reports/UNSW_-_Project_MATCH_-_Knowledge_Sharing_Report_2_7eae04.pdf,downloaded
Neoen - Hornsdale Power Reserve Upgrade - Project Summary Report,8/02/2024,Battery storage,Hornsdale Power Reserve Upgrade,https://arena.gov.au/knowledge-bank/neoen-hornsdale-power-reserve-upgrade-project-summary-report/,Reports,https://arena.gov.au/projects/hornsdale-power-reserve-upgrade/,2019,Current,https://arena.gov.au/assets/2024/02/Neoen-Hornsdale-Power-Reserve-Upgrade-Project-Summary-Report.pdf,pdfs/Reports/Neoen_-_Hornsdale_Power_Reserve_Upgrade_-_Project_Summary_Report_1fd13f.pdf,downloaded
Neoen - Hornsdale Power Reserve Upgrade -  HPRX Market Report,8/02/2024,Battery storage,Hornsdale Power Reserve Upgrade,https://arena.gov.au/knowledge-bank/neoen-hornsdale-power-reserve-upgrade-hprx-market-report/,Reports,https://arena.gov.au/projects/hornsdale-power-reserve-upgrade/,2019,Current,https://arena.gov.au/assets/2024/02/Neoen-Hornsdale-Power-Reserve-Upgrade-HPRX-Market-Report.pdf,pdfs/Reports/Neoen_-_Hornsdale_Power_Reserve_Upgrade_-_HPRX_Market_Report_7665c5.pdf,downloaded
APVI - Silicon to Solar - Detailed and Overview Reports,2/02/2024,"Solar energy, Solar PV R&amp;D",APVI Silicon to Solar Study,https://arena.gov.au/knowledge-bank/apvi-silicon-to-solar-detailed-and-overview-reports/,Reports,https://arena.gov.au/projects/apvi-silicon-to-solar-study/,2023,Past,https://arena.gov.au/assets/2024/02/APVI-Silicon-to-Solar-Detailed-Report.pdf,pdfs/Reports/APVI_-_Silicon_to_Solar_-_Detailed_and_Overview_Reports_996b97.pdf,downloaded
DEIP Market Integration Trials Summary Report 2.0,29/01/2024,Distributed energy resources,,https://arena.gov.au/knowledge-bank/deip-der-market-integration-trials-summary-report-2/,Reports,,,,https://arena.gov.au/assets/2024/01/DEIP-Market-Integration-Trials-Summary-Report-2.0.pdf,pdfs/Reports/DEIP_Market_Integration_Trials_Summary_Report_2.0_332e5b.pdf,downloaded
DEIP - DEIP Dive - Event Summary 2023,26/01/2024,Demand response,,https://arena.gov.au/knowledge-bank/deip-deip-dive-event-summary-2023/,Reports,,,,https://arena.gov.au/assets/2024/01/DEIP-DEIP-Dive-Event-Summary-2023.pdf,pdfs/Reports/DEIP_-_DEIP_Dive_-_Event_Summary_2023_16c5aa.pdf,downloaded
JET Charge - Charging as a Service - Lessons Learnt 1,18/01/2024,Electric vehicles,,https://arena.gov.au/knowledge-bank/jet-charge-charging-as-a-service-lessons-learnt-1/,"Reports, Lessons",,,,https://arena.gov.au/assets/2024/01/JET-Charge-Charging-as-a-Service-Lessons-Learnt-1.pdf,pdfs/Reports_Lessons/JET_Charge_-_Charging_as_a_Service_-_Lessons_Learnt_1_0c78af.pdf,downloaded
PLUS ES - South Australia Demand Flexibility Trial - Lessons Learnt 2,18/01/2024,"Demand response, Renewables for industry",PLUS ES South Australia Demand Flexibility Trial,https://arena.gov.au/knowledge-bank/plus-es-south-australia-demand-flexibility-trial-lessons-learnt-2/,"Reports, Lessons",https://arena.gov.au/projects/plus-es-south-australia-demand-flexibility-trial/,2022,Past,https://arena.gov.au/assets/2024/01/PLUS-ES-South-Australia-Demand-Flexibility-Trial-Lessons-Learnt-2.pdf,pdfs/Reports_Lessons/PLUS_ES_-_South_Australia_Demand_Flexibility_Trial_-_Lessons_Learnt_2_8c461e.pdf,downloaded
Viva - New Energies Service Station Geelong Demonstration Project - Lessons Learned Report 1,16/01/2024,Hydrogen energy,New Energies Service Station Geelong Demonstration Project,https://arena.gov.au/knowledge-bank/viva-new-energies-service-station-geelong-demonstration-project-lessons-learned-report-1/,"Reports, Lessons",https://arena.gov.au/projects/new-energies-service-station-geelong-demonstration-project/,2022,Current,https://arena.gov.au/assets/2024/01/Viva-New-Energies-Service-Station-Geelong-Demonstration-Project-Lessons-Learned-Report-1.pdf,pdfs/Reports_Lessons/Viva_-_New_Energies_Service_Station_Geelong_Demonstration_Project_-_Lessons_Learned_Report_1_ffe440.pdf,downloaded
SA Power Networks - Flexible Exports for Solar PV Trial - Final Report,16/01/2024,"Solar energy, Solar PV R&amp;D",SA Power Networks Flexible Exports for Solar PV Trial,https://arena.gov.au/knowledge-bank/sa-power-networks-flexible-exports-for-solar-pv-trial-final-report/,Reports,https://arena.gov.au/projects/sa-power-networks-flexible-exports-for-solar-pv-trial/,2020,Past,https://arena.gov.au/assets/2024/01/SA-Power-Networks-Flexible-Exports-for-Solar-PV-Trial-Final-Report.pdf,pdfs/Reports/SA_Power_Networks_-_Flexible_Exports_for_Solar_PV_Trial_-_Final_Report_5fec84.pdf,downloaded
Relectrify - Second-Life Battery Trial - Lessons Learnt Report,16/01/2024,Battery storage,Relectrify Second-Life Battery Trial,https://arena.gov.au/knowledge-bank/relectrify-second-life-battery-trial-lessons-learnt-report/,"Reports, Lessons",https://arena.gov.au/projects/relectrify-second-life-battery-trial/,2020,Past,https://arena.gov.au/assets/2024/01/Relectrify-Second-Life-Battery-Trial-Lessons-Learnt-Report.pdf,pdfs/Reports_Lessons/Relectrify_-_Second-Life_Battery_Trial_-_Lessons_Learnt_Report_1a3cdb.pdf,downloaded
AGL ' Broken Hill Grid-Forming Battery ' System Strength Modelling Knowledge Sharing Report,16/01/2024,"Battery storage, System security and reliability",AGL Broken Hill Grid-Forming Battery,https://arena.gov.au/knowledge-bank/agl-broken-hill-grid-forming-battery-system-strength-modelling-knowledge-sharing-report/,Reports,https://arena.gov.au/projects/agl-broken-hill-grid-forming-battery/,2021,Past,https://arena.gov.au/assets/2024/01/AGL-–-Broken-Hill-Grid-Forming-Battery-–-System-Strength-Modelling-Knowledge-Sharing-Report.pdf,pdfs/Reports/AGL_'_Broken_Hill_Grid-Forming_Battery_'_System_Strength_Modelling_Knowledge_Sharing_Report_8cdadf.pdf,downloaded
AGL - Broken Hill Grid-Forming Battery - Lessons Learnt Report 1,16/01/2024,"Battery storage, System security and reliability",AGL Broken Hill Grid-Forming Battery,https://arena.gov.au/knowledge-bank/agl-broken-hill-grid-forming-battery-lessons-learnt-report-1/,"Reports, Lessons",https://arena.gov.au/projects/agl-broken-hill-grid-forming-battery/,2021,Past,https://arena.gov.au/assets/2024/01/AGL-Broken-Hill-Grid-Forming-Battery-Lessons-Learnt-Report-1.pdf,pdfs/Reports_Lessons/AGL_-_Broken_Hill_Grid-Forming_Battery_-_Lessons_Learnt_Report_1_5c29bc.pdf,downloaded
Reactive - System Inertia Measurement Demonstration - Lessons Learned Report 2,16/01/2024,System security and reliability,Reactive Technologies - System Inertia Measurement Demonstration,https://arena.gov.au/knowledge-bank/reactive-system-inertia-measurement-demonstration-lessons-learned-report-2/,"Reports, Lessons",https://arena.gov.au/projects/reactive-technologies-system-inertia-measurement-demonstration/,2020,Past,https://arena.gov.au/assets/2024/01/Reactive-System-Inertia-Measurement-Demonstration-Lessons-Learned-Report-2.pdf,pdfs/Reports_Lessons/Reactive_-_System_Inertia_Measurement_Demonstration_-_Lessons_Learned_Report_2_b621fa.pdf,downloaded
Jemena - Power to Gas Demonstration - Project technical report,16/01/2024,Hydrogen energy,Jemena Power to Gas Demonstration,https://arena.gov.au/knowledge-bank/jemena-power-to-gas-demonstration-project-technical-report/,Reports,https://arena.gov.au/projects/jemena-power-to-gas-demonstration/,2018,Past,https://arena.gov.au/assets/2024/01/Jemena-Power-to-Gas-Demonstration-Project-technical-report.pdf,pdfs/Reports/Jemena_-_Power_to_Gas_Demonstration_-_Project_technical_report_539c29.pdf,downloaded
Jemena - Power to Gas Demonstration - Lessons Learned and Final Report,16/01/2024,Hydrogen energy,Jemena Power to Gas Demonstration,https://arena.gov.au/knowledge-bank/jemena-power-to-gas-demonstration-lessons-learned-and-final-report/,"Reports, Lessons",https://arena.gov.au/projects/jemena-power-to-gas-demonstration/,2018,Past,https://arena.gov.au/assets/2024/01/Jemena-Power-to-Gas-Demonstration-Lessons-Learned-and-Final-Report.pdf,pdfs/Reports_Lessons/Jemena_-_Power_to_Gas_Demonstration_-_Lessons_Learned_and_Final_Report_944576.pdf,downloaded
Intellihub Demand Flexibility Platform Knowledge Sharing Report 1,16/01/2024,Demand response,Intellihub Demand Flexibility Platform Project,https://arena.gov.au/knowledge-bank/intellihub-demand-flexibility-platform-knowledge-sharing-report-1/,Reports,https://arena.gov.au/projects/intellihub-demand-flexibility-platform-project/,2023,Past,https://arena.gov.au/assets/2024/01/Intellihub-Demand-Flexibility-Platform-Knowledge-Sharing-Report-1.pdf,pdfs/Reports/Intellihub_Demand_Flexibility_Platform_Knowledge_Sharing_Report_1_964b2e.pdf,downloaded
AEMO - Project Edge - Executive Summary Revised,16/01/2024,System security and reliability,AEMO - Project EDGE (Energy Demand and Generation Exchange),https://arena.gov.au/knowledge-bank/aemo-project-edge-executive-summary-revised/,Reports,https://arena.gov.au/projects/project-edge-energy-demand-and-generation-exchange/,2020,Past,https://arena.gov.au/assets/2024/01/AEMO-Project-Edge-Executive-Summary-Revised.pdf,pdfs/Reports/AEMO_-_Project_Edge_-_Executive_Summary_Revised_55a70d.pdf,downloaded
ARENA Insights Newsletter Edition #51,20/12/2023,,,https://arena.gov.au/knowledge-bank/arena-insights-newsletter-edition-51/,InsightNewsletter,,,,,,no_pdf_found
AEMO - Connections tool - Project overview and lessons learnt report,15/12/2023,System security and reliability,AEMO Connections Tool Project,https://arena.gov.au/knowledge-bank/aemo-connections-tool-project-overview-and-lessons-learnt-report/,Reports,https://arena.gov.au/projects/aemo-connections-tool-project/,2021,Past,https://arena.gov.au/assets/2023/12/AEMO-Connections-tool-Project-overview-and-lessons-learnt-report.pdf,pdfs/Reports/AEMO_-_Connections_tool_-_Project_overview_and_lessons_learnt_report_20e9ab.pdf,downloaded
DEIP - DEIP Dive 2023 - Slide deck,12/12/2023,Demand response,,https://arena.gov.au/knowledge-bank/deip-deip-dive-2023-slide-deck/,Presentation,,,,https://arena.gov.au/assets/2023/12/DEIP-DEIP-Dive-2023-Slide-deck.pdf,pdfs/Presentation/DEIP_-_DEIP_Dive_2023_-_Slide_deck_172ddf.pdf,downloaded
ANU - Monolithic Si-perovskite tandem solar cell - Public dissemination report,12/12/2023,"Solar energy, Solar PV R&amp;D",Monolithic Si/Perovskite Tandem Solar Cell: Towards High-Efficiency at Low-Cost,https://arena.gov.au/knowledge-bank/anu-monolithic-si-perovskite-tandem-solar-cell-public-dissemination-report/,Reports,https://arena.gov.au/projects/monolithic-si-perovskite-tandem-solar-cell-towards-high-efficiency-at-low-cost/,2020,Past,https://arena.gov.au/assets/2023/12/ANU-Monolithic-Si-perovskite-tandem-solar-cell-Public-dissemination-report.pdf,pdfs/Reports/ANU_-_Monolithic_Si-perovskite_tandem_solar_cell_-_Public_dissemination_report_3f1479.pdf,downloaded
ANU - Direct Water Electrolysis - Public dissemination report,12/12/2023,Hydrogen energy,"Improving Efficiency, Durability & Cost-effectiveness of III-V Semiconductors",https://arena.gov.au/knowledge-bank/anu-direct-water-electrolysis-public-dissemination-report/,Reports,https://arena.gov.au/projects/direct-water-electrolysis/,2018,Past,https://arena.gov.au/assets/2023/12/ANU-Direct-Water-Electrolysis-Public-dissemination-report.pdf,pdfs/Reports/ANU_-_Direct_Water_Electrolysis_-_Public_dissemination_report_e39aa2.pdf,downloaded
"UNSW - Earth-abundant, RoHS-compliant antimony chalcogenide - Public Dissemination Report",11/12/2023,"Solar energy, Solar PV R&amp;D",Antimony Chalcogenide: Top Cell Alternative for Silicon Tandem Cells,https://arena.gov.au/knowledge-bank/unsw-earth-abundant-rohs-compliant-antimony-chalcogenide-public-dissemination-report/,Reports,https://arena.gov.au/projects/antimony-chalcogenide-top-cell-alternative-for-silicon-tandem-cells/,2020,Past,https://arena.gov.au/assets/2023/12/UNSW-Earth-abundant-RoHS-compliant-antimony-chalcogenide-Public-Dissemination-Report.pdf,"pdfs/Reports/UNSW_-_Earth-abundant,_RoHS-compliant_antimony_chalcogenide_-_Public_Dissemination_Report_c71768.pdf",downloaded
University of Wollongong - Impact and Management of Harmonic Distortion for Large Renewable Generators - Project Summary,11/12/2023,System security and reliability,Impact and Management of Harmonic Distortion for Large Renewable Generators,https://arena.gov.au/knowledge-bank/university-of-wollongong-impact-and-management-of-harmonic-distortion-for-large-renewable-generators-project-summary/,Reports,https://arena.gov.au/projects/impact-and-management-of-harmonic-distortion-for-large-renewable-generators/,2020,Past,https://arena.gov.au/assets/2023/12/University-of-Wollongong-Impact-and-Management-of-Harmonic-Distortion-for-Large-Renewable-Generators-Project-Summary.pdf,pdfs/Reports/University_of_Wollongong_-_Impact_and_Management_of_Harmonic_Distortion_for_Large_Renewable_Generators_-_Project_Summary_2c6919.pdf,downloaded
ARENA Insights Newsletter Edition #50,30/11/2023,Hydrogen energy,,https://arena.gov.au/knowledge-bank/arena-insights-newsletter-edition-50/,InsightNewsletter,,,,,,no_pdf_found
Macquarie Group - Newcastle Green Hydrogen Hub - Public Feasibility Report,30/11/2023,Hydrogen energy,The Port of Newcastle Hydrogen Hub Feasibility Study,https://arena.gov.au/knowledge-bank/macquarie-group-newcastle-green-hydrogen-hub-public-feasibility-report/,Reports,https://arena.gov.au/projects/the-port-of-newcastle-hydrogen-hub-feasibility-study/,2021,Past,https://arena.gov.au/assets/2023/11/Macquarie-Group-Newcastle-Green-Hydrogen-Hub-Public-Feasibility-Report.pdf,pdfs/Reports/Macquarie_Group_-_Newcastle_Green_Hydrogen_Hub_-_Public_Feasibility_Report_e49b4a.pdf,downloaded
Engie - Yuri Renewable Hydrogen to Ammonia - Lessons Learned Report,30/11/2023,"Battery storage, Hydrogen energy, Large-scale solar",Yuri Renewable Hydrogen to Ammonia Project,https://arena.gov.au/knowledge-bank/engie-yuri-renewable-hydrogen-to-ammonia-lessons-learned-report/,"Reports, Lessons",https://arena.gov.au/projects/yuri-renewable-hydrogen-to-ammonia-project/,2022,Current,https://arena.gov.au/assets/2023/11/Engie-Yuri-Renewable-Hydrogen-to-Ammonia-lessons-learned-report.pdf,pdfs/Reports_Lessons/Engie_-_Yuri_Renewable_Hydrogen_to_Ammonia_-_Lessons_Learned_Report_f7047c.pdf,downloaded
SA Power Networks - Flexible Exports for Solar PV Trial - NRG Customer Research Report,21/11/2023,"Solar energy, Solar PV R&amp;D",SA Power Networks Flexible Exports for Solar PV Trial,https://arena.gov.au/knowledge-bank/sa-power-networks-flexible-exports-for-solar-pv-trial/,Reports,https://arena.gov.au/projects/sa-power-networks-flexible-exports-for-solar-pv-trial/,2020,Past,https://arena.gov.au/assets/2023/11/SA-Power-Networks-Flexible-Exports-for-Solar-PV-Trial-NRG-Customer-Research-Report.pdf,pdfs/Reports/SA_Power_Networks_-_Flexible_Exports_for_Solar_PV_Trial_-_NRG_Customer_Research_Report_6ad635.pdf,downloaded
Genex - Kidston Pumped Storage Hydro Project - Lessons Learnt Report 9,1/11/2023,Hydropower / Pumped Hydro Energy Storage,Kidston Pumped Hydro Energy Storage,https://arena.gov.au/knowledge-bank/genex-kidston-pumped-storage-hydro-project-lessons-learnt-report-9/,Reports,https://arena.gov.au/projects/kidston-pumped-hydro-energy-storage/,2021,Current,https://arena.gov.au/assets/2023/11/Lessons-Learnt-Report-9-20231205_public-version.pdf,pdfs/Reports/Genex_-_Kidston_Pumped_Storage_Hydro_Project_-_Lessons_Learnt_Report_9_0f0e92.pdf,downloaded
Wattwatchers - My Energy Marketplace - Final Knowledge Sharing Report,1/11/2023,Distributed energy resources,My Energy Marketplace,https://arena.gov.au/knowledge-bank/wattwatchers-my-energy-marketplace-final-knowledge-sharing-report/,Reports,https://arena.gov.au/projects/wattwatchers-my-energy-marketplace/,2019,Past,https://arena.gov.au/assets/2023/10/Wattwatchers-My-Energy-Marketplace-Final-Knowledge-Sharing-Report.pdf,pdfs/Reports/Wattwatchers_-_My_Energy_Marketplace_-_Final_Knowledge_Sharing_Report_fae572.pdf,downloaded
Alice Springs Future Grid - Wind Resource Monitoring Trial Technical Report #2,1/11/2023,"Solar energy, Solar PV R&amp;D",Alice Springs Future Grid Project,https://arena.gov.au/knowledge-bank/alice-springs-future-grid-wind-resource-monitoring-trial-technical-report-2/,Reports,https://arena.gov.au/projects/alice-springs-future-grid-project/,2020,Past,https://arena.gov.au/assets/2023/10/DKRI-DKA-Intyalheme-Alice-Springs-Future-Grid-Wind-Resource-Monitoring-Trial-Technical-Report-2.pdf,pdfs/Reports/Alice_Springs_Future_Grid_-_Wind_Resource_Monitoring_Trial_Technical_Report_#2_79aee5.pdf,downloaded
ARENA Insights Newsletter Edition #49,1/11/2023,Battery storage,,https://arena.gov.au/knowledge-bank/arena-insights-newsletter-edition-49/,"Insights, InsightNewsletter",,,,,,no_pdf_found
Neoen - Hornsdale Power Reserve Expansion - HPRX-Operations Report - H12023,25/10/2023,Battery storage,Hornsdale Power Reserve Upgrade,https://arena.gov.au/knowledge-bank/neoen-hornsdale-power-reserve-expansion-hprx-operations-report-h12023/,Reports,https://arena.gov.au/projects/hornsdale-power-reserve-upgrade/,2019,Current,https://arena.gov.au/assets/2023/10/Neoen-Hornsdale-Power-Reserve-Expansion-HPRX-Operations-Report-H12023.pdf,pdfs/Reports/Neoen_-_Hornsdale_Power_Reserve_Expansion_-_HPRX-Operations_Report_-_H12023_d583f5.pdf,downloaded
Transgrid ' Wallgrove Grid Battery ' Operations report #1,23/10/2023,Battery storage,,https://arena.gov.au/knowledge-bank/transgrid-wallgrove-grid-battery-operations-report-1/,Reports,,,,https://arena.gov.au/assets/2023/10/Transgrid-–-Wallgrid-grid-battery-–-Operations-report-1.pdf,pdfs/Reports/Transgrid_'_Wallgrove_Grid_Battery_'_Operations_report_#1_cafe76.pdf,downloaded
Transgrid ' Wallgrove Grid Battery ' Commissioning Report,23/10/2023,Battery storage,TransGrid Wallgrove Battery,https://arena.gov.au/knowledge-bank/transgrid-wallgrove-grid-battery-commissioning-report/,Reports,https://arena.gov.au/projects/transgrid-wallgrove-battery/,2020,Past,https://arena.gov.au/assets/2023/10/Transgrid-–-Wallgrid-grid-battery-–-Commissioning-Report.pdf,pdfs/Reports/Transgrid_'_Wallgrove_Grid_Battery_'_Commissioning_Report_40928c.pdf,downloaded
"Western Power - Project Symphony - Combined Platform (as built) Report  for DSO, DMO and Aggregator",18/10/2023,Distributed energy resources,Western Australia Distributed Energy Resources Orchestration Pilot (Project Symphony),https://arena.gov.au/knowledge-bank/western-power-project-symphony-combined-platform-as-built-report-for-dso-dmo-and-aggregator/,Reports,https://arena.gov.au/projects/western-australia-distributed-energy-resources-orchestration-pilot/,2021,Past,https://arena.gov.au/assets/2023/10/Western-Power-Project-Symphony-Combined-Platform-Report.pdf,"pdfs/Reports/Western_Power_-_Project_Symphony_-_Combined_Platform_(as_built)_Report_for_DSO,_DMO_and_Aggregator_e689b5.pdf",downloaded
UNSW and Melbourne University - Enabling Use of Renewable Hydrogen - Knowledge Sharing Report,18/10/2023,Hydrogen energy,"Enabling Efficient, Affordable & Robust Use of Renewable Hydrogen",https://arena.gov.au/knowledge-bank/unsw-and-melbourne-university-enabling-use-of-renewable-hydrogen-knowledge-sharing-report/,Reports,https://arena.gov.au/projects/enabling-efficient-affordable-robust-renewable-hydrogen/,2018,Past,https://arena.gov.au/assets/2023/10/UNSW-and-Melb-Uni-Enabling-Use-of-Renewable-Hydrogen-Knowledge-Sharing-Report.pdf,pdfs/Reports/UNSW_and_Melbourne_University_-_Enabling_Use_of_Renewable_Hydrogen_-_Knowledge_Sharing_Report_c3bcb6.pdf,downloaded
Alinta - Alinta Fortescue Solar Gas Hybrid Project - Annual Performance Report,18/10/2023,"Battery storage, Hybrid technologies, Solar energy, Solar PV R&amp;D",APA Fortescue Solar Gas Hybrid Project,https://arena.gov.au/knowledge-bank/alinta-alinta-fortescue-solar-gas-hybrid-project-annual-performance-report/,Reports,https://arena.gov.au/projects/alinta-fortescue-solar-gas-hybrid-project/,2019,Current,https://arena.gov.au/assets/2023/10/Alinta-Alinta-Fortescue-Solar-Gas-Hybrid-Project-Annual-Performance-Report.pdf,pdfs/Reports/Alinta_-_Alinta_Fortescue_Solar_Gas_Hybrid_Project_-_Annual_Performance_Report_e9cad9.pdf,downloaded
Alinta - Alinta Fortescue Solar Gas Hybrid Project - Final Project Report,18/10/2023,"Battery storage, Hybrid technologies, Solar energy, Solar PV R&amp;D",APA Fortescue Solar Gas Hybrid Project,https://arena.gov.au/knowledge-bank/alinta-alinta-fortescue-solar-gas-hybrid-project-final-project-report/,Reports,https://arena.gov.au/projects/alinta-fortescue-solar-gas-hybrid-project/,2019,Current,https://arena.gov.au/assets/2023/10/Alinta-Alinta-Fortescue-Solar-Gas-Hybrid-Project-Final-Project-Report.pdf,pdfs/Reports/Alinta_-_Alinta_Fortescue_Solar_Gas_Hybrid_Project_-_Final_Project_Report_7c99d7.pdf,downloaded
NEOEN ' HPRX ' Operations Public Report #1,18/10/2023,Battery storage,Hornsdale Power Reserve Upgrade,https://arena.gov.au/knowledge-bank/neoen-hprx-operations-public-report-1/,Reports,https://arena.gov.au/projects/hornsdale-power-reserve-upgrade/,2019,Current,https://arena.gov.au/assets/2023/10/NEOEN-HPRX-Operations-Public-Report.pdf,pdfs/Reports/NEOEN_'_HPRX_'_Operations_Public_Report_#1_298d4b.pdf,downloaded
AEMO - Project EDGE - Final Report,18/10/2023,System security and reliability,AEMO - Project EDGE (Energy Demand and Generation Exchange),https://arena.gov.au/knowledge-bank/aemo-project-edge-final-report/,"Reports, Lessons",https://arena.gov.au/projects/project-edge-energy-demand-and-generation-exchange/,2020,Past,https://arena.gov.au/assets/2023/10/AEMO-Project-EDGE-Final-Report.pdf,pdfs/Reports_Lessons/AEMO_-_Project_EDGE_-_Final_Report_139b3d.pdf,downloaded
AEMO - Project EDGE - Independent CBA Full Report,18/10/2023,System security and reliability,AEMO - Project EDGE (Energy Demand and Generation Exchange),https://arena.gov.au/knowledge-bank/aemo-project-edge-independent-cba-full-report/,Reports,https://arena.gov.au/projects/project-edge-energy-demand-and-generation-exchange/,2020,Past,https://arena.gov.au/assets/2023/10/AEMO-Project-EDGE-Independent-CBA-Full-Report.pdf,pdfs/Reports/AEMO_-_Project_EDGE_-_Independent_CBA_Full_Report_4ffe18.pdf,downloaded
AEMO - Project EDGE - Independent CBA Executive Summary,18/10/2023,System security and reliability,AEMO - Project EDGE (Energy Demand and Generation Exchange),https://arena.gov.au/knowledge-bank/aemo-project-edge-independent-cba-executive-summary/,Reports,https://arena.gov.au/projects/project-edge-energy-demand-and-generation-exchange/,2020,Past,https://arena.gov.au/assets/2023/10/AEMO-Project-EDGE-Independent-CBA-Executive-Summary.pdf,pdfs/Reports/AEMO_-_Project_EDGE_-_Independent_CBA_Executive_Summary_ef47b8.pdf,downloaded
Transgrid - Wallgrid grid battery - Operations report 2,9/10/2023,Battery storage,TransGrid Wallgrove Battery,https://arena.gov.au/knowledge-bank/transgrid-wallgrid-grid-battery-operations-report-2/,Reports,https://arena.gov.au/projects/transgrid-wallgrove-battery/,2020,Past,https://arena.gov.au/assets/2023/10/Transgrid-Wallgrid-grid-batterty-Operations-report-2.pdf,pdfs/Reports/Transgrid_-_Wallgrid_grid_battery_-_Operations_report_2_21fe3e.pdf,downloaded
UNSW - Development of Beyond 20% Efficiency Kesterite (CZTSSe) Solar - Final Report (PDF 285KB),9/10/2023,"Solar energy, Solar PV R&amp;D",Development of Beyond 20% Efficiency Kesterite (CZTSSe) Solar Cells,https://arena.gov.au/knowledge-bank/unsw-development-of-beyond-20-efficiency-kesterite-cztsse-solar-final-report-pdf-285kb/,Reports,https://arena.gov.au/projects/development-of-kesterite-cztsse-solar-cells/,2017,Past,https://arena.gov.au/assets/2023/10/UNSW-Development-of-Beyond-20-per-cent-Efficiency-Kesterite-Solar-Final-Report.pdf,pdfs/Reports/UNSW_-_Development_of_Beyond_20%_Efficiency_Kesterite_(CZTSSe)_Solar_-_Final_Report_(PDF_285KB)_5ea905.pdf,downloaded
Mirvac - The Fabric Milestone 2 Knowledge Sharing Report,6/10/2023,Renewables in buildings,Mirvac Net Zero Energy Homes,https://arena.gov.au/knowledge-bank/mirvac-the-fabric-milestone-2-knowledge-sharing-report/,"Reports, Lessons",https://arena.gov.au/projects/net-zero-energy-homes/,2019,Past,https://arena.gov.au/assets/2023/10/Mirvac-The-Fabric-Milestone-2-Knowledge-Sharing-Report.pdf,pdfs/Reports_Lessons/Mirvac_-_The_Fabric_Milestone_2_Knowledge_Sharing_Report_d7d2ab.pdf,downloaded
Kidston Pumped Storage Hydro Project - Lessons Learnt Report,3/10/2023,Hydropower / Pumped Hydro Energy Storage,Kidston Pumped Hydro Energy Storage,https://arena.gov.au/knowledge-bank/kidston-pumpeod-storage-hydro-project-lessons-learnt-report/,"Reports, Lessons",https://arena.gov.au/projects/kidston-pumped-hydro-energy-storage/,2021,Current,https://arena.gov.au/assets/2023/08/Kidston-Pumped-Storage-Hydro-Project-–-Lessons-Learnt-Report-PDF-2MB.pdf,pdfs/Reports_Lessons/Kidston_Pumped_Storage_Hydro_Project_-_Lessons_Learnt_Report_620ce0.pdf,downloaded
My Energy Marketplace - Lessons Learnt Report,3/10/2023,Distributed energy resources,My Energy Marketplace,https://arena.gov.au/knowledge-bank/my-energy-marketplace-lessons-learnt-report/,"Reports, Lessons",https://arena.gov.au/projects/wattwatchers-my-energy-marketplace/,2019,Past,https://arena.gov.au/assets/2023/10/My-Energy-Marketplace-Lessons-Learnt-Report.pdf,pdfs/Reports_Lessons/My_Energy_Marketplace_-_Lessons_Learnt_Report_7cbbb8.pdf,downloaded
NT SETuP Performance Report 4,2/10/2023,"Battery storage, Hybrid technologies, Off grid, Solar energy",NT Solar Energy Transformation Program,https://arena.gov.au/knowledge-bank/nt-setup-performance-report-4/,Reports,https://arena.gov.au/projects/northern-territory-solar-energy-transformation-program/,2014,Past,https://arena.gov.au/assets/2023/10/NT-SETuP-Performance-Report-4.pdf,pdfs/Reports/NT_SETuP_Performance_Report_4_a3e18f.pdf,downloaded
2022 Annual Report ' Australian Centre for Advanced Photovoltaics,2/10/2023,"Solar energy, Solar PV R&amp;D",Australian Centre for Advanced Photovoltaics (ACAP),https://arena.gov.au/knowledge-bank/aust-centre-for-advanced-photovoltaics-annual-report-2022/,Reports,https://arena.gov.au/projects/australian-centre-for-advanced-photovoltaics-acap/,2012,Current,https://arena.gov.au/assets/2023/10/CS233890-ACAP-Report-2022-digital_V03.1.pdf,pdfs/Reports/2022_Annual_Report_'_Australian_Centre_for_Advanced_Photovoltaics_38ac4b.pdf,downloaded
ANU - New Materials - Perovskite modules that are stable under real world conditions,2/10/2023,"Solar energy, Solar PV R&amp;D",Stable Perovskite Modules Under Real-World Conditions,https://arena.gov.au/knowledge-bank/anu-new-materials-perovskite-modules-that-are-stable-under-real-world-conditions/,Reports,https://arena.gov.au/projects/stable-perovskite-modules-under-real-world-conditions/,2020,Past,https://arena.gov.au/assets/2023/10/ANU-New-Materials-Perovskite-modules-that-are-stable-under-real-world-conditions.pdf,pdfs/Reports/ANU_-_New_Materials_-_Perovskite_modules_that_are_stable_under_real_world_conditions_ffc900.pdf,downloaded
ARENA Insights Newsletter Edition #48,2/10/2023,Renewables for industry,,https://arena.gov.au/knowledge-bank/arena-insights-newsletter-edition-48/,"Insights, InsightNewsletter",,,,,,no_pdf_found
ARENA Insights Newsletter Edition #47,2/10/2023,Electric vehicles,,https://arena.gov.au/knowledge-bank/arena-insights-newsletter-edition-47/,"Insights, InsightNewsletter",,,,,,no_pdf_found
Alumina Working Group - Spotlight Interview,27/09/2023,Renewables for industry,,https://arena.gov.au/knowledge-bank/alumina-working-group-spotlight-interview/,"Reports, Insights",,,,https://arena.gov.au/assets/2023/09/ARENA-Insights-Spotlight-AR274.pdf,pdfs/Reports_Insights/Alumina_Working_Group_-_Spotlight_Interview_19848b.pdf,downloaded
Port Kembla Steelworks Renewables & Emissions Reduction Study,21/09/2023,Hydrogen energy,Port Kembla Steelworks Renewables & Emissions Reduction Study,https://arena.gov.au/knowledge-bank/port-kembla-steelworks-renewables-emissions-reduction-study/,Reports,https://arena.gov.au/projects/port-kembla-steelworks-renewables-emissions-reduction-study/,2022,Past,https://arena.gov.au/assets/2023/09/Port-Kembla-Steelworks-Renewables-and-Emissions-Reduction-Study-Biochar-Investigation.pdf,pdfs/Reports/Port_Kembla_Steelworks_Renewables_&_Emissions_Reduction_Study_09f4ad.pdf,downloaded
Calix Zesty Tech - Zero Emissions Iron and Steel - Pre-Feed Report Demo,21/09/2023,Renewables for industry,Calix Zero Emissions Steel Technology (ZESTY) pre-FEED / FEED Study,https://arena.gov.au/knowledge-bank/calix-zesty-tech-zero-emissions-iron-and-steel-pre-feed-report-demo/,Reports,https://arena.gov.au/projects/calix-zero-emissions-steel-technology-zesty-pre-feed-feed-study/,2022,Past,https://arena.gov.au/assets/2023/09/Calix-Zesty-Tech-Zero-Emissions-Iron-and-Steel-Pre-Feed-Report-Demo.pdf,pdfs/Reports/Calix_Zesty_Tech_-_Zero_Emissions_Iron_and_Steel_-_Pre-Feed_Report_Demo_12b845.pdf,downloaded
HPRX Virtual Machine Mode (VMM) Modelled vs Actual Report,18/09/2023,Battery storage,Hornsdale Power Reserve Upgrade,https://arena.gov.au/knowledge-bank/hprx-virtual-machine-mode-vmm-modelled-vs-actual-report/,Reports,https://arena.gov.au/projects/hornsdale-power-reserve-upgrade/,2019,Current,https://arena.gov.au/assets/2023/09/HPRX-VMM-Modelled-vs-Actual-Report.pdf,pdfs/Reports/HPRX_Virtual_Machine_Mode_(VMM)_Modelled_vs_Actual_Report_038ee6.pdf,downloaded
"UNSW - Advanced Silicon, Reduced Solar Module Temperature R&D - Final Report",18/09/2023,Solar energy,,https://arena.gov.au/knowledge-bank/unsw-advanced-silicon-reduced-solar-module-temperature-rd-final-report/,Reports,,,,https://arena.gov.au/assets/2023/09/UNSW-Advanced-Silicon-Reduced-Solar-Module-Temperature-RD-project-Final-Report.pdf,"pdfs/Reports/UNSW_-_Advanced_Silicon,_Reduced_Solar_Module_Temperature_R&D_-_Final_Report_8a6f80.pdf",downloaded
Jolt Lessons Learnt - Final report,18/09/2023,Electric vehicles,Metro Advertising Revenue Funded Electric Vehicle Charging Trial,https://arena.gov.au/knowledge-bank/jolt-lessons-learnt-final-report/,Reports,https://arena.gov.au/projects/metro-advertising-revenue-funded-electric-vehicle-charging-trial/,2020,Past,https://arena.gov.au/assets/2023/09/JOLT-Charge-Lessons-Learnt.pdf,pdfs/Reports/Jolt_Lessons_Learnt_-_Final_report_edc621.pdf,downloaded
AHC - Hydrogen Park South Australia Public Knowledge Sharing Report,18/09/2023,Hydrogen energy,Australian Hydrogen Centre,https://arena.gov.au/knowledge-bank/ahc-hydrogen-park-south-australia-public-knowledge-sharing-report/,Reports,https://arena.gov.au/projects/australian-hydrogen-centre/,2019,Past,https://arena.gov.au/assets/2023/09/AHC-Hydrogen-Park-South-Australia-Public-Knowledge-Sharing-Report.pdf,pdfs/Reports/AHC_-_Hydrogen_Park_South_Australia_Public_Knowledge_Sharing_Report_e1567d.pdf,downloaded
AHC - 10% Hydrogen Distribution Networks: Victoria Feasibility Study,18/09/2023,Hydrogen energy,Australian Hydrogen Centre,https://arena.gov.au/knowledge-bank/ahc-10-hydrogen-distribution-networks-victoria-feasibility-study/,Reports,https://arena.gov.au/projects/australian-hydrogen-centre/,2019,Past,https://arena.gov.au/assets/2023/09/AHC-10-Hydrogen-Distribution-Networks-Victoria-Feasibility-Study.pdf,pdfs/Reports/AHC_-_10%_Hydrogen_Distribution_Networks__Victoria_Feasibility_Study_815453.pdf,downloaded
AHC - 100% Hydrogen Distribution Networks: Victoria Feasibility Study,18/09/2023,Hydrogen energy,Australian Hydrogen Centre,https://arena.gov.au/knowledge-bank/ahc-100-hydrogen-distribution-networks-victoria-feasibility-study/,Reports,https://arena.gov.au/projects/australian-hydrogen-centre/,2019,Past,https://arena.gov.au/assets/2023/09/AHC-100-Hydrogen-Distribution-Networks-Victoria-Feasibility-Study.pdf,pdfs/Reports/AHC_-_100%_Hydrogen_Distribution_Networks__Victoria_Feasibility_Study_9f937c.pdf,downloaded
AHC - 10% Hydrogen Distribution Networks South Australia Feasibility Study,18/09/2023,Hydrogen energy,Australian Hydrogen Centre,https://arena.gov.au/knowledge-bank/10-hydrogen-distribution-networks-south-australia-feasibility-study/,Reports,https://arena.gov.au/projects/australian-hydrogen-centre/,2019,Past,https://arena.gov.au/assets/2023/09/AHC-10-Hydrogen-Distribution-Networks-South-Australia-Feasibility-Study.pdf,pdfs/Reports/AHC_-_10%_Hydrogen_Distribution_Networks_South_Australia_Feasibility_Study_c28341.pdf,downloaded
AHC - 100% Hydrogen Distribution Networks South Australia Feasibility Study,18/09/2023,Hydrogen energy,Australian Hydrogen Centre,https://arena.gov.au/knowledge-bank/ahc-100-hydrogen-distribution-networks-south-australia-feasibility-study/,Reports,https://arena.gov.au/projects/australian-hydrogen-centre/,2019,Past,https://arena.gov.au/assets/2023/09/AHC-100-Hydrogen-Distribution-Networks-South-Australia-Feasibility-Study.pdf,pdfs/Reports/AHC_-_100%_Hydrogen_Distribution_Networks_South_Australia_Feasibility_Study_c4d9f3.pdf,downloaded
Australian Hydrogen Centre State-Wide Blending Studies,18/09/2023,Hydrogen energy,,https://arena.gov.au/knowledge-bank/australian-hydrogen-centre-summary-report/,Reports,,,,https://arena.gov.au/assets/2023/09/AHC-Summary-Report.pdf,pdfs/Reports/Australian_Hydrogen_Centre_State-Wide_Blending_Studies_c99673.pdf,downloaded
UNSW - Final Dissemination Report - Recycling Technology for Silicon Photovoltaic Panels,12/09/2023,Solar PV R&amp;D,,https://arena.gov.au/knowledge-bank/unsw-final-dissemination-report-recycling-technology-for-silicon-photovoltaic-panels/,Reports,,,,https://arena.gov.au/assets/2023/09/UNSW-RD-Recycling-Technology-for-Silicon-Photovoltaic-Panels.pdf,pdfs/Reports/UNSW_-_Final_Dissemination_Report_-_Recycling_Technology_for_Silicon_Photovoltaic_Panels_796bee.pdf,downloaded
Future Fuels Lessons Learned ' Perth,12/09/2023,General,,https://arena.gov.au/knowledge-bank/future-fuels-lessons-learned-perth/,Lessons,,,,,,no_pdf_found
Future Fuels Lessons Learned - Adelaide,12/09/2023,General,,https://arena.gov.au/knowledge-bank/future-fuels-lessons-learned-adelaide/,Lessons,,,,,,no_pdf_found
BT Imaging - Learnings from a BT Imaging Pty Ltd ARENA Funded Project,8/09/2023,"Solar energy, Solar PV R&amp;D",BT Imaging LIS-M1 Solar Module Inspection System,https://arena.gov.au/knowledge-bank/bt-imaging-learnings-from-a-bt-imaging-pty-ltd-arena-funded-project/,Lessons,https://arena.gov.au/projects/bt-imaging-lis-m1-solar-module-inspection-system/,2019,Past,https://arena.gov.au/assets/2023/09/BT-Imaging-Learnings-from-a-BT-Imaging-Pty-Ltd-ARENA-Funded-Project.pdf,pdfs/Lessons/BT_Imaging_-_Learnings_from_a_BT_Imaging_Pty_Ltd_ARENA_Funded_Project_1f5c24.pdf,downloaded
Evie Networks - Lessons Learnt Report - March 2023,8/09/2023,Electric vehicles,Evie Networks Future Fuels Public Fast Charging,https://arena.gov.au/knowledge-bank/evie-networks-lessons-learnt-report-march-2023-pdf-552kb/,Lessons,https://arena.gov.au/projects/evie-networks-future-fuels-public-fast-charging/,2021,Past,https://arena.gov.au/assets/2023/09/Evie-Networks-ARENA-Lessons-Learnt-Report-March-2023-vFinal.pdf,pdfs/Lessons/Evie_Networks_-_Lessons_Learnt_Report_-_March_2023_e25192.pdf,downloaded
Lake Bonney BESS - Final KS Report,30/08/2023,Battery storage,Lake Bonney Battery Energy Storage System,https://arena.gov.au/knowledge-bank/lake-bonney-bess-final-ks-report/,Reports,https://arena.gov.au/projects/lake-bonney-battery-energy-storage-system/,2018,Past,https://arena.gov.au/assets/2023/08/LBBESS-Final-KS-Report_Public1.pdf,pdfs/Reports/Lake_Bonney_BESS_-_Final_KS_Report_736f76.pdf,downloaded
Evie Lessons Learnt Report May 2023 - Future Fuels,30/08/2023,Electric vehicles,Evie Networks Future Fuels Public Fast Charging,https://arena.gov.au/knowledge-bank/evie-lessons-learnt-report-may-2023-future-fuels/,Lessons,https://arena.gov.au/projects/evie-networks-future-fuels-public-fast-charging/,2021,Past,,,no_pdf_found
AGL Electric Vehicle Orchestration Trial,30/08/2023,"Battery storage, Electric vehicles",AGL Electric Vehicle Orchestration Trial,https://arena.gov.au/knowledge-bank/agl-electric-vehicle-orchestration-trial-final-report-pdf-678kb/,Reports,https://arena.gov.au/projects/agl-electric-vehicle-orchestration-trial/,2020,Past,https://arena.gov.au/assets/2023/08/20230703-AGL-Electric-Vehicle-Orchestration-Trial-Final-Report.pdf,pdfs/Reports/AGL_Electric_Vehicle_Orchestration_Trial_2a7a01.pdf,downloaded
Origin Energy Smart Charging Trial - Final report,29/08/2023,Electric vehicles,Origin Energy Electric Vehicles Smart Charging Trial,https://arena.gov.au/knowledge-bank/origin-energy-smart-charging-trial-final-report/,Reports,https://arena.gov.au/projects/origin-energy-electric-vehicles-smart-charging-trial/,2020,Past,https://arena.gov.au/assets/2023/08/20230829-ORIGIN-Smart-Charging-Trial-Final-report.pdf,pdfs/Reports/Origin_Energy_Smart_Charging_Trial_-_Final_report_fb80ca.pdf,downloaded
Next Generation Electric Bus Depot: Final Report,29/08/2023,Battery storage,Next Generation Electric Bus Depot,https://arena.gov.au/knowledge-bank/next-generation-electric-bus-depot-final-report/,Reports,https://arena.gov.au/projects/next-generation-electric-bus-depot/,2021,Past,https://arena.gov.au/assets/2023/08/PUBLIC-Final-Report-2020ARP018-Next-Gen-Electric-Bus-Depot.pdf,pdfs/Reports/Next_Generation_Electric_Bus_Depot__Final_Report_c3a04d.pdf,downloaded
Insights from Ultra-Fast Charging Network Data,8/08/2023,Electric vehicles,,https://arena.gov.au/knowledge-bank/insights-from-ultra-fast-charging-network-data/,Reports,,,,https://arena.gov.au/assets/2023/08/20230805-Insights-from-Ultra-Fast-Charging-Network-Data-update-230804-EXT.pdf,pdfs/Reports/Insights_from_Ultra-Fast_Charging_Network_Data_8c38dd.pdf,downloaded
Insights from Smart Charging Trials Data,8/08/2023,Electric vehicles,,https://arena.gov.au/knowledge-bank/insights-from-smart-charging-trials-data/,Reports,,,,https://arena.gov.au/assets/2023/08/20230805-Insights-from-Smart-Charging-Trials-Data-update-230804-EXT.pdf,pdfs/Reports/Insights_from_Smart_Charging_Trials_Data_2d233c.pdf,downloaded
ARENA Insights Newsletter Edition #46,31/07/2023,Demand response,,https://arena.gov.au/knowledge-bank/arena-insights-newsletter-edition-46/,"Insights, InsightNewsletter",,,,,,no_pdf_found
Demand Flexibility Portfolio Retrospective Analysis Report,25/07/2023,Demand response,,https://arena.gov.au/knowledge-bank/demand-flexibility-portfolio-retrospective-analysis-report/,Reports,,,,https://arena.gov.au/assets/2023/07/demand-flexibility-portfolio-retrospective-analysis-report.pdf,pdfs/Reports/Demand_Flexibility_Portfolio_Retrospective_Analysis_Report_7aa5b5.pdf,downloaded
The Incredible ULCS - Ultra Low Cost Solar White Paper,19/07/2023,Solar PV R&amp;D,,https://arena.gov.au/knowledge-bank/the-incredible-ulcs/,Reports,,,,https://arena.gov.au/assets/2023/04/the-incredible-ulcs-ultra-low-cost-solar-white-paper.pdf,pdfs/Reports/The_Incredible_ULCS_-_Ultra_Low_Cost_Solar_White_Paper_932d67.pdf,downloaded
V2X.au Summary Report Opportunities and Challenges for Bidirectional Charger in Australia,30/06/2023,Electric vehicles,,https://arena.gov.au/knowledge-bank/v2x-au-summary-report-opportunities-and-challenges-for-bidirectional-charger-in-australia/,Reports,,,,https://arena.gov.au/assets/2023/06/v2x-au-summary-report-opportunities-and-challenges-for-bidirectional-charger-in-australia.pdf,pdfs/Reports/V2X.au_Summary_Report_Opportunities_and_Challenges_for_Bidirectional_Charger_in_Australia_689779.pdf,downloaded
Repurposing Existing Generators as Synchronous Condensers,22/06/2023,System security and reliability,,https://arena.gov.au/knowledge-bank/repurposing-existing-generators-as-synchronous-condensers/,Reports,,,,https://arena.gov.au/assets/2023/06/repurposing-existing-generators-as-synchronous-condensers-report.pdf,pdfs/Reports/Repurposing_Existing_Generators_as_Synchronous_Condensers_06148d.pdf,downloaded
ARENA Insights Newsletter Edition #45,5/06/2023,Hydrogen energy,,https://arena.gov.au/knowledge-bank/arena-insights-newsletter-edition-45/,InsightNewsletter,,,,,,no_pdf_found
Next-Gen Selective-Emitters for Commercial PERC and TOPCon Solar Panels Report,18/05/2023,"Solar energy, Solar PV R&amp;D",Next-Gen Selective-Emitters for Commercial PERC and TOPCon Solar Panels,https://arena.gov.au/knowledge-bank/next-gen-selective-emitters-for-commercial-perc-and-topcon-solar-panels-report/,Reports,https://arena.gov.au/projects/next-gen-selective-emitters-for-commercial-perc-and-topcon-solar-panels/,2020,Past,https://arena.gov.au/assets/2023/05/next-generation-selective-emitters-for-commercial-perc-topcon-solar-panels.pdf,pdfs/Reports/Next-Gen_Selective-Emitters_for_Commercial_PERC_and_TOPCon_Solar_Panels_Report_983ada.pdf,downloaded
Social Science Report 1: Intermediary Insights on Dynamic and Shaped Operating Envelopes,16/05/2023,Distributed energy resources,Project Converge ACT Distributed Energy Resources Demonstration Pilot,https://arena.gov.au/knowledge-bank/social-science-report-1-intermediary-insights-on-dynamic-and-shaped-operating-envelopes/,Reports,https://arena.gov.au/projects/project-converge-act-distributed-energy-resources-demonstration-pilot/,2021,Past,https://arena.gov.au/assets/2023/05/social-science-report-1-intermediary-insights-on-dynamic-and-shaped-operating-envelopes.pdf,pdfs/Reports/Social_Science_Report_1__Intermediary_Insights_on_Dynamic_and_Shaped_Operating_Envelopes_fb695b.pdf,downloaded
UTS Domestic Hot Water and Flexibility Report,16/05/2023,Demand response,,https://arena.gov.au/knowledge-bank/uts-domestic-hot-water-and-flexibility-report/,Reports,,,,https://arena.gov.au/assets/2023/06/uts-domestic-hot-water-and-flexibility-report.pdf,pdfs/Reports/UTS_Domestic_Hot_Water_and_Flexibility_Report_f9fe0f.pdf,downloaded
Smart Energy Hubs Deployment Project Lessons Learnt Report 1,9/05/2023,Demand response,Shell Energy Smart Energy Hubs Deployment Project,https://arena.gov.au/knowledge-bank/smart-energy-hubs-deployment-project-lessons-learnt-report-1/,"Reports, Lessons",https://arena.gov.au/projects/shell-energy-smart-energy-hubs-deployment-project/,2022,Past,https://arena.gov.au/assets/2023/05/smart-energy-hubs-deployment-project-lessons-learnt-report-1.pdf,pdfs/Reports_Lessons/Smart_Energy_Hubs_Deployment_Project_Lessons_Learnt_Report_1_ffe469.pdf,downloaded
Summary of ARENA Funded Hydrogen R&D Projects,2/05/2023,Hydrogen energy,,https://arena.gov.au/knowledge-bank/summary-of-arena-funded-hydrogen-rd-projects/,Reports,,,,https://arena.gov.au/assets/2023/05/summary-arena-funded-hydrogen-rd-projects.pdf,pdfs/Reports/Summary_of_ARENA_Funded_Hydrogen_R&D_Projects_a24bde.pdf,downloaded
Jemena EV Grid Trial Knowledge Sharing Final Report,30/04/2023,Electric vehicles,Jemena Dynamic Electric Vehicle Charging Trial,https://arena.gov.au/knowledge-bank/jemena-ev-grid-trial-knowledge-sharing-final-report/,Reports,https://arena.gov.au/projects/jemena-dynamic-electric-vehicle-charging-trial/,2020,Past,https://arena.gov.au/assets/2023/04/jemena-ev-grid-trial-knowledge-sharing-report.pdf,pdfs/Reports/Jemena_EV_Grid_Trial_Knowledge_Sharing_Final_Report_524e50.pdf,downloaded
Hardwick Meatworks Heat Pump Installation and Power Upgrade Demonstration - Interim Report,28/04/2023,Renewables for industry,Hardwick Meatworks Heat Pump Installation and Power Upgrade Demonstration,https://arena.gov.au/knowledge-bank/heat-pump-project-interim-report/,Reports,https://arena.gov.au/projects/hardwick-meatworks-heat-pump-installation-and-power-upgrade-demonstration/,2022,Past,https://arena.gov.au/assets/2023/06/heat-pump-project-interim-report.pdf,pdfs/Reports/Hardwick_Meatworks_Heat_Pump_Installation_and_Power_Upgrade_Demonstration_-_Interim_Report_bbce72.pdf,downloaded
Report: Lessons Learnt: Inception to Financial Close,27/04/2023,"Battery storage, Hybrid technologies, Solar energy, Solar PV R&amp;D",APA Fortescue Solar Gas Hybrid Project,https://arena.gov.au/knowledge-bank/report-lessons-learnt-inception-to-financial-close/,"Reports, Lessons",https://arena.gov.au/projects/alinta-fortescue-solar-gas-hybrid-project/,2019,Current,https://arena.gov.au/assets/2023/04/report-lessons-learnt-inception-to-financial-close.pdf,pdfs/Reports_Lessons/Report__Lessons_Learnt__Inception_to_Financial_Close_b966d4.pdf,downloaded
Silicon to Solar Phase 1: Market Assessment Report,26/04/2023,"Solar energy, Solar PV R&amp;D",APVI Silicon to Solar Study,https://arena.gov.au/knowledge-bank/silicon-to-solar-phase-1-market-assessment-report/,Reports,https://arena.gov.au/projects/apvi-silicon-to-solar-study/,2023,Past,https://arena.gov.au/assets/2023/07/silicon-to-solar-phas-1-market-assessment-report.pdf,pdfs/Reports/Silicon_to_Solar_Phase_1__Market_Assessment_Report_c0df15.pdf,downloaded
ARENA Insights Newsletter Edition #44,24/04/2023,Battery storage,,https://arena.gov.au/knowledge-bank/arena-insights-newsletter-edition-44/,InsightNewsletter,,,,,,no_pdf_found
Port Kembla Steelworks Renewables & Emissions Reduction Study Lessons Learnt 4,18/04/2023,Hydrogen energy,Port Kembla Steelworks Renewables & Emissions Reduction Study,https://arena.gov.au/knowledge-bank/port-kembla-steelworks-renewables-emissions-reduction-study-lessons-learnt-4/,"Reports, Lessons",https://arena.gov.au/projects/port-kembla-steelworks-renewables-emissions-reduction-study/,2022,Past,https://arena.gov.au/assets/2023/04/port-kembla-steelworks-renewables-emissions-reduction-study-lessons-learnt-4.pdf,pdfs/Reports_Lessons/Port_Kembla_Steelworks_Renewables_&_Emissions_Reduction_Study_Lessons_Learnt_4_67f904.pdf,downloaded
SunHQ ARK Lessons Learnt 2,3/04/2023,Hydrogen energy,Renewable Hydrogen Demonstration for Heavy Transport,https://arena.gov.au/knowledge-bank/sunhq-ark-lessons-learnt-2/,"Reports, Lessons",https://arena.gov.au/projects/renewable-hydrogen-demonstration-for-heavy-transport/,2021,Past,https://arena.gov.au/assets/2023/04/sunhq-ark-lessons-learnt-2.pdf,pdfs/Reports_Lessons/SunHQ_ARK_Lessons_Learnt_2_82359d.pdf,downloaded
Horizon Power Denham Hydrogen Demonstration Lessons Learnt 1 & 2,3/04/2023,Hydrogen energy,Horizon Power Denham Hydrogen Demonstration,https://arena.gov.au/knowledge-bank/horizon-power-denham-hydrogen-demonstration-lessons-learnt-1-2/,"Reports, Lessons",https://arena.gov.au/projects/horizon-power-denham-hydrogen-demonstration/,2020,Past,https://arena.gov.au/assets/2023/04/horizon-power-denham-hydrogen-demonstration-lessons-learnt-1-2.pdf,pdfs/Reports_Lessons/Horizon_Power_Denham_Hydrogen_Demonstration_Lessons_Learnt_1_&_2_468799.pdf,downloaded
Tandem Silicon - Durable Silicon Perovskites Tandem Photovoltaics Report,31/03/2023,"Solar energy, Solar PV R&amp;D",Durable Silicon Perovskite Tandem Photovoltaics,https://arena.gov.au/knowledge-bank/tandem-silicon-durable-silicon-perovskites-tandem-photovoltaics-report/,Reports,https://arena.gov.au/projects/durable-silicon-perovskite-tandem-photovoltaics/,2020,Past,https://arena.gov.au/assets/2023/03/tandem-silicon-durable-silicon-perovskite-tandem-photovoltaics.pdf,pdfs/Reports/Tandem_Silicon_-_Durable_Silicon_Perovskites_Tandem_Photovoltaics_Report_65e4b5.pdf,downloaded
Smart Energy Hubs Stage 1 Report: Regulatory Reform,30/03/2023,Demand response,Shell Energy Smart Energy Hubs Deployment Project,https://arena.gov.au/knowledge-bank/smart-energy-hubs-stage-1-report-regulatory-reform/,Reports,https://arena.gov.au/projects/shell-energy-smart-energy-hubs-deployment-project/,2022,Past,https://arena.gov.au/assets/2023/03/smart-energy-hubs-stage-1-report-regulatory-reform.pdf,pdfs/Reports/Smart_Energy_Hubs_Stage_1_Report__Regulatory_Reform_c143a5.pdf,downloaded
Pumped Hydro Energy Storage: Renewable Energy Zone and Network Benefits Assessment,30/03/2023,Hydropower / Pumped Hydro Energy Storage,OMPS New England PHES Benefits Study,https://arena.gov.au/knowledge-bank/pumped-hydro-energy-storage-renewable-energy-zone-and-network-benefits-assessment/,Reports,https://arena.gov.au/projects/omps-new-england-phes-benefits-study/,2019,Past,https://arena.gov.au/assets/2023/03/pumped-hydro-energy-storage-renewable-energy-zone-network-benefits-assessment.pdf,pdfs/Reports/Pumped_Hydro_Energy_Storage__Renewable_Energy_Zone_and_Network_Benefits_Assessment_ffdccd.pdf,downloaded
BOC Hydrogen Refuelling Guide,30/03/2023,Hydrogen energy,Renewable Hydrogen Production and Refuelling Project,https://arena.gov.au/knowledge-bank/boc-hydrogen-refuelling-guide/,"Reports, Guides",https://arena.gov.au/projects/renewable-hydrogen-production-and-refuelling-project/,2019,Past,https://arena.gov.au/assets/2023/03/boc-hydrogen-refueling-guide.pdf,pdfs/Reports_Guides/BOC_Hydrogen_Refuelling_Guide_622941.pdf,downloaded
Building Upgrade Finance Program Guide for Councils,28/03/2023,Renewables in buildings,Scaling Up Environmental Upgrade Agreements Across Australia,https://arena.gov.au/knowledge-bank/building-upgrade-finance-program-guide-for-councils/,Reports,https://arena.gov.au/projects/scaling-up-environmental-upgrade-agreements-across-australia/,2019,Current,https://arena.gov.au/assets/2023/03/building-upgrade-finance-program-guide-for-councils.pdf,pdfs/Reports/Building_Upgrade_Finance_Program_Guide_for_Councils_205469.pdf,downloaded
Kidston Pumped Hydro Lessons Learnt 7,24/03/2023,Hydropower / Pumped Hydro Energy Storage,Kidston Pumped Hydro Energy Storage,https://arena.gov.au/knowledge-bank/kidston-pumped-hydro-lessons-learnt-7/,"Reports, Lessons",https://arena.gov.au/projects/kidston-pumped-hydro-energy-storage/,2021,Current,https://arena.gov.au/assets/2023/03/kidston-pumped-hydro-lessons-learnt-7.pdf,pdfs/Reports_Lessons/Kidston_Pumped_Hydro_Lessons_Learnt_7_3a42a1.pdf,downloaded
Addressing Black Spot Fast Charging Program Lessons Learnt Report 3,24/03/2023,Electric vehicles,Ampol Addressing Blackspots Fast Charging,https://arena.gov.au/knowledge-bank/addressing-black-spot-fast-charging-program-lessons-learnt-report-3/,"Reports, Lessons",https://arena.gov.au/projects/ampol-addressing-blackspots-fast-charging-project/,2021,Past,https://arena.gov.au/assets/2023/03/addressing-black-spot-fast-charging-program-lessons-learnt-report-3.pdf,pdfs/Reports_Lessons/Addressing_Black_Spot_Fast_Charging_Program_Lessons_Learnt_Report_3_ae7525.pdf,downloaded
Hardwick Meatworks Heat Pump Installation and Power Upgrade Demonstration - Lessons Learnt Report 2,22/03/2023,Renewables for industry,Hardwick Meatworks Heat Pump Installation and Power Upgrade Demonstration,https://arena.gov.au/knowledge-bank/heat-pump-project-lessons-learnt-report-2/,Reports,https://arena.gov.au/projects/hardwick-meatworks-heat-pump-installation-and-power-upgrade-demonstration/,2022,Past,https://arena.gov.au/assets/2023/03/hardwicks-lessons-learnt-report-2.pdf,pdfs/Reports/Hardwick_Meatworks_Heat_Pump_Installation_and_Power_Upgrade_Demonstration_-_Lessons_Learnt_Report_2_4b8273.pdf,downloaded
Short Term Off-River Energy Storage Stage 2 Final Report,22/03/2023,Hydropower / Pumped Hydro Energy Storage,Short Term Off-River Energy Storage Stage 2 (STORES 2),https://arena.gov.au/knowledge-bank/short-term-off-river-energy-storage-stage-2-final-report/,Reports,https://arena.gov.au/projects/short-term-off-river-energy-storage-stage-2-stores-2/,2020,Past,https://arena.gov.au/assets/2023/03/short-term-off-river-energy-storage-stage-2-final-report.pdf,pdfs/Reports/Short_Term_Off-River_Energy_Storage_Stage_2_Final_Report_8e6037.pdf,downloaded
Sundrive Copper Metallisation Demonstration Project Final,22/03/2023,"Solar energy, Solar PV R&amp;D",SunDrive Copper Metallisation Demonstration,https://arena.gov.au/knowledge-bank/sundrive-copper-metallisation-demonstration-project-final-report/,Reports,https://arena.gov.au/projects/sundrive-copper-metallisation-demonstration/,2020,Past,https://arena.gov.au/assets/2022/02/sundrive-copper-metallisation-demonstration.pdf,pdfs/Reports/Sundrive_Copper_Metallisation_Demonstration_Project_Final_4210a0.pdf,downloaded
Darlington Point Energy Storage System Lessons Learnt Report 1,20/03/2023,Battery storage,Darlington Point Energy Storage System,https://arena.gov.au/knowledge-bank/darlington-point-energy-storage-system-lessons-learnt-report-1/,"Reports, Lessons",https://arena.gov.au/projects/darlington-point-energy-storage-system/,2022,Current,https://arena.gov.au/assets/2023/03/darlington-point-energy-storage-system-lessons-learnt-report-1.pdf,pdfs/Reports_Lessons/Darlington_Point_Energy_Storage_System_Lessons_Learnt_Report_1_75b760.pdf,downloaded
System Inertia Measurement Demonstration Lessons Learnt 1,18/03/2023,System security and reliability,Reactive Technologies - System Inertia Measurement Demonstration,https://arena.gov.au/knowledge-bank/system-inertia-measurement-demonstration-lessons-learnt-1/,"Reports, Lessons",https://arena.gov.au/projects/reactive-technologies-system-inertia-measurement-demonstration/,2020,Past,https://arena.gov.au/assets/2023/03/system-inertia-measurement-demonstration-lessons-learnt-1.pdf,pdfs/Reports_Lessons/System_Inertia_Measurement_Demonstration_Lessons_Learnt_1_3e6cbe.pdf,downloaded
"Efficient, Low-Cost, Eco-Friendly Solar PV Recycling Technology Interim Dissemination Report",13/03/2023,"Solar energy, Solar PV R&amp;D","Efficient, Low-Cost, Eco-Friendly Solar PV Recycling Technology",https://arena.gov.au/knowledge-bank/efficient-low-cost-eco-friendly-solar-pv-recycling-technology-interim-dissemination-report/,Reports,https://arena.gov.au/projects/efficient-low-cost-eco-friendly-solar-pv-recycling-technology/,2020,Past,https://arena.gov.au/assets/2023/03/efficient-low-cost-eco-friendly-solar-pv-recycling-technology-interim-report.pdf,"pdfs/Reports/Efficient,_Low-Cost,_Eco-Friendly_Solar_PV_Recycling_Technology_Interim_Dissemination_Report_f8a466.pdf",downloaded
Advancing Renewables with PCM Thermal Energy Storage ReefHQ White Paper,6/03/2023,Renewables for industry,Advancing Renewables with PCM Thermal Energy Storage,https://arena.gov.au/knowledge-bank/advancing-renewables-with-pcm-thermal-energy-storage-reefhq-white-paper/,Reports,https://arena.gov.au/projects/advancing-renewables-with-pcm-thermal-energy-storage/,2019,Past,https://arena.gov.au/assets/2023/03/advancing-renewable-with-pcm-thermal-energy-storage-reefhq-white-paper.pdf,pdfs/Reports/Advancing_Renewables_with_PCM_Thermal_Energy_Storage_ReefHQ_White_Paper_a0e480.pdf,downloaded
Shaped Operating Envelopes: Technical Design and Implementation Report,27/02/2023,Distributed energy resources,Project Converge ACT Distributed Energy Resources Demonstration Pilot,https://arena.gov.au/knowledge-bank/shaped-operating-envelopes-technical-design-and-implementation-report/,Reports,https://arena.gov.au/projects/project-converge-act-distributed-energy-resources-demonstration-pilot/,2021,Past,https://arena.gov.au/assets/2023/02/shaped-operating-envelopes-technical-design-implementation-report.pdf,pdfs/Reports/Shaped_Operating_Envelopes__Technical_Design_and_Implementation_Report_dd4f4a.pdf,downloaded
openCEM Knowledge Sharing Report,27/02/2023,Renewables for industry,Open Source Grid Integration Model for the National Electricity Market,https://arena.gov.au/knowledge-bank/opencem-knowledge-sharing-report/,Reports,https://arena.gov.au/projects/open-source-grid-integration-model/,2018,Past,https://arena.gov.au/assets/2023/02/open-cem-knowledge-sharing-report.pdf,pdfs/Reports/openCEM_Knowledge_Sharing_Report_f97743.pdf,downloaded
DEIP CEO Forum 27 February 2023,27/02/2023,Distributed energy resources,,https://arena.gov.au/knowledge-bank/deip-ceo-forum-27-february-2023/,Presentation,,,,https://arena.gov.au/assets/2023/02/deip-ceo-forum-feb-2023.pdf,pdfs/Presentation/DEIP_CEO_Forum_27_February_2023_2662c3.pdf,downloaded
Substitution of Niche-Market PV Production Tools with Cost-Effective Consumer-Electronics Report,27/02/2023,"Solar energy, Solar PV R&amp;D",Substitution of Niche-Market PV Production Tools with Cost-Effective Consumer-Electronics,https://arena.gov.au/knowledge-bank/substitution-of-niche-market-pv-production-tools-with-cost-effective-consumer-electronics-report/,"Reports, Lessons",https://arena.gov.au/projects/substitution-of-niche-market-pv-production-tools-with-cost-effective-consumer-electronics/,2020,Past,https://arena.gov.au/assets/2023/04/substitution-of-niche-market-pv-production-tools-with-cost-effective-consumer-electronics-report.pdf,pdfs/Reports_Lessons/Substitution_of_Niche-Market_PV_Production_Tools_with_Cost-Effective_Consumer-Electronics_Report_8be15f.pdf,downloaded
Efficient Adamantine Thin-Film on Silicon Tandem Cells Final Report,24/02/2023,"Solar energy, Solar PV R&amp;D",Efficient Adamantine Thin-Film on Silicon Tandem Cells,https://arena.gov.au/knowledge-bank/efficient-adamantine-thin-film-on-silicon-tandem-cells-final-report/,Reports,https://arena.gov.au/projects/efficient-adamantine-thin-film-on-silicon-tandem-cells/,2017,Past,https://arena.gov.au/assets/2023/02/efficient-adamantine-thin-film-on-silicon-tandem-cells.pdf,pdfs/Reports/Efficient_Adamantine_Thin-Film_on_Silicon_Tandem_Cells_Final_Report_c035a6.pdf,downloaded
Alice Springs Future Grid Lessons Learnt: Community Engagement,23/02/2023,"Solar energy, Solar PV R&amp;D",Alice Springs Future Grid Project,https://arena.gov.au/knowledge-bank/alice-springs-future-grid-lessons-learnt-community-engagement/,"Reports, Lessons",https://arena.gov.au/projects/alice-springs-future-grid-project/,2020,Past,https://arena.gov.au/assets/2023/02/alice-springs-future-grid-lessons-learnt-community-engagement.pdf,pdfs/Reports_Lessons/Alice_Springs_Future_Grid_Lessons_Learnt__Community_Engagement_0d3e6d.pdf,downloaded
Commercial Life Cycle Assessment for Loganholme Gasification Facility,22/02/2023,Bioenergy / Energy from waste,Logan City Biosolids Gasification Project,https://arena.gov.au/knowledge-bank/commercial-life-cycle-assessment-for-loganholme-gasification-facility/,Reports,https://arena.gov.au/projects/logan-city-biosolids-gasification-project/,2019,Current,https://arena.gov.au/assets/2023/02/commercial-life-cycle-assessment-for-loganholme-gasification-facility.pdf,pdfs/Reports/Commercial_Life_Cycle_Assessment_for_Loganholme_Gasification_Facility_070d57.pdf,downloaded
Australian Industry ETI Delivery Stage Pathways to Industrial Decarbonisation: Phase 3,20/02/2023,Renewables for industry,Australian Industry ETI Delivery Stage Project,https://arena.gov.au/knowledge-bank/australian-industry-eti-delivery-stage-pathways-to-industrial-decarbonisation-phase-3/,Reports,https://arena.gov.au/projects/australian-industry-eti-delivery-stage-project/,2021,Past,https://arena.gov.au/assets/2023/02/pathways-to-industrial-decarbonisation-australian-industry-eti-phase-3-report.pdf,pdfs/Reports/Australian_Industry_ETI_Delivery_Stage_Pathways_to_Industrial_Decarbonisation__Phase_3_5e177b.pdf,downloaded
ARENA Insights Newsletter Edition #43,15/02/2023,Electric vehicles,,https://arena.gov.au/knowledge-bank/arena-insights-newsletter-edition-43/,InsightNewsletter,,,,,,no_pdf_found
Yanderra Shallow Geothermal Solar Systems Demonstration Lessons Learnt 2,10/02/2023,Geothermal energy,Yanderra Shallow Geothermal Solar Systems Demonstration Project,https://arena.gov.au/knowledge-bank/yanderra-shallow-geothermal-solar-systems-demonstration-lessons-learnt-2/,,https://arena.gov.au/projects/yanderra-shallow-geothermal-solar-systems-demonstration-project/,2021,Past,https://arena.gov.au/assets/2023/03/yanderra-shallow-geothermal-solar-systems-demonstration-lessons-learnt-2.pdf,pdfs/Other/Yanderra_Shallow_Geothermal_Solar_Systems_Demonstration_Lessons_Learnt_2_ba7d66.pdf,downloaded
Market Context Report MGA Thermal Energy Storage Application in Australia,8/02/2023,"Geothermal energy, Renewables for industry",MGA Thermal Energy Storage Project,https://arena.gov.au/knowledge-bank/market-context-report-mga-thermal-energy-storage-application-in-australia/,Reports,https://arena.gov.au/projects/mga-thermal-energy-storage-project/,2022,Past,https://arena.gov.au/assets/2023/02/market-context-report-mga-thermal-energy-storage-application-in-australia.pdf,pdfs/Reports/Market_Context_Report_MGA_Thermal_Energy_Storage_Application_in_Australia_8c4e47.pdf,downloaded
Lower Solar PV Cost by a Combination of Luminescence Images and Machine-Learning Report,1/02/2023,"Solar energy, Solar PV R&amp;D",Lower Solar PV Cost by a Combination of Luminescence Images and Machine-Learning,https://arena.gov.au/knowledge-bank/lower-solar-pv-cost-by-a-combination-of-luminescence-images-and-machine-learning-report/,"Reports, Lessons",https://arena.gov.au/projects/lower-solar-pv-cost-by-a-combination-of-luminescence-images-and-machine-learning/,2020,Past,https://arena.gov.au/assets/2023/02/lower-solar-pv-cost-by-a-combinatio-of-luminescence-images-and-machine-learning-report.pdf,pdfs/Reports_Lessons/Lower_Solar_PV_Cost_by_a_Combination_of_Luminescence_Images_and_Machine-Learning_Report_6e67df.pdf,downloaded
Port Kembla Steelworks Renewables & Emissions Reduction Study Lessons Learnt 3,31/01/2023,Hydrogen energy,Port Kembla Steelworks Renewables & Emissions Reduction Study,https://arena.gov.au/knowledge-bank/port-kembla-steelworks-renewables-emissions-reduction-study-lessons-learnt-3/,"Reports, Lessons",https://arena.gov.au/projects/port-kembla-steelworks-renewables-emissions-reduction-study/,2022,Past,https://arena.gov.au/assets/2023/01/port-kembla-steelworks-renewables-emissions-reduction-study-lessons-learnt-3.pdf,pdfs/Reports_Lessons/Port_Kembla_Steelworks_Renewables_&_Emissions_Reduction_Study_Lessons_Learnt_3_067cd0.pdf,downloaded
Kidston Pumped Hydro Lessons Learnt 6,31/01/2023,Hydropower / Pumped Hydro Energy Storage,Kidston Pumped Hydro Energy Storage,https://arena.gov.au/knowledge-bank/kidston-pumped-hydro-lessons-learnt-6/,"Reports, Lessons",https://arena.gov.au/projects/kidston-pumped-hydro-energy-storage/,2021,Current,https://arena.gov.au/assets/2023/02/kidston-pumped-hydro-energy-storage-lessons-learnt-6.pdf,pdfs/Reports_Lessons/Kidston_Pumped_Hydro_Lessons_Learnt_6_a24581.pdf,downloaded
Energy from Waste through Pyrolysis Project Lessons Learnt Report 4,31/01/2023,Bioenergy / Energy from waste,Energy from Waste Through Pyrolysis,https://arena.gov.au/knowledge-bank/energy-from-waste-through-pyrolysis-project-lessons-learnt-report-4/,"Reports, Lessons",https://arena.gov.au/projects/energy-from-waste-through-pyrolysis/,2020,Past,https://arena.gov.au/assets/2023/01/energy-from-waste-through-pyrolysis-project-lessons-learnt-report-4.pdf,pdfs/Reports_Lessons/Energy_from_Waste_through_Pyrolysis_Project_Lessons_Learnt_Report_4_9c63ae.pdf,downloaded
Electric Highway Tasmania Lessons Learnt 3,30/01/2023,Electric vehicles,Hobart Electric Highway Tasmania Fast Charger Network,https://arena.gov.au/knowledge-bank/electric-highway-tasmania-lessons-learnt-3/,"Reports, Lessons",https://arena.gov.au/projects/hobart-electric-highway-tasmania-fast-charger-network-project/,2021,Past,https://arena.gov.au/assets/2023/01/electric-highway-tasmania-lessons-learnt-3.pdf,pdfs/Reports_Lessons/Electric_Highway_Tasmania_Lessons_Learnt_3_095235.pdf,downloaded
UNSW Renewable Hydrogen for Export R&D Project End of Activity Report,30/01/2023,Hydrogen energy,Highly Efficient & Low Cost Photovoltaic-Electrolysis System,https://arena.gov.au/knowledge-bank/unsw-renewable-hydrogen-for-export-rd-project-end-of-activity-report/,Reports,https://arena.gov.au/projects/highly-efficient-and-low-cost-photovoltaic-electrolysis-pve-system-to-generate-hydrogen-by-harvesting-the-full-spectrum-of-sunlight/,2018,Past,https://arena.gov.au/assets/2023/01/unsw-renewable-hydrogen-for-export-rd-project-report.pdf,pdfs/Reports/UNSW_Renewable_Hydrogen_for_Export_R&D_Project_End_of_Activity_Report_5ffa8b.pdf,downloaded
Electric Highway Tasmania Lessons Learnt 2,27/01/2023,Electric vehicles,Hobart Electric Highway Tasmania Fast Charger Network,https://arena.gov.au/knowledge-bank/electric-highway-tasmania-lessons-learnt-2/,"Reports, Lessons",https://arena.gov.au/projects/hobart-electric-highway-tasmania-fast-charger-network-project/,2021,Past,https://arena.gov.au/assets/2023/02/electric-highway-tasmania-lessons-learnt-2.pdf,pdfs/Reports_Lessons/Electric_Highway_Tasmania_Lessons_Learnt_2_0a9321.pdf,downloaded
Electric Highway Tasmania Lessons Learnt 1,27/01/2023,Electric vehicles,Hobart Electric Highway Tasmania Fast Charger Network,https://arena.gov.au/knowledge-bank/electric-highway-tasmania-lessons-learnt-1/,"Reports, Lessons",https://arena.gov.au/projects/hobart-electric-highway-tasmania-fast-charger-network-project/,2021,Past,https://arena.gov.au/assets/2023/01/electric-highway-tasmania-lessons-learnt-1.pdf,pdfs/Reports_Lessons/Electric_Highway_Tasmania_Lessons_Learnt_1_0b1a58.pdf,downloaded
Multifunctional Dielectric Layers Enabling Production of High-Efficiency Solar Cells Final Report,19/01/2023,"Solar energy, Solar PV R&amp;D",Multifunctional Dielectric Layers Enabling Production of High-Efficiency Solar Cells,https://arena.gov.au/knowledge-bank/multifunctional-dielectric-layers-enabling-production-of-high-efficiency-solar-cells-final-report/,Reports,https://arena.gov.au/projects/multifunctional-dielectric-layers-enabling-production-of-high-efficiency-solar-cells/,2020,Past,https://arena.gov.au/assets/2023/05/multifunctional-dielectric-layers-enabling-production-of-high-efficiency-solar-cells-final-report.pdf,pdfs/Reports/Multifunctional_Dielectric_Layers_Enabling_Production_of_High-Efficiency_Solar_Cells_Final_Report_22cf60.pdf,downloaded
Grid Forming Inverter BESS Case Study at Carwarp,18/01/2023,Battery storage,Canadian Solar Connection Studies at Carwarp Solar Farm,https://arena.gov.au/knowledge-bank/grid-forming-inverter-bess-case-study-at-carwarp/,Reports,https://arena.gov.au/projects/canadian-solar-connection-studies-at-carwarp-solar-farm/,2021,Past,https://arena.gov.au/assets/2023/01/grid-forming-inverter-bess-case-study-at-carwarp.pdf,pdfs/Reports/Grid_Forming_Inverter_BESS_Case_Study_at_Carwarp_33ba5c.pdf,downloaded
Waste Biomass to Renewable Hydrogen End of Activity Report,27/12/2022,Hydrogen energy,Waste Biomass to Renewable Hydrogen,https://arena.gov.au/knowledge-bank/waste-biomass-to-renewable-hydrogen-end-of-activity-report/,Reports,https://arena.gov.au/projects/waste-biomass-to-renewable-hydrogen/,2018,Past,https://arena.gov.au/assets/2022/12/waste-biomass-to-renewable-hydrogen-end-of-activity-report.pdf,pdfs/Reports/Waste_Biomass_to_Renewable_Hydrogen_End_of_Activity_Report_8360fb.pdf,downloaded
Simply Energy Lesson Learnt 2,27/12/2022,"Solar energy, Solar PV R&amp;D",Simply Energy Virtual Power Plant (VPP),https://arena.gov.au/knowledge-bank/simply-energy-lesson-learnt-2/,"Reports, Lessons",https://arena.gov.au/projects/simply-energy-virtual-power-plant-vpp/,2018,Past,https://arena.gov.au/assets/2022/12/simply-energy-vppx-lessons-learnt-2.pdf,pdfs/Reports_Lessons/Simply_Energy_Lesson_Learnt_2_475395.pdf,downloaded
Intellihub - Street Power Pole EV Charger with Grid Integration - Lessons Learnt Report 2,22/12/2022,Renewables for industry,Intellihub Street Power Pole EV Charger with Grid Integration,https://arena.gov.au/knowledge-bank/intellihub-street-light-pole-ev-charger-project-ms2-knowledge-sharing-report/,Reports,https://arena.gov.au/projects/intellihub-street-power-pole-ev-charger-with-grid-integration/,2021,Past,https://arena.gov.au/assets/2022/12/intellihub-street-light-pole-ev-charger-project-ms2-knowledge-sharing-report.pdf,pdfs/Reports/Intellihub_-_Street_Power_Pole_EV_Charger_with_Grid_Integration_-_Lessons_Learnt_Report_2_605681.pdf,downloaded
Accenture Energy as a Service Report,20/12/2022,Distributed energy resources,,https://arena.gov.au/knowledge-bank/accenture-energy-as-a-service-report/,Reports,,,,https://arena.gov.au/assets/2022/12/accenture-energy-as-a-service.pdf,pdfs/Reports/Accenture_Energy_as_a_Service_Report_d733d4.pdf,downloaded
ARENA Insights Forum Session Summaries and Key Points,16/12/2022,Hydrogen energy,,https://arena.gov.au/knowledge-bank/arena-insights-forum-session-summaries-and-key-points/,"Reports, Insights",,,,https://arena.gov.au/assets/2022/12/arena-insights-forum-session-summaries-key-points.pdf,pdfs/Reports_Insights/ARENA_Insights_Forum_Session_Summaries_and_Key_Points_8027dd.pdf,downloaded
ARENA Insights Newsletter Edition #42,16/12/2022,Hydrogen energy,,https://arena.gov.au/knowledge-bank/arena-insights-newsletter-edition-42/,InsightNewsletter,,,,,,no_pdf_found
Modelling V2G Simulation - A Study of the Economic and Technical Value Proposition,15/12/2022,Electric vehicles,Realising Electric Vehicle-to-Grid Services,https://arena.gov.au/knowledge-bank/modelling-v2g-simulation-a-study-of-the-economic-and-technical-value-proposition/,Reports,https://arena.gov.au/projects/realising-electric-vehicle-to-grid-services/,2020,Past,https://arena.gov.au/assets/2022/12/modelling-v2g-simulation-a-study-of-the-economic-technical-value-proposition.pdf,pdfs/Reports/Modelling_V2G_Simulation_-_A_Study_of_the_Economic_and_Technical_Value_Proposition_4a44bc.pdf,downloaded
Port Kembla Steelworks Renewables & Emissions Reduction Study Lessons Learnt 2,9/12/2022,Hydrogen energy,Port Kembla Steelworks Renewables & Emissions Reduction Study,https://arena.gov.au/knowledge-bank/port-kembla-steelworks-renewables-emissions-reduction-study-lessons-learnt-2/,"Reports, Lessons",https://arena.gov.au/projects/port-kembla-steelworks-renewables-emissions-reduction-study/,2022,Past,https://arena.gov.au/assets/2022/12/port-kembla-steelworks-renewables-emissions-reduction-study-lessons-learnt-2.pdf,pdfs/Reports_Lessons/Port_Kembla_Steelworks_Renewables_&_Emissions_Reduction_Study_Lessons_Learnt_2_3c7ffa.pdf,downloaded
MVR Technical and Commercial Feasibility Studies Summary Report,1/12/2022,Renewables for industry,Mechanical Vapour Recompression for Low Carbon Alumina Refining,https://arena.gov.au/knowledge-bank/mvr-technical-and-commercial-feasibility-studies-summary-report/,Reports,https://arena.gov.au/projects/mechanical-vapour-recompression-for-low-carbon-alumina-refining/,2021,Past,https://arena.gov.au/assets/2022/12/mvr-technical-commercial-feasibility-studies-summary-report.pdf,pdfs/Reports/MVR_Technical_and_Commercial_Feasibility_Studies_Summary_Report_95746a.pdf,downloaded
Chargefox Future Fuels MetroFast Charging Project Results and Lessons Learnt,30/11/2022,Electric vehicles,NRMA - Future Fuels Public Fast Charging,https://arena.gov.au/knowledge-bank/chargefox-future-fuels-metrofast-charging-project-results-and-lessons-learnt/,"Reports, Lessons",https://arena.gov.au/projects/chargefox-future-fuels-public-fast-charging-project/,2021,Past,https://arena.gov.au/assets/2023/01/chargefox-future-fuels-metrofast-charging-project-results-lessons-learnt.pdf,pdfs/Reports_Lessons/Chargefox_Future_Fuels_MetroFast_Charging_Project_Results_and_Lessons_Learnt_d7dfa3.pdf,downloaded
Hydrogenated Bifacial PERL Silicon PV Cells Public Dissemination Report,30/11/2022,"Solar energy, Solar PV R&amp;D",Hydrogenated Bifacial PERL Silicon PV Cells,https://arena.gov.au/knowledge-bank/hydrogenated-bifacial-perl-silicon-pv-cells-public-dissemination-report/,Reports,https://arena.gov.au/projects/hydrogenated-bifacial-perl-silicon-pv-cells/,2017,Past,https://arena.gov.au/assets/2022/11/hydrogenated-bifacial-perl-silicon-pv-cells-public-dissemination-report.pdf,pdfs/Reports/Hydrogenated_Bifacial_PERL_Silicon_PV_Cells_Public_Dissemination_Report_16a23d.pdf,downloaded
"Monash University, Low-Cost, Robust, High-Activity Water Splitting Electrodes Final Report",30/11/2022,Hydrogen energy,"Low-Cost, Robust, High-Activity Water Splitting Electrodes",https://arena.gov.au/knowledge-bank/monash-university-low-cost-robust-high-activity-water-splitting-electrodes-report/,Reports,https://arena.gov.au/projects/low-cost-robust-high-activity-water-splitting-electrodes/,2018,Past,https://arena.gov.au/assets/2023/01/monash-university-low-cost-robust-high-activity-water-splitting-electrodes-report.pdf,"pdfs/Reports/Monash_University,_Low-Cost,_Robust,_High-Activity_Water_Splitting_Electrodes_Final_Report_6eaf7d.pdf",downloaded
Project EDGE Lessons Learnt 2,30/11/2022,System security and reliability,AEMO - Project EDGE (Energy Demand and Generation Exchange),https://arena.gov.au/knowledge-bank/project-edge-lessons-learnt-2/,"Reports, Lessons",https://arena.gov.au/projects/project-edge-energy-demand-and-generation-exchange/,2020,Past,https://arena.gov.au/assets/2022/11/project-edge-lessons-learnt-2.pdf,pdfs/Reports_Lessons/Project_EDGE_Lessons_Learnt_2_2701ae.pdf,downloaded
Toyota Ecopark Hydrogen Demonstration Public Technical and Financial Feasibility Report,24/11/2022,Hydrogen energy,Toyota Ecopark Hydrogen Demonstration,https://arena.gov.au/knowledge-bank/toyota-ecopark-hydrogen-demonstration-public-technical-and-financial-feasibility-report/,Reports,https://arena.gov.au/projects/toyota-ecopark-hydrogen-demonstration/,2019,Past,https://arena.gov.au/assets/2022/11/toyota-ecopark-hydrogen-demonstration-public-technical-financial-feasibility-report.pdf,pdfs/Reports/Toyota_Ecopark_Hydrogen_Demonstration_Public_Technical_and_Financial_Feasibility_Report_710f37.pdf,downloaded
A Roadmap for Decarbonising Australian Alumina Refining,23/11/2022,Renewables for industry,,https://arena.gov.au/knowledge-bank/a-roadmap-for-decarbonising-australian-alumina-refining/,Reports,,,,https://arena.gov.au/assets/2022/11/roadmap-for-decarbonising-australian-alumina-refining-report.pdf,pdfs/Reports/A_Roadmap_for_Decarbonising_Australian_Alumina_Refining_29f9d6.pdf,downloaded
MVR Retrofit and Commercialisation Report,18/11/2022,Renewables for industry,Mechanical Vapour Recompression for Low Carbon Alumina Refining,https://arena.gov.au/knowledge-bank/mvr-retrofit-and-commercialisation-report/,Reports,https://arena.gov.au/projects/mechanical-vapour-recompression-for-low-carbon-alumina-refining/,2021,Past,https://arena.gov.au/assets/2022/11/mvr-retrofit-commercialisation-study.pdf,pdfs/Reports/MVR_Retrofit_and_Commercialisation_Report_b0f65a.pdf,downloaded
MVR Evaporation Feasibility Study,18/11/2022,Renewables for industry,Mechanical Vapour Recompression for Low Carbon Alumina Refining,https://arena.gov.au/knowledge-bank/mvr-evaporation-feasibility-study/,Reports,https://arena.gov.au/projects/mechanical-vapour-recompression-for-low-carbon-alumina-refining/,2021,Past,https://arena.gov.au/assets/2022/11/mvr-evaporation-feasibility-study.pdf,pdfs/Reports/MVR_Evaporation_Feasibility_Study_662d0a.pdf,downloaded
Kidston Pumped Hydro Energy Storage Construction Report,17/11/2022,Hydropower / Pumped Hydro Energy Storage,Kidston Pumped Hydro Energy Storage,https://arena.gov.au/knowledge-bank/kidston-pumped-hydro-energy-storage-construction-report/,Reports,https://arena.gov.au/projects/kidston-pumped-hydro-energy-storage/,2021,Current,https://arena.gov.au/assets/2023/01/kidston-pumped-hydro-energy-storage-construction-report.pdf,pdfs/Reports/Kidston_Pumped_Hydro_Energy_Storage_Construction_Report_30d2a7.pdf,downloaded
Rio Tinto Hydrogen Feasibility Study Report,15/11/2022,Hydrogen energy,Rio Tinto Pacific Operations Hydrogen Program,https://arena.gov.au/knowledge-bank/rio-tinto-hydrogen-feasibility-study-report/,Reports,https://arena.gov.au/projects/rio-tinto-pacific-operations-hydrogen-program/,2021,Past,https://arena.gov.au/assets/2022/11/hydrogen-feasibility-study-report.pdf,pdfs/Reports/Rio_Tinto_Hydrogen_Feasibility_Study_Report_c86c0f.pdf,downloaded
RouteZero: User Guide and Knowledge Sharing Report,14/11/2022,Battery storage,Next Generation Electric Bus Depot,https://arena.gov.au/knowledge-bank/routezero-user-guide-and-knowledge-sharing-report/,Reports,https://arena.gov.au/projects/next-generation-electric-bus-depot/,2021,Past,https://arena.gov.au/assets/2022/11/routezero-user-guide-knowledge-sharing-report.pdf,pdfs/Reports/RouteZero__User_Guide_and_Knowledge_Sharing_Report_660f2c.pdf,downloaded
The Generator Operations Series: Unlocking Curtailed Solar Energy on the NEM Through Storage,10/11/2022,Large-scale solar,,https://arena.gov.au/knowledge-bank/the-generator-operations-series-unlocking-curtailed-solar-energy-on-the-nem-through-storage/,Reports,,,,https://arena.gov.au/assets/2021/08/the-generator-operations-series-report-six.pdf.pdf,pdfs/Reports/The_Generator_Operations_Series__Unlocking_Curtailed_Solar_Energy_on_the_NEM_Through_Storage_74507d.pdf,downloaded
My Energy Marketplace Lessons Learnt 5,2/11/2022,Distributed energy resources,My Energy Marketplace,https://arena.gov.au/knowledge-bank/my-energy-marketplace-lessons-learnt-5/,"Reports, Lessons",https://arena.gov.au/projects/wattwatchers-my-energy-marketplace/,2019,Past,https://arena.gov.au/assets/2022/11/my-energy-marketplace-lessons-learnt-5.pdf,pdfs/Reports_Lessons/My_Energy_Marketplace_Lessons_Learnt_5_5c6205.pdf,downloaded
Project Match Knowledge Sharing Report 2021-2022,1/11/2022,"Distributed energy resources, Solar energy, Solar PV R&amp;D",Project MATCH,https://arena.gov.au/knowledge-bank/project-match-knowledge-sharing-report-2021-2022/,"Reports, Lessons",https://arena.gov.au/projects/project-match/,2021,Past,https://arena.gov.au/assets/2022/12/project-match-knowledge-sharing-report-2021-2022.pdf,pdfs/Reports_Lessons/Project_Match_Knowledge_Sharing_Report_2021-2022_fe029b.pdf,downloaded
Biological Hydrogen Production End of Activity Report,31/10/2022,Hydrogen energy,Biological Hydrogen Production,https://arena.gov.au/knowledge-bank/biological-hydrogen-production-end-of-activity-report/,Reports,https://arena.gov.au/projects/biological-hydrogen-production/,2018,Past,https://arena.gov.au/assets/2023/01/biological-hydrogen-production-end-of-activity-report.pdf,pdfs/Reports/Biological_Hydrogen_Production_End_of_Activity_Report_e24622.pdf,downloaded
ARENA Insights Newsletter Edition #41,25/10/2022,Renewables for industry,,https://arena.gov.au/knowledge-bank/arena-insights-newsletter-edition-41/,InsightNewsletter,,,,,,no_pdf_found
Addressing Black Spot Fast Charging Program Lessons Learnt Report 2,25/10/2022,Electric vehicles,Ampol Addressing Blackspots Fast Charging,https://arena.gov.au/knowledge-bank/addressing-black-spot-fast-charging-program-lessons-learnt-report-2/,Reports,https://arena.gov.au/projects/ampol-addressing-blackspots-fast-charging-project/,2021,Past,https://arena.gov.au/assets/2022/12/addressing-black-spot-fast-charging-program-lessons-learnt-report-2.pdf,pdfs/Reports/Addressing_Black_Spot_Fast_Charging_Program_Lessons_Learnt_Report_2_2027b9.pdf,downloaded
Evie Networks Future Fuels Fast Charging Lessons Learnt 2,22/10/2022,Electric vehicles,Evie Networks Future Fuels Public Fast Charging,https://arena.gov.au/knowledge-bank/evie-networks-future-fuels-fast-charging-lessons-learnt-2/,"Reports, Lessons",https://arena.gov.au/projects/evie-networks-future-fuels-public-fast-charging/,2021,Past,https://arena.gov.au/assets/2022/10/evie-networks-lessons-learnt-2.pdf,pdfs/Reports_Lessons/Evie_Networks_Future_Fuels_Fast_Charging_Lessons_Learnt_2_fa0d78.pdf,downloaded
Port Kembla Steelworks Identification of Prioritised Options,7/10/2022,Hydrogen energy,Port Kembla Steelworks Renewables & Emissions Reduction Study,https://arena.gov.au/knowledge-bank/port-kembla-steelworks-identification-of-prioritised-options/,Reports,https://arena.gov.au/projects/port-kembla-steelworks-renewables-emissions-reduction-study/,2022,Past,https://arena.gov.au/assets/2022/10/port-kembla-steelworks-identification-of-prioritised-options.pdf,pdfs/Reports/Port_Kembla_Steelworks_Identification_of_Prioritised_Options_d95b08.pdf,downloaded
ASTRI Australian Solar Thermal Research Institute Public Dissemination Report 2021,4/10/2022,"Concentrated solar thermal, Solar energy",ASTRI Australian Solar Thermal Research Institute,https://arena.gov.au/knowledge-bank/astri-australian-solar-thermal-research-institute-public-dissemination-report-2021/,Reports,https://arena.gov.au/projects/astri-australian-solar-thermal-research-institute/,2012,Past,https://arena.gov.au/assets/2022/10/astri-australian-solar-thermal-research-institute-public-dissemination-report-2021.pdf,pdfs/Reports/ASTRI_Australian_Solar_Thermal_Research_Institute_Public_Dissemination_Report_2021_f443f0.pdf,downloaded
AGL EV Orchestration Trial Lessons Learnt Report 4,30/09/2022,"Battery storage, Electric vehicles",AGL Electric Vehicle Orchestration Trial,https://arena.gov.au/knowledge-bank/agl-ev-orchestration-trial-lessons-learnt-report-4/,"Reports, Lessons",https://arena.gov.au/projects/agl-electric-vehicle-orchestration-trial/,2020,Past,https://arena.gov.au/assets/2022/09/agl-ev-orchestration-trial-lessons-learnt-report-4.pdf,pdfs/Reports_Lessons/AGL_EV_Orchestration_Trial_Lessons_Learnt_Report_4_dda6d3.pdf,downloaded
ARENA Insights Newsletter Edition #40,30/09/2022,Distributed energy resources,,https://arena.gov.au/knowledge-bank/arena-insights-newsletter-edition-40/,InsightNewsletter,,,,,,no_pdf_found
Kidston Pumped Hydro Lessons Learnt 5,30/09/2022,Hydropower / Pumped Hydro Energy Storage,Kidston Pumped Hydro Energy Storage,https://arena.gov.au/knowledge-bank/kidston-pumped-hydro-lessons-learnt-5/,"Reports, Lessons",https://arena.gov.au/projects/kidston-pumped-hydro-energy-storage/,2021,Current,https://arena.gov.au/assets/2022/09/kidston-pumped-hydro-energy-storage-lessons-learnt-5.pdf,pdfs/Reports_Lessons/Kidston_Pumped_Hydro_Lessons_Learnt_5_accf6a.pdf,downloaded
Narara Ecovillage Smart Grid Lessons Learnt Report 2,30/09/2022,"Battery storage, Hybrid technologies, Renewables in buildings, Solar energy, Solar PV R&amp;D",Narara Ecovillage Smart Grid,https://arena.gov.au/knowledge-bank/narara-ecovillage-smart-grid-lessons-learnt-report-2/,"Reports, Lessons",https://arena.gov.au/projects/narara-ecovillage-smart-grid/,2016,Past,https://arena.gov.au/assets/2022/09/narara-ecovillage-smart-grid-lessons-learnt-report-2.pdf,pdfs/Reports_Lessons/Narara_Ecovillage_Smart_Grid_Lessons_Learnt_Report_2_364f95.pdf,downloaded
Creating Value from V2G - Business Model Report,30/09/2022,Electric vehicles,Realising Electric Vehicle-to-Grid Services,https://arena.gov.au/knowledge-bank/creating-value-from-v2g-business-model-report/,Reports,https://arena.gov.au/projects/realising-electric-vehicle-to-grid-services/,2020,Past,https://arena.gov.au/assets/2022/09/creating-value-from-v2g-business-model-report.pdf,pdfs/Reports/Creating_Value_from_V2G_-_Business_Model_Report_5a53f6.pdf,downloaded
Vapour Deposited Passivating Contacts for High Efficiency Silicon Solar Cells,30/09/2022,"Solar energy, Solar PV R&amp;D",Vapour Deposited Passivating Contacts for High Efficiency Silicon Solar Cells,https://arena.gov.au/knowledge-bank/vapour-deposited-passivating-contacts-for-high-efficiency-silicon-solar-cells/,"Reports, Lessons",https://arena.gov.au/projects/vapour-deposited-passivating-contacts-for-high-efficiency-silicon-solar-cells/,2020,Past,https://arena.gov.au/assets/2022/09/physical-vapour-deposited-passivating-contacts-for-high-efficiency-silicon-solar-cells.pdf,pdfs/Reports_Lessons/Vapour_Deposited_Passivating_Contacts_for_High_Efficiency_Silicon_Solar_Cells_62e430.pdf,downloaded
5B Maverick Solar PV Automated Assembly & Deployment Lessons Learnt Report 2,30/09/2022,"Solar energy, Solar PV R&amp;D",5B Maverick Solar PV Automated Assembly & Deployment,https://arena.gov.au/knowledge-bank/5b-maverick-solar-pv-automated-assembly-deployment-lessons-learnt-report-2/,"Reports, Lessons",https://arena.gov.au/projects/5b-maverick-solar-pv-automated-assembly-deployment/,2021,Past,https://arena.gov.au/assets/2022/09/5b-maverick-solar-pv-automated-assembly-deployment-lessons-learnt-report-2.pdf,pdfs/Reports_Lessons/5B_Maverick_Solar_PV_Automated_Assembly_&_Deployment_Lessons_Learnt_Report_2_4e087a.pdf,downloaded
SunHQ Market and Technology Report,30/09/2022,Hydrogen energy,Renewable Hydrogen Demonstration for Heavy Transport,https://arena.gov.au/knowledge-bank/sunhq-market-and-technology-report/,Reports,https://arena.gov.au/projects/renewable-hydrogen-demonstration-for-heavy-transport/,2021,Past,https://arena.gov.au/assets/2022/09/sunhq-market-technology-report.pdf,pdfs/Reports/SunHQ_Market_and_Technology_Report_d239c4.pdf,downloaded
DEIP Market Integration Trials Summary Report 1.0,29/09/2022,Distributed energy resources,,https://arena.gov.au/knowledge-bank/deip-der-market-integration-trials-summary-report/,Reports,,,,https://arena.gov.au/assets/2022/09/DEIP-Market-Integration-Trials-Summary-Report-1.0.pdf,pdfs/Reports/DEIP_Market_Integration_Trials_Summary_Report_1.0_549723.pdf,downloaded
DEIP Dive - EV and DER Market Integration Event Summary and Presentations,29/09/2022,Distributed energy resources,,https://arena.gov.au/knowledge-bank/deip-dive-ev-and-der-market-integration-event-presentations/,Presentation,,,,https://arena.gov.au/assets/2022/09/deip-dive-ev-der-market-integration-event-summary.pdf,pdfs/Presentation/DEIP_Dive_-_EV_and_DER_Market_Integration_Event_Summary_and_Presentations_ab1548.pdf,downloaded
Launch of a Photothermal Absorption Spectrometer for Cost Reduction in Photovoltaic Materials Lessons Learnt,27/09/2022,"Solar energy, Solar PV R&amp;D",Photothermal Absorption Spectrometer for Cost Reduction in PV Materials,https://arena.gov.au/knowledge-bank/launch-of-a-photothermal-absorption-spectrometer-for-cost-reduction-in-photovoltaic-materials-lessons-learnt/,"Reports, Lessons",https://arena.gov.au/projects/photothermal-absorption-spectrometer-for-cost-reduction-in-pv-materials/,2019,Past,https://arena.gov.au/assets/2022/09/launch-of-a-photothermal-absorption-spectrometer-for-cost-reduction-in-photovoltaic-materials-lessons-learnt.pdf,pdfs/Reports_Lessons/Launch_of_a_Photothermal_Absorption_Spectrometer_for_Cost_Reduction_in_Photovoltaic_Materials_Lessons_Learnt_50094f.pdf,downloaded
ENGIE Future Fuels Public Fast Charging Lessons Learnt 2,24/09/2022,Electric vehicles,ENGIE Future Fuels Public Fast Charging,https://arena.gov.au/knowledge-bank/engie-future-fuels-public-fast-charging-lessons-learnt-2/,"Reports, Lessons",https://arena.gov.au/projects/engie-future-fuels-public-fast-charging/,2021,Past,https://arena.gov.au/assets/2023/02/engie-future-fuels-public-fast-charging-lessons-learnt-2.pdf,pdfs/Reports_Lessons/ENGIE_Future_Fuels_Public_Fast_Charging_Lessons_Learnt_2_04d35d.pdf,downloaded
Efficient Solar Hydrogen Generation Final Report,22/09/2022,Hydrogen energy,Efficient Solar Hydrogen Generation,https://arena.gov.au/knowledge-bank/efficient-solar-hydrogen-generation-final-report/,Reports,https://arena.gov.au/projects/efficient-solar-hydrogen-generation/,2018,Past,https://arena.gov.au/assets/2023/03/efficient-solar-hydrogen-generation-final-report.pdf,pdfs/Reports/Efficient_Solar_Hydrogen_Generation_Final_Report_3e1cf0.pdf,downloaded
The Innovation Hub for Affordable Heating and Cooling (i-Hub) Final Report,20/09/2022,"Demand response, Distributed energy resources",Affordable Heating and Cooling Innovation Hub (iHub),https://arena.gov.au/knowledge-bank/the-innovation-hub-for-affordable-heating-and-cooling-i-hub-final-report/,Reports,https://arena.gov.au/projects/affordable-heating-and-cooling-innovation-hub-ihub/,2019,Past,https://arena.gov.au/assets/2022/09/innovation-hub-for-affordable-heating-and-cooling-ihub-final-report.pdf,pdfs/Reports/The_Innovation_Hub_for_Affordable_Heating_and_Cooling_(i-Hub)_Final_Report_f1518d.pdf,downloaded
RayGen Solar Power Plant Demonstration Project Lessons Learnt 2,16/09/2022,"Concentrated solar thermal, Solar energy",RayGen Solar Power Plant Demonstration,https://arena.gov.au/knowledge-bank/raygen-solar-power-plant-demonstration-project-lessons-learnt-2/,"Reports, Lessons",https://arena.gov.au/projects/raygen-solar-power-plant-demonstration/,2021,Past,https://arena.gov.au/assets/2021/12/raygen-solar-power-plant-project-lessons-learnt-2.pdf,pdfs/Reports_Lessons/RayGen_Solar_Power_Plant_Demonstration_Project_Lessons_Learnt_2_ca240c.pdf,downloaded
Meridian Extended Forecasting Project Report,16/09/2022,Wind energy,Wind Forecasting Demonstration Project,https://arena.gov.au/knowledge-bank/meridian-extended-forecasting-project-report/,Reports,https://arena.gov.au/projects/wind-forecasting-demonstration-project/,2019,Past,https://arena.gov.au/assets/2022/12/mea-wind-forecasting-demonstration-project-report.pdf,pdfs/Reports/Meridian_Extended_Forecasting_Project_Report_4c418e.pdf,downloaded
"The Electricity System Benefits of Improved, Short-Term Wind Generation Forecasts",16/09/2022,Wind energy,Wind Forecasting Demonstration Project,https://arena.gov.au/knowledge-bank/the-electricity-system-benefits-of-improved-short-term-wind-generation-forecasts/,Reports,https://arena.gov.au/projects/wind-forecasting-demonstration-project/,2019,Past,https://arena.gov.au/assets/2022/09/electricity-system-benefits-of-improved-short-term-wind-generation-forecasts.pdf,"pdfs/Reports/The_Electricity_System_Benefits_of_Improved,_Short-Term_Wind_Generation_Forecasts_f6772b.pdf",downloaded
Tesla Virtual Power Plant Lessons Learnt Report 2,15/09/2022,Battery storage,Tesla Virtual Power Plant,https://arena.gov.au/knowledge-bank/tesla-virtual-power-plant-lessons-learnt-report-2/,"Reports, Lessons",https://arena.gov.au/projects/tesla-virtual-power-plant/,2020,Past,https://arena.gov.au/assets/2022/09/south-australia-virtual-power-plant-lessons-learnt-2.pdf,pdfs/Reports_Lessons/Tesla_Virtual_Power_Plant_Lessons_Learnt_Report_2_6ef52b.pdf,downloaded
The Generator Operations Series: Benchmarking Large-Scale Solar PV Performance in Australia,31/08/2022,Large-scale solar,,https://arena.gov.au/knowledge-bank/the-generator-operations-series-benchmarking-large-scale-solar-pv-performance-in-australia/,Reports,,,,https://arena.gov.au/assets/2022/08/the-generator-operations-series-benchmarkin-large-scale-solar-pv-performance-in-australia.pdf,pdfs/Reports/The_Generator_Operations_Series__Benchmarking_Large-Scale_Solar_PV_Performance_in_Australia_f6e787.pdf,downloaded
Port Gregory Microgrid Knowledge Sharing Final Report,31/08/2022,"Battery storage, Hybrid technologies, Large-scale solar, Solar energy, Wind energy","Advanced Energy Resources Wind, Solar and Battery Project",https://arena.gov.au/knowledge-bank/port-gregory-microgrid-knowledge-sharing-final-report/,Reports,https://arena.gov.au/projects/advanced-energy-resources-wind-solar-and-battery-project/,2019,Current,https://arena.gov.au/assets/2023/05/port-gregory-microgrid-knowledge-sharing-final-report.pdf,pdfs/Reports/Port_Gregory_Microgrid_Knowledge_Sharing_Final_Report_b12ba2.pdf,downloaded
Alinta Fortescue Solar Gas Hybrid Project Lessons Learnt Commissioning and Testing Phase,27/08/2022,"Battery storage, Hybrid technologies, Solar energy, Solar PV R&amp;D",APA Fortescue Solar Gas Hybrid Project,https://arena.gov.au/knowledge-bank/alinta-lessons-learnt-commissioning-and-testing-phase/,"Reports, Lessons",https://arena.gov.au/projects/alinta-fortescue-solar-gas-hybrid-project/,2019,Current,https://arena.gov.au/assets/2022/08/alinta-fortescue-solar-gas-hybrid-project-commissioning-testing-phase.pdf,pdfs/Reports_Lessons/Alinta_Fortescue_Solar_Gas_Hybrid_Project_Lessons_Learnt_Commissioning_and_Testing_Phase_56c703.pdf,downloaded
Building Integrated Photovoltaics (BIPV) Enabler Final Report,19/08/2022,Renewables in buildings,Building Integrated Photovoltaics (BIPV) Enabler,https://arena.gov.au/knowledge-bank/building-integrated-photovoltaics-bipv-enabler-final-report/,Reports,https://arena.gov.au/projects/building-integrated-photovoltaics-bipv-enabler/,2019,Past,https://arena.gov.au/assets/2022/08/building-integrated-photovoltaics-final-report.pdf,pdfs/Reports/Building_Integrated_Photovoltaics_(BIPV)_Enabler_Final_Report_bd01c7.pdf,downloaded
Yanderra Shallow Geothermal-Solar Systems Demonstration Lessons Learnt 1,10/08/2022,Geothermal energy,Yanderra Shallow Geothermal Solar Systems Demonstration Project,https://arena.gov.au/knowledge-bank/yanderra-shallow-geothermal-solar-systems-demonstration-lessons-learnt-1/,"Reports, Lessons",https://arena.gov.au/projects/yanderra-shallow-geothermal-solar-systems-demonstration-project/,2021,Past,https://arena.gov.au/assets/2022/08/yanderra-shallow-geothermal-solar-systems-demonstration-lessons-learnt-1.pdf,pdfs/Reports_Lessons/Yanderra_Shallow_Geothermal-Solar_Systems_Demonstration_Lessons_Learnt_1_aafa33.pdf,downloaded
ARENA Insights Webinar: Grid Forming Inverters,9/08/2022,System security and reliability,,https://arena.gov.au/knowledge-bank/arena-insights-webinar-grid-forming-inverters/,"Insights, Videos",,,,,,no_pdf_found
Port Kembla Steelworks Renewables & Emissions Reduction Study Lessons Learnt 1,9/08/2022,Hydrogen energy,Port Kembla Steelworks Renewables & Emissions Reduction Study,https://arena.gov.au/knowledge-bank/port-kembla-steelworks-renewables-emissions-reduction-study-lessons-learnt-1/,"Reports, Lessons",https://arena.gov.au/projects/port-kembla-steelworks-renewables-emissions-reduction-study/,2022,Past,https://arena.gov.au/assets/2022/08/port-kembla-steelworks-renewables-emissions-reduction-study-lessons-learnt-1.pdf,pdfs/Reports_Lessons/Port_Kembla_Steelworks_Renewables_&_Emissions_Reduction_Study_Lessons_Learnt_1_41e918.pdf,downloaded
ARENA Insights Newsletter Edition #39,8/08/2022,Bioenergy / Energy from waste,,https://arena.gov.au/knowledge-bank/arena-insights-newsletter-edition-39/,InsightNewsletter,,,,,,no_pdf_found
Project Symphony Lessons Learnt 2,1/08/2022,Distributed energy resources,Western Australia Distributed Energy Resources Orchestration Pilot (Project Symphony),https://arena.gov.au/knowledge-bank/project-symphony-lessons-learnt-2/,"Reports, Lessons",https://arena.gov.au/projects/western-australia-distributed-energy-resources-orchestration-pilot/,2021,Past,https://arena.gov.au/assets/2022/08/project-symphony-lessons-learnt-2.pdf,pdfs/Reports_Lessons/Project_Symphony_Lessons_Learnt_2_d4556d.pdf,downloaded
Malabar Biomethane Injection Project Lessons Learnt Report 2,30/07/2022,Bioenergy / Energy from waste,Malabar Biomethane Injection Project,https://arena.gov.au/knowledge-bank/malabar-biomethane-injection-project-lessons-learnt-report-2/,"Reports, Lessons",https://arena.gov.au/projects/malabar-biomethane-injection-project/,2020,Past,https://arena.gov.au/assets/2022/07/malabar-biomethane-injection-project.pdf,pdfs/Reports_Lessons/Malabar_Biomethane_Injection_Project_Lessons_Learnt_Report_2_36938d.pdf,downloaded
Australian Hydrogen Centre Regional Towns Study,30/07/2022,Hydrogen energy,Australian Hydrogen Centre,https://arena.gov.au/knowledge-bank/australian-hydrogen-centre-regional-towns-study/,Reports,https://arena.gov.au/projects/australian-hydrogen-centre/,2019,Past,https://arena.gov.au/assets/2022/07/ballarat-australian-hydrogen-centre-regional-towns-study.pdf,pdfs/Reports/Australian_Hydrogen_Centre_Regional_Towns_Study_e2f8e7.pdf,downloaded
Malabar Biomethane Project Proof of Concept Life Cycle Assessment,29/07/2022,Bioenergy / Energy from waste,Malabar Biomethane Injection Project,https://arena.gov.au/knowledge-bank/malabar-biomethane-project-proof-of-concept-life-cycle-assessment/,Reports,https://arena.gov.au/projects/malabar-biomethane-injection-project/,2020,Past,https://arena.gov.au/assets/2022/07/malabar-biomethane-project-proof-of-concept-life-cycle-assessment.pdf,pdfs/Reports/Malabar_Biomethane_Project_Proof_of_Concept_Life_Cycle_Assessment_ee0ad3.pdf,downloaded
Minituarised Methanol Production as Hydrogen Carrier from Biomass Pyrolysis Syngas,29/07/2022,Hydrogen energy,UWA Methanol from Syngas Research & Development,https://arena.gov.au/knowledge-bank/minituarised-methanol-production-as-hydrogen-carrier-from-biomass-pyrolysis-syngas/,Reports,https://arena.gov.au/projects/uwa-methanol-from-syngas-research-and-development/,2018,Past,https://arena.gov.au/assets/2022/07/minituarised-methanol-production-as-hydrogen-carrier-from-biomass-pyrolysis-syngas.pdf,pdfs/Reports/Minituarised_Methanol_Production_as_Hydrogen_Carrier_from_Biomass_Pyrolysis_Syngas_367dda.pdf,downloaded
ARENA Insights - Thermal Energy Storage Summit,28/07/2022,Renewables for industry,,https://arena.gov.au/knowledge-bank/arena-insights-thermal-energy-storage-unit/,Presentation,,,,https://arena.gov.au/assets/2022/08/thermal-energy-storage-summit-insights-presentation.pdf,pdfs/Presentation/ARENA_Insights_-_Thermal_Energy_Storage_Summit_be16dc.pdf,downloaded
Review of Dynamic Operating Envelope Adoption by DNSPs,25/07/2022,Distributed energy resources,,https://arena.gov.au/knowledge-bank/review-of-dynamic-operating-envelope-adoption-by-dnsps/,Reports,,,,https://arena.gov.au/assets/2022/07/review-of-dynamic-operating-envelopes-from-dnsps.pdf,pdfs/Reports/Review_of_Dynamic_Operating_Envelope_Adoption_by_DNSPs_cbb3ca.pdf,downloaded
Intellihub - Street Light Pole EV Charger with Grid Integration - Lessons Learnt Report 1,22/07/2022,Renewables for industry,Intellihub Street Power Pole EV Charger with Grid Integration,https://arena.gov.au/knowledge-bank/intellihub-street-light-pole-ev-charger-with-grid-integration-project-report/,Reports,https://arena.gov.au/projects/intellihub-street-power-pole-ev-charger-with-grid-integration/,2021,Past,https://arena.gov.au/assets/2022/07/intellihub-street-light-pole-ev-charger-with-grid-integration-project-report.pdf,pdfs/Reports/Intellihub_-_Street_Light_Pole_EV_Charger_with_Grid_Integration_-_Lessons_Learnt_Report_1_f0f903.pdf,downloaded
Lake Bonney Operational Report 3 and 4,20/07/2022,Battery storage,Lake Bonney Battery Energy Storage System,https://arena.gov.au/knowledge-bank/lake-bonney-operational-report-3-and-4/,Reports,https://arena.gov.au/projects/lake-bonney-battery-energy-storage-system/,2018,Past,https://arena.gov.au/assets/2022/07/infigen-lake-bonney-report-3-4.pdf,pdfs/Reports/Lake_Bonney_Operational_Report_3_and_4_557610.pdf,downloaded
Project Edge Public Customer Insight and Engagement Study Interim Report,8/07/2022,System security and reliability,AEMO - Project EDGE (Energy Demand and Generation Exchange),https://arena.gov.au/knowledge-bank/project-edge-public-customer-insight-and-engagement-study-interim-report/,Reports,https://arena.gov.au/projects/project-edge-energy-demand-and-generation-exchange/,2020,Past,https://arena.gov.au/assets/2022/07/project-edge-public-customer-insights-engagement-study-interim-report.pdf,pdfs/Reports/Project_Edge_Public_Customer_Insight_and_Engagement_Study_Interim_Report_1b9515.pdf,downloaded
Project Edge Interim Public Project Report,8/07/2022,System security and reliability,AEMO - Project EDGE (Energy Demand and Generation Exchange),https://arena.gov.au/knowledge-bank/project-edge-interim-public-project-report/,Reports,https://arena.gov.au/projects/project-edge-energy-demand-and-generation-exchange/,2020,Past,https://arena.gov.au/assets/2022/07/project-edge-interim-public-project-report.pdf,pdfs/Reports/Project_Edge_Interim_Public_Project_Report_ac28c9.pdf,downloaded
Underground Pumped Hydro Energy Storage Project Final Report,1/07/2022,Hydropower / Pumped Hydro Energy Storage,Centennial Pumped Hydro Energy Storage,https://arena.gov.au/knowledge-bank/underground-pumped-hydro-energy-storage-project-final-report/,Reports,https://arena.gov.au/projects/centennial-pumped-hydro-energy-storage/,2021,Past,https://arena.gov.au/assets/2022/07/underground-pumped-hydro-energy-storage-project.pdf,pdfs/Reports/Underground_Pumped_Hydro_Energy_Storage_Project_Final_Report_2bfd27.pdf,downloaded
2021 Annual Report ' Australian Centre for Advanced Photovoltaics,1/07/2022,"Solar energy, Solar PV R&amp;D",Australian Centre for Advanced Photovoltaics (ACAP),https://arena.gov.au/knowledge-bank/2021-annual-report-australian-centre-for-advanced-photovoltaics/,Reports,https://arena.gov.au/projects/australian-centre-for-advanced-photovoltaics-acap/,2012,Current,https://arena.gov.au/assets/2022/07/acap-annual-report-2021.pdf,pdfs/Reports/2021_Annual_Report_'_Australian_Centre_for_Advanced_Photovoltaics_3a65be.pdf,downloaded
Realising Electric Vehicle-to-Grid Services Crossing Sectors Report,30/06/2022,Electric vehicles,Realising Electric Vehicle-to-Grid Services,https://arena.gov.au/knowledge-bank/realising-electric-vehicle-to-grid-services-crossing-sectors-report/,Reports,https://arena.gov.au/projects/realising-electric-vehicle-to-grid-services/,2020,Past,https://arena.gov.au/assets/2022/08/realising-electric-vehicle-to-grid-services-crossing-sectors-report.pdf,pdfs/Reports/Realising_Electric_Vehicle-to-Grid_Services_Crossing_Sectors_Report_2c448f.pdf,downloaded
Realising Electric Vehicle-to-Grid Services Final Social Report,30/06/2022,Electric vehicles,Realising Electric Vehicle-to-Grid Services,https://arena.gov.au/knowledge-bank/realising-electric-vehicle-to-grid-services-final-social-report/,Reports,https://arena.gov.au/projects/realising-electric-vehicle-to-grid-services/,2020,Past,https://arena.gov.au/assets/2022/08/final-social-report-revs-project.pdf,pdfs/Reports/Realising_Electric_Vehicle-to-Grid_Services_Final_Social_Report_74574e.pdf,downloaded
Gridded Renewables Nowcasting Demonstration over SA Public Report,30/06/2022,System security and reliability,Gridded Renewables Nowcasting Demonstration over South Australia,https://arena.gov.au/knowledge-bank/gridded-renewables-nowcasting-demonstration-over-sa-public-report/,Reports,https://arena.gov.au/projects/gridded-renewables-nowcasting-demonstration-over-south-australia/,2020,Past,https://arena.gov.au/assets/2022/06/gridded-renewables-nowcasting-demonstration-over-sa-public-report.pdf,pdfs/Reports/Gridded_Renewables_Nowcasting_Demonstration_over_SA_Public_Report_56b5b9.pdf,downloaded
Kidston Pumped Hydro Lessons Learnt 4,30/06/2022,Hydropower / Pumped Hydro Energy Storage,Kidston Pumped Hydro Energy Storage,https://arena.gov.au/knowledge-bank/kidston-pumped-hydro-lessons-learnt-4/,"Reports, Lessons",https://arena.gov.au/projects/kidston-pumped-hydro-energy-storage/,2021,Current,https://arena.gov.au/assets/2022/06/kidston-pumped-storage-hydo-lessons-learnt-4.pdf,pdfs/Reports_Lessons/Kidston_Pumped_Hydro_Lessons_Learnt_4_71d944.pdf,downloaded
Central Queensland Hydrogen Project Feasibility Study,30/06/2022,Hydrogen energy,Stanwell Central Queensland Hydrogen Project Feasibility Study,https://arena.gov.au/knowledge-bank/central-queensland-hydrogen-project-feasibility-study/,Reports,https://arena.gov.au/projects/stanwell-central-queensland-hydrogen-project-feasibility-study/,2021,Past,https://arena.gov.au/assets/2022/12/central-queensland-hydrogen-project-feasibility-study.pdf,pdfs/Reports/Central_Queensland_Hydrogen_Project_Feasibility_Study_48012c.pdf,downloaded
Assessment of FCAS Capabilities of a V2G Capable EV Charger - A Case Study,30/06/2022,Electric vehicles,Realising Electric Vehicle-to-Grid Services,https://arena.gov.au/knowledge-bank/assessment-of-fcas-capabilities-of-a-v2g-capable-ev-charger-a-case-study/,Reports,https://arena.gov.au/projects/realising-electric-vehicle-to-grid-services/,2020,Past,https://arena.gov.au/assets/2023/01/assessment-of-fcas-capabilities-of-v2g-capable-ev-charger-case-study.pdf,pdfs/Reports/Assessment_of_FCAS_Capabilities_of_a_V2G_Capable_EV_Charger_-_A_Case_Study_a75afb.pdf,downloaded
ANU Hydrogen Generation by Electro-Catalytic Systems Final Report,30/06/2022,Hydrogen energy,Bio Inspired Hydrogen Generation,https://arena.gov.au/knowledge-bank/anu-hydrogen-generation-by-electro-catalytic-systems-final-report/,Reports,https://arena.gov.au/projects/bio-inspired-hydrogen-generation/,2018,Past,https://arena.gov.au/assets/2022/06/anu-hydrogen-generation-by-electro-catalytic-systems-report.pdf,pdfs/Reports/ANU_Hydrogen_Generation_by_Electro-Catalytic_Systems_Final_Report_9ed3c5.pdf,downloaded
Fairwater Living Lab Residential Heat Pump Study Annual Public Report,30/06/2022,Geothermal energy,Residential Heat Pump Study,https://arena.gov.au/knowledge-bank/fairwater-living-lab-residential-heat-pump-study-annual-public-report/,Reports,https://arena.gov.au/projects/residential-heat-pump-study/,2018,Past,https://arena.gov.au/assets/2022/06/fairwater-living-lab-residential-heat-pump-study-annual-public-report.pdf,pdfs/Reports/Fairwater_Living_Lab_Residential_Heat_Pump_Study_Annual_Public_Report_1e87f2.pdf,downloaded
SunHQ Market Lessons Learnt 1,27/06/2022,Hydrogen energy,Renewable Hydrogen Demonstration for Heavy Transport,https://arena.gov.au/knowledge-bank/sunhq-market-lessons-learnt-1/,"Reports, Lessons",https://arena.gov.au/projects/renewable-hydrogen-demonstration-for-heavy-transport/,2021,Past,https://arena.gov.au/assets/2022/06/sunhQ-market-lessons-learnt-1.pdf,pdfs/Reports_Lessons/SunHQ_Market_Lessons_Learnt_1_9c946a.pdf,downloaded
NT SETuP Performance Report 3,26/06/2022,"Battery storage, Hybrid technologies, Off grid, Solar energy",NT Solar Energy Transformation Program,https://arena.gov.au/knowledge-bank/nt-setup-performance-report-3/,Reports,https://arena.gov.au/projects/northern-territory-solar-energy-transformation-program/,2014,Past,https://arena.gov.au/assets/2022/06/nt-setup-performance-report-3.pdf,pdfs/Reports/NT_SETuP_Performance_Report_3_f4814c.pdf,downloaded
ARENA Insights Newsletter Edition #38,24/06/2022,Electric vehicles,,https://arena.gov.au/knowledge-bank/arena-insights-newsletter-edition-38/,InsightNewsletter,,,,,,no_pdf_found
Flexible Exports Lessons Learnt Report 4,23/06/2022,"Solar energy, Solar PV R&amp;D",SA Power Networks Flexible Exports for Solar PV Trial,https://arena.gov.au/knowledge-bank/flexible-exports-lessons-learnt-report-4/,"Reports, Lessons",https://arena.gov.au/projects/sa-power-networks-flexible-exports-for-solar-pv-trial/,2020,Past,https://arena.gov.au/assets/2022/06/flexible-exports-lessons-learnt-report-4.pdf,pdfs/Reports_Lessons/Flexible_Exports_Lessons_Learnt_Report_4_8faf61.pdf,downloaded
Setting Up Industrial Regions for Net Zero: Phase 2 Report,20/06/2022,Renewables for industry,Australian Industry ETI Delivery Stage Project,https://arena.gov.au/knowledge-bank/setting-up-industrial-regions-for-net-zero-phase-2-report/,"Reports, Lessons",https://arena.gov.au/projects/australian-industry-eti-delivery-stage-project/,2021,Past,https://arena.gov.au/assets/2022/06/setting-up-industrial-regions-for-net-zero-report-2.pdf,pdfs/Reports_Lessons/Setting_Up_Industrial_Regions_for_Net_Zero__Phase_2_Report_027ea1.pdf,downloaded
Realising Electric Vehicle-to-Grid Services Lessons Learnt 2,31/05/2022,Electric vehicles,Realising Electric Vehicle-to-Grid Services,https://arena.gov.au/knowledge-bank/realising-electric-vehicle-to-grid-services-lessons-learnt-2/,"Reports, Lessons",https://arena.gov.au/projects/realising-electric-vehicle-to-grid-services/,2020,Past,https://arena.gov.au/assets/2022/05/realising-electric-vehicle-to-grid-services-lessons-learnt-2.pdf,pdfs/Reports_Lessons/Realising_Electric_Vehicle-to-Grid_Services_Lessons_Learnt_2_f624ee.pdf,downloaded
Jemena Dynamic Electric Vehicle Charging Trial Lessons Learnt 2,31/05/2022,Electric vehicles,Jemena Dynamic Electric Vehicle Charging Trial,https://arena.gov.au/knowledge-bank/jemena-dynamic-electric-vehicle-charging-trial-lessons-learnt-2/,"Reports, Lessons",https://arena.gov.au/projects/jemena-dynamic-electric-vehicle-charging-trial/,2020,Past,https://arena.gov.au/assets/2022/08/jemena-dynamic-electric-vehicle-charging-trial-project-lessons-learnt-2.pdf,pdfs/Reports_Lessons/Jemena_Dynamic_Electric_Vehicle_Charging_Trial_Lessons_Learnt_2_0f81ed.pdf,downloaded
Origin Energy Electric Vehicles Smart Charging Trial Lessons Learnt 2,30/05/2022,Electric vehicles,Origin Energy Electric Vehicles Smart Charging Trial,https://arena.gov.au/knowledge-bank/origin-energy-electric-vehicles-smart-charging-trial-lessons-learnt-2/,"Reports, Lessons",https://arena.gov.au/projects/origin-energy-electric-vehicles-smart-charging-trial/,2020,Past,https://arena.gov.au/assets/2022/05/origin-energy-electric-vehicles-smart-charging-trial-lessons-learnt-2.pdf,pdfs/Reports_Lessons/Origin_Energy_Electric_Vehicles_Smart_Charging_Trial_Lessons_Learnt_2_4e9a48.pdf,downloaded
Advanced High-Efficiency Silicon Solar Cells Final Report,30/05/2022,"Solar energy, Solar PV R&amp;D",Advanced High-Efficiency Silicon Solar Cells,https://arena.gov.au/knowledge-bank/advanced-high-efficiency-silicon-solar-cells-final-report/,Reports,https://arena.gov.au/projects/advanced-high-efficiency-silicon-solar-cells/,2017,Past,https://arena.gov.au/assets/2022/07/advanced-high-efficiency-silicon-solar-cells-final-report.pdf,pdfs/Reports/Advanced_High-Efficiency_Silicon_Solar_Cells_Final_Report_806a9a.pdf,downloaded
Evie Networks Future Fuels Fast Charging Lessons Learnt 1,30/05/2022,Electric vehicles,Evie Networks Future Fuels Public Fast Charging,https://arena.gov.au/knowledge-bank/evie-networks-future-fuels-fast-charging-lessons-learnt-1/,"Reports, Lessons",https://arena.gov.au/projects/evie-networks-future-fuels-public-fast-charging/,2021,Past,https://arena.gov.au/assets/2022/05/evie-networks-lessons-learnt-1.pdf,pdfs/Reports_Lessons/Evie_Networks_Future_Fuels_Fast_Charging_Lessons_Learnt_1_33049a.pdf,downloaded
ENGIE Future Fuels Public Fast Charging Lessons Learnt 1,30/05/2022,Electric vehicles,ENGIE Future Fuels Public Fast Charging,https://arena.gov.au/knowledge-bank/engie-future-fuels-public-fast-charging-lessons-learnt-1/,"Reports, Lessons",https://arena.gov.au/projects/engie-future-fuels-public-fast-charging/,2021,Past,https://arena.gov.au/assets/2022/05/engie-future-fuels-public-fast-charging-lessons-learnt-1.pdf,pdfs/Reports_Lessons/ENGIE_Future_Fuels_Public_Fast_Charging_Lessons_Learnt_1_9c9f84.pdf,downloaded
Harmonic Study ' Large Renewable Energy Generators Final Report,30/05/2022,System security and reliability,Impact and Management of Harmonic Distortion for Large Renewable Generators,https://arena.gov.au/knowledge-bank/harmonic-study-large-renewable-energy-generators-final-report/,Reports,https://arena.gov.au/projects/impact-and-management-of-harmonic-distortion-for-large-renewable-generators/,2020,Past,https://arena.gov.au/assets/2022/05/harmonic-study-large-renewable-energy-generators-report.pdf,pdfs/Reports/Harmonic_Study_'_Large_Renewable_Energy_Generators_Final_Report_968634.pdf,downloaded
Barcaldine Solar Farm Knowledge Sharing Report,18/05/2022,"Large-scale solar, Solar energy",Barcaldine Remote Community Solar Farm,https://arena.gov.au/knowledge-bank/barcaldine-solar-farm-knowledge-sharing-report/,Reports,https://arena.gov.au/projects/barcaldine-remote-community-solar-farm/,2014,Past,https://arena.gov.au/assets/2022/05/barcaldine-knowledge-sharing-report.pdf,pdfs/Reports/Barcaldine_Solar_Farm_Knowledge_Sharing_Report_6e14a0.pdf,downloaded
Advancing Renewables in the Manufacturing Sector Final Report,10/05/2022,Renewables for industry,Advancing Renewables in the Manufacturing Sector,https://arena.gov.au/knowledge-bank/advancing-renewables-in-the-manufacturing-sector-final-report/,Reports,https://arena.gov.au/projects/advancing-renewables-in-the-manufacturing-sector/,2019,Past,https://arena.gov.au/assets/2022/05/shell-energy-advancing-renewables-in-the-manufacturing-sector.pdf,pdfs/Reports/Advancing_Renewables_in_the_Manufacturing_Sector_Final_Report_b62de8.pdf,downloaded
Next Generation Electric Bus Depot Lessons Learnt 1,5/05/2022,Battery storage,Next Generation Electric Bus Depot,https://arena.gov.au/knowledge-bank/next-generation-electric-bus-depot-lessons-learnt-1/,"Reports, Lessons",https://arena.gov.au/projects/next-generation-electric-bus-depot/,2021,Past,https://arena.gov.au/assets/2022/06/next-generation-electric-bus-depot-lessons-learnt-1.pdf,pdfs/Reports_Lessons/Next_Generation_Electric_Bus_Depot_Lessons_Learnt_1_e6ea9e.pdf,downloaded
Project SHIELD Lessons Learnt Report 3,30/04/2022,Distributed energy resources,Project SHIELD - Synchronising Heterogeneous Information to Evaluate Limits for DNSP,https://arena.gov.au/knowledge-bank/project-shield-lessons-learnt-report-3/,"Reports, Lessons",https://arena.gov.au/projects/project-shield/,2020,Past,https://arena.gov.au/assets/2023/01/project-shield-lessons-learnt-3.pdf,pdfs/Reports_Lessons/Project_SHIELD_Lessons_Learnt_Report_3_78a476.pdf,downloaded
Hydrogen to Ammonia Research and Development Public Report,30/04/2022,Hydrogen energy,Hydrogen to Ammonia Research and Development,https://arena.gov.au/knowledge-bank/hydrogen-to-ammonia-research-and-development-public-report/,Reports,https://arena.gov.au/projects/hydrogen-to-ammonia/,2018,Past,https://arena.gov.au/assets/2022/04/hydrogen-to-ammonia-research-and-development-final-report.pdf,pdfs/Reports/Hydrogen_to_Ammonia_Research_and_Development_Public_Report_970fc3.pdf,downloaded
OMPS New England PHES Benefits Study,30/04/2022,Hydropower / Pumped Hydro Energy Storage,OMPS New England PHES Benefits Study,https://arena.gov.au/knowledge-bank/omps-new-england-phes-benefits-study/,Reports,https://arena.gov.au/projects/omps-new-england-phes-benefits-study/,2019,Past,https://arena.gov.au/assets/2022/04/omps-ne-england-phes-benefits-study.pdf,pdfs/Reports/OMPS_New_England_PHES_Benefits_Study_7c0efc.pdf,downloaded
Project SHIELD Stage 1 Outcomes Report,30/04/2022,Distributed energy resources,Project SHIELD - Synchronising Heterogeneous Information to Evaluate Limits for DNSP,https://arena.gov.au/knowledge-bank/project-shield-stage-1-outcomes-report/,Reports,https://arena.gov.au/projects/project-shield/,2020,Past,https://arena.gov.au/assets/2023/01/project-shield-stage-1-outcomes-report.pdf,pdfs/Reports/Project_SHIELD_Stage_1_Outcomes_Report_43cb72.pdf,downloaded
Hardwick Meatworks Heat Pump Installation and Power Upgrade Demonstration - Lessons Learnt Report 1,29/04/2022,Renewables for industry,Hardwick Meatworks Heat Pump Installation and Power Upgrade Demonstration,https://arena.gov.au/knowledge-bank/hardwicks-meatworks-lessons-learnt-report-1/,"Reports, Lessons",https://arena.gov.au/projects/hardwick-meatworks-heat-pump-installation-and-power-upgrade-demonstration/,2022,Past,https://arena.gov.au/assets/2022/04/hardwicks-lessons-learnt-report-1.pdf,pdfs/Reports_Lessons/Hardwick_Meatworks_Heat_Pump_Installation_and_Power_Upgrade_Demonstration_-_Lessons_Learnt_Report_1_c47dad.pdf,downloaded
Wave Swell Energy Lessons Learnt 3,29/04/2022,Ocean energy,UniWave200 King Island Project - Wave Swell,https://arena.gov.au/knowledge-bank/wave-swell-energy-lessons-learnt-3/,"Reports, Lessons",https://arena.gov.au/projects/uniwave200-king-island-project-wave-swell/,2019,Past,https://arena.gov.au/assets/2022/07/wave-swell-energy-lessons-learnt-3.pdf,pdfs/Reports_Lessons/Wave_Swell_Energy_Lessons_Learnt_3_49692d.pdf,downloaded
Wave Swell Energy Lessons Learnt 2,29/04/2022,Ocean energy,UniWave200 King Island Project - Wave Swell,https://arena.gov.au/knowledge-bank/wave-swell-energy-lessons-learnt-2/,"Reports, Lessons",https://arena.gov.au/projects/uniwave200-king-island-project-wave-swell/,2019,Past,https://arena.gov.au/assets/2022/04/wave-swell-energy-lessons-learnt-2.pdf,pdfs/Reports_Lessons/Wave_Swell_Energy_Lessons_Learnt_2_358720.pdf,downloaded
ARENA Insights Newsletter Edition #37,28/04/2022,Renewables for industry,,https://arena.gov.au/knowledge-bank/arena-insights-newsletter-edition-37/,InsightNewsletter,,,,,,no_pdf_found
Addressing Barriers to Efficient Renewable Integration Milestone 6,28/04/2022,"Solar energy, Solar PV R&amp;D, System security and reliability",UNSW Addressing Barriers to Efficient Renewable Integration,https://arena.gov.au/knowledge-bank/addressing-barriers-to-efficient-renewable-integration-milestone-6/,"Reports, Milestones",https://arena.gov.au/projects/addressing-barriers-efficient-renewable-integration/,2016,Past,https://arena.gov.au/assets/2022/04/addressing-barriers-to-efficient-renewable-integration-milestone-report-6.pdf,pdfs/Reports_Milestones/Addressing_Barriers_to_Efficient_Renewable_Integration_Milestone_6_a5e2f9.pdf,downloaded
Lord Howe Island Renewable Energy Project: Solar Resource Data Report,28/04/2022,"Battery storage, Hybrid technologies",Lord Howe Island Hybrid Renewable Energy System,https://arena.gov.au/knowledge-bank/lord-howe-island-renewable-energy-project-solar-resource-data-report/,Reports,https://arena.gov.au/projects/lord-howe-island-hybrid-renewable-energy-system/,2014,Past,https://arena.gov.au/assets/2022/04/lord-howe-island-renewable-energy-project-solar-resource-data-report.pdf,pdfs/Reports/Lord_Howe_Island_Renewable_Energy_Project__Solar_Resource_Data_Report_6e162f.pdf,downloaded
Wave Swell Energy Lessons Learnt 1,22/04/2022,Ocean energy,UniWave200 King Island Project - Wave Swell,https://arena.gov.au/knowledge-bank/wave-swell-energy-lessons-learnt-1/,"Reports, Lessons",https://arena.gov.au/projects/uniwave200-king-island-project-wave-swell/,2019,Past,https://arena.gov.au/assets/2022/04/wave-swell-energy-lessons-learnt-1.pdf,pdfs/Reports_Lessons/Wave_Swell_Energy_Lessons_Learnt_1_fd8843.pdf,downloaded
The Role of Dynamic Operating Envelopes in Co-ordinating and Optimising DER,11/04/2022,Distributed energy resources,evolve DER Project,https://arena.gov.au/knowledge-bank/the-role-of-dynamic-operating-envelopes-in-co-ordinating-and-optimising-der/,"Reports, Lessons",https://arena.gov.au/projects/evolve-der-project/,2019,Past,https://arena.gov.au/assets/2022/04/evolve-the-role-of-dynamic-operating-envelopes-der.pdf,pdfs/Reports_Lessons/The_Role_of_Dynamic_Operating_Envelopes_in_Co-ordinating_and_Optimising_DER_b7a4b2.pdf,downloaded
The Generator Operations Series: Forecasts vs Actuals from the LSS Projects,8/04/2022,Large-scale solar,,https://arena.gov.au/knowledge-bank/the-generator-operations-series-forecasts-vs-actuals-from-the-lss-projects/,Reports,,,,https://arena.gov.au/assets/2022/04/the-generator-operations-series-4-forecasts-vs-actuals-.pdf,pdfs/Reports/The_Generator_Operations_Series__Forecasts_vs_Actuals_from_the_LSS_Projects_2ad5e3.pdf,downloaded
5B Maverick Solar PV Automated Assembly & Deployment Lessons Learnt Report 1,1/04/2022,"Solar energy, Solar PV R&amp;D",5B Maverick Solar PV Automated Assembly & Deployment,https://arena.gov.au/knowledge-bank/5b-maverick-solar-pv-automated-assembly-deployment-lessons-learnt-report-1/,"Reports, Lessons",https://arena.gov.au/projects/5b-maverick-solar-pv-automated-assembly-deployment/,2021,Past,https://arena.gov.au/assets/2022/04/5b-maverick-solar-pv-automated-assembly-deployment-lessons-learnt-report-1.pdf,pdfs/Reports_Lessons/5B_Maverick_Solar_PV_Automated_Assembly_&_Deployment_Lessons_Learnt_Report_1_400b58.pdf,downloaded
South Australian Smart Network Project Lessons Learnt Report 2,1/04/2022,Distributed energy resources,Rheem Active Hot Water Control,https://arena.gov.au/knowledge-bank/south-australian-smart-network-project-lessons-learnt-report-2/,"Reports, Lessons",https://arena.gov.au/projects/rheem-active-hot-water-control/,2019,Past,https://arena.gov.au/assets/2022/04/south-australian-smart-network-project-lessons-learnt-report-2.pdf,pdfs/Reports_Lessons/South_Australian_Smart_Network_Project_Lessons_Learnt_Report_2_7d235b.pdf,downloaded
Project Symphony Distribution Constraints Optimisation Algorithm Report,31/03/2022,Distributed energy resources,Western Australia Distributed Energy Resources Orchestration Pilot (Project Symphony),https://arena.gov.au/knowledge-bank/project-symphony-distribution-constraints-optimisation-algorithm-report/,Reports,https://arena.gov.au/projects/western-australia-distributed-energy-resources-orchestration-pilot/,2021,Past,https://arena.gov.au/assets/2022/03/project-symphony-distribution-constraints-optimisation-algorithm-report.pdf,pdfs/Reports/Project_Symphony_Distribution_Constraints_Optimisation_Algorithm_Report_40afab.pdf,downloaded
Energy from Waste through Pyrolysis Project Lessons Learnt Report 3,31/03/2022,Bioenergy / Energy from waste,Energy from Waste Through Pyrolysis,https://arena.gov.au/knowledge-bank/energy-from-waste-through-pyrolysis-project-lessons-learnt-report-3/,"Reports, Lessons",https://arena.gov.au/projects/energy-from-waste-through-pyrolysis/,2020,Past,https://arena.gov.au/assets/2022/09/energy-from-waste-through-pyrolysis-project-lessons-learnt-report-3.pdf,pdfs/Reports_Lessons/Energy_from_Waste_through_Pyrolysis_Project_Lessons_Learnt_Report_3_1da64e.pdf,downloaded
Thermal Energy Storage for Renewable Energy Uptake in Wineries White Paper,31/03/2022,Renewables for industry,Advancing Renewables with PCM Thermal Energy Storage,https://arena.gov.au/knowledge-bank/thermal-energy-storage-for-renewable-energy-uptake-in-wineries-white-paper/,Reports,https://arena.gov.au/projects/advancing-renewables-with-pcm-thermal-energy-storage/,2019,Past,https://arena.gov.au/assets/2022/03/thermal-energy-storag-for-renewable-energy-uptake-in-wineries-white-paper.pdf,pdfs/Reports/Thermal_Energy_Storage_for_Renewable_Energy_Uptake_in_Wineries_White_Paper_570ecb.pdf,downloaded
Delivering the Design for Australia&rsquo;s First Biosolids Gasification Facility,30/03/2022,Bioenergy / Energy from waste,Logan City Biosolids Gasification Project,https://arena.gov.au/knowledge-bank/delivering-the-design-for-australias-first-biosolids-gasification-facility/,Reports,https://arena.gov.au/projects/logan-city-biosolids-gasification-project/,2019,Current,https://arena.gov.au/assets/2022/06/delivering-the-design-for-australias-first-biosolids-gasification-facility.pdf,pdfs/Reports/Delivering_the_Design_for_Australia&rsquo;s_First_Biosolids_Gasification_Facility_44ac31.pdf,downloaded
Addressing Black Spots Fast Charging Program Lessons Learnt,30/03/2022,Electric vehicles,Ampol Addressing Blackspots Fast Charging,https://arena.gov.au/knowledge-bank/addressing-black-spots-fast-charging-program-lessons-learnt/,"Reports, Lessons",https://arena.gov.au/projects/ampol-addressing-blackspots-fast-charging-project/,2021,Past,https://arena.gov.au/assets/2022/03/addressing-black-spots-fast-charging-program-lessons-learnt-report.pdf,pdfs/Reports_Lessons/Addressing_Black_Spots_Fast_Charging_Program_Lessons_Learnt_d9b71d.pdf,downloaded
Gold Fields Agnew Gold Mine Final Report,30/03/2022,"Battery storage, Hybrid technologies, Off grid, Solar energy, Solar PV R&amp;D, Wind energy",Agnew Renewable Energy Microgrid,https://arena.gov.au/knowledge-bank/gold-fields-agnew-gold-mine-final-report/,"Reports, Lessons",https://arena.gov.au/projects/agnew-renewable-energy-microgrid/,2019,Past,https://arena.gov.au/assets/2022/03/gold-fields-agnew-gold-mine-final-report.pdf,pdfs/Reports_Lessons/Gold_Fields_Agnew_Gold_Mine_Final_Report_95d0a3.pdf,downloaded
DEIP Dynamic Operating Envelopes Workstream Final Outcomes Webinar,30/03/2022,Distributed energy resources,,https://arena.gov.au/knowledge-bank/deip-dynamic-operating-envelopes-workstream-final-outcomes-webinar/,Presentation,,,,https://arena.gov.au/assets/2022/03/deip-outcomes-webinar-march-2022.pdf,pdfs/Presentation/DEIP_Dynamic_Operating_Envelopes_Workstream_Final_Outcomes_Webinar_584947.pdf,downloaded
AGL EV Orchestration Trial Lessons Learnt Report 3,30/03/2022,Electric vehicles,,https://arena.gov.au/knowledge-bank/agl-ev-orchestration-trial-lessons-learnt-report-3/,"Reports, Lessons",,,,https://arena.gov.au/assets/2022/03/agl-ev-orchestration-trial-lessons-learnt-report-3.pdf,pdfs/Reports_Lessons/AGL_EV_Orchestration_Trial_Lessons_Learnt_Report_3_34a532.pdf,downloaded
Case Study Grid Performance of a V2G Capable EV Charger,29/03/2022,Electric vehicles,Realising Electric Vehicle-to-Grid Services,https://arena.gov.au/knowledge-bank/case-study-grid-performance-of-a-v2g-capable-ev-charger/,Reports,https://arena.gov.au/projects/realising-electric-vehicle-to-grid-services/,2020,Past,https://arena.gov.au/assets/2022/03/case-study-grid-performance-of-a-v2g-capable-ev-charger.pdf,pdfs/Reports/Case_Study_Grid_Performance_of_a_V2G_Capable_EV_Charger_72c6b5.pdf,downloaded
Integrating Concentrating Solar Thermal Energy into the Bayer Alumina Process,28/03/2022,"Concentrated solar thermal, Solar energy",Integrating Concentrating Solar Thermal Energy,https://arena.gov.au/knowledge-bank/integrating-concentrating-solar-thermal-energy-into-the-bayer-alumina-process/,Reports,https://arena.gov.au/projects/integrating-concentrating-solar-thermal-energy-into-the-bayer-alumina-process/,2016,Past,https://arena.gov.au/assets/2022/03/integrating-concentrating-solar-thermal-energy-into-the-bayer-alumina-process.pdf,pdfs/Reports/Integrating_Concentrating_Solar_Thermal_Energy_into_the_Bayer_Alumina_Process_cade1f.pdf,downloaded
ARENA Insights Newsletter Edition #36,25/03/2022,Renewables for industry,,https://arena.gov.au/knowledge-bank/arena-insights-newsletter-edition-36/,InsightNewsletter,,,,,,no_pdf_found
Renewable Energy for Process Heat Opportunity Study Final Report,24/03/2022,Renewables for industry,Renewable Energy for Process Heat Opportunity Study Phase 2,https://arena.gov.au/knowledge-bank/renewable-energy-for-process-heat-opportunity-study-final-report/,Reports,https://arena.gov.au/projects/renewable-energy-for-process-heat-opportunity-study-phase-2/,2020,Past,https://arena.gov.au/assets/2022/03/renewable-energy-for-process-heat-opportunity-study-final-report.pdf,pdfs/Reports/Renewable_Energy_for_Process_Heat_Opportunity_Study_Final_Report_b2ba63.pdf,downloaded
Insights Spotlight Interview with AIRAH,24/03/2022,"Demand response, Distributed energy resources",Affordable Heating and Cooling Innovation Hub (iHub),https://arena.gov.au/knowledge-bank/insights-spotlight-interview-with-airah/,"Reports, Insights",https://arena.gov.au/projects/affordable-heating-and-cooling-innovation-hub-ihub/,2019,Past,https://arena.gov.au/assets/2022/03/insights-spotlight-interview-with-airah.pdf,pdfs/Reports_Insights/Insights_Spotlight_Interview_with_AIRAH_47dcdc.pdf,downloaded
Advancing Renewables with PCM Thermal Energy Storage Case Study,24/03/2022,Renewables for industry,Advancing Renewables with PCM Thermal Energy Storage,https://arena.gov.au/knowledge-bank/advancing-renewables-with-pcm-thermal-energy-storage-case-study/,Reports,https://arena.gov.au/projects/advancing-renewables-with-pcm-thermal-energy-storage/,2019,Past,https://arena.gov.au/assets/2022/03/advancing-renewables-with-pcm-thermal-energy-storage-case-study.pdf,pdfs/Reports/Advancing_Renewables_with_PCM_Thermal_Energy_Storage_Case_Study_1da590.pdf,downloaded
Business Renewables Centre Australia Final Report,22/03/2022,"Renewables for industry, Renewables in buildings",Business Renewables Centre Australia,https://arena.gov.au/knowledge-bank/business-renewables-centre-australia-final-report/,Reports,https://arena.gov.au/projects/business-renewables-centre-australia/,2018,Past,https://arena.gov.au/assets/2022/03/business-renewables-centre-australia-final-report.pdf,pdfs/Reports/Business_Renewables_Centre_Australia_Final_Report_d567aa.pdf,downloaded
Indra Monash Smart Energy City Final Report,22/03/2022,"Distributed energy resources, Renewables in buildings",Indra Monash Smart City,https://arena.gov.au/knowledge-bank/indra-monash-smart-energy-city-final-report/,"Reports, Lessons",https://arena.gov.au/projects/indra-monash-smart-city/,2018,Past,https://arena.gov.au/assets/2022/03/indra-monash-smart-energy-city-final-report.pdf,pdfs/Reports_Lessons/Indra_Monash_Smart_Energy_City_Final_Report_e07449.pdf,downloaded
Kidston Pumped Hydro Lessons Learnt 3,22/03/2022,Hydropower / Pumped Hydro Energy Storage,Kidston Pumped Hydro Energy Storage,https://arena.gov.au/knowledge-bank/kidston-pumped-hydro-lessons-learnt-3/,"Reports, Lessons",https://arena.gov.au/projects/kidston-pumped-hydro-energy-storage/,2021,Current,https://arena.gov.au/assets/2022/05/kidston-pumped-storage-hydo-lessons-learnt-3.pdf,pdfs/Reports_Lessons/Kidston_Pumped_Hydro_Lessons_Learnt_3_c886dd.pdf,downloaded
Project Symphony Aggregator Report,17/03/2022,Distributed energy resources,Western Australia Distributed Energy Resources Orchestration Pilot (Project Symphony),https://arena.gov.au/knowledge-bank/project-symphony-aggregator-report/,Reports,https://arena.gov.au/projects/western-australia-distributed-energy-resources-orchestration-pilot/,2021,Past,https://arena.gov.au/assets/2022/03/project-symphony-aggregator-report.pdf,pdfs/Reports/Project_Symphony_Aggregator_Report_bfd521.pdf,downloaded
Project Symphony DER Service Valuation Report,17/03/2022,Distributed energy resources,Western Australia Distributed Energy Resources Orchestration Pilot (Project Symphony),https://arena.gov.au/knowledge-bank/project-symphony-der-service-valuation-report/,Reports,https://arena.gov.au/projects/western-australia-distributed-energy-resources-orchestration-pilot/,2021,Past,https://arena.gov.au/assets/2022/03/project-symphony-der-service-valuation-report.pdf,pdfs/Reports/Project_Symphony_DER_Service_Valuation_Report_556711.pdf,downloaded
Project Symphony DER Services Report,17/03/2022,Distributed energy resources,Western Australia Distributed Energy Resources Orchestration Pilot (Project Symphony),https://arena.gov.au/knowledge-bank/project-symphony-der-services-report/,Reports,https://arena.gov.au/projects/western-australia-distributed-energy-resources-orchestration-pilot/,2021,Past,https://arena.gov.au/assets/2022/03/project-symphony-der-services-report.pdf,pdfs/Reports/Project_Symphony_DER_Services_Report_c844ab.pdf,downloaded
Antimony Chalcogenide: Top Cell Alternative for Silicon Tandem Cells Mid Report,13/03/2022,"Solar energy, Solar PV R&amp;D",Antimony Chalcogenide: Top Cell Alternative for Silicon Tandem Cells,https://arena.gov.au/knowledge-bank/antimony-chalcogenide-top-cell-alternative-for-silicon-tandem-cells-mid-report/,"Reports, Lessons",https://arena.gov.au/projects/antimony-chalcogenide-top-cell-alternative-for-silicon-tandem-cells/,2020,Past,https://arena.gov.au/assets/2022/03/antimony-chalcogenide-top-cell-alternative-for-silicon-tandem-cells-mid-report.pdf,pdfs/Reports_Lessons/Antimony_Chalcogenide__Top_Cell_Alternative_for_Silicon_Tandem_Cells_Mid_Report_155e43.pdf,downloaded
Hornsdale Power Reserve Virtual Machine Mode Testing Summary Report,9/03/2022,Battery storage,Hornsdale Power Reserve Upgrade,https://arena.gov.au/knowledge-bank/hornsdale-power-reserve-virtual-machine-mode-testing-summary-report/,Reports,https://arena.gov.au/projects/hornsdale-power-reserve-upgrade/,2019,Current,https://arena.gov.au/assets/2022/03/hornsdale-power-reserve-virtual-machine-mode-testing-summary-report.pdf,pdfs/Reports/Hornsdale_Power_Reserve_Virtual_Machine_Mode_Testing_Summary_Report_d234bb.pdf,downloaded
Low-Voltage Grid Battery Energy Storage Systems Trial Lessons Learnt 2,8/03/2022,Battery storage,United Energy Low Voltage Battery Trial,https://arena.gov.au/knowledge-bank/low-voltage-grid-battery-energy-storage-systems-trial-lessons-learnt-2/,"Reports, Lessons",https://arena.gov.au/projects/united-energy-low-voltage-battery-trial/,2021,Past,https://arena.gov.au/assets/2022/03/united-energy-low-voltage-grid-trial-lessons-learnt-2.pdf,pdfs/Reports_Lessons/Low-Voltage_Grid_Battery_Energy_Storage_Systems_Trial_Lessons_Learnt_2_858397.pdf,downloaded
DEIP CEO Forum 4 March 2022,4/03/2022,Distributed energy resources,,https://arena.gov.au/knowledge-bank/deip-ceo-forum-4-march-2022/,Presentation,,,,https://arena.gov.au/assets/2022/03/deip-ceo-forum-4-march-2022.pdf,pdfs/Presentation/DEIP_CEO_Forum_4_March_2022_3010ca.pdf,downloaded
DEIP Dynamic Operating Envelopes Workstream: Outcomes Report,3/03/2022,Distributed energy resources,,https://arena.gov.au/knowledge-bank/deip-dynamic-operating-envelopes-workstream-outcomes-report/,Reports,,,,https://arena.gov.au/assets/2022/03/dynamic-operating-envelope-working-group-outcomes-report.pdf,pdfs/Reports/DEIP_Dynamic_Operating_Envelopes_Workstream__Outcomes_Report_69df16.pdf,downloaded
Development of Novel Hydrogen Trapping Techniques Final Report,1/03/2022,"Solar energy, Solar PV R&amp;D",Development of Novel Hydrogen Trapping Techniques,https://arena.gov.au/knowledge-bank/development-of-novel-hydrogen-trapping-techniques-final-report/,Reports,https://arena.gov.au/projects/development-of-novel-hydrogen-trapping-techniques/,2017,Past,https://arena.gov.au/assets/2022/03/development-of-novel-hydrogen-trapping-techniques-final-report.pdf,pdfs/Reports/Development_of_Novel_Hydrogen_Trapping_Techniques_Final_Report_b0c848.pdf,downloaded
Project Symphony Platform Functional and Non-Functional Requirements Report,28/02/2022,Distributed energy resources,Western Australia Distributed Energy Resources Orchestration Pilot (Project Symphony),https://arena.gov.au/knowledge-bank/project-symphony-platform-functional-and-non-functional-requirements-report/,Reports,https://arena.gov.au/projects/western-australia-distributed-energy-resources-orchestration-pilot/,2021,Past,https://arena.gov.au/assets/2022/02/project-symphony-platform-functional-and-non-functional-requirements-report.pdf,pdfs/Reports/Project_Symphony_Platform_Functional_and_Non-Functional_Requirements_Report_7a1c59.pdf,downloaded
Meridian Energy Australia Wind Forecasting Demonstration Project Lessons Learnt 6,28/02/2022,Wind energy,Wind Forecasting Demonstration Project,https://arena.gov.au/knowledge-bank/meridian-energy-australia-wind-forecasting-demonstration-project-lessons-learnt-6/,"Reports, Lessons",https://arena.gov.au/projects/wind-forecasting-demonstration-project/,2019,Past,https://arena.gov.au/assets/2022/12/meridian-wind-forecasting-lessons-learnt-report-6.pdf,pdfs/Reports_Lessons/Meridian_Energy_Australia_Wind_Forecasting_Demonstration_Project_Lessons_Learnt_6_0f961f.pdf,downloaded
Smart Sodium Storage System Final Report,28/02/2022,Battery storage,Smart Sodium Storage System,https://arena.gov.au/knowledge-bank/smart-sodium-storage-system-final-report/,Reports,https://arena.gov.au/projects/smart-sodium-storage-system-for-renewable-energy-storage/,2016,Past,https://arena.gov.au/assets/2022/07/smart-sodium-storage-system-final-report.pdf,pdfs/Reports/Smart_Sodium_Storage_System_Final_Report_9fc985.pdf,downloaded
Optimal DER Scheduling for Frequency Stability Study Report,27/02/2022,Distributed energy resources,Optimal DER Scheduling for Frequency Stability,https://arena.gov.au/knowledge-bank/optimal-der-scheduling-for-frequency-stability-study-report/,Reports,https://arena.gov.au/projects/optimal-der-scheduling-for-frequency-stability-study/,2019,Past,https://arena.gov.au/assets/2022/03/optimal-der-scheduling-for-frequency-stability-study-report.pdf,pdfs/Reports/Optimal_DER_Scheduling_for_Frequency_Stability_Study_Report_6e9ae8.pdf,downloaded
BOC Renewable Hydrogen Production and Refuelling Lessons Learnt,27/02/2022,Hydrogen energy,Renewable Hydrogen Production and Refuelling Project,https://arena.gov.au/knowledge-bank/boc-renewable-hydrogen-production-and-refuelling-lessons-learnt/,"Reports, Lessons",https://arena.gov.au/projects/renewable-hydrogen-production-and-refuelling-project/,2019,Past,https://arena.gov.au/assets/2022/02/boc-renewable-hydrogen-production-and-refuelling-lessons-learnt.pdf,pdfs/Reports_Lessons/BOC_Renewable_Hydrogen_Production_and_Refuelling_Lessons_Learnt_23507b.pdf,downloaded
SunDrive Copper Metallisation Demonstration Project Lessons Learnt Report 1,25/02/2022,"Solar energy, Solar PV R&amp;D",SunDrive Copper Metallisation Demonstration,https://arena.gov.au/knowledge-bank/sundrive-copper-metallisation-demonstration-project-lessons-learnt-report-1/,"Reports, Lessons",https://arena.gov.au/projects/sundrive-copper-metallisation-demonstration/,2020,Past,https://arena.gov.au/assets/2022/02/sundrive-copper-metallisation-demonstration-lessons-learnt-report-1.pdf,pdfs/Reports_Lessons/SunDrive_Copper_Metallisation_Demonstration_Project_Lessons_Learnt_Report_1_3f7947.pdf,downloaded
ARENA Insights Newsletter Edition #35,24/02/2022,Battery storage,,https://arena.gov.au/knowledge-bank/arena-insights-newsletter-edition-35/,InsightNewsletter,,,,,,no_pdf_found
Smarter Homes for Distributed Energy,23/02/2022,Distributed energy resources,,https://arena.gov.au/knowledge-bank/smarter-homes-for-distributed-energy/,Reports,,,,https://arena.gov.au/assets/2022/02/smarter-homes-for-distributed-energy.pdf,pdfs/Reports/Smarter_Homes_for_Distributed_Energy_d81931.pdf,downloaded
A Double-Sided Causer Pays Implementation of Frequency Deviation Pricing ' Final Report,4/02/2022,System security and reliability,Australian Energy Council Double-Sided Causer Pays Study,https://arena.gov.au/knowledge-bank/a-double-sided-causer-pays-implementation-of-frequency-deviation-pricing-final-report/,Reports,https://arena.gov.au/projects/australian-energy-council-double-sided-causer-pays-study/,2021,Past,https://arena.gov.au/assets/2022/02/dscp-implementation-of-frequency-deviation-pricing-analysis-final-report.pdf,pdfs/Reports/A_Double-Sided_Causer_Pays_Implementation_of_Frequency_Deviation_Pricing_'_Final_Report_98a4da.pdf,downloaded
A Double-Sided Causer Pays Implementation of Frequency Deviation Pricing ' Analysis Report,4/02/2022,System security and reliability,Australian Energy Council Double-Sided Causer Pays Study,https://arena.gov.au/knowledge-bank/a-double-sided-causer-pays-implementation-of-frequency-deviation-pricing-analysis-report/,Reports,https://arena.gov.au/projects/australian-energy-council-double-sided-causer-pays-study/,2021,Past,https://arena.gov.au/assets/2022/02/dscp-implementation-of-frequency-deviation-pricing-analysis-report.pdf,pdfs/Reports/A_Double-Sided_Causer_Pays_Implementation_of_Frequency_Deviation_Pricing_'_Analysis_Report_b8f03c.pdf,downloaded
Diffuse Energy Lessons Learnt Report 4,2/02/2022,Wind energy,Resilient Wind Energy for Telecommunication Sites,https://arena.gov.au/knowledge-bank/diffuse-energy-lessons-learnt-report-4/,"Reports, Lessons",https://arena.gov.au/projects/resilient-wind-energy-for-telecommunication-sites/,2020,Past,https://arena.gov.au/assets/2022/02/diffuse-energy-lessons-learnt-report-4.pdf,pdfs/Reports_Lessons/Diffuse_Energy_Lessons_Learnt_Report_4_7e965f.pdf,downloaded
Multi-Model and Machine Learning Wind Forecast Final Report,2/02/2022,Wind energy,Ararat Wind Farm,https://arena.gov.au/knowledge-bank/multi-model-and-machine-learning-wind-forecast-final-report/,Reports,https://arena.gov.au/projects/ararat-wind-farm/,2019,Past,https://arena.gov.au/assets/2022/02/multi-model-and-machine-learning-wind-forecast-final-report.pdf,pdfs/Reports/Multi-Model_and_Machine_Learning_Wind_Forecast_Final_Report_be969c.pdf,downloaded
Valuing Load Flexibility in the NEM,1/02/2022,Demand response,,https://arena.gov.au/knowledge-bank/valuing-load-flexibility-in-the-nem/,Reports,,,,https://arena.gov.au/assets/2022/02/load-flexibility-study-technical-summary.pdf,pdfs/Reports/Valuing_Load_Flexibility_in_the_NEM_de2d95.pdf,downloaded
Substitution of Niche-Market PV Production Tools with Cost-Effective Technology,31/01/2022,"Solar energy, Solar PV R&amp;D",Substitution of Niche-Market PV Production Tools with Cost-Effective Consumer-Electronics,https://arena.gov.au/knowledge-bank/substitution-of-niche-market-pv-production-tools-with-cost-effective-technology/,"Reports, Lessons",https://arena.gov.au/projects/substitution-of-niche-market-pv-production-tools-with-cost-effective-consumer-electronics/,2020,Past,https://arena.gov.au/assets/2022/01/substitution-of-niche-market-pv-production-tools-with-cost-effective-technology.pdf,pdfs/Reports_Lessons/Substitution_of_Niche-Market_PV_Production_Tools_with_Cost-Effective_Technology_0808f5.pdf,downloaded
Alinta Fortescue Design and Construction Lessons Learnt,30/01/2022,"Battery storage, Hybrid technologies, Solar energy, Solar PV R&amp;D",APA Fortescue Solar Gas Hybrid Project,https://arena.gov.au/knowledge-bank/alinta-fortescue-design-and-construction-lessons-learnt/,"Reports, Lessons",https://arena.gov.au/projects/alinta-fortescue-solar-gas-hybrid-project/,2019,Current,https://arena.gov.au/assets/2022/01/alinta-fortescue-chichester-design-and-construction-lessons-learnt-report.pdf,pdfs/Reports_Lessons/Alinta_Fortescue_Design_and_Construction_Lessons_Learnt_6da76a.pdf,downloaded
Musselroe Wind Farm Public Report,30/01/2022,"System security and reliability, Wind energy",Musselroe Wind Farm FCAS Trial,https://arena.gov.au/knowledge-bank/musselroe-wind-farm-public-report/,Reports,https://arena.gov.au/projects/musselroe-wind-farm-fcas-trial/,2018,Past,https://arena.gov.au/assets/2022/02/musselroe-wind-farm-public-report.pdf,pdfs/Reports/Musselroe_Wind_Farm_Public_Report_473569.pdf,downloaded
"Electric Vehicles and The Grid: Analysis, Gaps and Recommendations",30/01/2022,Electric vehicles,Realising Electric Vehicle-to-Grid Services,https://arena.gov.au/knowledge-bank/electric-vehicles-and-the-grid-analysis-gaps-and-recommendations/,Reports,https://arena.gov.au/projects/realising-electric-vehicle-to-grid-services/,2020,Past,https://arena.gov.au/assets/2022/03/electric-vehicles-and-the-grid-analysis-gaps-and-recommendations.pdf,"pdfs/Reports/Electric_Vehicles_and_The_Grid__Analysis,_Gaps_and_Recommendations_70733b.pdf",downloaded
Transgrid Wallgrove Battery Lessons Learnt 2,28/01/2022,Battery storage,TransGrid Wallgrove Battery,https://arena.gov.au/knowledge-bank/transgrid-wallgrove-battery-lessons-learnt-2/,Reports,https://arena.gov.au/projects/transgrid-wallgrove-battery/,2020,Past,https://arena.gov.au/assets/2022/01/transgrid-wallgrove-battery-lessons-learnt-report-2.pdf,pdfs/Reports/Transgrid_Wallgrove_Battery_Lessons_Learnt_2_6f8d98.pdf,downloaded
Proton Flow Reactor System End of Activity Report,18/01/2022,Hydrogen energy,Proton Flow Reactor System,https://arena.gov.au/knowledge-bank/proton-flow-reactor-system-end-of-activity-report/,Reports,https://arena.gov.au/projects/proton-flow-reactor-system/,2018,Past,https://arena.gov.au/assets/2022/01/proton-flow-reactor-system-end-of-activity-report.pdf,pdfs/Reports/Proton_Flow_Reactor_System_End_of_Activity_Report_c0e6a0.pdf,downloaded
Metro Advertising Revenue Funded Electric Vehicle Charging Trial Lessons Learnt 2,17/01/2022,Electric vehicles,Metro Advertising Revenue Funded Electric Vehicle Charging Trial,https://arena.gov.au/knowledge-bank/metro-advertising-revenue-funded-electric-vehicle-charging-trial-lessons-learnt-2/,"Reports, Lessons",https://arena.gov.au/projects/metro-advertising-revenue-funded-electric-vehicle-charging-trial/,2020,Past,https://arena.gov.au/assets/2022/01/metro-advertising-revenue-funded-electric-vehicle-charging-trial-lessons-learnt-2.pdf,pdfs/Reports_Lessons/Metro_Advertising_Revenue_Funded_Electric_Vehicle_Charging_Trial_Lessons_Learnt_2_dbc15f.pdf,downloaded
Energy from Waste through Pyrolysis Project Lessons Learnt Report 2,7/01/2022,Bioenergy / Energy from waste,Energy from Waste Through Pyrolysis,https://arena.gov.au/knowledge-bank/energy-from-waste-through-pyrolysis-project-lessons-learnt-report-2/,"Reports, Lessons",https://arena.gov.au/projects/energy-from-waste-through-pyrolysis/,2020,Past,https://arena.gov.au/assets/2022/01/energy-from-waste-through-pyrolysis-project-lessons-learnt-report-2.pdf.pdf,pdfs/Reports_Lessons/Energy_from_Waste_through_Pyrolysis_Project_Lessons_Learnt_Report_2_92539d.pdf,downloaded
Mount Piper Energy Recovery Final Public Report,23/12/2021,Bioenergy / Energy from waste,Mount Piper Energy Recovery Project Final Investment Decision Study,https://arena.gov.au/knowledge-bank/mount-piper-energy-recovery-final-public-report/,Reports,https://arena.gov.au/projects/mount-piper-energy-recovery-project-final-investment-decision-study/,2018,Past,https://arena.gov.au/assets/2022/02/mt-piper-energy-recovery-project-final-report.pdf,pdfs/Reports/Mount_Piper_Energy_Recovery_Final_Public_Report_195ed7.pdf,downloaded
ARENA Insights Newsletter Edition #34,20/12/2021,Renewables for industry,,https://arena.gov.au/knowledge-bank/arena-insights-newsletter-edition-34/,InsightNewsletter,,,,,,no_pdf_found
Monolithic Perovskite ' Silicon Tandem Cells: Towards Commercial Reality Project Results and Lessons Learnt 2,20/12/2021,"Solar energy, Solar PV R&amp;D",Monolithic Perovskite-Silicon Tandem Cells: Towards Commercial Reality,https://arena.gov.au/knowledge-bank/monolithic-perovskite-silicon-tandem-cells-towards-commercial-reality-project-results-and-lessons-learnt-2/,"Reports, Lessons",https://arena.gov.au/projects/monolithic-perovskite-silicon-tandem-cells/,2017,Past,https://arena.gov.au/assets/2021/12/monolithic-perovskite-silicon-tandem-cells-towards-commercial-reality-project-results-lessons-learnt-2.pdf,pdfs/Reports_Lessons/Monolithic_Perovskite_'_Silicon_Tandem_Cells__Towards_Commercial_Reality_Project_Results_and_Lessons_Learnt_2_01317d.pdf,downloaded
High Efficiency Silicon Solar Cell Technology Final Report,20/12/2021,"Solar energy, Solar PV R&amp;D",High Efficiency Silicon Solar Cell Technology,https://arena.gov.au/knowledge-bank/high-efficiency-silicon-solar-cell-technology-final-report/,Reports,https://arena.gov.au/projects/development-and-commercialisation-of-high-efficiency-silicon-solar-cell-technology/,2010,Past,https://arena.gov.au/assets/2021/12/development-and-commercialisation-of-high-efficiency-silicon-solar-cell-final-report.pdf,pdfs/Reports/High_Efficiency_Silicon_Solar_Cell_Technology_Final_Report_02c0d0.pdf,downloaded
State of the Market Report 2021,13/12/2021,"Renewables for industry, Renewables in buildings",Business Renewables Centre Australia,https://arena.gov.au/knowledge-bank/state-of-the-market-2021/,Reports,https://arena.gov.au/projects/business-renewables-centre-australia/,2018,Past,https://arena.gov.au/assets/2021/12/corporate-renewable-power-purchase-agreements-in-australia-state-of-the-market.pdf,pdfs/Reports/State_of_the_Market_Report_2021_9a5bcb.pdf,downloaded
Solar Beam Pumps Lessons Learnt,13/12/2021,"Solar energy, Solar PV R&amp;D",Conversion of Remote Crude Oil Beam Pumps to Solar & Battery,https://arena.gov.au/knowledge-bank/solar-beam-pumps-lessons-learnt/,"Reports, Lessons",https://arena.gov.au/projects/conversion-of-remote-crude-oil-beam-pumps/,2018,Past,https://arena.gov.au/assets/2021/12/solar-beam-pumps-lessons-learnt.pdf,pdfs/Reports_Lessons/Solar_Beam_Pumps_Lessons_Learnt_3010c8.pdf,downloaded
Conversion of Remote Crude Oil Beam Pumps to Solar & Battery Final Report,13/12/2021,"Solar energy, Solar PV R&amp;D",Conversion of Remote Crude Oil Beam Pumps to Solar & Battery,https://arena.gov.au/knowledge-bank/final-report-conversion-of-remote-crude-oil-beam-pumps-to-solar-battery/,Reports,https://arena.gov.au/projects/conversion-of-remote-crude-oil-beam-pumps/,2018,Past,https://arena.gov.au/assets/2021/12/conversion-of-remote-crude-oil-pumps-to-solar-battery-final-report.pdf,pdfs/Reports/Conversion_of_Remote_Crude_Oil_Beam_Pumps_to_Solar_&_Battery_Final_Report_ad58b4.pdf,downloaded
Project Symphony Lessons Learnt Report 1,7/12/2021,Distributed energy resources,Western Australia Distributed Energy Resources Orchestration Pilot (Project Symphony),https://arena.gov.au/knowledge-bank/project-symphony-lessons-learnt-report-1/,"Reports, Lessons",https://arena.gov.au/projects/western-australia-distributed-energy-resources-orchestration-pilot/,2021,Past,https://arena.gov.au/assets/2021/12/project-symphony-lessons-learnt-report-1.pdf,pdfs/Reports_Lessons/Project_Symphony_Lessons_Learnt_Report_1_2c6a1c.pdf,downloaded
RayGen Solar Power Plant Demonstration Project Lessons Learnt 1,6/12/2021,"Concentrated solar thermal, Solar energy",RayGen Solar Power Plant Demonstration,https://arena.gov.au/knowledge-bank/raygen-solar-power-plant-demonstration-project-lessons-learnt-1/,"Reports, Lessons",https://arena.gov.au/projects/raygen-solar-power-plant-demonstration/,2021,Past,https://arena.gov.au/assets/2021/12/raygen-solar-power-plant-project-lessons-learnt-1.pdf,pdfs/Reports_Lessons/RayGen_Solar_Power_Plant_Demonstration_Project_Lessons_Learnt_1_e48f66.pdf,downloaded
Kidston Pumped Hydro Lessons Learnt 2,2/12/2021,Hydropower / Pumped Hydro Energy Storage,Kidston Pumped Hydro Energy Storage,https://arena.gov.au/knowledge-bank/kidston-pumped-hydro-lessons-learnt-2/,Reports,https://arena.gov.au/projects/kidston-pumped-hydro-energy-storage/,2021,Current,https://arena.gov.au/assets/2021/12/kidston-pumped-storage-hydo-lessons-learnt-2.pdf,pdfs/Reports/Kidston_Pumped_Hydro_Lessons_Learnt_2_2c4b87.pdf,downloaded
ARENA Insights Newsletter Edition #33,30/11/2021,System security and reliability,,https://arena.gov.au/knowledge-bank/arena-insights-newsletter-edition-33/,InsightNewsletter,,,,,,no_pdf_found
ARENA Insights Spotlight: Rheem Smart Network,30/11/2021,Distributed energy resources,Rheem Active Hot Water Control,https://arena.gov.au/knowledge-bank/arena-insights-spotlight-rheem-smart-network/,"Reports, Insights",https://arena.gov.au/projects/rheem-active-hot-water-control/,2019,Past,https://arena.gov.au/assets/2021/11/arena-insights-spotlight-rheem-smart-network-project.pdf,pdfs/Reports_Insights/ARENA_Insights_Spotlight__Rheem_Smart_Network_b07666.pdf,downloaded
The Role of Flexible Demand in Australia's Energy Future,30/11/2021,Demand response,,https://arena.gov.au/knowledge-bank/the-role-of-flexible-demand-in-australias-energy-future/,"Reports, Insights",,,,https://arena.gov.au/assets/2021/11/the-role-of-flexible-demand-in-australias-energy-future.pdf,pdfs/Reports_Insights/The_Role_of_Flexible_Demand_in_Australia's_Energy_Future_0b8ad5.pdf,downloaded
Gannawarra Energy Storage System Final Report,30/11/2021,Battery storage,Gannawarra Energy Storage System (GESS),https://arena.gov.au/knowledge-bank/gannawarra-energy-storage-system-final-report/,Reports,https://arena.gov.au/projects/gannawarra-energy-storage-system/,2018,Past,https://arena.gov.au/assets/2021/11/gannawarra-energy-storage-system-final-report.pdf,pdfs/Reports/Gannawarra_Energy_Storage_System_Final_Report_44a47a.pdf,downloaded
Manufacturing of Printed Perovskite PV Modules Final Report,30/11/2021,"Solar energy, Solar PV R&amp;D",Manufacturing of Printed Perovskite PV Modules,https://arena.gov.au/knowledge-bank/manufacturing-of-printed-perovskite-pv-modules-final-report/,Reports,https://arena.gov.au/projects/printed-perovskite-pv-modules/,2017,Past,https://arena.gov.au/assets/2021/11/manufacturing-of-printed-perovskite-pv-modules.pdf,pdfs/Reports/Manufacturing_of_Printed_Perovskite_PV_Modules_Final_Report_ea67d8.pdf,downloaded
Development of Stable Electrodes for Perovskite Solar Cells Final Report,30/11/2021,"Solar energy, Solar PV R&amp;D",Development of Stable Electrodes for Perovskite Solar Cells,https://arena.gov.au/knowledge-bank/development-of-stable-electrodes-for-perovskite-solar-cells-final-report/,Reports,https://arena.gov.au/projects/development-stable-electrodes-perovskite-solar-cells/,2017,Past,https://arena.gov.au/assets/2022/04/development-of-stable-electrodes-for-perovskite-solar-cells-final-report.pdf,pdfs/Reports/Development_of_Stable_Electrodes_for_Perovskite_Solar_Cells_Final_Report_cba90b.pdf,downloaded
Net Zero Energy Demand Homes Lessons Learnt 1,30/11/2021,Distributed energy resources,Frasers Property Net Zero Energy Demand Homes,https://arena.gov.au/knowledge-bank/net-zero-energy-demand-homes-lessons-learnt-1/,"Reports, Lessons",https://arena.gov.au/projects/net-zero-energy-demand-homes/,2019,Past,https://arena.gov.au/assets/2022/11/lessons-learnt-report-1-net-zero-energy-demand-homes.pdf,pdfs/Reports_Lessons/Net_Zero_Energy_Demand_Homes_Lessons_Learnt_1_ae78ee.pdf,downloaded
Mount Piper Commercialisation Life Cycle Analysis,23/11/2021,Bioenergy / Energy from waste,Mount Piper Energy Recovery Project Final Investment Decision Study,https://arena.gov.au/knowledge-bank/mount-piper-commercialisation-life-cycle-analysis/,Reports,https://arena.gov.au/projects/mount-piper-energy-recovery-project-final-investment-decision-study/,2018,Past,https://arena.gov.au/assets/2021/11/mt-piper-commercialisation-life-cycle-analysis.pdf,pdfs/Reports/Mount_Piper_Commercialisation_Life_Cycle_Analysis_4880f8.pdf,downloaded
Brimbank Aquatic and Wellness Centre Integrated Energy System Lessons Learnt 1,20/11/2021,Renewables in buildings,Brimbank Aquatic and Wellness Centre Integrated Energy System,https://arena.gov.au/knowledge-bank/brimbank-aquatic-and-wellness-centre-integrated-energy-system-lessons-learnt-1/,"Reports, Lessons",https://arena.gov.au/projects/brimbank-aquatic-and-wellness-centre-integrated-energy-system/,2020,Past,https://arena.gov.au/assets/2021/11/brimbank-aquatic-wellness-centre-integrated-energy-system-lessons-learnt-report-1.pdf,pdfs/Reports_Lessons/Brimbank_Aquatic_and_Wellness_Centre_Integrated_Energy_System_Lessons_Learnt_1_d8249f.pdf,downloaded
Accelerating the Growth Development of Energy Monitoring Report,19/11/2021,Renewables for industry,Accelerating the Growth Development of Energy Monitoring,https://arena.gov.au/knowledge-bank/accelerating-the-growth-development-of-energy-monitoring-report/,Reports,https://arena.gov.au/projects/accelerating-the-growth-development-of-energy-monitoring/,2018,Past,https://arena.gov.au/assets/2022/01/accelerating-the-growth-development-of-energy-monitoring-report.pdf,pdfs/Reports/Accelerating_the_Growth_Development_of_Energy_Monitoring_Report_4de2ba.pdf,downloaded
My Energy Marketplace Lessons Learnt 4,19/11/2021,Distributed energy resources,My Energy Marketplace,https://arena.gov.au/knowledge-bank/my-energy-marketplace-lessons-learnt-4/,"Reports, Lessons",https://arena.gov.au/projects/wattwatchers-my-energy-marketplace/,2019,Past,https://arena.gov.au/assets/2022/01/my-energy-marketplace-lessons-learnt-4.pdf,pdfs/Reports_Lessons/My_Energy_Marketplace_Lessons_Learnt_4_250e5c.pdf,downloaded
Australia's Bioenergy Roadmap Report,18/11/2021,Bioenergy / Energy from waste,,https://arena.gov.au/knowledge-bank/australias-bioenergy-roadmap-report/,Reports,,,,https://arena.gov.au/assets/2021/11/australia-bioenergy-roadmap-report.pdf,pdfs/Reports/Australia's_Bioenergy_Roadmap_Report_6bf36c.pdf,downloaded
Presentation: Competitive Battery Funding Round ARENA Consultation,8/11/2021,Battery storage,,https://arena.gov.au/knowledge-bank/presentation-competitive-battery-funding-round-arena-consultation/,Presentation,,,,https://arena.gov.au/assets/2021/11/competitive-battery-funding-round-arena-consultation.pdf,pdfs/Presentation/Presentation__Competitive_Battery_Funding_Round_ARENA_Consultation_8cf5b1.pdf,downloaded
Rheem Performance Report 1,3/11/2021,Distributed energy resources,Rheem Active Hot Water Control,https://arena.gov.au/knowledge-bank/rheem-performance-report-1/,Reports,https://arena.gov.au/projects/rheem-active-hot-water-control/,2019,Past,https://arena.gov.au/assets/2021/11/rheem-performance-report-1.pdf,pdfs/Reports/Rheem_Performance_Report_1_b585c4.pdf,downloaded
Monash University Building Integrated PV Study Public Dissemination Report,1/11/2021,"Solar energy, Solar PV R&amp;D",Monash University Building Integrated PV Study,https://arena.gov.au/knowledge-bank/monash-university-building-integrated-pv-study-public-dissemination-report/,Reports,https://arena.gov.au/projects/monash-university-building-integrated-pv-study/,2017,Past,https://arena.gov.au/assets/2022/02/monash-university-building-integrated-pv-study-public-dissemination-report.pdf,pdfs/Reports/Monash_University_Building_Integrated_PV_Study_Public_Dissemination_Report_2b2be6.pdf,downloaded
National Low-Voltage Feeder Taxonomy Study,30/10/2021,Distributed energy resources,National Low-Voltage Feeder Taxonomy Study,https://arena.gov.au/knowledge-bank/national-low-voltage-feeder-taxonomy-study/,Reports,https://arena.gov.au/projects/national-low-voltage-feeder-taxonomy-study/,2018,Past,https://arena.gov.au/assets/2022/08/national-low-voltage-feeder-taxonomy-study.pdf,pdfs/Reports/National_Low-Voltage_Feeder_Taxonomy_Study_5413eb.pdf,downloaded
Wave Energy Cost Reduction Resource Assessment Report,30/10/2021,Ocean energy,Wave Energy Cost Reduction,https://arena.gov.au/knowledge-bank/wave-energy-cost-reduction-resource-assessment-report/,Reports,https://arena.gov.au/projects/wave-energy-cost-reduction-through-location-and-configuration-optimisation/,2016,Past,https://arena.gov.au/assets/2021/10/wave-energy-cost-reduction-resource-assessment-report.pdf,pdfs/Reports/Wave_Energy_Cost_Reduction_Resource_Assessment_Report_98b346.pdf,downloaded
Advancing Renewables with PCM Thermal Energy Storage Lessons Learnt 1,29/10/2021,Renewables for industry,Advancing Renewables with PCM Thermal Energy Storage,https://arena.gov.au/knowledge-bank/advancing-renewables-with-pcm-thermal-energy-storage-lessons-learnt-1/,"Reports, Lessons",https://arena.gov.au/projects/advancing-renewables-with-pcm-thermal-energy-storage/,2019,Past,https://arena.gov.au/assets/2022/01/glaciem-lessons-learnt-report-1.pdf,pdfs/Reports_Lessons/Advancing_Renewables_with_PCM_Thermal_Energy_Storage_Lessons_Learnt_1_7fd749.pdf,downloaded
ARENA Insights Newsletter Edition #32,28/10/2021,Renewables for industry,,https://arena.gov.au/knowledge-bank/arena-insights-newsletter-edition-32/,InsightNewsletter,,,,,,no_pdf_found
Insights: Mechanical Vapour Recompression for Low Carbon Alumina Refining,26/10/2021,Renewables for industry,Mechanical Vapour Recompression for Low Carbon Alumina Refining,https://arena.gov.au/knowledge-bank/insights-mechanical-vapour-recompression-for-low-carbon-alumina-refining/,"Reports, Insights",https://arena.gov.au/projects/mechanical-vapour-recompression-for-low-carbon-alumina-refining/,2021,Past,https://arena.gov.au/assets/2021/10/insights-mechanical-vapour-recompression-for-low-carbon-alumina-refining.pdf,pdfs/Reports_Insights/Insights__Mechanical_Vapour_Recompression_for_Low_Carbon_Alumina_Refining_32de3d.pdf,downloaded
Evie Lessons Learnt Report October 2021,25/10/2021,Electric vehicles,National Ultrafast EV Charging Infrastructure Network,https://arena.gov.au/knowledge-bank/evie-lessons-learnt-report-october-2021/,"Reports, Lessons",https://arena.gov.au/projects/national-ultrafast-ev-charging-infrastructure-network/,2019,Current,https://arena.gov.au/assets/2021/10/evie-lessons-learnt-report-oct-2021.pdf,pdfs/Reports_Lessons/Evie_Lessons_Learnt_Report_October_2021_2ecc03.pdf,downloaded
Phase 3 - Full Scale Test Work Report,19/10/2021,Off grid,Intermittent Dynamic Electrowinning Using Renewable Energy,https://arena.gov.au/knowledge-bank/phase-3-full-scale-test-work-report/,Reports,https://arena.gov.au/projects/intermittent-dynamic-electrowinning/,2019,Past,https://arena.gov.au/assets/2021/10/element-25-phase-3-full-scale-test-work-report.pdf,pdfs/Reports/Phase_3_-_Full_Scale_Test_Work_Report_a18d62.pdf,downloaded
Ballarat Battery Energy Storage System Final Report,15/10/2021,Battery storage,Ballarat Energy Storage System (BESS),https://arena.gov.au/knowledge-bank/ballarat-battery-energy-storage-system-final-report/,Reports,https://arena.gov.au/projects/ballarat-energy-storage-system/,2018,Past,https://arena.gov.au/assets/2021/10/ballarat-bess-final-report.pdf,pdfs/Reports/Ballarat_Battery_Energy_Storage_System_Final_Report_556750.pdf,downloaded
Demand Response Short Notice Trial RERT Trial Year 3 Report,11/10/2021,Demand response,,https://arena.gov.au/knowledge-bank/demand-response-short-notice-trial-rert-trial-year-3-report/,Reports,,,,https://arena.gov.au/assets/2021/10/demand-response-short-notice-rert-trial-year-3-report.pdf,pdfs/Reports/Demand_Response_Short_Notice_Trial_RERT_Trial_Year_3_Report_06414d.pdf,downloaded
CSIRO Solid Oxide Electrolysis Final Report,7/10/2021,Hydrogen energy,Liquid Fuel Carrier Research and Development,https://arena.gov.au/knowledge-bank/csiro-solid-oxide-electrolysis-final-report/,Reports,https://arena.gov.au/projects/liquid-fuel-carrier/,2018,Past,https://arena.gov.au/assets/2021/10/csiro-solid-oxide-electrolysis-summary-report.pdf,pdfs/Reports/CSIRO_Solid_Oxide_Electrolysis_Final_Report_2e8989.pdf,downloaded
Triple Junction Silicon Perovskite Tandem Photovoltaics Interim Report,7/10/2021,"Solar energy, Solar PV R&amp;D",Triple Junction Silicon Perovskite Tandem Photovoltaics,https://arena.gov.au/knowledge-bank/triple-junction-silicon-perovskite-tandem-photovoltaics-interim-report/,"Reports, Lessons",https://arena.gov.au/projects/triple-junction-silicon-perovskite-tandem-photovoltaics/,2020,Past,https://arena.gov.au/assets/2021/10/triple-junction-silicon-perovskite-tandem-photovoltaics-interim-report.pdf,pdfs/Reports_Lessons/Triple_Junction_Silicon_Perovskite_Tandem_Photovoltaics_Interim_Report_8c72d7.pdf,downloaded
Durable Silicon Perovskite Tandem Photovoltaics,7/10/2021,"Solar energy, Solar PV R&amp;D",Durable Silicon Perovskite Tandem Photovoltaics,https://arena.gov.au/knowledge-bank/durable-silicon-perovskite-tandem-photovoltaics/,"Reports, Lessons",https://arena.gov.au/projects/durable-silicon-perovskite-tandem-photovoltaics/,2020,Past,https://arena.gov.au/assets/2022/02/durable-silicon-perovskite-tandem-photovoltaics-interim-report.pdf,pdfs/Reports_Lessons/Durable_Silicon_Perovskite_Tandem_Photovoltaics_0d27e4.pdf,downloaded
Presentation: DEIP Public Forum October 2021,6/10/2021,Distributed energy resources,,https://arena.gov.au/knowledge-bank/presentation-deip-public-forum-october-2021/,Presentation,,,,https://arena.gov.au/assets/2021/10/deip-public-forum-presentation-slides-october-21.pdf,pdfs/Presentation/Presentation__DEIP_Public_Forum_October_2021_9c1e24.pdf,downloaded
ARENA Short Term Forecasting Funding Round Evaluation,6/10/2021,System security and reliability,,https://arena.gov.au/knowledge-bank/arena-short-term-forecasting-funding-round-evaluation/,Reports,,,,https://arena.gov.au/assets/2021/10/arena-short-term-forecasting-funding-round-evaluation.pdf,pdfs/Reports/ARENA_Short_Term_Forecasting_Funding_Round_Evaluation_4613d3.pdf,downloaded
Monolithic Si/Perovskite Tandem Solar Cell Report,1/10/2021,"Solar energy, Solar PV R&amp;D",Monolithic Si/Perovskite Tandem Solar Cell: Towards High-Efficiency at Low-Cost,https://arena.gov.au/knowledge-bank/monolithic-si-perovskite-tandem-solar-cell-report/,Reports,https://arena.gov.au/projects/monolithic-si-perovskite-tandem-solar-cell-towards-high-efficiency-at-low-cost/,2020,Past,https://arena.gov.au/assets/2021/11/monolithic-si-perovskite-tandem-solar-cell-report.pdf,pdfs/Reports/Monolithic_Si_Perovskite_Tandem_Solar_Cell_Report_499a50.pdf,downloaded
Allume Rooftop Solar Final Report,1/10/2021,"Solar energy, Solar PV R&amp;D",Allume Rooftop Solar Salvation Army Pilot Demonstration,https://arena.gov.au/knowledge-bank/allume-rooftop-solar-final-report/,Reports,https://arena.gov.au/projects/allume-rooftop-solar-salvation-army-pilot-demonstration/,2019,Past,https://arena.gov.au/assets/2021/10/allume-rooftop-solar-final-report.pdf,pdfs/Reports/Allume_Rooftop_Solar_Final_Report_2bd153.pdf,downloaded
Wave Energy Cost Predictions: A Report for Wave Swell Energy Limited,1/10/2021,Ocean energy,UniWave200 King Island Project - Wave Swell,https://arena.gov.au/knowledge-bank/wave-energy-cost-predictions-a-report-for-wave-swell-energy-limited/,Reports,https://arena.gov.au/projects/uniwave200-king-island-project-wave-swell/,2019,Past,https://arena.gov.au/assets/2021/10/wave-energy-cost-predictions-a-report-for-wave-swell-energy-limited.pdf,pdfs/Reports/Wave_Energy_Cost_Predictions__A_Report_for_Wave_Swell_Energy_Limited_b0280f.pdf,downloaded
Multifunctional Dielectric Layers Enabling Production of High-Efficiency Solar Cells Interim Report,1/10/2021,"Solar energy, Solar PV R&amp;D",Multifunctional Dielectric Layers Enabling Production of High-Efficiency Solar Cells,https://arena.gov.au/knowledge-bank/multifunctional-dielectric-layers-enabling-production-of-high-efficiency-solar-cells-interim-report/,Reports,https://arena.gov.au/projects/multifunctional-dielectric-layers-enabling-production-of-high-efficiency-solar-cells/,2020,Past,https://arena.gov.au/assets/2021/11/multifunctional-dielectric-layers-enabling-production-of-high-efficiency-solar-cells-report.pdf,pdfs/Reports/Multifunctional_Dielectric_Layers_Enabling_Production_of_High-Efficiency_Solar_Cells_Interim_Report_6430c9.pdf,downloaded
DESIJN Advanced Silicon Solar Cells Final Report,30/09/2021,"Solar energy, Solar PV R&amp;D",Advanced Silicon Solar Cells,https://arena.gov.au/knowledge-bank/desijn-advanced-silicon-solar-cells-final-report/,Reports,https://arena.gov.au/projects/advanced-silicon-solar-cells/,2017,Past,https://arena.gov.au/assets/2021/10/desijn-advanced-silicon-solar-cells-final-report.pdf,pdfs/Reports/DESIJN_Advanced_Silicon_Solar_Cells_Final_Report_77b65f.pdf,downloaded
AGL EV Orchestration Trial Lessons Learnt 2,30/09/2021,"Battery storage, Electric vehicles",AGL Electric Vehicle Orchestration Trial,https://arena.gov.au/knowledge-bank/agl-ev-orchestration-trial-lessons-learnt-2/,"Reports, Lessons",https://arena.gov.au/projects/agl-electric-vehicle-orchestration-trial/,2020,Past,https://arena.gov.au/assets/2021/09/agl-electric-vehicle-orchestration-trial-lessons-learnt-report-2.pdf,pdfs/Reports_Lessons/AGL_EV_Orchestration_Trial_Lessons_Learnt_2_1d77d7.pdf,downloaded
Project Symphony Vision and Impact Pathway,30/09/2021,Distributed energy resources,Western Australia Distributed Energy Resources Orchestration Pilot (Project Symphony),https://arena.gov.au/knowledge-bank/project-symphony-vision-and-impact-pathway/,Reports,https://arena.gov.au/projects/western-australia-distributed-energy-resources-orchestration-pilot/,2021,Past,https://arena.gov.au/assets/2021/09/project-symphony-vision-and-impact-pathway.pdf,pdfs/Reports/Project_Symphony_Vision_and_Impact_Pathway_daa66f.pdf,downloaded
Copper-Zinc-Tin-Sulphide on Silicon Multi-Junction Solar Cells Final Report,30/09/2021,"Solar energy, Solar PV R&amp;D",Copper-Zinc-Tin-Sulphide on Silicon Multi-Junction Solar Cells,https://arena.gov.au/knowledge-bank/copper-zinc-tin-sulphide-on-silicon-multi-junction-solar-cells-final-report/,"Reports, Lessons",https://arena.gov.au/projects/low-cost-high-efficiency-copper-zinc-tin-sulphide-czts-on-silicon-multi-junction-solar-cells/,2012,Past,https://arena.gov.au/assets/2021/09/copper-zinc-tin-sulphide-on-silicon-multi-junction-solar-cells-final-report.pdf,pdfs/Reports_Lessons/Copper-Zinc-Tin-Sulphide_on_Silicon_Multi-Junction_Solar_Cells_Final_Report_b35698.pdf,downloaded
deX Program Final Report,30/09/2021,Distributed energy resources,Decentralised Energy Exchange (deX) Program,https://arena.gov.au/knowledge-bank/dex-program-final-report/,Reports,https://arena.gov.au/projects/decentralised-energy-exchange/,2019,Past,https://arena.gov.au/assets/2021/11/dex-program-final-report.pdf,pdfs/Reports/deX_Program_Final_Report_736a9f.pdf,downloaded
Heterocontact-Polysilicon Hybrid IBC Solar Cell Lessons Learnt,30/09/2021,"Solar energy, Solar PV R&amp;D",Heterocontact-Polysilicon Hybrid Interdigitated Back Contact Solar Cells,https://arena.gov.au/knowledge-bank/heterocontact-polysilicon-hybrid-ibc-solar-cell-lessons-learnt/,"Reports, Lessons",https://arena.gov.au/projects/heterocontact-polysilicon-hybrid-interdigitated-back-contact-solar-cells/,2020,Past,https://arena.gov.au/assets/2021/11/heterocontact-polysilicon-hybrid-ibc-solar-cell-lessons-learnt.pdf,pdfs/Reports_Lessons/Heterocontact-Polysilicon_Hybrid_IBC_Solar_Cell_Lessons_Learnt_167404.pdf,downloaded
Meridian Energy Australia Wind Forecasting Demonstration Project Lessons Learnt 5,30/09/2021,Wind energy,Wind Forecasting Demonstration Project,https://arena.gov.au/knowledge-bank/meridian-energy-australia-wind-forecasting-demonstration-project-lessons-learnt-5/,"Reports, Lessons",https://arena.gov.au/projects/wind-forecasting-demonstration-project/,2019,Past,https://arena.gov.au/assets/2021/09/meridian-wind-forecasting-lessons-learnt-report-5.pdf,pdfs/Reports_Lessons/Meridian_Energy_Australia_Wind_Forecasting_Demonstration_Project_Lessons_Learnt_5_6e7109.pdf,downloaded
ARENA Insights Newsletter Edition #31,30/09/2021,Large-scale solar,,https://arena.gov.au/knowledge-bank/arena-insights-newsletter-edition-31/,InsightNewsletter,,,,,,no_pdf_found
Flexible Exports for Solar PV Lessons Learnt Report 3,30/09/2021,"Solar energy, Solar PV R&amp;D",SA Power Networks Flexible Exports for Solar PV Trial,https://arena.gov.au/knowledge-bank/flexible-exports-for-solar-pv-lessons-learnt-report-3/,"Reports, Lessons",https://arena.gov.au/projects/sa-power-networks-flexible-exports-for-solar-pv-trial/,2020,Past,https://arena.gov.au/assets/2021/09/flexible-exports-for-solar-pv-lessons-learnt-3.pdf,pdfs/Reports_Lessons/Flexible_Exports_for_Solar_PV_Lessons_Learnt_Report_3_fcc323.pdf,downloaded
Mussleroe Wind Farm Provision of FCAS,30/09/2021,"System security and reliability, Wind energy",Musselroe Wind Farm FCAS Trial,https://arena.gov.au/knowledge-bank/mussleroe-wind-farm-provision-of-fcas/,Reports,https://arena.gov.au/projects/musselroe-wind-farm-fcas-trial/,2018,Past,https://arena.gov.au/assets/2021/09/mussleroe-wind-farm-provision-of-fcas.pdf,pdfs/Reports/Mussleroe_Wind_Farm_Provision_of_FCAS_aedd93.pdf,downloaded
NOJA Power Intelligent Switchgear Final Report,30/09/2021,Distributed energy resources,NOJA Power Intelligent Switchgear,https://arena.gov.au/knowledge-bank/noja-power-intelligent-switchgear-final-report/,Reports,https://arena.gov.au/projects/noja-power-intelligent-switchgear/,2017,Past,https://arena.gov.au/assets/2021/09/noja-power-intelligent-switchgear-final-report.pdf,pdfs/Reports/NOJA_Power_Intelligent_Switchgear_Final_Report_265cc3.pdf,downloaded
The Generator Operations Series: Negative Pricing and Bidding Behaviour on the NEM,30/09/2021,Large-scale solar,,https://arena.gov.au/knowledge-bank/genops-three-negative-pricing-and-bidding-behaviour-on-the-nem/,Reports,,,,https://arena.gov.au/assets/2021/09/the-generator-operations-series.pdf,pdfs/Reports/The_Generator_Operations_Series__Negative_Pricing_and_Bidding_Behaviour_on_the_NEM_b8611c.pdf,downloaded
Phase 2 - Resource Assessment Report,26/09/2021,Off grid,Intermittent Dynamic Electrowinning Using Renewable Energy,https://arena.gov.au/knowledge-bank/phase-2-resource-assessment-report/,Reports,https://arena.gov.au/projects/intermittent-dynamic-electrowinning/,2019,Past,https://arena.gov.au/assets/2021/10/butcherbird-resource-assessment-report.pdf,pdfs/Reports/Phase_2_-_Resource_Assessment_Report_95b678.pdf,downloaded
Project MATCH Lessons Learnt Report 1,24/09/2021,"Distributed energy resources, Solar energy, Solar PV R&amp;D",Project MATCH,https://arena.gov.au/knowledge-bank/project-match-lessons-learnt-report-1/,"Reports, Lessons",https://arena.gov.au/projects/project-match/,2021,Past,https://arena.gov.au/assets/2021/09/project-match-lessons-learnt-report-1.pdf,pdfs/Reports_Lessons/Project_MATCH_Lessons_Learnt_Report_1_cb350e.pdf,downloaded
Diffuse Energy Lessons Learnt Report 3,23/09/2021,Wind energy,Resilient Wind Energy for Telecommunication Sites,https://arena.gov.au/knowledge-bank/diffuse-energy-lessons-learnt-report-3/,Reports,https://arena.gov.au/projects/resilient-wind-energy-for-telecommunication-sites/,2020,Past,https://arena.gov.au/assets/2021/09/diffuse-energy-lessons-learnt-report-3.pdf,pdfs/Reports/Diffuse_Energy_Lessons_Learnt_Report_3_3358fc.pdf,downloaded
Bringing All-Polymer Solar Cells Closer to Commercialization Lessons Learnt 2,21/09/2021,"Solar energy, Solar PV R&amp;D",Monash University Polymer PV Study,https://arena.gov.au/knowledge-bank/bringing-all-polymer-solar-cells-closer-to-commercialization-lessons-learnt-2/,"Reports, Lessons",https://arena.gov.au/projects/monash-university-polymer-pv-study/,2017,Past,https://arena.gov.au/assets/2021/11/bringing-all-polymer-solar-cells-closer-to-commercialization-2.pdf,pdfs/Reports_Lessons/Bringing_All-Polymer_Solar_Cells_Closer_to_Commercialization_Lessons_Learnt_2_0fd2b8.pdf,downloaded
AEMO NEM Virtual Power Plant Demonstrations Knowledge Sharing Report 4,15/09/2021,Distributed energy resources,AEMO Virtual Power Plant Demonstrations,https://arena.gov.au/knowledge-bank/aemo-nem-virtual-power-plant-demonstrations-knowledge-sharing-report-4/,"Reports, Milestones",https://arena.gov.au/projects/aemo-virtual-power-plant-demonstrations/,2019,Past,https://arena.gov.au/assets/2021/09/aemo-virtual-power-plant-demonstrations-report-4.pdf,pdfs/Reports_Milestones/AEMO_NEM_Virtual_Power_Plant_Demonstrations_Knowledge_Sharing_Report_4_61d9cf.pdf,downloaded
Virtual Power Plant Demonstrations Consumer Insights Report,15/09/2021,Distributed energy resources,AEMO Virtual Power Plant Demonstrations,https://arena.gov.au/knowledge-bank/virtual-power-plant-demonstrations-consumer-insights-report/,Reports,https://arena.gov.au/projects/aemo-virtual-power-plant-demonstrations/,2019,Past,https://arena.gov.au/assets/2021/09/vpp-power-plant-demonstrations-consumer-insights-report.pdf,pdfs/Reports/Virtual_Power_Plant_Demonstrations_Consumer_Insights_Report_08d780.pdf,downloaded
Reduced Solar Module Temperature Project Progress and Lessons Learnt,13/09/2021,"Solar energy, Solar PV R&amp;D",Reduced Solar Module Temperature,https://arena.gov.au/knowledge-bank/reduced-solar-module-temperature-project-progress-and-lessons-learnt/,"Reports, Lessons",https://arena.gov.au/projects/reduced-solar-module-temperature/,2020,Past,https://arena.gov.au/assets/2021/09/reduced-solar-module-temperature-project-progess-lessons-learnt.pdf,pdfs/Reports_Lessons/Reduced_Solar_Module_Temperature_Project_Progress_and_Lessons_Learnt_83ecab.pdf,downloaded
Low Solar PV Cost Interim Public Dissemination Report,9/09/2021,"Solar energy, Solar PV R&amp;D",Lower Solar PV Cost by a Combination of Luminescence Images and Machine-Learning,https://arena.gov.au/knowledge-bank/low-solar-pv-cost-interim-public-dissemination-report/,Reports,https://arena.gov.au/projects/lower-solar-pv-cost-by-a-combination-of-luminescence-images-and-machine-learning/,2020,Past,https://arena.gov.au/assets/2021/11/low-solar-pv-cost-interim-public-dissemination-report.pdf,pdfs/Reports/Low_Solar_PV_Cost_Interim_Public_Dissemination_Report_c57ee4.pdf,downloaded
Next Generation Industrial Bifacial Silicon Solar Cells Final Report,9/09/2021,"Solar energy, Solar PV R&amp;D",Next Generation Industrial Bifacial Silicon Solar Cells,https://arena.gov.au/knowledge-bank/next-generation-industrial-bifacial-silicon-solar-cells-final-report/,Reports,https://arena.gov.au/projects/next-generation-industrial-bifacial-silicon-solar-cells-rnd015/,2017,Past,https://arena.gov.au/assets/2021/09/next-generation-industrial-bifacial-silicon-solar-cell-final-report.pdf,pdfs/Reports/Next_Generation_Industrial_Bifacial_Silicon_Solar_Cells_Final_Report_1bcff7.pdf,downloaded
Customer Energy Management Systems Study,6/09/2021,Distributed energy resources,,https://arena.gov.au/knowledge-bank/customer-energy-management-systems-study/,Reports,,,,,,no_pdf_found
Low-Voltage Grid Battery Energy Storage Systems Trial Lessons Learnt 1,6/09/2021,Battery storage,United Energy Low Voltage Battery Trial,https://arena.gov.au/knowledge-bank/low-voltage-grid-battery-energy-storage-systems-trial-lessons-learnt-1/,"Reports, Lessons",https://arena.gov.au/projects/united-energy-low-voltage-battery-trial/,2021,Past,https://arena.gov.au/assets/2021/09/united-energy-low-voltage-grid-trial-lessons-learnt.pdf,pdfs/Reports_Lessons/Low-Voltage_Grid_Battery_Energy_Storage_Systems_Trial_Lessons_Learnt_1_61e3a5.pdf,downloaded
Common Smart Inverter Profile Australia,6/09/2021,Distributed energy resources,,https://arena.gov.au/knowledge-bank/common-smart-inverter-profile-australia/,Reports,,,,https://arena.gov.au/assets/2021/09/common-smart-inverter-profile-australia.pdf,pdfs/Reports/Common_Smart_Inverter_Profile_Australia_e2e357.pdf,downloaded
ARENA Insights Newsletter Edition #30,30/08/2021,Distributed energy resources,,https://arena.gov.au/knowledge-bank/arena-insights-newsletter-edition-30/,InsightNewsletter,,,,,,no_pdf_found
Kidston Pumped Hydro Financial Close Report,28/08/2021,Hydropower / Pumped Hydro Energy Storage,Kidston Pumped Hydro Energy Storage,https://arena.gov.au/knowledge-bank/kidston-pumped-hydro-financial-close-report/,Reports,https://arena.gov.au/projects/kidston-pumped-hydro-energy-storage/,2021,Current,https://arena.gov.au/assets/2021/09/kidston-pumped-hydro-energy-storage-financial-close-report.pdf,pdfs/Reports/Kidston_Pumped_Hydro_Financial_Close_Report_30c326.pdf,downloaded
Spotlight Interview with Synergy for Insights,27/08/2021,Distributed energy resources,Solar and Storage Trial at Alkimos Beach Residential Development,https://arena.gov.au/knowledge-bank/spotlight-interview-with-synergy-for-insights/,Insights,https://arena.gov.au/projects/solar-and-storage-trial-at-alkimos-beach-residential-development/,2014,Past,https://arena.gov.au/assets/2021/08/arena-insights-spotlight-alkimos-beach-energy-storage-trial.pdf,pdfs/Insights/Spotlight_Interview_with_Synergy_for_Insights_66e4ec.pdf,downloaded
Driving Increased Efficiency and Reliability in Silicon Photovoltaics Final Report,25/08/2021,"Solar energy, Solar PV R&amp;D",Driving Increased Efficiency and Reliability in Silicon Photovoltaics,https://arena.gov.au/knowledge-bank/driving-increased-efficiency-and-reliability-in-silicon-photovoltaics-final-report/,Reports,https://arena.gov.au/projects/driving-increased-efficiency-reliability-silicon-photovoltaics-ingots-modules/,2017,Past,https://arena.gov.au/assets/2022/08/driving-increased-efficiency-and-reliability-in-silicon-photovoltaics-final-report.pdf,pdfs/Reports/Driving_Increased_Efficiency_and_Reliability_in_Silicon_Photovoltaics_Final_Report_961f1f.pdf,downloaded
Lord Howe Island Renewable Energy Project Lessons Learnt Report,23/08/2021,"Battery storage, Hybrid technologies",Lord Howe Island Hybrid Renewable Energy System,https://arena.gov.au/knowledge-bank/lord-howe-island-renewable-energy-project-lessons-learnt-report/,"Reports, Lessons",https://arena.gov.au/projects/lord-howe-island-hybrid-renewable-energy-system/,2014,Past,https://arena.gov.au/assets/2021/09/lord-howe-island-renewable-energy-project-lessons-learnt-report.pdf,pdfs/Reports_Lessons/Lord_Howe_Island_Renewable_Energy_Project_Lessons_Learnt_Report_9a0010.pdf,downloaded
Lord Howe Island Renewable Energy Project System Design Report,23/08/2021,"Battery storage, Hybrid technologies",Lord Howe Island Hybrid Renewable Energy System,https://arena.gov.au/knowledge-bank/lord-howe-island-renewable-energy-project-system-design-report/,Reports,https://arena.gov.au/projects/lord-howe-island-hybrid-renewable-energy-system/,2014,Past,https://arena.gov.au/assets/2021/09/lord-howeisland-renewable-energy-project-system-design-report.pdf,pdfs/Reports/Lord_Howe_Island_Renewable_Energy_Project_System_Design_Report_35cc27.pdf,downloaded
Kidston Pumped Hydro Lessons Learnt,20/08/2021,Hydropower / Pumped Hydro Energy Storage,Kidston Pumped Hydro Energy Storage,https://arena.gov.au/knowledge-bank/kidston-pumped-hydro-lessons-learnt/,"Reports, Lessons",https://arena.gov.au/projects/kidston-pumped-hydro-energy-storage/,2021,Current,https://arena.gov.au/assets/2021/08/kidston-pumped-storage-hydo-lessons-learnt.pdf,pdfs/Reports_Lessons/Kidston_Pumped_Hydro_Lessons_Learnt_ccf9f9.pdf,downloaded
The Generator Operations Series: Ramp Rates for Solar and Wind Generators on the NEM,19/08/2021,Solar energy,,https://arena.gov.au/knowledge-bank/the-generator-operations-series-ramp-rates-for-solar-and-wind-generators-on-the-nem/,Reports,,,,https://arena.gov.au/assets/2021/08/the-generator-operations-series-report-two.pdf,pdfs/Reports/The_Generator_Operations_Series__Ramp_Rates_for_Solar_and_Wind_Generators_on_the_NEM_9a665f.pdf,downloaded
Rooftop CST for Hospital Heating and Cooling Case Study,16/08/2021,"Concentrated solar thermal, Solar energy",Capacity Improvement and Flow Balancing of CST Heating/Cooling System,https://arena.gov.au/knowledge-bank/rooftop-cst-for-hospital-heating-and-cooling-case-study/,Reports,https://arena.gov.au/projects/capacity-improvement-and-flow-balancing-of-rooftop-cst-heating-cooling-system/,2019,Past,https://arena.gov.au/assets/2021/08/case-study-rooftop-cst-for-hospital-heating-cooling.pdf,pdfs/Reports/Rooftop_CST_for_Hospital_Heating_and_Cooling_Case_Study_6dbc93.pdf,downloaded
Australian Industry Energy Transitions Initiative Presentation,16/08/2021,Renewables for industry,Australian Industry ETI Delivery Stage Project,https://arena.gov.au/knowledge-bank/australian-industry-energy-transitions-initiative-presentation/,Presentation,https://arena.gov.au/projects/australian-industry-eti-delivery-stage-project/,2021,Past,https://arena.gov.au/assets/2021/08/australian-industry-energy-transitions-initiative-presentation.pdf,pdfs/Presentation/Australian_Industry_Energy_Transitions_Initiative_Presentation_8a85bf.pdf,downloaded
Addressing Barriers to Efficient Renewable Integration Milestone 5,16/08/2021,"Solar energy, Solar PV R&amp;D, System security and reliability",UNSW Addressing Barriers to Efficient Renewable Integration,https://arena.gov.au/knowledge-bank/addressing-barriers-to-efficient-renewable-integration-milestone-5/,"Reports, Milestones",https://arena.gov.au/projects/addressing-barriers-efficient-renewable-integration/,2016,Past,https://arena.gov.au/assets/2021/08/addressing-barriers-to-efficient-renewable-integration-milestone-report-5.pdf,pdfs/Reports_Milestones/Addressing_Barriers_to_Efficient_Renewable_Integration_Milestone_5_dfb849.pdf,downloaded
Simply Energy VPPX ARENA Stage 3,15/08/2021,"Solar energy, Solar PV R&amp;D",Simply Energy Virtual Power Plant (VPP),https://arena.gov.au/knowledge-bank/simply-energy-vppx-arena-stage-3/,"Reports, Milestones",https://arena.gov.au/projects/simply-energy-virtual-power-plant-vpp/,2018,Past,https://arena.gov.au/assets/2021/08/simply-energy-vppx-stage-3.pdf,pdfs/Reports_Milestones/Simply_Energy_VPPX_ARENA_Stage_3_5c08d3.pdf,downloaded
Tesla Virtual Power Plant Lessons Learnt Report 1,13/08/2021,Battery storage,Tesla Virtual Power Plant,https://arena.gov.au/knowledge-bank/tesla-virtual-power-plant-lessons-learnt-report-1/,"Reports, Lessons",https://arena.gov.au/projects/tesla-virtual-power-plant/,2020,Past,https://arena.gov.au/assets/2021/08/tesla-virtual-power-plant-lessons-learnt-1.pdf,pdfs/Reports_Lessons/Tesla_Virtual_Power_Plant_Lessons_Learnt_Report_1_7e5a8e.pdf,downloaded
GERI Renewable Hydrogen and Ammonia Feasibility Study,11/08/2021,Hydrogen energy,Project GERI Feasibility Study,https://arena.gov.au/knowledge-bank/geri-renewable-hydrogen-and-ammonia-feasibility-study/,Reports,https://arena.gov.au/projects/project-geri-feasibility-study/,2020,Past,https://arena.gov.au/assets/2021/08/bp-ghd-renewable-hydrogen-and-ammonia-feasibility-study.pdf,pdfs/Reports/GERI_Renewable_Hydrogen_and_Ammonia_Feasibility_Study_95d853.pdf,downloaded
Integrating Industrial Black Silicon with High Efficiency Multicrystalline Solar Cells Lessons Learnt,8/08/2021,"Solar energy, Solar PV R&amp;D",Integrating Industrial Black Silicon,https://arena.gov.au/knowledge-bank/integrating-industrial-black-silicon-with-high-efficiency-multicrystalline-solar-cells-lessons-learnt/,"Reports, Lessons",https://arena.gov.au/projects/integrating-industrial-black-silicon-high-efficiency-multicrystalline-solar-cells/,2017,Past,https://arena.gov.au/assets/2021/08/integrating-industrial-black-silicon-project-results-lessons-learnt.pdf,pdfs/Reports_Lessons/Integrating_Industrial_Black_Silicon_with_High_Efficiency_Multicrystalline_Solar_Cells_Lessons_Learnt_9092c5.pdf,downloaded
Ultra Fast Charging Data Analysis Webinar Materials,5/08/2021,Electric vehicles,,https://arena.gov.au/knowledge-bank/ultra-fast-charging-data-analysis-webinar-materials/,Reports,,,,https://arena.gov.au/assets/2021/08/ultra-fast-charging-data-analysis-webinar-materials.pdf,pdfs/Reports/Ultra_Fast_Charging_Data_Analysis_Webinar_Materials_d0641f.pdf,downloaded
Net Zero Energy Homes Milestone 1,4/08/2021,Renewables in buildings,Mirvac Net Zero Energy Homes,https://arena.gov.au/knowledge-bank/net-zero-energy-homes-milestone-1/,"Reports, Milestones",https://arena.gov.au/projects/net-zero-energy-homes/,2019,Past,https://arena.gov.au/assets/2021/09/net-zero-energy-homes-milestone-report-1.pdf,pdfs/Reports_Milestones/Net_Zero_Energy_Homes_Milestone_1_c01ff4.pdf,downloaded
Displacement of Gas by Thermal Energy Storage Lessons Learnt,30/07/2021,Renewables for industry,Displacement of Gas by Thermal Energy Storage,https://arena.gov.au/knowledge-bank/displacement-of-gas-by-thermal-energy-storage-lessons-learnt/,Reports,https://arena.gov.au/projects/displacement-of-gas-by-thermal-energy-storage/,2019,Past,https://arena.gov.au/assets/2021/07/displacement-of-gas-by-thermal-energy-storage-lessons-learnt.pdf,pdfs/Reports/Displacement_of_Gas_by_Thermal_Energy_Storage_Lessons_Learnt_b9a429.pdf,downloaded
Lumea New England Renewable Energy Zone Final Report,30/07/2021,"Solar energy, Solar PV R&amp;D",TransGrid New England Renewable Energy Zone,https://arena.gov.au/knowledge-bank/lumea-new-england-renewable-energy-zone-final-report/,Reports,https://arena.gov.au/projects/transgrid-new-england-renewable-energy-zone/,2020,Past,https://arena.gov.au/assets/2021/09/lumea-new-england-renewable-energy-zone-final-report.pdf,pdfs/Reports/Lumea_New_England_Renewable_Energy_Zone_Final_Report_ab9006.pdf,downloaded
Development of Beyond 20% Efficiency Kesterite Solar Cells Lessons Learnt 2,29/07/2021,"Solar energy, Solar PV R&amp;D",Development of Beyond 20% Efficiency Kesterite (CZTSSe) Solar Cells,https://arena.gov.au/knowledge-bank/development-of-beyond-20-efficiency-kesterite-solar-cells-lessons-learnt-2/,"Reports, Lessons",https://arena.gov.au/projects/development-of-kesterite-cztsse-solar-cells/,2017,Past,https://arena.gov.au/assets/2021/09/development-of-beyond-20-efficiency-kesterite-solar-cells-lessons-learnt-2.pdf,pdfs/Reports_Lessons/Development_of_Beyond_20%_Efficiency_Kesterite_Solar_Cells_Lessons_Learnt_2_40feef.pdf,downloaded
Development of Beyond 20% Efficiency Kesterite Solar Cells Lessons Learnt 1,29/07/2021,"Solar energy, Solar PV R&amp;D",Development of Beyond 20% Efficiency Kesterite (CZTSSe) Solar Cells,https://arena.gov.au/knowledge-bank/development-of-beyond-20-efficiency-kesterite-solar-cells-lessons-learnt-1/,Reports,https://arena.gov.au/projects/development-of-kesterite-cztsse-solar-cells/,2017,Past,https://arena.gov.au/assets/2021/09/development-of-beyond-20-efficiency-kesterite-solar-cells-lessons-learnt-1.pdf,pdfs/Reports/Development_of_Beyond_20%_Efficiency_Kesterite_Solar_Cells_Lessons_Learnt_1_ce8df4.pdf,downloaded
DER Integration and Automation Project Final Report,28/07/2021,Distributed energy resources,DER Integration and Automation Project,https://arena.gov.au/knowledge-bank/der-integration-and-automation-project-final-report/,Reports,https://arena.gov.au/projects/der-integration-and-automation-project/,2019,Past,https://arena.gov.au/assets/2021/08/der-integration-and-automation-project-report.pdf,pdfs/Reports/DER_Integration_and_Automation_Project_Final_Report_ac4a48.pdf,downloaded
ARENA Insights Newsletter Edition #29,23/07/2021,Electric vehicles,,https://arena.gov.au/knowledge-bank/arena-insights-newsletter-edition-29/,InsightNewsletter,,,,,,no_pdf_found
Efficient Adamantine Thin-Film on Silicon Tandem Cells Lessons Learnt,23/07/2021,"Solar energy, Solar PV R&amp;D",Efficient Adamantine Thin-Film on Silicon Tandem Cells,https://arena.gov.au/knowledge-bank/efficient-adamantine-thin-film-on-silicon-tandem-cells-lessons-learnt/,"Reports, Lessons",https://arena.gov.au/projects/efficient-adamantine-thin-film-on-silicon-tandem-cells/,2017,Past,https://arena.gov.au/assets/2021/07/efficient-adamantine-thin-film-on-silicon-tandem-cells-lessons-learnt.pdf,pdfs/Reports_Lessons/Efficient_Adamantine_Thin-Film_on_Silicon_Tandem_Cells_Lessons_Learnt_f7c277.pdf,downloaded
ReWired Season 4 Podcast,19/07/2021,General,,https://arena.gov.au/knowledge-bank/rewired-season-4-podcast/,Podcast,,,,,,no_pdf_found
Project SHIELD Lessons Learnt Report 2,17/07/2021,Distributed energy resources,Project SHIELD - Synchronising Heterogeneous Information to Evaluate Limits for DNSP,https://arena.gov.au/knowledge-bank/project-shield-lessons-learnt-report-2/,"Reports, Lessons",https://arena.gov.au/projects/project-shield/,2020,Past,https://arena.gov.au/assets/2023/01/project-shield-lessons-learnt-2.pdf,pdfs/Reports_Lessons/Project_SHIELD_Lessons_Learnt_Report_2_3d7b55.pdf,downloaded
Kidston Pumped Storage Hydro Report,16/07/2021,Hydropower / Pumped Hydro Energy Storage,Kidston Stage Two Hydro-Solar Project Activities,https://arena.gov.au/knowledge-bank/kidston-pumped-storage-hydro-report/,Reports,https://arena.gov.au/projects/project-development-activities-kidston-stage-two-hydro-solar-project/,2017,Past,https://arena.gov.au/assets/2021/07/kidston-stage-two-hydro-solar-project-report.pdf,pdfs/Reports/Kidston_Pumped_Storage_Hydro_Report_315e06.pdf,downloaded
A Double-Sided Causer Pays Implementation of Frequency Deviation Pricing - Inception Report,14/07/2021,System security and reliability,Australian Energy Council Double-Sided Causer Pays Study,https://arena.gov.au/knowledge-bank/a-double-sided-causer-pays-implementation-of-frequency-deviation-pricing-inception-report/,Reports,https://arena.gov.au/projects/australian-energy-council-double-sided-causer-pays-study/,2021,Past,https://arena.gov.au/assets/2021/07/dscp-implementation-of-frequency-deviation-pricing-report-inception-report.pdf,pdfs/Reports/A_Double-Sided_Causer_Pays_Implementation_of_Frequency_Deviation_Pricing_-_Inception_Report_c4ebf0.pdf,downloaded
A Double-Sided Causer Pays Implementation of Frequency Deviation Pricing - Control & Pricing Theory,14/07/2021,System security and reliability,Australian Energy Council Double-Sided Causer Pays Study,https://arena.gov.au/knowledge-bank/a-double-sided-causer-pays-implementation-of-frequency-deviation-pricing-control-pricing-theory/,Reports,https://arena.gov.au/projects/australian-energy-council-double-sided-causer-pays-study/,2021,Past,https://arena.gov.au/assets/2021/08/a-double-sided-causer-pays-implementation-of-frequency-deviation-pricing.pdf,pdfs/Reports/A_Double-Sided_Causer_Pays_Implementation_of_Frequency_Deviation_Pricing_-_Control_&_Pricing_Theory_9c6dd3.pdf,downloaded
Alkimos Beach Energy Storage Trial Final Report,12/07/2021,Distributed energy resources,Solar and Storage Trial at Alkimos Beach Residential Development,https://arena.gov.au/knowledge-bank/alkimos-beach-energy-storage-trial-final-report/,Reports,https://arena.gov.au/projects/solar-and-storage-trial-at-alkimos-beach-residential-development/,2014,Past,https://arena.gov.au/assets/2021/07/alkimos-beach-energy-storage-trial-report.pdf,pdfs/Reports/Alkimos_Beach_Energy_Storage_Trial_Final_Report_a3b43a.pdf,downloaded
DEIP Allocation Principles Workshop Summary,9/07/2021,Distributed energy resources,,https://arena.gov.au/knowledge-bank/deip-allocation-principles-workshop-summary/,Reports,,,,https://arena.gov.au/assets/2021/09/doe-workshop-summary.pdf,pdfs/Reports/DEIP_Allocation_Principles_Workshop_Summary_05e3c3.pdf,downloaded
Carnarvon DER Trials End of Project Lessons Learnt,3/07/2021,Distributed energy resources,Horizon Power Business Model Pilot Phase 1,https://arena.gov.au/knowledge-bank/carnarvon-der-trials-lessons-learnt/,"Reports, Lessons",https://arena.gov.au/projects/horizon-power-business-model-pilot/,2017,Past,https://arena.gov.au/assets/2021/07/carnarvon-der-consolidated-lessons-learnt-report.pdf,pdfs/Reports_Lessons/Carnarvon_DER_Trials_End_of_Project_Lessons_Learnt_b3064d.pdf,downloaded
2020 Annual Report - Advanced Centre for Advanced Photovoltaics,1/07/2021,"Solar energy, Solar PV R&amp;D",Australian Centre for Advanced Photovoltaics (ACAP),https://arena.gov.au/knowledge-bank/2020-annual-report-advanced-centre-for-advanced-photovoltaics/,Reports,https://arena.gov.au/projects/australian-centre-for-advanced-photovoltaics-acap/,2012,Current,https://arena.gov.au/assets/2021/08/acap-annual-report-2020.pdf,pdfs/Reports/2020_Annual_Report_-_Advanced_Centre_for_Advanced_Photovoltaics_cc66d9.pdf,downloaded
Lumea RFC Process Report 2,30/06/2021,"Solar energy, Solar PV R&amp;D",TransGrid New England Renewable Energy Zone,https://arena.gov.au/knowledge-bank/lumea-rfc-process-report-2/,Reports,https://arena.gov.au/projects/transgrid-new-england-renewable-energy-zone/,2020,Past,https://arena.gov.au/assets/2021/09/lumea-rfc-process-report-2.pdf,pdfs/Reports/Lumea_RFC_Process_Report_2_8cb085.pdf,downloaded
Stability-Enhancing Measures for Weak Grids Study Report,29/06/2021,System security and reliability,Stability Enhancing Measures for Weak Grids Study,https://arena.gov.au/knowledge-bank/stability-enhancing-measures-for-weak-grids-study/,Reports,https://arena.gov.au/projects/stability-enhancing-measures-for-weak-grids/,2020,Past,https://arena.gov.au/assets/2021/09/stability-enhancing-measures-for-weak-grids-study-milestone-2-report.pdf,pdfs/Reports/Stability-Enhancing_Measures_for_Weak_Grids_Study_Report_b0d04d.pdf,downloaded
Australian Industry Energy Transitions Initiative Report,28/06/2021,Renewables for industry,Industry ETI Establishment Phase,https://arena.gov.au/knowledge-bank/australian-industry-energy-transitions-initiative-report/,Reports,https://arena.gov.au/projects/industry-eti-establishment-phase/,2020,Past,https://arena.gov.au/assets/2021/06/australian-industry-energy-transitions-initiative-technical-report.pdf,pdfs/Reports/Australian_Industry_Energy_Transitions_Initiative_Report_6f9370.pdf,downloaded
Bright Thinkers Power Station Knowledge Sharing Report,25/06/2021,"Solar energy, Solar PV R&amp;D",Bright Thinkers Power Station,https://arena.gov.au/knowledge-bank/bright-thinkers-power-station-knowledge-sharing-report/,Reports,https://arena.gov.au/projects/bright-thinkers-power-station/,2019,Past,https://arena.gov.au/assets/2021/07/bright-thinkers-power-station-knowledge-sharing-report.pdf,pdfs/Reports/Bright_Thinkers_Power_Station_Knowledge_Sharing_Report_dd400e.pdf,downloaded
Insights Spotlight: Gridded Renewable Nowcasting Demonstration,25/06/2021,System security and reliability,Gridded Renewables Nowcasting Demonstration over South Australia,https://arena.gov.au/knowledge-bank/insights-spotlight-gridded-renewable-nowcasting-demonstration/,Insights,https://arena.gov.au/projects/gridded-renewables-nowcasting-demonstration-over-south-australia/,2020,Past,https://arena.gov.au/assets/2021/06/arena-insights-spotlight-gridded-renewable-nowcasting-demonstration.pdf,pdfs/Insights/Insights_Spotlight__Gridded_Renewable_Nowcasting_Demonstration_7547c5.pdf,downloaded
ARENA Insights Newsletter Edition #28,24/06/2021,System security and reliability,,https://arena.gov.au/knowledge-bank/arena-insights-newsletter-edition-28/,InsightNewsletter,,,,,,no_pdf_found
RAMPP Consultation Webinar,23/06/2021,Distributed energy resources,,https://arena.gov.au/knowledge-bank/rampp-consultation-webinar/,Presentation,,,,https://arena.gov.au/assets/2021/06/rampp-consultation-webinar-june-2021.pdf,pdfs/Presentation/RAMPP_Consultation_Webinar_779497.pdf,downloaded
Presentation: ARENA Industry Reference Panel #3,23/06/2021,Wind energy,Resilient Wind Energy for Telecommunication Sites,https://arena.gov.au/knowledge-bank/presentation-arena-industry-reference-panel-3/,Presentation,https://arena.gov.au/projects/resilient-wind-energy-for-telecommunication-sites/,2020,Past,https://arena.gov.au/assets/2021/07/diffuse-energy-resilient-wind-energy-for-telecommunications-sites.pdf,pdfs/Presentation/Presentation__ARENA_Industry_Reference_Panel_#3_0f4c1a.pdf,downloaded
Evie Lessons Learnt Report June 2021,21/06/2021,Electric vehicles,National Ultrafast EV Charging Infrastructure Network,https://arena.gov.au/knowledge-bank/evie-lessons-learnt-report-june-2021/,Reports,https://arena.gov.au/projects/national-ultrafast-ev-charging-infrastructure-network/,2019,Current,https://arena.gov.au/assets/2021/07/evie-lessons-learnt-report.pdf,pdfs/Reports/Evie_Lessons_Learnt_Report_June_2021_9a9e07.pdf,downloaded
Methane Fuel Carrier Project Final Report,20/06/2021,Hydrogen energy,Methane Fuel Carrier Research and Development,https://arena.gov.au/knowledge-bank/methane-fuel-carrier-project-final-report/,Reports,https://arena.gov.au/projects/methane-fuel-carrier/,2018,Past,https://arena.gov.au/assets/2021/06/methane-fuel-carrier-final-report.pdf,pdfs/Reports/Methane_Fuel_Carrier_Project_Final_Report_59a392.pdf,downloaded
Origin EV Smart Charging Trial Interim Report,17/06/2021,Electric vehicles,Origin Energy Electric Vehicles Smart Charging Trial,https://arena.gov.au/knowledge-bank/origin-ev-smart-charging-trial-interim-report/,"Reports, Lessons",https://arena.gov.au/projects/origin-energy-electric-vehicles-smart-charging-trial/,2020,Past,https://arena.gov.au/assets/2021/06/origin-ev-smart-charging-trial-interim-report.pdf,pdfs/Reports_Lessons/Origin_EV_Smart_Charging_Trial_Interim_Report_6d0f86.pdf,downloaded
June 2021 Project Performance Report - Energy Under Control,13/06/2021,Demand response,Flow Power Energy Under Control Demand Response,https://arena.gov.au/knowledge-bank/june-2021-project-performance-report-energy-under-control/,Reports,https://arena.gov.au/projects/flow-power-energy-under-control-demand-response/,2017,Past,https://arena.gov.au/assets/2021/07/flow-power-project-performance-report-june-2021.pdf,pdfs/Reports/June_2021_Project_Performance_Report_-_Energy_Under_Control_f4174a.pdf,downloaded
Monitoring for Better Energy Outcomes Final Report,12/06/2021,"Solar energy, Solar PV R&amp;D",Solar Analytics: Monitoring for Better Energy Outcomes,https://arena.gov.au/knowledge-bank/monitoring-for-better-energy-outcomes-final-report/,Reports,https://arena.gov.au/projects/solar-analytics-monitoring-better-energy-outcomes/,2016,Past,https://arena.gov.au/assets/2021/07/solar-analytics-monitoring-for-better-energy-outcomes-final-report.pdf,pdfs/Reports/Monitoring_for_Better_Energy_Outcomes_Final_Report_9cce9c.pdf,downloaded
Diffuse Energy Lessons Learnt Report 2,10/06/2021,Wind energy,Resilient Wind Energy for Telecommunication Sites,https://arena.gov.au/knowledge-bank/diffuse-energy-lessons-learnt-report-2/,"Reports, Lessons",https://arena.gov.au/projects/resilient-wind-energy-for-telecommunication-sites/,2020,Past,https://arena.gov.au/assets/2021/07/diffuse-energy-lessons-learnt-report-2.pdf,pdfs/Reports_Lessons/Diffuse_Energy_Lessons_Learnt_Report_2_89fdd9.pdf,downloaded
Evaluation of ARENA&rsquo;s 2017-2020 Demand Response Portfolio,6/06/2021,Demand response,,https://arena.gov.au/knowledge-bank/evaluation-of-arenas-2017-2020-demand-response-portfolio/,Reports,,,,https://arena.gov.au/assets/2021/10/evaluation-of-arena-demand-response-portfolio.pdf,pdfs/Reports/Evaluation_of_ARENA&rsquo;s_2017-2020_Demand_Response_Portfolio_9c04c8.pdf,downloaded
Evaluation of ARENA&rsquo;s VPP Portfolio,6/06/2021,Distributed energy resources,,https://arena.gov.au/knowledge-bank/evaluation-of-arenas-vpp-portfolio/,Reports,,,,https://arena.gov.au/assets/2021/10/evaluation-of-arena-vpp-portfolio-final-report.pdf,pdfs/Reports/Evaluation_of_ARENA&rsquo;s_VPP_Portfolio_6d95f0.pdf,downloaded
Evie Networks - Site Selection How To Guide,3/06/2021,Electric vehicles,National Ultrafast EV Charging Infrastructure Network,https://arena.gov.au/knowledge-bank/evie-networks-site-selection-how-to-guide/,Reports,https://arena.gov.au/projects/national-ultrafast-ev-charging-infrastructure-network/,2019,Current,https://arena.gov.au/assets/2021/07/evie-networks-site-selection-how-to-guide.pdf,pdfs/Reports/Evie_Networks_-_Site_Selection_How_To_Guide_f0d0a2.pdf,downloaded
Project EDGE Lessons Learnt 1,31/05/2021,System security and reliability,AEMO - Project EDGE (Energy Demand and Generation Exchange),https://arena.gov.au/knowledge-bank/project-edge-lessons-learnt-1/,"Reports, Lessons",https://arena.gov.au/projects/project-edge-energy-demand-and-generation-exchange/,2020,Past,https://arena.gov.au/assets/2021/05/project-edge-lessons-learned-report-1.pdf,pdfs/Reports_Lessons/Project_EDGE_Lessons_Learnt_1_215bb0.pdf,downloaded
Presentation: ARENA Insights Webinar Advanced Inverters,27/05/2021,System security and reliability,,https://arena.gov.au/knowledge-bank/presentation-arena-insights-webinar-advanced-inverters/,Presentation,,,,https://arena.gov.au/assets/2021/06/arena-insights-webinar-advanced-inverters-presentations.pdf,pdfs/Presentation/Presentation__ARENA_Insights_Webinar_Advanced_Inverters_d3ace7.pdf,downloaded
The Generator Operations Series: Large-Scale Solar Operations,24/05/2021,Large-scale solar,,https://arena.gov.au/knowledge-bank/report-one-large-scale-solar-operations/,Reports,,,,https://arena.gov.au/assets/2021/05/report-one-large-scale-solar-operations.pdf,pdfs/Reports/The_Generator_Operations_Series__Large-Scale_Solar_Operations_6d23f1.pdf,downloaded
REVS Interim Social Report,23/05/2021,Electric vehicles,Realising Electric Vehicle-to-Grid Services,https://arena.gov.au/knowledge-bank/revs-interim-social-report/,Reports,https://arena.gov.au/projects/realising-electric-vehicle-to-grid-services/,2020,Past,https://arena.gov.au/assets/2021/07/revs-interim-social-report.pdf,pdfs/Reports/REVS_Interim_Social_Report_80381d.pdf,downloaded
AGL NSW Demand Response Final Report,21/05/2021,Demand response,AGL Demand Response,https://arena.gov.au/knowledge-bank/agl-nsw-demand-response-final-report/,Reports,https://arena.gov.au/projects/agl-demand-response/,2017,Past,https://arena.gov.au/assets/2021/06/agl-nsw-demand-response-final-report.pdf,pdfs/Reports/AGL_NSW_Demand_Response_Final_Report_1bf4e1.pdf,downloaded
AGL EV Orchestration Trial Lessons Learnt 1,21/05/2021,"Battery storage, Electric vehicles",AGL Electric Vehicle Orchestration Trial,https://arena.gov.au/knowledge-bank/agl-ev-orchestration-trial-lessons-learnt-1/,"Reports, Lessons",https://arena.gov.au/projects/agl-electric-vehicle-orchestration-trial/,2020,Past,https://arena.gov.au/assets/2021/05/agl-electric-vehicle-orchestration-trial-lessons-learnt-report-1.pdf,pdfs/Reports_Lessons/AGL_EV_Orchestration_Trial_Lessons_Learnt_1_c6df78.pdf,downloaded
Lessons Learnt 2: Building a Multi&#8208;Stakeholder Partnership,21/05/2021,"Solar energy, Solar PV R&amp;D",Alice Springs Future Grid Project,https://arena.gov.au/knowledge-bank/lessons-learnt-2-building-a-multi%e2%80%90stakeholder-partnership/,"Reports, Lessons",https://arena.gov.au/projects/alice-springs-future-grid-project/,2020,Past,https://arena.gov.au/assets/2021/05/lessons-learnt-2-building-a-multi‐stakeholder-partnership.pdf,pdfs/Reports_Lessons/Lessons_Learnt_2__Building_a_Multi&#8208;Stakeholder_Partnership_01a4ab.pdf,downloaded
Alice Springs Future Grid Project Execution Lessons Learnt #1,18/05/2021,"Solar energy, Solar PV R&amp;D",Alice Springs Future Grid Project,https://arena.gov.au/knowledge-bank/alice-springs-future-grid-project-execution-lessons-learnt/,"Reports, Lessons",https://arena.gov.au/projects/alice-springs-future-grid-project/,2020,Past,https://arena.gov.au/assets/2021/06/alice-springs-future-grid-project-execution-lessons-learnt.pdf,pdfs/Reports_Lessons/Alice_Springs_Future_Grid_Project_Execution_Lessons_Learnt_#1_8bf234.pdf,downloaded
Advanced VPP Grid Integration Final Report,14/05/2021,Distributed energy resources,Advanced VPP Grid Integration,https://arena.gov.au/knowledge-bank/advanced-vpp-grid-integration-final-report/,Reports,https://arena.gov.au/projects/advanced-vpp-grid-integration/,2019,Past,https://arena.gov.au/assets/2021/05/advanced-vpp-grid-integration-final-report.pdf,pdfs/Reports/Advanced_VPP_Grid_Integration_Final_Report_5d87d8.pdf,downloaded
Ballarat Battery Energy Storage System Operational Report 3 & 4,13/05/2021,Battery storage,Ballarat Energy Storage System (BESS),https://arena.gov.au/knowledge-bank/ballarat-battery-energy-storage-system-operational-reports-3-4/,Reports,https://arena.gov.au/projects/ballarat-energy-storage-system/,2018,Past,https://arena.gov.au/assets/2021/05/ballarat-battery-energy-storage-system-3-4.pdf,pdfs/Reports/Ballarat_Battery_Energy_Storage_System_Operational_Report_3_&_4_8cf11a.pdf,downloaded
Ballarat Battery Energy Storage System Revenue Report,12/05/2021,Battery storage,Ballarat Energy Storage System (BESS),https://arena.gov.au/knowledge-bank/ballarat-battery-energy-storage-system-revenue-report/,Reports,https://arena.gov.au/projects/ballarat-energy-storage-system/,2018,Past,https://arena.gov.au/assets/2021/05/ballarat-battery-energy-storage-system-revenue-report.pdf,pdfs/Reports/Ballarat_Battery_Energy_Storage_System_Revenue_Report_817b91.pdf,downloaded
RayGen Solar Power Plant One Lessons Learnt,11/05/2021,"Concentrated solar thermal, Solar energy",Solar Power Plant Phase 1,https://arena.gov.au/knowledge-bank/raygen-solar-power-plant-one-lessons-learnt/,Reports,https://arena.gov.au/projects/solar-power-plant-phase-1/,2020,Past,https://arena.gov.au/assets/2021/05/lessons-learnt-raygen-solar-power-plant-1.pdf,pdfs/Reports/RayGen_Solar_Power_Plant_One_Lessons_Learnt_d40dc2.pdf,downloaded
RayGen Technical Assessment Report,11/05/2021,"Concentrated solar thermal, Solar energy",Solar Power Plant Phase 1,https://arena.gov.au/knowledge-bank/raygen-technical-assessment-report/,Reports,https://arena.gov.au/projects/solar-power-plant-phase-1/,2020,Past,https://arena.gov.au/assets/2021/08/raygen-technical-assessment-report.pdf,pdfs/Reports/RayGen_Technical_Assessment_Report_69bd09.pdf,downloaded
RayGen Commercial Assessment Report,11/05/2021,"Concentrated solar thermal, Solar energy",Solar Power Plant Phase 1,https://arena.gov.au/knowledge-bank/raygen-commercial-assessment-report/,Reports,https://arena.gov.au/projects/solar-power-plant-phase-1/,2020,Past,https://arena.gov.au/assets/2021/05/raygen-commercial-assessment-report.pdf,pdfs/Reports/RayGen_Commercial_Assessment_Report_d314ba.pdf,downloaded
Energy from Waste through Pyrolysis Project Lessons Learnt Report 1,6/05/2021,Bioenergy / Energy from waste,Energy from Waste Through Pyrolysis,https://arena.gov.au/knowledge-bank/energy-from-waste-through-pyrolysis-project-lessons-learnt-report-1/,"Reports, Lessons",https://arena.gov.au/projects/energy-from-waste-through-pyrolysis/,2020,Past,https://arena.gov.au/assets/2021/05/energy-from-waste-through-pyrolysis-project-lessons-learnt-report-1.pdf,pdfs/Reports_Lessons/Energy_from_Waste_through_Pyrolysis_Project_Lessons_Learnt_Report_1_3e5255.pdf,downloaded
Carnarvon DER Trials Technical Report 2,3/05/2021,Distributed energy resources,Horizon Power Business Model Pilot Phase 1,https://arena.gov.au/knowledge-bank/carnarvon-der-trials-technical-report-2/,Reports,https://arena.gov.au/projects/horizon-power-business-model-pilot/,2017,Past,https://arena.gov.au/assets/2021/05/carnarvon-der-technical-report-2.pdf,pdfs/Reports/Carnarvon_DER_Trials_Technical_Report_2_040294.pdf,downloaded
Pooled Energy Lessons Learnt,2/05/2021,Demand response,Pooled Energy Demonstration Project,https://arena.gov.au/knowledge-bank/pooled-energy-lessons-learnt/,"Reports, Lessons",https://arena.gov.au/projects/pooled-energy-demonstration-project/,2017,Past,https://arena.gov.au/assets/2021/08/pooled-energy-lessons-learnt-report.pdf,pdfs/Reports_Lessons/Pooled_Energy_Lessons_Learnt_a8f898.pdf,downloaded
Jemena Dynamic Electric Vehicle Charging Trial Project Lessons Learnt,1/05/2021,Electric vehicles,Jemena Dynamic Electric Vehicle Charging Trial,https://arena.gov.au/knowledge-bank/jemena-dynamic-electric-vehicle-charging-trial-project-lessons-learnt/,"Reports, Lessons",https://arena.gov.au/projects/jemena-dynamic-electric-vehicle-charging-trial/,2020,Past,https://arena.gov.au/assets/2021/05/jemena-dynamic-ev-charging-lessons-learnt-report.pdf,pdfs/Reports_Lessons/Jemena_Dynamic_Electric_Vehicle_Charging_Trial_Project_Lessons_Learnt_3fa2ec.pdf,downloaded
Flexible Exports for Solar PV Lessons Learnt Report 2,30/04/2021,"Solar energy, Solar PV R&amp;D",SA Power Networks Flexible Exports for Solar PV Trial,https://arena.gov.au/knowledge-bank/flexible-exports-for-solar-pv-lessons-learnt-report-2/,"Reports, Lessons",https://arena.gov.au/projects/sa-power-networks-flexible-exports-for-solar-pv-trial/,2020,Past,https://arena.gov.au/assets/2021/05/flexible-exports-for-solar-pv-lessons-learnt-2.pdf,pdfs/Reports_Lessons/Flexible_Exports_for_Solar_PV_Lessons_Learnt_Report_2_8fc877.pdf,downloaded
My Energy Marketplace Lessons Learnt 3,23/04/2021,Distributed energy resources,My Energy Marketplace,https://arena.gov.au/knowledge-bank/my-energy-marketplace-lessons-learnt-3/,"Reports, Lessons",https://arena.gov.au/projects/wattwatchers-my-energy-marketplace/,2019,Past,https://arena.gov.au/assets/2021/08/my-energy-marketplace-lessons-learnt-3.pdf,pdfs/Reports_Lessons/My_Energy_Marketplace_Lessons_Learnt_3_f46cd3.pdf,downloaded
Renewable Energy Hub Final Report,21/04/2021,Renewables for industry,Renewable Energy Hub Marketplace,https://arena.gov.au/knowledge-bank/renewable-energy-hub-final-report/,Reports,https://arena.gov.au/projects/renewable-energy-hub-marketplace/,2020,Past,https://arena.gov.au/assets/2021/04/renewable-energy-hub-final-report.pdf,pdfs/Reports/Renewable_Energy_Hub_Final_Report_7da43b.pdf,downloaded
Ausgrid Power2U Demand Management for Replacement Needs Report,21/04/2021,Demand response,Ausgrid Power2U Project,https://arena.gov.au/knowledge-bank/ausgrid-power2u-demand-management-for-replacement-needs-report/,Reports,https://arena.gov.au/projects/ausgrid-power2u/,2018,Past,https://arena.gov.au/assets/2021/07/ausgrid-power-2u-demand-management-for-replacement-needs-report.pdf,pdfs/Reports/Ausgrid_Power2U_Demand_Management_for_Replacement_Needs_Report_af9f3e.pdf,downloaded
Australian Biomass for Bioenergy Assessment Final Report,21/04/2021,Bioenergy / Energy from waste,Australian Biomass for Bioenergy Assessment 2015-2021,https://arena.gov.au/knowledge-bank/australian-biomass-for-bioenergy-assessment-final-report/,Reports,https://arena.gov.au/projects/australian-biomass-for-bioenergy-assessment-project/,2015,Past,https://arena.gov.au/assets/2021/04/australian-biomass-for-bioenergy-assessment-final-report.pdf,pdfs/Reports/Australian_Biomass_for_Bioenergy_Assessment_Final_Report_39e325.pdf,downloaded
Proof of Concept Lifecycle Assessment,20/04/2021,Bioenergy / Energy from waste,East Rockingham Waste to Energy,https://arena.gov.au/knowledge-bank/proof-of-concept-lifecycle-assessment/,Reports,https://arena.gov.au/projects/east-rockingham-waste-to-energy/,2019,Current,https://arena.gov.au/assets/2021/05/east-rockingham-proof-of-concept-lifecycle-assessment.pdf,pdfs/Reports/Proof_of_Concept_Lifecycle_Assessment_71533b.pdf,downloaded
ARENA Insights Newsletter Edition #27,20/04/2021,Hydrogen energy,,https://arena.gov.au/knowledge-bank/arena-insights-newsletter-edition-27/,InsightNewsletter,,,,,,no_pdf_found
My Energy Marketplace Lessons Learnt #1,17/04/2021,Distributed energy resources,My Energy Marketplace,https://arena.gov.au/knowledge-bank/my-energy-marketplace-lessons-learnt-1/,"Reports, Lessons",https://arena.gov.au/projects/wattwatchers-my-energy-marketplace/,2019,Past,https://arena.gov.au/assets/2021/04/my-energy-marketplace-lessons-learnt-1.pdf,pdfs/Reports_Lessons/My_Energy_Marketplace_Lessons_Learnt_#1_2c9337.pdf,downloaded
Realising Electric Vehicle-to-Grid Services Lessons learnt 1,16/04/2021,Electric vehicles,Realising Electric Vehicle-to-Grid Services,https://arena.gov.au/knowledge-bank/realising-electric-vehicle-to-grid-services-lessons-learnt-1/,"Reports, Lessons",https://arena.gov.au/projects/realising-electric-vehicle-to-grid-services/,2020,Past,https://arena.gov.au/assets/2021/09/revs-lessons-learnt-report.pdf,pdfs/Reports_Lessons/Realising_Electric_Vehicle-to-Grid_Services_Lessons_learnt_1_43fd78.pdf,downloaded
Transgrid Wallgrove Battery Lessons Learnt 1,15/04/2021,Battery storage,TransGrid Wallgrove Battery,https://arena.gov.au/knowledge-bank/transgrid-wallgrove-battery-lessons-learnt-1/,"Reports, Lessons",https://arena.gov.au/projects/transgrid-wallgrove-battery/,2020,Past,https://arena.gov.au/assets/2021/06/transgrid-wallgrove-battery-lessons-learnt-report-1.pdf,pdfs/Reports_Lessons/Transgrid_Wallgrove_Battery_Lessons_Learnt_1_9551b1.pdf,downloaded
QUT Hydrogen Process R&D Project Mid-Term Activity Report,14/04/2021,Hydrogen energy,QUT Hydrogen Process Research & Development,https://arena.gov.au/knowledge-bank/qut-hydrogen-process-rd-project-mid-term-activity-report/,Reports,https://arena.gov.au/projects/qut-hydrogen-process-research-and-development/,2018,Past,https://arena.gov.au/assets/2021/07/qut-hydrogen-process-rd-project-mid-term-activity-report.pdf,pdfs/Reports/QUT_Hydrogen_Process_R&D_Project_Mid-Term_Activity_Report_22391c.pdf,downloaded
Wallumbilla Renewable Methane Demonstration Lessons Learnt,12/04/2021,Hydrogen energy,APA Renewable Methane Demonstration Project,https://arena.gov.au/knowledge-bank/wallumbilla-renewable-methane-demonstration-lessons-learnt/,"Reports, Lessons",https://arena.gov.au/projects/apa-renewable-methane-demonstration-project/,2020,Past,https://arena.gov.au/assets/2021/05/wallumbilla-renewable-methane-demonstration-lessons-learnt.pdf,pdfs/Reports_Lessons/Wallumbilla_Renewable_Methane_Demonstration_Lessons_Learnt_cd98ba.pdf,downloaded
Lake Bonney Operational Report 2,9/04/2021,Battery storage,Lake Bonney Battery Energy Storage System,https://arena.gov.au/knowledge-bank/lake-bonney-operational-report-2/,Reports,https://arena.gov.au/projects/lake-bonney-battery-energy-storage-system/,2018,Past,https://arena.gov.au/assets/2021/06/infigen-lake-bonney-project-operational-report-2.pdf,pdfs/Reports/Lake_Bonney_Operational_Report_2_3a5636.pdf,downloaded
Advanced Energy Resources Lessons Learnt,8/04/2021,"Battery storage, Hybrid technologies, Large-scale solar, Solar energy, Wind energy","Advanced Energy Resources Wind, Solar and Battery Project",https://arena.gov.au/knowledge-bank/advanced-energy-resources-lessons-learnt/,"Reports, Lessons",https://arena.gov.au/projects/advanced-energy-resources-wind-solar-and-battery-project/,2019,Current,https://arena.gov.au/assets/2021/05/advanced-energy-resources-lessons-learnt-report.pdf,pdfs/Reports_Lessons/Advanced_Energy_Resources_Lessons_Learnt_5acde5.pdf,downloaded
Customer Segmentation Research and Design for Orchestration Programs,8/04/2021,Distributed energy resources,DER 2.0: Customer Focused Design for DER Participation,https://arena.gov.au/knowledge-bank/customer-segmentation-research-and-design-for-orchestration-programs/,Reports,https://arena.gov.au/projects/der-2-0-customer-focused-design-for-der-participation/,2020,Past,https://arena.gov.au/assets/2021/07/upowr-customer-segmentation-research-and-design-for-orchestration-programs.pdf,pdfs/Reports/Customer_Segmentation_Research_and_Design_for_Orchestration_Programs_041927.pdf,downloaded
Wattwatchers Interim Knowledge Sharing Report,2/04/2021,Distributed energy resources,My Energy Marketplace,https://arena.gov.au/knowledge-bank/wattwatchers-interim-knowledge-sharing-report/,Reports,https://arena.gov.au/projects/wattwatchers-my-energy-marketplace/,2019,Past,https://arena.gov.au/assets/2021/04/wattwatchers-interim-knowledge-sharing-report.pdf,pdfs/Reports/Wattwatchers_Interim_Knowledge_Sharing_Report_09c52a.pdf,downloaded
Pilot Project To Trial Solar F2D2 Final Report,2/04/2021,"Large-scale solar, Solar energy",Pilot Project to Trial Solar F2D2,https://arena.gov.au/knowledge-bank/pilot-project-to-trial-solar-f2d2-final-report/,Reports,https://arena.gov.au/projects/pilot-project-to-trial-solar-f2d2/,2019,Past,https://arena.gov.au/assets/2021/04/pilot-project-to-trial-solar-f2d2-final-report.pdf,pdfs/Reports/Pilot_Project_To_Trial_Solar_F2D2_Final_Report_fdc38c.pdf,downloaded
PSCAD Assessment of The Effectiveness of Grid Forming Batteries,1/04/2021,System security and reliability,Powerlink Cost-Effective System Strength Study,https://arena.gov.au/knowledge-bank/pscad-assessment-of-the-effectiveness-of-grid-forming-batteries/,Reports,https://arena.gov.au/projects/powerlink-cost-effective-system-strength-study/,2019,Past,https://arena.gov.au/assets/2021/07/pscad-assessment-of-the-effectiveness-of-grid-forming-batteries.pdf,pdfs/Reports/PSCAD_Assessment_of_The_Effectiveness_of_Grid_Forming_Batteries_19465c.pdf,downloaded
Module Design for Lower Field Operating Temperature and Improved Yield Study,31/03/2021,"Solar energy, Solar PV R&amp;D",Module Design for Lower Field Operating Temperature & Improved Yield Study,https://arena.gov.au/knowledge-bank/module-design-for-lower-field-operating-temperature-and-improved-yield-study/,"Reports, Lessons",https://arena.gov.au/projects/module-design-for-lower-field-operating-temperature-improved-yield-study/,2019,Past,https://arena.gov.au/assets/2021/03/module-design-for-lowering-field-operating-temperature-project-results-1.pdf,pdfs/Reports_Lessons/Module_Design_for_Lower_Field_Operating_Temperature_and_Improved_Yield_Study_9d5ba5.pdf,downloaded
Module Design for Lower Field Operating Temperature Project Results,31/03/2021,"Solar energy, Solar PV R&amp;D",Solar PV Module Design,https://arena.gov.au/knowledge-bank/module-design-for-lower-field-operating-temperature-project-results/,"Reports, Lessons",https://arena.gov.au/projects/solar-pv-module-design/,2019,Past,https://arena.gov.au/assets/2021/03/module-design-for-lowering-field-operating-temperature-project-results.pdf,pdfs/Reports_Lessons/Module_Design_for_Lower_Field_Operating_Temperature_Project_Results_a8393d.pdf,downloaded
Improving World-Record Commercial High-Efficiency N-Type Solar Cells Project Results & Lessons Learnt,31/03/2021,"Solar energy, Solar PV R&amp;D",Improving World-Record Commercial High-Efficiency N-Type Solar Cells,https://arena.gov.au/knowledge-bank/improving-world-record-commercial-high-efficiency-n-type-solar-cells-project-results-lessons-learnt/,"Reports, Lessons",https://arena.gov.au/projects/improving-world-record-commercial-high-efficiency-n-type-solar-cells/,2017,Past,https://arena.gov.au/assets/2021/07/improving-world-record-commercial-high-efficiency-n-type-solar-cells.pdf,pdfs/Reports_Lessons/Improving_World-Record_Commercial_High-Efficiency_N-Type_Solar_Cells_Project_Results_&_Lessons_Learnt_1c161e.pdf,downloaded
Prototyping a Photoluminescence Imaging Tool Lessons Learnt,31/03/2021,"Large-scale solar, Solar energy, Solar PV R&amp;D",Photoluminescence Imaging Tool,https://arena.gov.au/knowledge-bank/prototyping-a-photoluminescence-imaging-tool-lessons-learnt/,"Reports, Lessons",https://arena.gov.au/projects/photoluminescence-imaging-tool/,2019,Past,https://arena.gov.au/assets/2021/06/prototyping-a-photoluminescence-imaging-tool-lessons-learnt-report.pdf,pdfs/Reports_Lessons/Prototyping_a_Photoluminescence_Imaging_Tool_Lessons_Learnt_1825c0.pdf,downloaded
Normanton Solar Farm Grid Connection Report,31/03/2021,"Large-scale solar, Solar energy",Normanton Solar Farm,https://arena.gov.au/knowledge-bank/normanton-solar-farm-grid-connection-report/,Reports,https://arena.gov.au/projects/normanton-solar-farm/,2015,Past,https://arena.gov.au/assets/2021/03/normanton-solar-farm-grid-connection-report.pdf,pdfs/Reports/Normanton_Solar_Farm_Grid_Connection_Report_954d61.pdf,downloaded
ARENA-Funded Hydrogen R&D Projects,30/03/2021,Hydrogen energy,,https://arena.gov.au/knowledge-bank/arena-funded-hydrogen-rd-projects/,Reports,,,,https://arena.gov.au/assets/2021/03/hydrogen-rd-funding-summary-report.pdf,pdfs/Reports/ARENA-Funded_Hydrogen_R&D_Projects_7353c9.pdf,downloaded
ESCRI-SA Battery Energy Storage Final Report,30/03/2021,Battery storage,Energy Storage for Commercial Renewable Integration (ESCRI) Phase 2,https://arena.gov.au/knowledge-bank/escri-sa-battery-energy-storage-final-report/,Reports,https://arena.gov.au/projects/energy-storage-for-commercial-renewable-integration-escri-phase-2/,2017,Past,https://arena.gov.au/assets/2021/04/escri-sa-battery-energy-storage-final-report.pdf,pdfs/Reports/ESCRI-SA_Battery_Energy_Storage_Final_Report_3945e2.pdf,downloaded
Biocatalyst Optimization for Efficient Production of Biofuels,26/03/2021,Bioenergy / Energy from waste,Biocatalyst Optimisation & Deployment,https://arena.gov.au/knowledge-bank/biocatalyst-optimization-for-efficient-production-of-biofuels/,Reports,https://arena.gov.au/projects/biocatalyst-optimisation-deployment-project-efficient-production-biofuels/,2017,Past,https://arena.gov.au/assets/2021/07/microbiogen-biocatalyst-optimization-for-efficient-production-of-biofuels.pdf,pdfs/Reports/Biocatalyst_Optimization_for_Efficient_Production_of_Biofuels_437b3c.pdf,downloaded
Direct Water Electrolysis Midterm Activity March 2021,26/03/2021,Hydrogen energy,"Improving Efficiency, Durability & Cost-effectiveness of III-V Semiconductors",https://arena.gov.au/knowledge-bank/direct-water-electrolysis-midterm-activity-march-2021/,Reports,https://arena.gov.au/projects/direct-water-electrolysis/,2018,Past,https://arena.gov.au/assets/2021/03/direct-water-electrolysis-mid-term-activity-march2021-report.pdf,pdfs/Reports/Direct_Water_Electrolysis_Midterm_Activity_March_2021_613693.pdf,downloaded
Efficient Solar Hydrogen Generation Mid-Term Activity March 2021,26/03/2021,Hydrogen energy,Efficient Solar Hydrogen Generation,https://arena.gov.au/knowledge-bank/efficient-solar-hydrogen-generation-mid-term-activity-march-2021/,Reports,https://arena.gov.au/projects/efficient-solar-hydrogen-generation/,2018,Past,https://arena.gov.au/assets/2021/03/efficient-solar-hydrogen-generation-mid-term-activity-report-march-2021.pdf,pdfs/Reports/Efficient_Solar_Hydrogen_Generation_Mid-Term_Activity_March_2021_21f9ad.pdf,downloaded
Gridded Renewable Nowcasting Demonstration Lessons Learnt 3,25/03/2021,System security and reliability,Gridded Renewables Nowcasting Demonstration over South Australia,https://arena.gov.au/knowledge-bank/gridded-renewable-nowcasting-demonstration-lessons-learnt-3/,"Reports, Lessons",https://arena.gov.au/projects/gridded-renewables-nowcasting-demonstration-over-south-australia/,2020,Past,https://arena.gov.au/assets/2021/06/gridded-renewable-nowcasting-demonstration-lessons-learnt-3.pdf,pdfs/Reports_Lessons/Gridded_Renewable_Nowcasting_Demonstration_Lessons_Learnt_3_01bb7f.pdf,downloaded
ARENA Insights Newsletter Edition #26,24/03/2021,Distributed energy resources,,https://arena.gov.au/knowledge-bank/arena-insights-newsletter-edition-26/,InsightNewsletter,,,,,,no_pdf_found
Alice Springs Future Grid March 2021,24/03/2021,"Solar energy, Solar PV R&amp;D",Alice Springs Future Grid Project,https://arena.gov.au/knowledge-bank/alice-springs-future-grid-march-2021/,Reports,https://arena.gov.au/projects/alice-springs-future-grid-project/,2020,Past,https://arena.gov.au/assets/2021/04/alice-springs-future-grid-report.pdf,pdfs/Reports/Alice_Springs_Future_Grid_March_2021_0c65a0.pdf,downloaded
ARENA Spotlights Interview with Farrierswier,24/03/2021,Distributed energy resources,,https://arena.gov.au/knowledge-bank/arena-spotlights-interview-with-farrierswier/,Reports,,,,https://arena.gov.au/assets/2021/03/arena-insights-spotlight-interview-with-farrierswier.pdf,pdfs/Reports/ARENA_Spotlights_Interview_with_Farrierswier_cd2b9b.pdf,downloaded
Loganholme Wastewater Treatment Plant,22/03/2021,Bioenergy / Energy from waste,Logan City Biosolids Gasification Project,https://arena.gov.au/knowledge-bank/loganholme-wastewater-treatment-plant/,Reports,https://arena.gov.au/projects/logan-city-biosolids-gasification-project/,2019,Current,https://arena.gov.au/assets/2021/03/loganholme-wastewater-treatment-plant.pdf,pdfs/Reports/Loganholme_Wastewater_Treatment_Plant_4d06e0.pdf,downloaded
Life Cycle Assessment of Ethanol Production from Bagasse using MicroBioGen Yeast Strains,21/03/2021,Bioenergy / Energy from waste,Biocatalyst Optimisation & Deployment,https://arena.gov.au/knowledge-bank/life-cycle-assessment-of-ethanol-production-from-bagasse-using-microbiogen-yeast-strains/,Reports,https://arena.gov.au/projects/biocatalyst-optimisation-deployment-project-efficient-production-biofuels/,2017,Past,https://arena.gov.au/assets/2021/03/life-cycle-assessment-of-ethanol-production-from-bagasse-microbiogen.pdf,pdfs/Reports/Life_Cycle_Assessment_of_Ethanol_Production_from_Bagasse_using_MicroBioGen_Yeast_Strains_e4ddc1.pdf,downloaded
On the Implementation and Publishing of Operating Envelopes,20/03/2021,Distributed energy resources,evolve DER Project,https://arena.gov.au/knowledge-bank/on-the-implementation-and-publishing-of-operating-envelopes/,Reports,https://arena.gov.au/projects/evolve-der-project/,2019,Past,https://arena.gov.au/assets/2021/04/evolve-on-the-implementation-and-publishing-of-operating-envelopes.pdf,pdfs/Reports/On_the_Implementation_and_Publishing_of_Operating_Envelopes_17318a.pdf,downloaded
DER Impacts on Operational Technology,20/03/2021,Distributed energy resources,evolve DER Project,https://arena.gov.au/knowledge-bank/der-impacts-on-operational-technology/,Reports,https://arena.gov.au/projects/evolve-der-project/,2019,Past,https://arena.gov.au/assets/2021/04/evolve-project-der-Impacts-on-operational-technology.pdf,pdfs/Reports/DER_Impacts_on_Operational_Technology_328160.pdf,downloaded
Presentation: DEIP CEO Forum 18 March 2021,18/03/2021,Distributed energy resources,,https://arena.gov.au/knowledge-bank/presentation-deip-ceo-forum-18-march-2021/,Presentation,,,,https://arena.gov.au/assets/2021/03/deip-ceo-forum-18-march-2021.pdf,pdfs/Presentation/Presentation__DEIP_CEO_Forum_18_March_2021_f1c09c.pdf,downloaded
Technical Description of VPP API Implementation,14/03/2021,Distributed energy resources,Advanced VPP Grid Integration,https://arena.gov.au/knowledge-bank/technical-description-of-vpp-api-implementation/,Reports,https://arena.gov.au/projects/advanced-vpp-grid-integration/,2019,Past,https://arena.gov.au/assets/2021/05/detailed-technical-description-of-vpp-api-implementation.pdf,pdfs/Reports/Technical_Description_of_VPP_API_Implementation_22db08.pdf,downloaded
Monitoring for Better Energy Outcomes Lessons Learnt Report,12/03/2021,"Solar energy, Solar PV R&amp;D",Solar Analytics: Monitoring for Better Energy Outcomes,https://arena.gov.au/knowledge-bank/monitoring-for-better-energy-outcomes-lessons-learnt-report/,"Reports, Lessons",https://arena.gov.au/projects/solar-analytics-monitoring-better-energy-outcomes/,2016,Past,https://arena.gov.au/assets/2021/07/solar-analytics-monitoring-for-better-energy-outcomes-lessons-learnt-report.pdf,pdfs/Reports_Lessons/Monitoring_for_Better_Energy_Outcomes_Lessons_Learnt_Report_0247dd.pdf,downloaded
Solar Power Ensemble Forecaster Final Report,7/03/2021,Solar energy,Solar Power Ensemble Forecaster,https://arena.gov.au/knowledge-bank/solar-power-ensemble-forecaster-final-report/,Reports,https://arena.gov.au/projects/solar-power-ensemble-forecaster/,2019,Past,https://arena.gov.au/assets/2021/06/solar-power-ensemble-forecast-final-report.pdf,pdfs/Reports/Solar_Power_Ensemble_Forecaster_Final_Report_265446.pdf,downloaded
Meridian Energy Australia Wind Forecasting Demonstration Project Lessons Learnt 4,6/03/2021,Wind energy,Wind Forecasting Demonstration Project,https://arena.gov.au/knowledge-bank/meridian-energy-australia-wind-forecasting-demonstration-project-lessons-learnt-4/,"Reports, Lessons",https://arena.gov.au/projects/wind-forecasting-demonstration-project/,2019,Past,https://arena.gov.au/assets/2021/05/meridian-wind-forecasting-lessons-learnt-report-4.pdf,pdfs/Reports_Lessons/Meridian_Energy_Australia_Wind_Forecasting_Demonstration_Project_Lessons_Learnt_4_150d59.pdf,downloaded
Repurposing Existing Hydropower Assets for the Future Electricity Market,5/03/2021,Hydropower / Pumped Hydro Energy Storage,Repurposing the Tarraleah Hydropower Scheme,https://arena.gov.au/knowledge-bank/repurposing-existing-hydropower-assets-for-the-future-electricity-market/,Reports,https://arena.gov.au/projects/repurposing-the-tarraleah-hydropower-scheme/,2018,Past,https://arena.gov.au/assets/2021/03/repurposing-existing-hydropower-assets-for-future-electricity-market.pdf,pdfs/Reports/Repurposing_Existing_Hydropower_Assets_for_the_Future_Electricity_Market_061b28.pdf,downloaded
LIDAR for Wind Forecasts End of Project Report,5/03/2021,Wind energy,Using Upstream LIDAR Measurements,https://arena.gov.au/knowledge-bank/lidar-for-wind-forecasts-end-of-project-report/,Reports,https://arena.gov.au/projects/using-upstream-lidar-measurements-to-improve-the-accuracy-of-5-minute-ahead-wind-forecasts/,2019,Past,https://arena.gov.au/assets/2021/07/lidar-for-wind-forecasts-project-end-of-project-report.pdf,pdfs/Reports/LIDAR_for_Wind_Forecasts_End_of_Project_Report_aee519.pdf,downloaded
Hydrogenated Bifacial Perl Silicon PV Cells with Laser Doping and Plated Contacts,4/03/2021,"Solar energy, Solar PV R&amp;D",Hydrogenated Bifacial PERL Silicon PV Cells,https://arena.gov.au/knowledge-bank/hydrogenated-bifacial-perl-silicon-pv-cells-with-laser-doping-and-plated-contacts/,Reports,https://arena.gov.au/projects/hydrogenated-bifacial-perl-silicon-pv-cells/,2017,Past,https://arena.gov.au/assets/2021/03/hydrogenated-bifacial-perl-silicon-pv-cells-with-laser-doping-and-plated-contacts.pdf,pdfs/Reports/Hydrogenated_Bifacial_Perl_Silicon_PV_Cells_with_Laser_Doping_and_Plated_Contacts_91fa9e.pdf,downloaded
Deployment of the Solar Storage Sharing Governance Model,1/03/2021,Distributed energy resources,Increasing the Uptake of Solar PV in Strata Residential Developments,https://arena.gov.au/knowledge-bank/deployment-of-the-solar-storage-sharing-governance-model/,"Reports, Lessons",https://arena.gov.au/projects/increasing-the-uptake-of-solar-photovoltaics-in-strata-residential-developments/,2016,Past,https://arena.gov.au/assets/2021/03/deployment-of-the-solar-storage-sharing-governance-model-white-gum-valley-lessons-learnt.pdf,pdfs/Reports_Lessons/Deployment_of_the_Solar_Storage_Sharing_Governance_Model_edb651.pdf,downloaded
Tandem PV Micro Concentrator Final Report,1/03/2021,"Solar energy, Solar PV R&amp;D",Tandem PV Micro Concentrator,https://arena.gov.au/knowledge-bank/tandem-pv-micro-concentrator-final-report/,"Reports, Lessons",https://arena.gov.au/projects/tandem-pv-micro-concentrator/,2017,Past,https://arena.gov.au/assets/2021/06/tandem-pv-micro-concentrator-final-report.pdf,pdfs/Reports_Lessons/Tandem_PV_Micro_Concentrator_Final_Report_af2a79.pdf,downloaded
Solar Analytics Project Results and Lessons Learnt,1/03/2021,Distributed energy resources,Enhanced Reliability Through Short Time Resolution Data,https://arena.gov.au/knowledge-bank/solar-analytics-project-results-and-lessons-learnt/,"Reports, Lessons",https://arena.gov.au/projects/enhanced-reliability-through-short-time-resolution-data-around-voltage-disturbances/,2019,Past,https://arena.gov.au/assets/2021/08/enhanced-reliability-through-short-term-resolution-data-around-voltage-disturbances.pdf,pdfs/Reports_Lessons/Solar_Analytics_Project_Results_and_Lessons_Learnt_67354e.pdf,downloaded
Clean Energy Startup Support Program Final Report,25/02/2021,Renewables for industry,Clean Energy Startup Support Programs,https://arena.gov.au/knowledge-bank/clean-energy-startup-program-final-report/,Reports,https://arena.gov.au/projects/clean-energy-startup-support-programs/,2019,Past,https://arena.gov.au/assets/2021/04/clean-energy-startup-support-program-final-report.pdf,pdfs/Reports/Clean_Energy_Startup_Support_Program_Final_Report_8aff22.pdf,downloaded
State of DER Technology Integration Report,25/02/2021,Distributed energy resources,,https://arena.gov.au/knowledge-bank/state-of-der-technology-integration-report/,Reports,,,,https://arena.gov.au/assets/2021/02/state-of-distributed-energy-resources-technology-integration-report.pdf,pdfs/Reports/State_of_DER_Technology_Integration_Report_a18cbf.pdf,downloaded
Presentation Proton Flow Reactor System February 2021,25/02/2021,Hydrogen energy,Proton Flow Reactor System,https://arena.gov.au/knowledge-bank/presentation-proton-flow-reactor-system-february-2021/,Presentation,https://arena.gov.au/projects/proton-flow-reactor-system/,2018,Past,https://arena.gov.au/assets/2020/06/proton-flow-reactor-presentation.pdf,pdfs/Presentation/Presentation_Proton_Flow_Reactor_System_February_2021_0f19f5.pdf,downloaded
ARENA Insights Newsletter Edition #25,24/02/2021,Electric vehicles,,https://arena.gov.au/knowledge-bank/arena-insights-newsletter-edition-25/,InsightNewsletter,,,,,,no_pdf_found
Clean Energy Project Lessons Learnt Report 3,23/02/2021,Renewables for industry,Clean Energy Startup Support Programs,https://arena.gov.au/knowledge-bank/clean-energy-project-lessons-learnt-report-3/,Reports,https://arena.gov.au/projects/clean-energy-startup-support-programs/,2019,Past,https://arena.gov.au/assets/2021/04/energylab-lessons-learnt-report-3.pdf,pdfs/Reports/Clean_Energy_Project_Lessons_Learnt_Report_3_7218f8.pdf,downloaded
Insights Spotlight: International Review of Vehicle to Grid Technology,23/02/2021,Electric vehicles,Realising Electric Vehicle-to-Grid Services,https://arena.gov.au/knowledge-bank/insights-spotlight-international-review-of-vehicle-to-grid-technology/,"Reports, Insights",https://arena.gov.au/projects/realising-electric-vehicle-to-grid-services/,2020,Past,https://arena.gov.au/assets/2021/02/spotlight-international-review-of-vehicle-to-grid-technology.pdf,pdfs/Reports_Insights/Insights_Spotlight__International_Review_of_Vehicle_to_Grid_Technology_ebc4a6.pdf,downloaded
BioDICE Feasibility Study Final Report,22/02/2021,Bioenergy / Energy from waste,BioDICE Feasibility Study,https://arena.gov.au/knowledge-bank/biodice-feasibility-study-final-report/,Reports,https://arena.gov.au/projects/biodice-feasibility-study/,2018,Past,https://arena.gov.au/assets/2021/02/biodice-feasibility-study-final-report.pdf,pdfs/Reports/BioDICE_Feasibility_Study_Final_Report_a16a84.pdf,downloaded
ESCRI-SA Battery Energy Storage Project Operational Report 4,20/02/2021,Battery storage,Energy Storage for Commercial Renewable Integration (ESCRI) Phase 2,https://arena.gov.au/knowledge-bank/escri-sa-battery-energy-storage-project-operational-report-4/,Reports,https://arena.gov.au/projects/energy-storage-for-commercial-renewable-integration-escri-phase-2/,2017,Past,https://arena.gov.au/assets/2021/04/escri-sa-battery-energy-storage-report-4.pdf,pdfs/Reports/ESCRI-SA_Battery_Energy_Storage_Project_Operational_Report_4_97111b.pdf,downloaded
ARENA-funded Hydrogen R&D Project Presentations,18/02/2021,Hydrogen energy,,https://arena.gov.au/knowledge-bank/arena-funded-hydrogen-rd-project-presentations/,Presentation,,,,https://arena.gov.au/assets/2021/05/arena-hydrogen-rnd-roundtable-webinar-february-2021.pdf,pdfs/Presentation/ARENA-funded_Hydrogen_R&D_Project_Presentations_1deceb.pdf,downloaded
Advisian Wind & Solar Forecasting for the NEM Final Report,17/02/2021,"Solar energy, Wind energy",Application of Advanced Short Term Power Generation Forecasting,https://arena.gov.au/knowledge-bank/advisian-wind-solar-forecasting-for-the-nem/,Reports,https://arena.gov.au/projects/advanced-short-term-power-generation/,2018,Past,https://arena.gov.au/assets/2021/02/advisian-wind-and-solar-forecasting-for-the-nem-report.pdf,pdfs/Reports/Advisian_Wind_&_Solar_Forecasting_for_the_NEM_Final_Report_6efa9c.pdf,downloaded
Fulcrum3D Wind Forecasting For the NEM Final Report,15/02/2021,Wind energy,Wind Forecasting for the NEM,https://arena.gov.au/knowledge-bank/fulcrum3d-wind-forecasting-for-the-nem-final-report/,Reports,https://arena.gov.au/projects/wind-forecasting-nem/,2019,Past,https://arena.gov.au/assets/2021/06/fulcrum3d-wind-forecasting-for-the-nem-project-results.pdf,pdfs/Reports/Fulcrum3D_Wind_Forecasting_For_the_NEM_Final_Report_a66791.pdf,downloaded
Fulcrum3D CloudCAM Solar Forecasting Final Report,15/02/2021,Solar energy,Fulcrum3D CloudCAM Solar Forecasting,https://arena.gov.au/knowledge-bank/fulcrum3d-cloudcam-solar-forecasting-final-report/,"Reports, Lessons",https://arena.gov.au/projects/fulcrum3d-cloudcam-solar-forecasting-for-the-nem/,2018,Past,https://arena.gov.au/assets/2021/07/fulcrum3d-cloudcam-solar-forecasting-final-report.pdf,pdfs/Reports_Lessons/Fulcrum3D_CloudCAM_Solar_Forecasting_Final_Report_11cba5.pdf,downloaded
Final Report Advanced Planning of PV-Rich Distribution Networks,15/02/2021,Distributed energy resources,Advanced Planning of PV-Rich Distribution Networks Study,https://arena.gov.au/knowledge-bank/advanced-planning-of-pv-rich-distribution-networks/,Reports,https://arena.gov.au/projects/advanced-planning-of-pv-rich-distribution-networks-study/,2019,Past,https://arena.gov.au/assets/2021/03/advanced-planning-of-pv-rich-distribution-network-deliverable-6.pdf,pdfs/Reports/Final_Report_Advanced_Planning_of_PV-Rich_Distribution_Networks_ca0085.pdf,downloaded
Virtual Power Plant Consumer Insights Interim Report,9/02/2021,Distributed energy resources,AEMO Virtual Power Plant Demonstrations,https://arena.gov.au/knowledge-bank/virtual-power-plant-consumer-insights-interim-report/,Reports,https://arena.gov.au/projects/aemo-virtual-power-plant-demonstrations/,2019,Past,https://arena.gov.au/assets/2021/02/virtual-power-plant-consumer-insights-interim-report.pdf,pdfs/Reports/Virtual_Power_Plant_Consumer_Insights_Interim_Report_b89726.pdf,downloaded
AEMO Virtual Power Plant Demonstrations Knowledge Sharing Report 3,9/02/2021,Distributed energy resources,AEMO Virtual Power Plant Demonstrations,https://arena.gov.au/knowledge-bank/aemo-virtual-power-plant-demonstration-knowledge-sharing-report-3/,"Reports, Lessons",https://arena.gov.au/projects/aemo-virtual-power-plant-demonstrations/,2019,Past,https://arena.gov.au/assets/2021/02/aemo-virtual-power-plant-demonstrations-report-3.pdf,pdfs/Reports_Lessons/AEMO_Virtual_Power_Plant_Demonstrations_Knowledge_Sharing_Report_3_4f556f.pdf,downloaded
Gannawarra Energy Storage System Operational Report 3 and 4,6/02/2021,Battery storage,Gannawarra Energy Storage System (GESS),https://arena.gov.au/knowledge-bank/gannawarra-energy-storage-system-operational-report-3-and-4/,Reports,https://arena.gov.au/projects/gannawarra-energy-storage-system/,2018,Past,https://arena.gov.au/assets/2021/07/gess-operational-report-3-4.pdf,pdfs/Reports/Gannawarra_Energy_Storage_System_Operational_Report_3_and_4_404fd0.pdf,downloaded
Printing Solar Cells ' A Manufacturing Proposition for Australia,2/02/2021,"Solar energy, Solar PV R&amp;D",Printing Solar Cells,https://arena.gov.au/knowledge-bank/printing-solar-cells-a-manufacturing-proposition-for-australia/,Reports,https://arena.gov.au/projects/printing-solar-cells-a-manufacturing-proposal-for-australia/,2011,Past,https://arena.gov.au/assets/2014/11/Printing-solar-cells-public-dissemination-report.pdf,pdfs/Reports/Printing_Solar_Cells_'_A_Manufacturing_Proposition_for_Australia_ca0e06.pdf,downloaded
Short-Term Forecasting Trial: Summary of Key Insights Apr to Oct 2020,1/02/2021,Solar energy,,https://arena.gov.au/knowledge-bank/short-term-forecasting-trial-summary-of-key-insights-apr-to-oct-2020/,Insights,,,,,,no_pdf_found
Solcast Nowcasting Lessons Learnt Report 3,1/02/2021,Solar energy,Solar Farm Solutions & the Australian Energy Sector,https://arena.gov.au/knowledge-bank/solcast-nowcasting-lessons-learnt-report-3/,Reports,https://arena.gov.au/projects/solcast-nowcasting-solutions-for-solar-farms/,2019,Past,https://arena.gov.au/assets/2021/02/solcast-nowcasting-lessons-learnt-report-3.pdf,pdfs/Reports/Solcast_Nowcasting_Lessons_Learnt_Report_3_de19f4.pdf,downloaded
Lessons Learnt Metro Advertising Revenue Funded Electric Vehicle Charging Trial,31/01/2021,Electric vehicles,Metro Advertising Revenue Funded Electric Vehicle Charging Trial,https://arena.gov.au/knowledge-bank/lessons-learnt-metro-advertising-revenue-funded-electric-vehicle-charging-trial/,"Reports, Lessons",https://arena.gov.au/projects/metro-advertising-revenue-funded-electric-vehicle-charging-trial/,2020,Past,https://arena.gov.au/assets/2021/02/metro-advertising-revenue-funded-electric-vehicle-charging-trial-lessons-learnt.pdf,pdfs/Reports_Lessons/Lessons_Learnt_Metro_Advertising_Revenue_Funded_Electric_Vehicle_Charging_Trial_e61985.pdf,downloaded
Chargefox Lessons Learnt 4,30/01/2021,Electric vehicles,Chargefox Electric Vehicle Charging Network Project,https://arena.gov.au/knowledge-bank/chargefox-lessons-learnt-4/,"Reports, Lessons",https://arena.gov.au/projects/chargefox-electric-vehicle-charging-network-project/,2018,Past,https://arena.gov.au/assets/2021/03/chargefox-lessons-learnt-4.pdf,pdfs/Reports_Lessons/Chargefox_Lessons_Learnt_4_64c528.pdf,downloaded
Pro Analytics Final Report and Cost Benefit Analysis,30/01/2021,Solar energy,Proa Analytics Solar Forecasts,https://arena.gov.au/knowledge-bank/pro-analytics-final-report-and-cost-benefit-analysis/,Reports,https://arena.gov.au/projects/proa-analytics-solar-forecasts/,2019,Past,https://arena.gov.au/assets/2021/05/proa-analytics-final-report-and-cost-benefit-analysis.pdf,pdfs/Reports/Pro_Analytics_Final_Report_and_Cost_Benefit_Analysis_2b6677.pdf,downloaded
Proa Analytics Solar Farm Short Term Forecasting Project: Lessons Learnt 3,28/01/2021,Solar energy,Proa Analytics Solar Forecasts,https://arena.gov.au/knowledge-bank/proa-analytics-solar-farm-short-term-forecasting-project-lessons-learnt-3/,"Reports, Lessons",https://arena.gov.au/projects/proa-analytics-solar-forecasts/,2019,Past,https://arena.gov.au/assets/2021/01/proa-analytics-solar-forecasting-lessons-learnt-report-3.pdf,pdfs/Reports_Lessons/Proa_Analytics_Solar_Farm_Short_Term_Forecasting_Project__Lessons_Learnt_3_f32555.pdf,downloaded
DNV GL ' Multi-Model and Machine Learning Wind Forecast Project Lessons Learnt 3,28/01/2021,Wind energy,Ararat Wind Farm,https://arena.gov.au/knowledge-bank/dnv-gl-multi-model-and-machine-learning-wind-forecast-project-lessons-learnt-3/,"Reports, Lessons",https://arena.gov.au/projects/ararat-wind-farm/,2019,Past,https://arena.gov.au/assets/2021/01/dnv-gl-multi-model-machine-learning-wind-forecasting-project-lessons-learnt-3.pdf,pdfs/Reports_Lessons/DNV_GL_'_Multi-Model_and_Machine_Learning_Wind_Forecast_Project_Lessons_Learnt_3_eecaa9.pdf,downloaded
Meridian Energy Australia Wind Forecasting Demonstration Project Lessons Learnt 3,28/01/2021,Wind energy,Wind Forecasting Demonstration Project,https://arena.gov.au/knowledge-bank/meridian-energy-australia-wind-forecasting-demonstration-project-lessons-learnt-3/,Reports,https://arena.gov.au/projects/wind-forecasting-demonstration-project/,2019,Past,https://arena.gov.au/assets/2021/01/meridian-wind-forecasting-lessons-learnt-report-3.pdf,pdfs/Reports/Meridian_Energy_Australia_Wind_Forecasting_Demonstration_Project_Lessons_Learnt_3_255243.pdf,downloaded
Fulcrum3D CloudCAM Solar Forecasting for the NEM Lessons Learnt Report 3,28/01/2021,Solar energy,Fulcrum3D CloudCAM Solar Forecasting,https://arena.gov.au/knowledge-bank/fulcrum3d-cloudcam-solar-forecasting-for-the-nem-lessons-learnt-report-3/,"Reports, Lessons",https://arena.gov.au/projects/fulcrum3d-cloudcam-solar-forecasting-for-the-nem/,2018,Past,https://arena.gov.au/assets/2021/01/fulcrum3d-solar-forecasting-lessons-learnt-october-2020.pdf,pdfs/Reports_Lessons/Fulcrum3D_CloudCAM_Solar_Forecasting_for_the_NEM_Lessons_Learnt_Report_3_91a754.pdf,downloaded
Fulcrum3D Wind Forecasting for the NEM Lessons Learnt 3,28/01/2021,Wind energy,Wind Forecasting for the NEM,https://arena.gov.au/knowledge-bank/fulcrum3d-wind-forecasting-for-the-nem-lessons-learnt-3/,"Reports, Lessons",https://arena.gov.au/projects/wind-forecasting-nem/,2019,Past,https://arena.gov.au/assets/2021/01/fulcrum3d-wind-forecasting-lessons-learnt-october-2020.pdf,pdfs/Reports_Lessons/Fulcrum3D_Wind_Forecasting_for_the_NEM_Lessons_Learnt_3_9edb33.pdf,downloaded
Hydrogen Generation by Electro Catalytic Systems Midterm Activity Jan 2021,25/01/2021,Hydrogen energy,Bio Inspired Hydrogen Generation,https://arena.gov.au/knowledge-bank/hydrogen-generation-by-electro-catalytic-systems-midterm-activity-jan-2021/,Reports,https://arena.gov.au/projects/bio-inspired-hydrogen-generation/,2018,Past,https://arena.gov.au/assets/2021/01/hydrogen-generation-by-electro-catalytic-systems-midterm-report.pdf,pdfs/Reports/Hydrogen_Generation_by_Electro_Catalytic_Systems_Midterm_Activity_Jan_2021_e233c8.pdf,downloaded
The A'Z of V2G,22/01/2021,Electric vehicles,Realising Electric Vehicle-to-Grid Services,https://arena.gov.au/knowledge-bank/the-a-z-of-v2g/,Reports,https://arena.gov.au/projects/realising-electric-vehicle-to-grid-services/,2020,Past,https://arena.gov.au/assets/2021/01/revs-the-a-to-z-of-v2g.pdf,pdfs/Reports/The_A'Z_of_V2G_d604bb.pdf,downloaded
Increasing the Uptake of Solar PV and Battery Storage in Strata Residential Developments,21/01/2021,Distributed energy resources,Increasing the Uptake of Solar PV in Strata Residential Developments,https://arena.gov.au/knowledge-bank/increasing-the-uptake-of-solar-pv-and-battery-storage-in-strata-residential-developments/,Reports,https://arena.gov.au/projects/increasing-the-uptake-of-solar-photovoltaics-in-strata-residential-developments/,2016,Past,https://arena.gov.au/assets/2021/01/increasing-the-uptake-of-solar-pv-and-battery-storage-in-strata-residential-developments.pdf,pdfs/Reports/Increasing_the_Uptake_of_Solar_PV_and_Battery_Storage_in_Strata_Residential_Developments_b059d3.pdf,downloaded
Flexible Exports for Solar PV Lessons Learnt Report 1,21/01/2021,"Solar energy, Solar PV R&amp;D",SA Power Networks Flexible Exports for Solar PV Trial,https://arena.gov.au/knowledge-bank/flexible-exports-for-solar-pv-lessons-learnt-report-1/,"Reports, Lessons",https://arena.gov.au/projects/sa-power-networks-flexible-exports-for-solar-pv-trial/,2020,Past,https://arena.gov.au/assets/2021/01/flexible-exports-for-solar-pv-lessons-learnt-1.pdf,pdfs/Reports_Lessons/Flexible_Exports_for_Solar_PV_Lessons_Learnt_Report_1_0df70a.pdf,downloaded
Diffuse Energy Presentation,21/01/2021,Wind energy,Resilient Wind Energy for Telecommunication Sites,https://arena.gov.au/knowledge-bank/diffuse-energy-presentation/,Presentation,https://arena.gov.au/projects/resilient-wind-energy-for-telecommunication-sites/,2020,Past,https://arena.gov.au/assets/2021/01/diffuse-energy-presentation.pdf,pdfs/Presentation/Diffuse_Energy_Presentation_68218f.pdf,downloaded
Analysis of the VPP Dynamic Network Constraint Management,19/01/2021,Distributed energy resources,Advanced VPP Grid Integration,https://arena.gov.au/knowledge-bank/analysis-of-the-vpp-dynamic-network-constraint-management/,Reports,https://arena.gov.au/projects/advanced-vpp-grid-integration/,2019,Past,https://arena.gov.au/assets/2021/01/analysis-of-the-vpp-dynamic-network-constraint-management.pdf,pdfs/Reports/Analysis_of_the_VPP_Dynamic_Network_Constraint_Management_cde010.pdf,downloaded
Presentation: Bio-inspired Hydrogen Generation by Novel Bubble-Free Electro-Catalytic Systems,18/01/2021,Hydrogen energy,Bio Inspired Hydrogen Generation,https://arena.gov.au/knowledge-bank/presentation-bio-inspired-hydrogen-generation-by-novel-bubble-free-electro-catalytic-systems/,Presentation,https://arena.gov.au/projects/bio-inspired-hydrogen-generation/,2018,Past,https://arena.gov.au/assets/2021/03/bio-inspired-hydrogen-generation-by-novel-bubble-free-electro-catalytic-systems.pdf,pdfs/Presentation/Presentation__Bio-inspired_Hydrogen_Generation_by_Novel_Bubble-Free_Electro-Catalytic_Systems_57068d.pdf,downloaded
deX Project Progress January 2021,7/01/2021,Distributed energy resources,Decentralised Energy Exchange (deX) Program,https://arena.gov.au/knowledge-bank/dex-project-progress-january-2021/,Reports,https://arena.gov.au/projects/decentralised-energy-exchange/,2019,Past,https://arena.gov.au/assets/2021/01/dex-project-progress-report-january-2021.pdf,pdfs/Reports/deX_Project_Progress_January_2021_6c0e8e.pdf,downloaded
deX Industry & Vendor Training January 2021,7/01/2021,Distributed energy resources,Decentralised Energy Exchange (deX) Program,https://arena.gov.au/knowledge-bank/industry-vendor-training-january-2021/,Reports,https://arena.gov.au/projects/decentralised-energy-exchange/,2019,Past,https://arena.gov.au/assets/2021/01/dex-industry-vendor-training-january-2021.pdf,pdfs/Reports/deX_Industry_&_Vendor_Training_January_2021_c63a61.pdf,downloaded
Thermophysical Properties of Quartzite for High Temperature Thermal Storage Report,3/01/2021,Renewables for industry,Displacement of Gas by Thermal Energy Storage,https://arena.gov.au/knowledge-bank/thermophysical-properties-of-quartzite-for-high-temperature-thermal-storage-report/,Reports,https://arena.gov.au/projects/displacement-of-gas-by-thermal-energy-storage/,2019,Past,https://arena.gov.au/assets/2021/11/thermophysical-properties-of-quartzite-for-high-temperature-thermal-storage-report.pdf,pdfs/Reports/Thermophysical_Properties_of_Quartzite_for_High_Temperature_Thermal_Storage_Report_04b358.pdf,downloaded
Project Fulfil Lessons Learnt Report,27/12/2020,"Battery storage, Hybrid technologies",Project Fulfil,https://arena.gov.au/knowledge-bank/project-fulfil-lessons-learnt-report/,"Reports, Lessons",https://arena.gov.au/projects/project-fulfil/,2016,Past,https://arena.gov.au/assets/2021/01/lessons-learnt-project-fulfil.pdf,pdfs/Reports_Lessons/Project_Fulfil_Lessons_Learnt_Report_43fe81.pdf,downloaded
United Energy Demand Response ' Final Project Performance,21/12/2020,Demand response,United Energy Distribution Demand Response,https://arena.gov.au/knowledge-bank/united-energy-demand-response-final-project-performance/,Reports,https://arena.gov.au/projects/united-energy-distribution-demand-response/,2017,Past,https://arena.gov.au/assets/2021/02/united-energy-demand-response-final-project-performance-report.pdf,pdfs/Reports/United_Energy_Demand_Response_'_Final_Project_Performance_849576.pdf,downloaded
Enel X ARENA Demand Response Trial 7,20/12/2020,Demand response,Enel X Demand Response Project,https://arena.gov.au/knowledge-bank/enel-x-arena-demand-response-trial-7/,Reports,https://arena.gov.au/projects/enel-x-demand-response-project/,2017,Past,https://arena.gov.au/assets/2021/03/enel-x-arena-demand-respone-trial-7.pdf,pdfs/Reports/Enel_X_ARENA_Demand_Response_Trial_7_42ab92.pdf,downloaded
Demand Response Trial Test 6 December 2020,18/12/2020,Demand response,EnergyAustralia Demand Response Program,https://arena.gov.au/knowledge-bank/demand-response-trial-test-6-december-2020/,Reports,https://arena.gov.au/projects/energyaustralia-demand-response-program/,2017,Past,https://arena.gov.au/assets/2021/03/demand-response-trial-test-december-2020.pdf,pdfs/Reports/Demand_Response_Trial_Test_6_December_2020_9f7cc4.pdf,downloaded
ARENA Insights Newsletter Edition #24,18/12/2020,Distributed energy resources,,https://arena.gov.au/knowledge-bank/arena-insights-newsletter-edition-24/,InsightNewsletter,,,,,,no_pdf_found
Biogas from Sugarcane,18/12/2020,Bioenergy / Energy from waste,Utilising Biogas in Sugarcane Transport and Milling,https://arena.gov.au/knowledge-bank/biogas-from-sugarcane/,Reports,https://arena.gov.au/projects/utilising-biogas-in-sugarcane-transport-and-milling/,2016,Past,https://arena.gov.au/assets/2021/05/utilising-biogas-in-sugarcane.pdf,pdfs/Reports/Biogas_from_Sugarcane_4f33de.pdf,downloaded
Implementing Community-Scale Batteries,17/12/2020,Distributed energy resources,Community Models for Deploying and Operating DER,https://arena.gov.au/knowledge-bank/implementing-community-scale-batteries/,Reports,https://arena.gov.au/projects/community-models-for-deploying-and-operating-distributed-energy-resources/,2019,Past,https://arena.gov.au/assets/2020/12/implementing-community-scale-batteries-bsgip.pdf,pdfs/Reports/Implementing_Community-Scale_Batteries_e68f31.pdf,downloaded
DEIP Dynamic Operating Envelopes Workstream: National Regulatory and Policy Design Issues,17/12/2020,Distributed energy resources,,https://arena.gov.au/knowledge-bank/deip-dynamic-operating-envelopes-workstream-national-regulatory-and-policy-design-issues/,Reports,,,,https://arena.gov.au/assets/2020/12/deip-dynamic-operating-envelopes-workstream-workshop-summary-notes.pdf,pdfs/Reports/DEIP_Dynamic_Operating_Envelopes_Workstream__National_Regulatory_and_Policy_Design_Issues_2b1421.pdf,downloaded
"Implementing Community-Scale Batteries: Regulatory, Technical and Logistical Considerations",17/12/2020,Distributed energy resources,Community Models for Deploying and Operating DER,https://arena.gov.au/knowledge-bank/implementing-community-scale-batteries-regulatory-technical-and-logistical-considerations/,Reports,https://arena.gov.au/projects/community-models-for-deploying-and-operating-distributed-energy-resources/,2019,Past,https://arena.gov.au/assets/2020/12/bsgip-regulatory-technical-and-logistical-considerations.pdf,"pdfs/Reports/Implementing_Community-Scale_Batteries__Regulatory,_Technical_and_Logistical_Considerations_ef8562.pdf",downloaded
Waste Biomass to Renewable Hydrogen Midterm Activity December 2020,10/12/2020,Hydrogen energy,Waste Biomass to Renewable Hydrogen,https://arena.gov.au/knowledge-bank/waste-biomass-to-renewable-hydrogen-midterm-activity-december-2020/,Reports,https://arena.gov.au/projects/waste-biomass-to-renewable-hydrogen/,2018,Past,https://arena.gov.au/assets/2020/12/waste-biomass-to-renewable-hydrogen-midterm-activity.pdf,pdfs/Reports/Waste_Biomass_to_Renewable_Hydrogen_Midterm_Activity_December_2020_67a12e.pdf,downloaded
Intercast and Forge Demand Response Report 5,9/12/2020,Demand response,Intercast and Forge Demand Response,https://arena.gov.au/knowledge-bank/intercast-and-forge-demand-response-report-5/,Reports,https://arena.gov.au/projects/intercast-and-forge-demand-response/,2017,Past,https://arena.gov.au/assets/2021/06/intercast-and-forge-demand-response-report-5.pdf,pdfs/Reports/Intercast_and_Forge_Demand_Response_Report_5_a4882f.pdf,downloaded
"Enabling Efficient, Affordable & Robust Use of Renewable Hydrogen",9/12/2020,Hydrogen energy,"Enabling Efficient, Affordable & Robust Use of Renewable Hydrogen",https://arena.gov.au/knowledge-bank/enabling-efficient-affordable-robust-use-of-renewable-hydrogen/,Reports,https://arena.gov.au/projects/enabling-efficient-affordable-robust-renewable-hydrogen/,2018,Past,https://arena.gov.au/assets/2021/03/use-of-renewable-hydrogen-midterm-report.pdf,"pdfs/Reports/Enabling_Efficient,_Affordable_&_Robust_Use_of_Renewable_Hydrogen_86b41b.pdf",downloaded
Cost Comparison Among Potential Solutions,7/12/2020,Distributed energy resources,Advanced Planning of PV-Rich Distribution Networks Study,https://arena.gov.au/knowledge-bank/cost-comparison-among-potential-solutions/,Reports,https://arena.gov.au/projects/advanced-planning-of-pv-rich-distribution-networks-study/,2019,Past,https://arena.gov.au/assets/2021/02/cost-comparison-among-potential-solutions.pdf,pdfs/Reports/Cost_Comparison_Among_Potential_Solutions_bc0582.pdf,downloaded
ARENA Insights Newsletter Edition #23,3/12/2020,Distributed energy resources,,https://arena.gov.au/knowledge-bank/arena-insights-newsletter-edition-23/,InsightNewsletter,,,,,,no_pdf_found
A Review of Publicly Available Energy Data Sets,2/12/2020,Distributed energy resources,My Energy Marketplace,https://arena.gov.au/knowledge-bank/a-review-of-publicly-available-energy-data-sets/,Reports,https://arena.gov.au/projects/wattwatchers-my-energy-marketplace/,2019,Past,https://arena.gov.au/assets/2020/12/review-of-publicly-available-energy-data-sets.pdf,pdfs/Reports/A_Review_of_Publicly_Available_Energy_Data_Sets_229cce.pdf,downloaded
Consumer Engagement in Energy Data Services: Recommendations Moving Forward,2/12/2020,Distributed energy resources,My Energy Marketplace,https://arena.gov.au/knowledge-bank/consumer-engagement-in-energy-data-services/,Reports,https://arena.gov.au/projects/wattwatchers-my-energy-marketplace/,2019,Past,https://arena.gov.au/assets/2020/12/consumer-engagement-in-energy-data-services-recommendations-moving-forward.pdf,pdfs/Reports/Consumer_Engagement_in_Energy_Data_Services__Recommendations_Moving_Forward_6dedd8.pdf,downloaded
Diffuse Energy Lessons Learnt Report 1,30/11/2020,Wind energy,Resilient Wind Energy for Telecommunication Sites,https://arena.gov.au/knowledge-bank/diffuse-energy-lessons-learnt-report-1/,"Reports, Lessons",https://arena.gov.au/projects/resilient-wind-energy-for-telecommunication-sites/,2020,Past,https://arena.gov.au/assets/2021/07/diffuse-energy-lessons-learnt-report-1.pdf,pdfs/Reports_Lessons/Diffuse_Energy_Lessons_Learnt_Report_1_575435.pdf,downloaded
Voltage Controlled Frequency Regulation System Final Report,29/11/2020,System security and reliability,United Energy Voltage Controlled Frequency Regulation System,https://arena.gov.au/knowledge-bank/voltage-controlled-frequency-regulation-system-final-report/,Reports,https://arena.gov.au/projects/united-energy-voltage-controlled-frequency-regulation-system/,2019,Past,https://arena.gov.au/assets/2020/11/voltage-controlled-frequency-regulation-system-final-report.pdf,pdfs/Reports/Voltage_Controlled_Frequency_Regulation_System_Final_Report_2880db.pdf,downloaded
Smart Grids Innovation Challenge: An Interview with CSIRO,27/11/2020,System security and reliability,Smart Grids Innovation Challenge,https://arena.gov.au/knowledge-bank/smart-grids-innovation-challenge-an-interview-with-csiro/,Insights,https://arena.gov.au/projects/smart-grids-innovation-challenge/,2018,Past,https://arena.gov.au/assets/2020/11/smart-grids-innovation-challenge-interview.pdf,pdfs/Insights/Smart_Grids_Innovation_Challenge__An_Interview_with_CSIRO_ed91a0.pdf,downloaded
Solar Thermochemical Hydrogen R&D Midterm Activity Nov 2020,26/11/2020,Hydrogen energy,CSIRO - Solar Thermochemical Hydrogen Research and Development,https://arena.gov.au/knowledge-bank/solar-thermochemical-hydrogen-rd-midterm-activity-nov-2020/,Reports,https://arena.gov.au/projects/solar-thermochemical-hydrogen-research-and-development/,2018,Past,https://arena.gov.au/assets/2021/03/csiro-solar-thermochemical-hydrogen-rd-mid-project-report-nov-2020.pdf,pdfs/Reports/Solar_Thermochemical_Hydrogen_R&D_Midterm_Activity_Nov_2020_b21d7d.pdf,downloaded
My Energy Marketplace Lessons Learnt 2,23/11/2020,Distributed energy resources,My Energy Marketplace,https://arena.gov.au/knowledge-bank/my-energy-marketplace-lessons-learnt-2/,"Reports, Lessons",https://arena.gov.au/projects/wattwatchers-my-energy-marketplace/,2019,Past,https://arena.gov.au/assets/2021/08/my-energy-marketplace-lessons-learnt-2.pdf,pdfs/Reports_Lessons/My_Energy_Marketplace_Lessons_Learnt_2_375df6.pdf,downloaded
Tidal Energy in Australia,20/11/2020,Ocean energy,Tidal Energy in Australia,https://arena.gov.au/knowledge-bank/tidal-energy-in-australia/,Reports,https://arena.gov.au/projects/tidal-energy-australia-assessing-resource-feasibility-australias-future-energy-mix/,2017,Past,https://arena.gov.au/assets/2020/12/tidal-energy-in-australia.pdf,pdfs/Reports/Tidal_Energy_in_Australia_b6bc43.pdf,downloaded
NSW Demand Response Report November 2020,19/11/2020,Demand response,AGL Demand Response,https://arena.gov.au/knowledge-bank/nsw-demand-response-report-november-2020/,Reports,https://arena.gov.au/projects/agl-demand-response/,2017,Past,https://arena.gov.au/assets/2021/02/agl-nsw-demand-response-report.pdf,pdfs/Reports/NSW_Demand_Response_Report_November_2020_49df71.pdf,downloaded
Renewable Energy Hub Legal Overview,19/11/2020,Renewables for industry,Renewable Energy Hub Marketplace,https://arena.gov.au/knowledge-bank/renewable-energy-hub-legal-overview/,Reports,https://arena.gov.au/projects/renewable-energy-hub-marketplace/,2020,Past,https://arena.gov.au/assets/2020/11/legal-overview-report-renewable-energy-hub.pdf,pdfs/Reports/Renewable_Energy_Hub_Legal_Overview_7cc8f4.pdf,downloaded
Renewable Energy Hub Platform Launch,19/11/2020,Renewables for industry,Renewable Energy Hub Marketplace,https://arena.gov.au/knowledge-bank/renewable-energy-hub-platform-launch/,Reports,https://arena.gov.au/projects/renewable-energy-hub-marketplace/,2020,Past,https://arena.gov.au/assets/2020/11/hub-platform-launch-report-renewable-energy-hub.pdf,pdfs/Reports/Renewable_Energy_Hub_Platform_Launch_d15441.pdf,downloaded
Renewable Energy Hub Contract Performance,19/11/2020,Renewables for industry,Renewable Energy Hub Marketplace,https://arena.gov.au/knowledge-bank/renewable-energy-hub-contract-performance/,Reports,https://arena.gov.au/projects/renewable-energy-hub-marketplace/,2020,Past,https://arena.gov.au/assets/2020/11/contract-performance-report-renewable-energy-hub-nov.pdf,pdfs/Reports/Renewable_Energy_Hub_Contract_Performance_3b9e73.pdf,downloaded
Narara Ecovillage Smart Grid Project Lessons Learnt,30/10/2020,"Battery storage, Hybrid technologies, Renewables in buildings, Solar energy, Solar PV R&amp;D",Narara Ecovillage Smart Grid,https://arena.gov.au/knowledge-bank/narara-ecovillage-smart-grid-project-lessons-learnt/,"Reports, Lessons",https://arena.gov.au/projects/narara-ecovillage-smart-grid/,2016,Past,https://arena.gov.au/assets/2020/12/narara-ecovillage-smart-grid-lessons-learnt.pdf,pdfs/Reports_Lessons/Narara_Ecovillage_Smart_Grid_Project_Lessons_Learnt_ef8190.pdf,downloaded
Opportunities for Stand-Alone Power Systems to Enhance Network Resilience,30/10/2020,Distributed energy resources,,https://arena.gov.au/knowledge-bank/opportunities-for-stand-alone-power-systems-to-enhance-network-resilience/,Reports,,,,https://arena.gov.au/assets/2020/10/opportunities-for-saps-to-enhance-network-resilience.pdf,pdfs/Reports/Opportunities_for_Stand-Alone_Power_Systems_to_Enhance_Network_Resilience_02e1ed.pdf,downloaded
Assessment of the Effectiveness of a Centralised Synchronous Condenser Approach,30/10/2020,System security and reliability,Powerlink Cost-Effective System Strength Study,https://arena.gov.au/knowledge-bank/assessment-of-the-effectiveness-of-a-centralised-synchronous-condenser-approach/,Reports,https://arena.gov.au/projects/powerlink-cost-effective-system-strength-study/,2019,Past,https://arena.gov.au/assets/2021/02/assessment-of-the-effectiveness-of-a-centralised-synchronous-condenser-approach.pdf,pdfs/Reports/Assessment_of_the_Effectiveness_of_a_Centralised_Synchronous_Condenser_Approach_257c1b.pdf,downloaded
ENGIE-YARA Renewable Hydrogen and Ammonia Deployment in Pilbara,30/10/2020,Hydrogen energy,Yara Pilbara Renewable Ammonia Feasibility Study,https://arena.gov.au/knowledge-bank/engie-yara-renewable-hydrogen-and-ammonia-deployment-in-pilbara/,Reports,https://arena.gov.au/projects/yara-pilbara-renewable-ammonia-feasibility-study/,2020,Past,https://arena.gov.au/assets/2020/11/engie-yara-renewable-hydrogen-and-ammonia-deployment-in-pilbara.pdf,pdfs/Reports/ENGIE-YARA_Renewable_Hydrogen_and_Ammonia_Deployment_in_Pilbara_06ccd0.pdf,downloaded
Cultana Pumped Hydro Energy Storage Project Phase 2,28/10/2020,Hydropower / Pumped Hydro Energy Storage,Cultana Pumped Hydro Energy Storage Phase 2,https://arena.gov.au/knowledge-bank/cultana-pumped-hydro-energy-storage-project-phase-2/,Reports,https://arena.gov.au/projects/cultana-pumped-hydro-energy-storage-phase-2/,2018,Past,https://arena.gov.au/assets/2020/10/cultana-pumped-hydro-energy-storage-project-phase-2.pdf,pdfs/Reports/Cultana_Pumped_Hydro_Energy_Storage_Project_Phase_2_464b6c.pdf,downloaded
ARENA Insights Newsletter Edition #22,28/10/2020,Distributed energy resources,,https://arena.gov.au/knowledge-bank/arena-insights-newsletter-edition-22/,InsightNewsletter,,,,,,no_pdf_found
Simply Energy VPPX Lessons Learnt,24/10/2020,"Solar energy, Solar PV R&amp;D",Simply Energy Virtual Power Plant (VPP),https://arena.gov.au/knowledge-bank/simply-energy-vppx-lessons-learnt/,"Reports, Lessons",https://arena.gov.au/projects/simply-energy-virtual-power-plant-vpp/,2018,Past,https://arena.gov.au/assets/2020/11/simply-energy-lessons-learnt-report.pdf,pdfs/Reports_Lessons/Simply_Energy_VPPX_Lessons_Learnt_9fc3f7.pdf,downloaded
Clean Energy Project Lessons Learnt Report #2,23/10/2020,Renewables for industry,Clean Energy Startup Support Programs,https://arena.gov.au/knowledge-bank/clean-energy-project-lessons-learnt-report-2/,Reports,https://arena.gov.au/projects/clean-energy-startup-support-programs/,2019,Past,https://arena.gov.au/assets/2021/04/energylab-lessons-learnt-report-2.pdf,pdfs/Reports/Clean_Energy_Project_Lessons_Learnt_Report_#2_673763.pdf,downloaded
Dynamic Operating Envelopes Workstream: Consumer Perspectives Workshop,22/10/2020,Distributed energy resources,,https://arena.gov.au/knowledge-bank/dynamic-operating-envelopes-workstream-consumer-perspectives-workshop/,Reports,,,,https://arena.gov.au/assets/2020/11/dynamic-operating-envelopes-workstream-consumer-perspectives-workshop-summary.pdf,pdfs/Reports/Dynamic_Operating_Envelopes_Workstream__Consumer_Perspectives_Workshop_ddb117.pdf,downloaded
Virtual Power Plant in South Australia,20/10/2020,Distributed energy resources,AGL Virtual Power Plant,https://arena.gov.au/knowledge-bank/virtual-power-plant-in-south-australia/,Reports,https://arena.gov.au/projects/agl-virtual-power-plant/,2017,Past,https://arena.gov.au/assets/2020/10/virtual-power-plant-in-south-australia.pdf,pdfs/Reports/Virtual_Power_Plant_in_South_Australia_a7550e.pdf,downloaded
Miniaturised Methanol Production as Hydrogen Carrier from Biomass Pyrolysis Syngas Mid-Term Activity October 2020,13/10/2020,Hydrogen energy,UWA Methanol from Syngas Research & Development,https://arena.gov.au/knowledge-bank/miniaturised-methanol-production-as-hydrogen-carrier-from-biomass-pyrolysis-syngas-mid-term-activity-october-2020/,Reports,https://arena.gov.au/projects/uwa-methanol-from-syngas-research-and-development/,2018,Past,https://arena.gov.au/assets/2021/03/miniaturised-methanol-production-as-hydrogen-carrier-from-biomass-pyrolysis-syngas-october-2020.pdf,pdfs/Reports/Miniaturised_Methanol_Production_as_Hydrogen_Carrier_from_Biomass_Pyrolysis_Syngas_Mid-Term_Activity_October_2020_c4b931.pdf,downloaded
Stanwell Hydrogen Project Feasibility Study,7/10/2020,Hydrogen energy,Stanwell Hydrogen Electrolysis Deployment Feasibility Study,https://arena.gov.au/knowledge-bank/stanwell-hydrogen-project-feasibility-study/,Reports,https://arena.gov.au/projects/stanwell-hydrogen-electrolysis-deployment-feasibility-study/,2020,Past,https://arena.gov.au/assets/2021/05/stanwell-hydrogen-project-feasibility-study.pdf,pdfs/Reports/Stanwell_Hydrogen_Project_Feasibility_Study_d4085c.pdf,downloaded
DEIP Dynamic Operating Envelopes Workstream,30/09/2020,Distributed energy resources,,https://arena.gov.au/knowledge-bank/deip-dynamic-operating-envelopes-webinar-1/,"Reports, Videos",,,,https://arena.gov.au/assets/2020/10/dynamic-operating-envelopes-webinar-summary.pdf,pdfs/Reports_Videos/DEIP_Dynamic_Operating_Envelopes_Workstream_73b6a2.pdf,downloaded
Dynamic Operating Envelopes Webinar Summary,30/09/2020,Distributed energy resources,,https://arena.gov.au/knowledge-bank/dynamic-operating-envelopes-webinar-summary/,"Reports, Insights",,,,https://arena.gov.au/assets/2020/10/dynamic-operating-envelopes-webinar-summary.pdf,pdfs/Reports_Insights/Dynamic_Operating_Envelopes_Webinar_Summary_73b6a2.pdf,downloaded
On the Calculation and Use of Dynamic Operating Envelopes,30/09/2020,Distributed energy resources,evolve DER Project,https://arena.gov.au/knowledge-bank/on-the-calculation-and-use-of-dynamic-operating-envelopes/,Reports,https://arena.gov.au/projects/evolve-der-project/,2019,Past,https://arena.gov.au/assets/2020/09/on-the-calculation-and-use-of-dynamic-operating-envelopes.pdf,pdfs/Reports/On_the_Calculation_and_Use_of_Dynamic_Operating_Envelopes_63c55e.pdf,downloaded
Evie Networks Lessons Learnt Report September 2020,30/09/2020,Electric vehicles,National Ultrafast EV Charging Infrastructure Network,https://arena.gov.au/knowledge-bank/evie-networks-lessons-learnt-report-september/,"Reports, Lessons",https://arena.gov.au/projects/national-ultrafast-ev-charging-infrastructure-network/,2019,Current,https://arena.gov.au/assets/2021/01/evie-networks-lessons-learnt-report-september-2020.pdf,pdfs/Reports_Lessons/Evie_Networks_Lessons_Learnt_Report_September_2020_975352.pdf,downloaded
Gridded Renewable Nowcasting Demonstration Lessons Learnt 2,25/09/2020,System security and reliability,Gridded Renewables Nowcasting Demonstration over South Australia,https://arena.gov.au/knowledge-bank/gridded-renewable-nowcasting-demonstration-lessons-learnt-2/,"Reports, Lessons",https://arena.gov.au/projects/gridded-renewables-nowcasting-demonstration-over-south-australia/,2020,Past,https://arena.gov.au/assets/2021/06/gridded-renewable-nowcasting-demonstration-lessons-learnt-2.pdf,pdfs/Reports_Lessons/Gridded_Renewable_Nowcasting_Demonstration_Lessons_Learnt_2_608587.pdf,downloaded
Highly Efficient & Low Cost Photovoltaic-Electrolysis System Midterm Activity Sept 2020,25/09/2020,Hydrogen energy,Highly Efficient & Low Cost Photovoltaic-Electrolysis System,https://arena.gov.au/knowledge-bank/highly-efficient-low-cost-photovoltaic-electrolysis-system-midterm-activity-sept-2020/,"Reports, Lessons",https://arena.gov.au/projects/highly-efficient-and-low-cost-photovoltaic-electrolysis-pve-system-to-generate-hydrogen-by-harvesting-the-full-spectrum-of-sunlight/,2018,Past,https://arena.gov.au/assets/2020/09/highly-efficient-low-cost-photovoltaic-electrolysis-system-midterm-activity-sept-2020.pdf,pdfs/Reports_Lessons/Highly_Efficient_&_Low_Cost_Photovoltaic-Electrolysis_System_Midterm_Activity_Sept_2020_5ed139.pdf,downloaded
ARENA Insights Newsletter Edition #21,23/09/2020,Wind energy,,https://arena.gov.au/knowledge-bank/arena-insights-newsletter-edition-21/,InsightNewsletter,,,,,,no_pdf_found
Spotlight: Short Term Forecasting Trial on the NEM,23/09/2020,Wind energy,Lake Bonney Stages 2/3,https://arena.gov.au/knowledge-bank/spotlight-short-term-forecasting-trial-on-the-nem/,Insights,https://arena.gov.au/projects/lake-bonney-stages-2-3/,2019,Past,https://arena.gov.au/assets/2020/09/spotlight-short-term-forecasting-vestas-interview.pdf,pdfs/Insights/Spotlight__Short_Term_Forecasting_Trial_on_the_NEM_d174c1.pdf,downloaded
Improving Accuracy of Short-Term Forecasting in the NEM,23/09/2020,Wind energy,Lake Bonney Stages 2/3,https://arena.gov.au/knowledge-bank/improving-accuracy-of-short-term-forecasting-in-the-nem/,Reports,https://arena.gov.au/projects/lake-bonney-stages-2-3/,2019,Past,https://arena.gov.au/assets/2020/09/improving-accuracy-of-short-term-forecasting-in-nem.pdf,pdfs/Reports/Improving_Accuracy_of_Short-Term_Forecasting_in_the_NEM_36a0a4.pdf,downloaded
Technical Description of API Implementation,22/09/2020,Distributed energy resources,Advanced VPP Grid Integration,https://arena.gov.au/knowledge-bank/technical-description-of-api-implementation/,Reports,https://arena.gov.au/projects/advanced-vpp-grid-integration/,2019,Past,https://arena.gov.au/assets/2020/09/advanced-vpp-grid-integration-detailed-technical-description-of-api-implementation.pdf,pdfs/Reports/Technical_Description_of_API_Implementation_0a2dd7.pdf,downloaded
Lithium Ion Battery Testing Public Report 9,20/09/2020,Battery storage,Testing the Performance of Lithium Ion Batteries,https://arena.gov.au/knowledge-bank/lithium-ion-battery-testing-public-report-9/,Reports,https://arena.gov.au/projects/testing-the-performance-of-lithium-ion-batteries/,2015,Past,https://arena.gov.au/assets/2020/10/lithium-ion-battery-testing-public-report-9.pdf,pdfs/Reports/Lithium_Ion_Battery_Testing_Public_Report_9_4a180f.pdf,downloaded
Methane Fuel Carrier Project September 2020,17/09/2020,Hydrogen energy,Methane Fuel Carrier Research and Development,https://arena.gov.au/knowledge-bank/methane-fuel-carrier-project-september-2020/,Reports,https://arena.gov.au/projects/methane-fuel-carrier/,2018,Past,https://arena.gov.au/assets/2021/03/methane-fuel-carrier-september-2020.pdf,pdfs/Reports/Methane_Fuel_Carrier_Project_September_2020_7d902f.pdf,downloaded
Lake Bonney Operational Report #1,16/09/2020,Battery storage,Lake Bonney Battery Energy Storage System,https://arena.gov.au/knowledge-bank/lake-bonney-operational-report/,Reports,https://arena.gov.au/projects/lake-bonney-battery-energy-storage-system/,2018,Past,https://arena.gov.au/assets/2020/10/infigen-lake-bonney-project-operational-report.pdf,pdfs/Reports/Lake_Bonney_Operational_Report_#1_4195e3.pdf,downloaded
Lake Bonney Project Summary,16/09/2020,Battery storage,Lake Bonney Battery Energy Storage System,https://arena.gov.au/knowledge-bank/lake-bonney-project-summary/,Reports,https://arena.gov.au/projects/lake-bonney-battery-energy-storage-system/,2018,Past,https://arena.gov.au/assets/2020/10/infigen-lake-bonney-project-summary-report.pdf,pdfs/Reports/Lake_Bonney_Project_Summary_9b94d9.pdf,downloaded
Demand Response RERT Trial Year 2 Report,8/09/2020,Demand response,,https://arena.gov.au/knowledge-bank/demand-response-rert-trial-year-2-report/,"Reports, Insights",,,,https://arena.gov.au/assets/2020/09/demand-response-rert-trial-year-2-report.pdf,pdfs/Reports_Insights/Demand_Response_RERT_Trial_Year_2_Report_922db2.pdf,downloaded
New England Connection Capacity Auction - EOI Phase,8/09/2020,"Solar energy, Solar PV R&amp;D",TransGrid New England Renewable Energy Zone,https://arena.gov.au/knowledge-bank/new-england-connection-capacity-auction-eoi-phase/,Reports,https://arena.gov.au/projects/transgrid-new-england-renewable-energy-zone/,2020,Past,https://arena.gov.au/assets/2020/09/new-england-connection-capacity-auction-eoi-phase.pdf,pdfs/Reports/New_England_Connection_Capacity_Auction_-_EOI_Phase_5a7047.pdf,downloaded
Field Study at Gullen Range Wind Farm,3/09/2020,System security and reliability,Gullen Range Wind Farm Field Study,https://arena.gov.au/knowledge-bank/field-study-at-gullen-range-wind-farm/,Reports,https://arena.gov.au/projects/gullen-range-wind-farm-field-study/,2018,Past,https://arena.gov.au/assets/2020/10/field-study-at-gullen-range-wind-farm.pdf,pdfs/Reports/Field_Study_at_Gullen_Range_Wind_Farm_8bc700.pdf,downloaded
Gannawarra Energy Storage System Operational Report #1 and #2,31/08/2020,Battery storage,Gannawarra Energy Storage System (GESS),https://arena.gov.au/knowledge-bank/gannawarra-energy-storage-system-operational-report/,Reports,https://arena.gov.au/projects/gannawarra-energy-storage-system/,2018,Past,https://arena.gov.au/assets/2020/09/gannawarra-battery-energy-storage-system-operational-report.pdf,pdfs/Reports/Gannawarra_Energy_Storage_System_Operational_Report_#1_and_#2_3a50f7.pdf,downloaded
Ballarat Battery Energy Storage System Operational Report #1 & #2,31/08/2020,Battery storage,Ballarat Energy Storage System (BESS),https://arena.gov.au/knowledge-bank/ballarat-battery-energy-storage-system-operational-report/,Reports,https://arena.gov.au/projects/ballarat-energy-storage-system/,2018,Past,https://arena.gov.au/assets/2020/09/ballarat-battery-energy-storage-system-operational-report.pdf,pdfs/Reports/Ballarat_Battery_Energy_Storage_System_Operational_Report_#1_&_#2_1ba8e5.pdf,downloaded
Jemena DER Hosting Capacity Project Final Report,30/08/2020,Distributed energy resources,Demonstration of Three Dynamic Grid-Side Technologies,https://arena.gov.au/knowledge-bank/jemena-der-hosting-capacity-project-final-report/,Reports,https://arena.gov.au/projects/demonstration-of-three-dynamic-grid-side-technologies/,2019,Past,https://arena.gov.au/assets/2021/09/jemena-der-hosting-capacity-project-rinal-report.pdf,pdfs/Reports/Jemena_DER_Hosting_Capacity_Project_Final_Report_0439f3.pdf,downloaded
Energy Freedom Solar Electric Vehicle Pilot Mid Project Report,30/08/2020,Electric vehicles,Energy Freedom Solar Electric Vehicle Pilot,https://arena.gov.au/knowledge-bank/energy-freedom-solar-electric-vehicle-pilot-mid-project-report/,"Reports, Lessons",https://arena.gov.au/projects/energy-freedom-solar-electric-vehicle-pilot/,2019,Past,https://arena.gov.au/assets/2020/09/energy-freedom-solar-electric-vehicle-mid-project-report.pdf,pdfs/Reports_Lessons/Energy_Freedom_Solar_Electric_Vehicle_Pilot_Mid_Project_Report_e1377f.pdf,downloaded
Role of Decentralised Control for Managing Network Constraints for DER,23/08/2020,Distributed energy resources,Dynamic Limits DER Feasibility Study,https://arena.gov.au/knowledge-bank/role-of-decentralised-control-for-managing-network-constraints-for-der/,Reports,https://arena.gov.au/projects/dynamic-limits-der-feasibility-study/,2018,Past,https://arena.gov.au/assets/2020/09/dynamic-limits-der-report.pdf,pdfs/Reports/Role_of_Decentralised_Control_for_Managing_Network_Constraints_for_DER_198ea9.pdf,downloaded
Fast Charging Site Selection Guide,23/08/2020,Electric vehicles,Chargefox Electric Vehicle Charging Network Project,https://arena.gov.au/knowledge-bank/fast-charging-site-selection-guide/,Reports,https://arena.gov.au/projects/chargefox-electric-vehicle-charging-network-project/,2018,Past,https://arena.gov.au/assets/2021/02/chargefox-fast-charging-site-selection-guide.pdf,pdfs/Reports/Fast_Charging_Site_Selection_Guide_857e37.pdf,downloaded
Advanced Planning of PV-Rich Distribution Networks ' Deliverable 4: Non-Traditional Solutions,21/08/2020,Distributed energy resources,Advanced Planning of PV-Rich Distribution Networks Study,https://arena.gov.au/knowledge-bank/advanced-planning-of-pv-rich-distribution-networks-deliverable-4-non-traditional-solutions/,Reports,https://arena.gov.au/projects/advanced-planning-of-pv-rich-distribution-networks-study/,2019,Past,https://arena.gov.au/assets/2020/09/advanced-planning-of-pv-rich-distribution-networks.pdf,pdfs/Reports/Advanced_Planning_of_PV-Rich_Distribution_Networks_'_Deliverable_4__Non-Traditional_Solutions_30a5c7.pdf,downloaded
Clean Energy Project Lessons Learnt Report 1,21/08/2020,Renewables for industry,Clean Energy Startup Support Programs,https://arena.gov.au/knowledge-bank/clean-energy-project-lessons-learnt-report-1/,"Reports, Lessons",https://arena.gov.au/projects/clean-energy-startup-support-programs/,2019,Past,https://arena.gov.au/assets/2021/02/energylab-lessons-learnt-report-1.pdf,pdfs/Reports_Lessons/Clean_Energy_Project_Lessons_Learnt_Report_1_e28c4b.pdf,downloaded
ESCRI-SA Battery Energy Storage Project Operational Report 3,20/08/2020,Battery storage,Energy Storage for Commercial Renewable Integration (ESCRI) Phase 2,https://arena.gov.au/knowledge-bank/escri-sa-battery-energy-storage-project-operational-report-3/,Reports,https://arena.gov.au/projects/energy-storage-for-commercial-renewable-integration-escri-phase-2/,2017,Past,https://arena.gov.au/assets/2021/04/escri-sa-battery-energy-storage-report-3.pdf,pdfs/Reports/ESCRI-SA_Battery_Energy_Storage_Project_Operational_Report_3_bfaa25.pdf,downloaded
ARENA Insights Newsletter Edition #20,19/08/2020,Distributed energy resources,,https://arena.gov.au/knowledge-bank/arena-insights-edition-20/,InsightNewsletter,,,,,,no_pdf_found
NT SETuP Performance Report 2,8/08/2020,"Battery storage, Hybrid technologies, Off grid, Solar energy",NT Solar Energy Transformation Program,https://arena.gov.au/knowledge-bank/nt-setup-performance-report-2/,Reports,https://arena.gov.au/projects/northern-territory-solar-energy-transformation-program/,2014,Past,https://arena.gov.au/assets/2020/10/setup-performance-report-2.pdf,pdfs/Reports/NT_SETuP_Performance_Report_2_ac9aa8.pdf,downloaded
NT SETuP Performance Report 1,8/08/2020,"Battery storage, Hybrid technologies, Off grid, Solar energy",NT Solar Energy Transformation Program,https://arena.gov.au/knowledge-bank/nt-setup-performance-report-1/,Reports,https://arena.gov.au/projects/northern-territory-solar-energy-transformation-program/,2014,Past,https://arena.gov.au/assets/2020/10/setup-performance-report-1.pdf,pdfs/Reports/NT_SETuP_Performance_Report_1_822726.pdf,downloaded
Community Batteries: A Cost/Benefit Analysis,4/08/2020,Distributed energy resources,Community Models for Deploying and Operating DER,https://arena.gov.au/knowledge-bank/community-batteries-a-cost-benefit-analysis/,Reports,https://arena.gov.au/projects/community-models-for-deploying-and-operating-distributed-energy-resources/,2019,Past,https://arena.gov.au/assets/2020/08/community-batteries-cost-benefit-analysis.pdf,pdfs/Reports/Community_Batteries__A_Cost_Benefit_Analysis_65407a.pdf,downloaded
Stakeholder Views on the Potential Role of Community Scale Storage in Australia,4/08/2020,Distributed energy resources,Community Models for Deploying and Operating DER,https://arena.gov.au/knowledge-bank/stakeholder-views-on-the-potential-role-of-community-scale-storage-in-australia/,Reports,https://arena.gov.au/projects/community-models-for-deploying-and-operating-distributed-energy-resources/,2019,Past,https://arena.gov.au/assets/2020/08/stakeholder-views-on-community-scale-storage-in-australia.pdf,pdfs/Reports/Stakeholder_Views_on_the_Potential_Role_of_Community_Scale_Storage_in_Australia_4be1c4.pdf,downloaded
Battery Storage System Performance Standard,3/08/2020,Battery storage,Battery Storage System Performance Standard,https://arena.gov.au/knowledge-bank/battery-storage-system-performance-standard/,"Reports, Milestones",https://arena.gov.au/projects/battery-storage-system-performance-standard/,2018,Past,https://arena.gov.au/assets/2020/08/battery-storage-system-performance-standard.pdf,pdfs/Reports_Milestones/Battery_Storage_System_Performance_Standard_8a3f68.pdf,downloaded
Gridded Renewable Nowcasting Demonstration Lessons Learnt 1,3/08/2020,System security and reliability,Gridded Renewables Nowcasting Demonstration over South Australia,https://arena.gov.au/knowledge-bank/gridded-renewable-nowcasting-demonstration-lessons-learnt-1/,"Reports, Lessons",https://arena.gov.au/projects/gridded-renewables-nowcasting-demonstration-over-south-australia/,2020,Past,https://arena.gov.au/assets/2020/08/gridded-renewable-nowcasting-demonstration-lessons-learnt-1.pdf,pdfs/Reports_Lessons/Gridded_Renewable_Nowcasting_Demonstration_Lessons_Learnt_1_761edf.pdf,downloaded
Insight into Distributed Energy Resource Customers,3/08/2020,Distributed energy resources,,https://arena.gov.au/knowledge-bank/insight-into-distributed-energy-resource-customers/,"Reports, Insights",,,,https://arena.gov.au/assets/2020/08/der-customer-insights-the-customer-journey.pdf,pdfs/Reports_Insights/Insight_into_Distributed_Energy_Resource_Customers_b681bc.pdf,downloaded
Dyno Nobel Renewable Hydrogen Feasibility Study,30/07/2020,Hydrogen energy,Renewable Green Hydrogen Feasibility,https://arena.gov.au/knowledge-bank/dyno-nobel-renewable-hydrogen-feasibility-study/,Reports,https://arena.gov.au/projects/renewable-green-hydrogen-feasibility/,2019,Past,https://arena.gov.au/assets/2021/03/dyno-nobel-renewable-hydrogen-feasibility-study.pdf,pdfs/Reports/Dyno_Nobel_Renewable_Hydrogen_Feasibility_Study_016a20.pdf,downloaded
Presentation: Synchrophasors in the Distribution Network,30/07/2020,Distributed energy resources,NOJA Power Intelligent Switchgear,https://arena.gov.au/knowledge-bank/presentation-synchrophasors-in-the-distribution-network/,Presentation,https://arena.gov.au/projects/noja-power-intelligent-switchgear/,2017,Past,https://arena.gov.au/assets/2020/11/synchrophasors-in-the-distribution-network-presentation.pdf,pdfs/Presentation/Presentation__Synchrophasors_in_the_Distribution_Network_255d3e.pdf,downloaded
Commercialisation of R&D Funding Initiative Pilot Initial Evaluation,30/07/2020,Solar PV R&amp;D,,https://arena.gov.au/knowledge-bank/commercialisation-of-rd-funding-initiative-pilot-initial-evaluation/,Reports,,,,https://arena.gov.au/assets/2020/09/commercialisation-of-rd-funding-initiative-pilot-initial-evaluation.pdf,pdfs/Reports/Commercialisation_of_R&D_Funding_Initiative_Pilot_Initial_Evaluation_b96687.pdf,downloaded
deX Project Progress Report July 2020,30/07/2020,Distributed energy resources,Decentralised Energy Exchange (deX) Program,https://arena.gov.au/knowledge-bank/dex-project-progress-report-july-2020/,Reports,https://arena.gov.au/projects/decentralised-energy-exchange/,2019,Past,https://arena.gov.au/assets/2020/09/dex-project-progress-report-july-2020.pdf,pdfs/Reports/deX_Project_Progress_Report_July_2020_7c3139.pdf,downloaded
Enel X Demand Response Project ' Knowledge Sharing Report 6,28/07/2020,Demand response,Enel X Demand Response Project,https://arena.gov.au/knowledge-bank/enel-x-demand-response-project-knowledge-sharing-report-6/,Reports,https://arena.gov.au/projects/enel-x-demand-response-project/,2017,Past,https://arena.gov.au/assets/2020/09/enel-x-arena-demand-respone-trial-report-6.pdf,pdfs/Reports/Enel_X_Demand_Response_Project_'_Knowledge_Sharing_Report_6_8b052e.pdf,downloaded
Renewable Energy Venture Capital Fund Evaluation Report,28/07/2020,Renewables for industry,,https://arena.gov.au/knowledge-bank/renewable-energy-venture-capital-fund-evaluation-report/,Reports,,,,https://arena.gov.au/assets/2020/07/renewable-energy-venture-capital-fund-evaluation-report.pdf,pdfs/Reports/Renewable_Energy_Venture_Capital_Fund_Evaluation_Report_33f6cf.pdf,downloaded
ARENA Insights Newsletter Edition #19,24/07/2020,System security and reliability,,https://arena.gov.au/knowledge-bank/arena-insights-edition-19/,InsightNewsletter,,,,,,no_pdf_found
AEMO Virtual Power Plant Demonstration Knowledge Sharing Report 2,22/07/2020,Distributed energy resources,AEMO Virtual Power Plant Demonstrations,https://arena.gov.au/knowledge-bank/aemo-virtual-power-plant-demonstration-knowledge-sharing-report-2/,"Reports, Lessons",https://arena.gov.au/projects/aemo-virtual-power-plant-demonstrations/,2019,Past,https://arena.gov.au/assets/2020/07/aemo-virtual-power-plant-demonstrations-report-2.pdf,pdfs/Reports_Lessons/AEMO_Virtual_Power_Plant_Demonstration_Knowledge_Sharing_Report_2_91b4a0.pdf,downloaded
"Low-Cost, Robust, High-Activity Water Splitting Electrodes Mid-Term Activity",20/07/2020,Hydrogen energy,"Low-Cost, Robust, High-Activity Water Splitting Electrodes",https://arena.gov.au/knowledge-bank/low-cost-robust-high-activity-water-splitting-electrodes-mid-term-activity/,Reports,https://arena.gov.au/projects/low-cost-robust-high-activity-water-splitting-electrodes/,2018,Past,https://arena.gov.au/assets/2021/03/monash-university-low-cost-robust-high-activity-water-splitting-electrodes-mid-term-report.pdf,"pdfs/Reports/Low-Cost,_Robust,_High-Activity_Water_Splitting_Electrodes_Mid-Term_Activity_45dedf.pdf",downloaded
Keeping The Lights On in a Separation Event: What Role Did Renewables Play?,20/07/2020,Battery storage,,https://arena.gov.au/knowledge-bank/keeping-the-lights-on-in-a-separation-event-what-role-did-renewables-play/,"Insights, Videos",,,,https://arena.gov.au/assets/2020/07/insights-webinar-keeping-the-lights-on-in-a-separation-event.pdf,pdfs/Insights_Videos/Keeping_The_Lights_On_in_a_Separation_Event__What_Role_Did_Renewables_Play__3ee31b.pdf,downloaded
Ammonia Production from Renewables Midterm Activity July 2020,20/07/2020,Hydrogen energy,Ammonia Production from Renewables,https://arena.gov.au/knowledge-bank/ammonia-production-from-renewables-midterm-activity-july-2020/,Reports,https://arena.gov.au/projects/ammonia-production-from-renewables/,2018,Past,https://arena.gov.au/assets/2021/03/monash-university-ammonia-production-renewables-july-2020.pdf,pdfs/Reports/Ammonia_Production_from_Renewables_Midterm_Activity_July_2020_87437f.pdf,downloaded
CSIRO Hydrogen to Ammonia July 2020,17/07/2020,Hydrogen energy,Hydrogen to Ammonia Research and Development,https://arena.gov.au/knowledge-bank/csiro-hydrogen-to-ammonia-july-2020/,Reports,https://arena.gov.au/projects/hydrogen-to-ammonia/,2018,Past,https://arena.gov.au/assets/2021/03/csiro-hydrogen-to-ammonia-july-2020.pdf,pdfs/Reports/CSIRO_Hydrogen_to_Ammonia_July_2020_a44efa.pdf,downloaded
Addressing Barriers to Efficient Renewable Integration Milestone 4,16/07/2020,"Solar energy, Solar PV R&amp;D, System security and reliability",UNSW Addressing Barriers to Efficient Renewable Integration,https://arena.gov.au/knowledge-bank/addressing-barriers-to-efficient-renewable-integration-milestone-4/,"Reports, Milestones",https://arena.gov.au/projects/addressing-barriers-efficient-renewable-integration/,2016,Past,https://arena.gov.au/assets/2020/11/addressing-barriers-to-efficient-renewable-integration-milestone-report-4.pdf,pdfs/Reports_Milestones/Addressing_Barriers_to_Efficient_Renewable_Integration_Milestone_4_2e0909.pdf,downloaded
DEIP Access and Pricing Reform Package Outcomes,16/07/2020,Distributed energy resources,,https://arena.gov.au/knowledge-bank/deip-access-and-pricing-reform-package-outcomes/,Reports,,,,https://arena.gov.au/assets/2020/07/deip-access-pricing-reform-package-outcomes.pdf,pdfs/Reports/DEIP_Access_and_Pricing_Reform_Package_Outcomes_e960f0.pdf,downloaded
Biological Hydrogen Production Mid-Term Activity,15/07/2020,Hydrogen energy,Biological Hydrogen Production,https://arena.gov.au/knowledge-bank/biological-hydrogen-production-mid-term-activity/,Reports,https://arena.gov.au/projects/biological-hydrogen-production/,2018,Past,https://arena.gov.au/assets/2021/03/biological-hydrogen-production-mid-term-activity-report.pdf,pdfs/Reports/Biological_Hydrogen_Production_Mid-Term_Activity_84ac4e.pdf,downloaded
Addressing Barriers to Efficient Renewable Integration Milestone 3,15/07/2020,"Solar energy, Solar PV R&amp;D, System security and reliability",UNSW Addressing Barriers to Efficient Renewable Integration,https://arena.gov.au/knowledge-bank/addressing-barriers-to-efficient-renewable-integration-milestone-3/,"Reports, Milestones",https://arena.gov.au/projects/addressing-barriers-efficient-renewable-integration/,2016,Past,https://arena.gov.au/assets/2020/11/addressing-barriers-to-efficient-renewable-integration-milestone-report-3.pdf,pdfs/Reports_Milestones/Addressing_Barriers_to_Efficient_Renewable_Integration_Milestone_3_5faf5d.pdf,downloaded
Renewable Energy Hub Lessons Learnt Report 2,11/07/2020,Renewables for industry,Renewable Energy Hub Marketplace,https://arena.gov.au/knowledge-bank/renewable-energy-hub-lessons-learnt-report-2/,Reports,https://arena.gov.au/projects/renewable-energy-hub-marketplace/,2020,Past,https://arena.gov.au/assets/2020/09/renewable-energy-hub-lessons-learned-report-2.pdf,pdfs/Reports/Renewable_Energy_Hub_Lessons_Learnt_Report_2_0fff78.pdf,downloaded
International Engagement Program Mid Term Evaluation Report,10/07/2020,General,,https://arena.gov.au/knowledge-bank/international-engagement-program-mid-term-evaluation-report/,Reports,,,,https://arena.gov.au/assets/2020/09/international-engagement-program-mid-term-evaluation-report.pdf,pdfs/Reports/International_Engagement_Program_Mid_Term_Evaluation_Report_66b581.pdf,downloaded
Garden Island Microgrid Report,9/07/2020,Ocean energy,Garden Island Microgrid Project,https://arena.gov.au/knowledge-bank/garden-island-microgrid-report/,"Reports, Milestones",https://arena.gov.au/projects/garden-island-microgrid-project/,2016,Past,https://arena.gov.au/assets/2020/10/garden-island-microgrid-report.pdf,pdfs/Reports_Milestones/Garden_Island_Microgrid_Report_0c4a8a.pdf,downloaded
Short-Term Forecasting Trial: Summary of Key Insights Oct 2019 to Apr 2020,7/07/2020,Solar energy,,https://arena.gov.au/knowledge-bank/short-term-forecasting-trial-summary-of-key-insights/,Insights,,,,,,no_pdf_found
Simply Energy VPPX Stage 2,30/06/2020,"Solar energy, Solar PV R&amp;D",Simply Energy Virtual Power Plant (VPP),https://arena.gov.au/knowledge-bank/simply-energy-vppx-stage-2/,"Reports, Lessons",https://arena.gov.au/projects/simply-energy-virtual-power-plant-vpp/,2018,Past,https://arena.gov.au/assets/2020/08/simply-energy-vppx-stage-2.pdf,pdfs/Reports_Lessons/Simply_Energy_VPPX_Stage_2_32481c.pdf,downloaded
Analysis of Solar PV Hybrid Energy Irrigation Trial at Bundaberg,30/06/2020,Solar energy,Adapting Renewable Energy Concepts to Irrigated Sugarcane Production,https://arena.gov.au/knowledge-bank/analysis-of-solar-pv-hybrid-energy-irrigation-trial-at-bundaberg/,Reports,https://arena.gov.au/projects/irrigated-sugarcane-production-bundaberg/,2017,Past,https://arena.gov.au/assets/2020/08/analysis-of-solar-pv-hybrid-energy-irrigation-trial-at-bundaberg.pdf,pdfs/Reports/Analysis_of_Solar_PV_Hybrid_Energy_Irrigation_Trial_at_Bundaberg_05e86a.pdf,downloaded
QNP Green Ammonia Project Feasibility Study,30/06/2020,Hydrogen energy,Feasibility Study for a Green Hydrogen and Ammonia Project,https://arena.gov.au/knowledge-bank/qnp-green-ammonia-project-feasibility-study/,Reports,https://arena.gov.au/projects/feasibility-study-for-a-green-hydrogen-and-ammonia-project/,2019,Past,https://arena.gov.au/assets/2020/07/qnp-green-ammonia-feasibility-study.pdf,pdfs/Reports/QNP_Green_Ammonia_Project_Feasibility_Study_5b83b7.pdf,downloaded
Pricing for the Integration of Distributed Energy Resources,25/06/2020,Distributed energy resources,Pricing and Integration of Distributed Energy Resources,https://arena.gov.au/knowledge-bank/pricing-for-the-integration-of-distributed-energy-resources/,Reports,https://arena.gov.au/projects/pricing-and-integration-of-distributed-energy-resources-study/,2018,Past,https://arena.gov.au/assets/2020/06/pricing-for-the-integration-of-distributed-energy-resources.pdf,pdfs/Reports/Pricing_for_the_Integration_of_Distributed_Energy_Resources_418d10.pdf,downloaded
Proton Flow Reactor System Midterm Activity June 2020,25/06/2020,Hydrogen energy,Proton Flow Reactor System,https://arena.gov.au/knowledge-bank/proton-flow-reactor-system-midterm-activity-june-2020/,"Reports, Presentation",https://arena.gov.au/projects/proton-flow-reactor-system/,2018,Past,https://arena.gov.au/assets/2021/03/proton-flow-reactor-midterm-activity-report.pdf,pdfs/Reports_Presentation/Proton_Flow_Reactor_System_Midterm_Activity_June_2020_603e65.pdf,downloaded
CSIRO Solid Oxide Electrolysis June 2020,17/06/2020,Hydrogen energy,Liquid Fuel Carrier Research and Development,https://arena.gov.au/knowledge-bank/csiro-solid-oxide-electrolysis-june-2020/,Reports,https://arena.gov.au/projects/liquid-fuel-carrier/,2018,Past,https://arena.gov.au/assets/2021/03/csiro-midterm-activity-report-liquid-fuels.pdf,pdfs/Reports/CSIRO_Solid_Oxide_Electrolysis_June_2020_3a3bcf.pdf,downloaded
Operation of South Australia as an Electrical Island,17/06/2020,System security and reliability,,https://arena.gov.au/knowledge-bank/operation-of-south-australia-as-an-electrical-island/,Presentation,,,,https://arena.gov.au/assets/2020/06/operation-of-south-australia-as-an-electrical-island.pdf,pdfs/Presentation/Operation_of_South_Australia_as_an_Electrical_Island_2589de.pdf,downloaded
EVExperience Lessons Learnt,16/06/2020,Electric vehicles,Charge Together Phase 2,https://arena.gov.au/knowledge-bank/evexperience-lessons-learnt-report/,"Reports, Lessons",https://arena.gov.au/projects/charge-together-phase-2/,2019,Past,https://arena.gov.au/assets/2020/06/evenergi-consumer-ev-product-lessons-learnt-report.pdf,pdfs/Reports_Lessons/EVExperience_Lessons_Learnt_e270a2.pdf,downloaded
BetterFleet Lessons Learnt,16/06/2020,Electric vehicles,Charge Together Phase 2,https://arena.gov.au/knowledge-bank/betterfleet-lessons-learnt/,"Reports, Lessons",https://arena.gov.au/projects/charge-together-phase-2/,2019,Past,https://arena.gov.au/assets/2020/06/evenergi-betterfleet-lessons-learnt-report.pdf,pdfs/Reports_Lessons/BetterFleet_Lessons_Learnt_21fed3.pdf,downloaded
Evenergi Grey Market Report,16/06/2020,Electric vehicles,Charge Together Phase 2,https://arena.gov.au/knowledge-bank/evenergi-grey-market-report/,Reports,https://arena.gov.au/projects/charge-together-phase-2/,2019,Past,https://arena.gov.au/assets/2020/06/evenergi-grey-market-report.pdf,pdfs/Reports/Evenergi_Grey_Market_Report_078d9a.pdf,downloaded
ARENA Insights Newsletter Edition #18,16/06/2020,Electric vehicles,,https://arena.gov.au/knowledge-bank/arena-insights-edition-18/,InsightNewsletter,,,,,,no_pdf_found
Demand Response Project Performance Milestone 7,10/06/2020,Demand response,United Energy Distribution Demand Response,https://arena.gov.au/knowledge-bank/demand-response-project-performance-milestone-7/,Reports,https://arena.gov.au/projects/united-energy-distribution-demand-response/,2017,Past,https://arena.gov.au/assets/2020/09/united-energy-demand-response-project-demand-response-report-7.pdf,pdfs/Reports/Demand_Response_Project_Performance_Milestone_7_0f20c6.pdf,downloaded
Demand Response Trial Test 5 June 2020,8/06/2020,Demand response,EnergyAustralia Demand Response Program,https://arena.gov.au/knowledge-bank/demand-response-trial-test-5-june-2020/,Reports,https://arena.gov.au/projects/energyaustralia-demand-response-program/,2017,Past,https://arena.gov.au/assets/2020/09/demand-response-trial-test-5-june-2020.pdf,pdfs/Reports/Demand_Response_Trial_Test_5_June_2020_62cd31.pdf,downloaded
Future Grid for Distributed Energy,4/06/2020,"Distributed energy resources, System security and reliability",Distributed Energy Resources Hosting Capacity Study,https://arena.gov.au/knowledge-bank/future-grid-for-distributed-energy/,Reports,https://arena.gov.au/projects/distributed-energy-resources-hosting-capacity-study/,2018,Past,https://arena.gov.au/assets/2020/06/future-grid-for-distributed-energy.pdf,pdfs/Reports/Future_Grid_for_Distributed_Energy_114e97.pdf,downloaded
Renewable Energy for Process Heat Opportunity Study,29/05/2020,"Bioenergy / Energy from waste, Renewables for industry",Renewable Energy for Process Heat Opportunity Study,https://arena.gov.au/knowledge-bank/renewable-energy-for-process-heat-opportunity-study/,Reports,https://arena.gov.au/projects/renewable-energy-for-process-heat-opportunity-study/,2020,Past,https://arena.gov.au/assets/2020/06/renewable-energy-for-process-heat-opportunity-study.pdf,pdfs/Reports/Renewable_Energy_for_Process_Heat_Opportunity_Study_9994fb.pdf,downloaded
Co-Location of Large-Scale Wind and Solar Farms - Learnings from Operation,29/05/2020,"Large-scale solar, Solar energy",Gullen Solar Farm,https://arena.gov.au/knowledge-bank/co-location-of-large-scale-wind-and-solar-farms-learnings-from-operation/,"Reports, Milestones",https://arena.gov.au/projects/gullen-solar-farm/,2014,Past,https://arena.gov.au/assets/2020/07/gullen-co-location-of-large-scale-wind-and-solar-farms-2.pdf,pdfs/Reports_Milestones/Co-Location_of_Large-Scale_Wind_and_Solar_Farms_-_Learnings_from_Operation_7f4c20.pdf,downloaded
Shoalhaven Knowledge Sharing Report 2,29/05/2020,Hydropower / Pumped Hydro Energy Storage,Shoalhaven Pumped Hydro Expansion Feasibility Study,https://arena.gov.au/knowledge-bank/shoalhaven-knowledge-sharing-report-2/,Reports,https://arena.gov.au/projects/shoalhaven-pumped-hydro/,2018,Past,https://arena.gov.au/assets/2020/07/shoalhaven-knowledge-sharing-report-2.pdf,pdfs/Reports/Shoalhaven_Knowledge_Sharing_Report_2_baad4d.pdf,downloaded
May 2020 Project Performance Report ' Energy Under Control,28/05/2020,Demand response,Flow Power Energy Under Control Demand Response,https://arena.gov.au/knowledge-bank/may-2020-project-performance-report-energy-under-control/,Reports,https://arena.gov.au/projects/flow-power-energy-under-control-demand-response/,2017,Past,https://arena.gov.au/assets/2021/05/flow-power-project-performance-report-may-2020.pdf,pdfs/Reports/May_2020_Project_Performance_Report_'_Energy_Under_Control_3ad997.pdf,downloaded
DER Technology Integration Functional Framework,20/05/2020,Distributed energy resources,,https://arena.gov.au/knowledge-bank/der-technology-integration-functional-framework/,Reports,,,,https://arena.gov.au/assets/2020/05/der-technology-integration-functional-framework.pdf,pdfs/Reports/DER_Technology_Integration_Functional_Framework_4fbbd0.pdf,downloaded
East Rockingham Waste to Energy Lessons Learnt,18/05/2020,Bioenergy / Energy from waste,East Rockingham Waste to Energy,https://arena.gov.au/knowledge-bank/east-rockingham-waste-to-energy-lessons-learnt/,"Reports, Lessons",https://arena.gov.au/projects/east-rockingham-waste-to-energy/,2019,Current,https://arena.gov.au/assets/2019/12/east-rockingham-waste-to-energy-lessons-learned-report.pdf,pdfs/Reports_Lessons/East_Rockingham_Waste_to_Energy_Lessons_Learnt_c0596e.pdf,downloaded
2019 Annual Report - Advanced Centre for Advanced Photovoltaics,15/05/2020,"Solar energy, Solar PV R&amp;D",Australian Centre for Advanced Photovoltaics (ACAP),https://arena.gov.au/knowledge-bank/2019-annual-report-advanced-centre-for-advanced-photovoltaics/,Reports,https://arena.gov.au/projects/australian-centre-for-advanced-photovoltaics-acap/,2012,Current,https://arena.gov.au/assets/2020/05/acap-2019-annual-report.pdf,pdfs/Reports/2019_Annual_Report_-_Advanced_Centre_for_Advanced_Photovoltaics_2d0a51.pdf,downloaded
Powershop Demand Response Program May 2020,9/05/2020,Demand response,Powershop Australia Demand Response Program,https://arena.gov.au/knowledge-bank/may-2020-powershop-demand-response-program/,Reports,https://arena.gov.au/projects/powershop-australia-demand-response-program/,2017,Past,https://arena.gov.au/assets/2021/02/powershop-demand-response-program-final-2020.pdf,pdfs/Reports/Powershop_Demand_Response_Program_May_2020_45f042.pdf,downloaded
Managing System Strength During the Transition to Renewables,6/05/2020,System security and reliability,Powerlink Cost-Effective System Strength Study,https://arena.gov.au/knowledge-bank/managing-system-strength-during-the-transition-to-renewables/,Reports,https://arena.gov.au/projects/powerlink-cost-effective-system-strength-study/,2019,Past,https://arena.gov.au/assets/2020/05/managing-system-strength-during-the-transition-to-renewables.pdf,pdfs/Reports/Managing_System_Strength_During_the_Transition_to_Renewables_21ba77.pdf,downloaded
Malabar Biomethane Injection Project Lessons Learnt Report 1,3/05/2020,Bioenergy / Energy from waste,Malabar Biomethane Injection Project,https://arena.gov.au/knowledge-bank/malabar-biomethane-injection-project-lessons-learnt-report-1/,"Reports, Lessons",https://arena.gov.au/projects/malabar-biomethane-injection-project/,2020,Past,https://arena.gov.au/assets/2022/08/malabar-biomethane-injection-project-lessons-learnt-1.pdf,pdfs/Reports_Lessons/Malabar_Biomethane_Injection_Project_Lessons_Learnt_Report_1_58322e.pdf,downloaded
Chargefox Electric Vehicle Charging Network Project - Lessons Learnt 1,30/04/2020,Electric vehicles,Chargefox Electric Vehicle Charging Network Project,https://arena.gov.au/knowledge-bank/chargefox-electric-vehicle-charging-network-project-lessons-learnt-1-apr2020/,Reports,https://arena.gov.au/projects/chargefox-electric-vehicle-charging-network-project/,2018,Past,https://arena.gov.au/assets/2018/12/chargefox-electric-vehicle-charging-network-projects-project-results-lessons-learnt.pdf,pdfs/Reports/Chargefox_Electric_Vehicle_Charging_Network_Project_-_Lessons_Learnt_1_9e5e83.pdf,downloaded
ARENA Insights Newsletter Edition #17,29/04/2020,Hydropower / Pumped Hydro Energy Storage,,https://arena.gov.au/knowledge-bank/arena-insights-edition-17/,InsightNewsletter,,,,,,no_pdf_found
Insights Spotlight: International Energy Agency Hydro on Flexibility,28/04/2020,Hydropower / Pumped Hydro Energy Storage,,https://arena.gov.au/knowledge-bank/arena-insights-spotlight-international-energy-agency-hydro-on-flexibility/,Insights,,,,https://arena.gov.au/assets/2020/04/arena-insights-spotlight-international-energy-agency-hydro-on-flexibility.pdf,pdfs/Insights/Insights_Spotlight__International_Energy_Agency_Hydro_on_Flexibility_4f21c5.pdf,downloaded
ReWired Season 3 Podcast,27/04/2020,General,,https://arena.gov.au/knowledge-bank/rewired-season-3-podcast/,Podcast,,,,,,no_pdf_found
Chargefox Lessons Learnt 3,17/04/2020,Electric vehicles,Chargefox Electric Vehicle Charging Network Project,https://arena.gov.au/knowledge-bank/chargefox-lessons-learnt-3/,"Reports, Lessons",https://arena.gov.au/projects/chargefox-electric-vehicle-charging-network-project/,2018,Past,https://arena.gov.au/assets/2020/08/chargefox-lessons-learnt-3.pdf,pdfs/Reports_Lessons/Chargefox_Lessons_Learnt_3_e23149.pdf,downloaded
Solcast Nowcasting Lessons Learnt Report 2,6/04/2020,Solar energy,Solar Farm Solutions & the Australian Energy Sector,https://arena.gov.au/knowledge-bank/solcast-nowcasting-lessons-learnt-report-2/,"Reports, Lessons",https://arena.gov.au/projects/solcast-nowcasting-solutions-for-solar-farms/,2019,Past,https://arena.gov.au/assets/2020/07/solcast-nowcasting-lessons-learnt-report-2.pdf,pdfs/Reports_Lessons/Solcast_Nowcasting_Lessons_Learnt_Report_2_bd18b4.pdf,downloaded
Proa Analytics Solar Farm Short Term Forecasting Project: Lessons Learnt 2,6/04/2020,Solar energy,Proa Analytics Solar Forecasts,https://arena.gov.au/knowledge-bank/proa-analytics-solar-farm-short-term-forecasting-project-lessons-learnt-2/,"Reports, Lessons",https://arena.gov.au/projects/proa-analytics-solar-forecasts/,2019,Past,https://arena.gov.au/assets/2020/07/proa-analytics-solar-forecasting-lessons-learnt-report-2.pdf,pdfs/Reports_Lessons/Proa_Analytics_Solar_Farm_Short_Term_Forecasting_Project__Lessons_Learnt_2_eb0339.pdf,downloaded
Solar Power Ensemble Forecaster Lessons Learnt 2,6/04/2020,Solar energy,Solar Power Ensemble Forecaster,https://arena.gov.au/knowledge-bank/solar-power-ensemble-forecaster-lessons-learnt-2/,"Reports, Lessons",https://arena.gov.au/projects/solar-power-ensemble-forecaster/,2019,Past,https://arena.gov.au/assets/2020/04/solar-power-ensemble-forecaster-lessons-learnt-2.pdf,pdfs/Reports_Lessons/Solar_Power_Ensemble_Forecaster_Lessons_Learnt_2_1f716f.pdf,downloaded
Fulcrum3D CloudCAM Solar Forecasting for the NEM Lessons Learnt Report 2,6/04/2020,Solar energy,Fulcrum3D CloudCAM Solar Forecasting,https://arena.gov.au/knowledge-bank/fulcrum3d-cloudcam-solar-forecasting-for-the-nem-lessons-learnt-report-2/,"Reports, Lessons",https://arena.gov.au/projects/fulcrum3d-cloudcam-solar-forecasting-for-the-nem/,2018,Past,https://arena.gov.au/assets/2020/07/fulcrum3d-cloud-forecasting-lessons-learnt-report-2.pdf,pdfs/Reports_Lessons/Fulcrum3D_CloudCAM_Solar_Forecasting_for_the_NEM_Lessons_Learnt_Report_2_b03400.pdf,downloaded
Vestas Wind Forecasting for the NEM Lessons Learnt Report 2,5/04/2020,Wind energy,Lake Bonney Stages 2/3,https://arena.gov.au/knowledge-bank/vestas-wind-forecasting-for-the-nem-lessons-learnt-report-2/,"Reports, Lessons",https://arena.gov.au/projects/lake-bonney-stages-2-3/,2019,Past,https://arena.gov.au/assets/2020/07/vestas-wind-forecasting-for-the-nem.-lessons-learnt-report-2pdf.pdf,pdfs/Reports_Lessons/Vestas_Wind_Forecasting_for_the_NEM_Lessons_Learnt_Report_2_6d1c3a.pdf,downloaded
Meridian Energy Australia Wind Forecasting Demonstration Project Lessons Learnt 2,5/04/2020,Wind energy,Wind Forecasting Demonstration Project,https://arena.gov.au/knowledge-bank/meridian-energy-australia-wind-forecasting-demonstration-project-lessons-learnt-2/,"Reports, Lessons",https://arena.gov.au/projects/wind-forecasting-demonstration-project/,2019,Past,https://arena.gov.au/assets/2020/07/meridian-wind-forecasting-lessons-learnt-report-2.pdf,pdfs/Reports_Lessons/Meridian_Energy_Australia_Wind_Forecasting_Demonstration_Project_Lessons_Learnt_2_dadcc7.pdf,downloaded
Fulcrum3D Wind Forecasting for the NEM Lessons Learnt 2,5/04/2020,Wind energy,Wind Forecasting for the NEM,https://arena.gov.au/knowledge-bank/fulcrum3d-wind-forecasting-for-the-nem-lessons-learnt-2/,"Reports, Lessons",https://arena.gov.au/projects/wind-forecasting-nem/,2019,Past,https://arena.gov.au/assets/2020/07/fulcrum3d-wind-forecasting-for-the-nem-lessons-learnt-2.pdf,pdfs/Reports_Lessons/Fulcrum3D_Wind_Forecasting_for_the_NEM_Lessons_Learnt_2_f267a8.pdf,downloaded
DNV GL ' Multi-Model and Machine Learning Wind Forecast Project Lessons Learnt 2,5/04/2020,Wind energy,Ararat Wind Farm,https://arena.gov.au/knowledge-bank/dnv-gl-multi-model-and-machine-learning-wind-forecast-project-lessons-learnt-2/,"Reports, Lessons",https://arena.gov.au/projects/ararat-wind-farm/,2019,Past,https://arena.gov.au/assets/2020/07/dnv-gl-multi-model-machine-learning-wind-forecasting-project-lessons-learnt-2.pdf,pdfs/Reports_Lessons/DNV_GL_'_Multi-Model_and_Machine_Learning_Wind_Forecast_Project_Lessons_Learnt_2_cc439d.pdf,downloaded
Advisian Wind & Solar Forecasting for the NEM Project Lessons Learnt 2,5/04/2020,"Solar energy, Wind energy",Application of Advanced Short Term Power Generation Forecasting,https://arena.gov.au/knowledge-bank/advisian-wind-solar-forecasting-for-the-nem-project-lessons-learnt-2/,"Reports, Lessons",https://arena.gov.au/projects/advanced-short-term-power-generation/,2018,Past,https://arena.gov.au/assets/2020/07/advisian-wind-solar-forecasting-for-nem-lessons-learnt-2.pdf,pdfs/Reports_Lessons/Advisian_Wind_&_Solar_Forecasting_for_the_NEM_Project_Lessons_Learnt_2_1b56ab.pdf,downloaded
Windlab Limited - LIDAR for Wind Forecasts Lessons Learnt 2,5/04/2020,Wind energy,Using Upstream LIDAR Measurements,https://arena.gov.au/knowledge-bank/lidar-for-wind-forecasts-lessons-learnt-2/,"Reports, Lessons",https://arena.gov.au/projects/using-upstream-lidar-measurements-to-improve-the-accuracy-of-5-minute-ahead-wind-forecasts/,2019,Past,https://arena.gov.au/assets/2020/07/windlab-wind-forecasting-lessons-learnt-report-2.pdf,pdfs/Reports_Lessons/Windlab_Limited_-_LIDAR_for_Wind_Forecasts_Lessons_Learnt_2_064e67.pdf,downloaded
Aeolius Wind Systems Wind Forecasting Demonstration Project Lessons Learnt 2,3/04/2020,Wind energy,Aeolius Wind Forecasting Project,https://arena.gov.au/knowledge-bank/aeolius-wind-systems-wind-forecasting-demonstration-project-lessons-learnt-2/,"Reports, Lessons",https://arena.gov.au/projects/aeolius-wind-forecasting-project/,2019,Current,https://arena.gov.au/assets/2020/07/aeolius-wind-systems-wind-forecasting-lessons-learnt-report-2.pdf,pdfs/Reports_Lessons/Aeolius_Wind_Systems_Wind_Forecasting_Demonstration_Project_Lessons_Learnt_2_2fc0fe.pdf,downloaded
Enel X Demand Response Project ' Knowledge Sharing Report 5,1/04/2020,Demand response,Enel X Demand Response Project,https://arena.gov.au/knowledge-bank/enel-x-demand-response-project-knowledge-sharing-report-5/,Reports,https://arena.gov.au/projects/enel-x-demand-response-project/,2017,Past,https://arena.gov.au/assets/2020/09/enel-x-arena-demand-respone-trial-report-5.pdf,pdfs/Reports/Enel_X_Demand_Response_Project_'_Knowledge_Sharing_Report_5_b38069.pdf,downloaded
DER Hosting Capacity Project Interim Knowledge Sharing Report,30/03/2020,Distributed energy resources,Demonstration of Three Dynamic Grid-Side Technologies,https://arena.gov.au/knowledge-bank/jemena-der-hosting-capacity-project-interim-knowledge-sharing-report/,Reports,https://arena.gov.au/projects/demonstration-of-three-dynamic-grid-side-technologies/,2019,Past,https://arena.gov.au/assets/2020/08/jemena-der-hosting-capacity-interim-knowledge-sharing-report.pdf,pdfs/Reports/DER_Hosting_Capacity_Project_Interim_Knowledge_Sharing_Report_ee39b0.pdf,downloaded
ARENA Insights Newsletter Edition #16,27/03/2020,Distributed energy resources,,https://arena.gov.au/knowledge-bank/arena-insights-edition-16/,InsightNewsletter,,,,,,no_pdf_found
Network Hosting Capacity Projects Progress Report Year One,26/03/2020,Distributed energy resources,,https://arena.gov.au/knowledge-bank/network-hosting-capacity-projects-progress-report-year-one/,"Reports, Insights",,,,https://arena.gov.au/assets/2020/03/network-hosting-capacity-projects-progress-report-year-one.pdf,pdfs/Reports_Insights/Network_Hosting_Capacity_Projects_Progress_Report_Year_One_a2fae6.pdf,downloaded
Horizon Power Carnarvon DER Lessons Learnt #1,26/03/2020,Distributed energy resources,Horizon Power Business Model Pilot Phase 1,https://arena.gov.au/knowledge-bank/horizon-power-carnarvon-der-lessons-learnt-1/,"Reports, Lessons",https://arena.gov.au/projects/horizon-power-business-model-pilot/,2017,Past,https://arena.gov.au/assets/2020/03/horizon-power-carnarvon-der-lessons-learnt-report-1.pdf,pdfs/Reports_Lessons/Horizon_Power_Carnarvon_DER_Lessons_Learnt_#1_f4a075.pdf,downloaded
Horizon Power Carnarvon DER Trials Technical Report,26/03/2020,Distributed energy resources,Horizon Power Business Model Pilot Phase 1,https://arena.gov.au/knowledge-bank/horizon-power-carnarvon-der-trials-technical-report/,Reports,https://arena.gov.au/projects/horizon-power-business-model-pilot/,2017,Past,https://arena.gov.au/assets/2020/03/horizon-power-carnarvon-der-trials-technical-report.pdf,pdfs/Reports/Horizon_Power_Carnarvon_DER_Trials_Technical_Report_1a94c0.pdf,downloaded
Towards Ultimate Performance Commercial Silicon Solar Cells,23/03/2020,"Solar energy, Solar PV R&amp;D",Towards Ultimate Performance Silicon Solar Cells,https://arena.gov.au/knowledge-bank/towards-ultimate-performance-commercial-silicon-solar-cells/,"Reports, Lessons",https://arena.gov.au/projects/towards-ultimate-performance-silicon-solar-cells/,2014,Past,https://arena.gov.au/assets/2017/02/towards-ultimate-performance-commercial-silicon-solar-cells.pdf,pdfs/Reports_Lessons/Towards_Ultimate_Performance_Commercial_Silicon_Solar_Cells_c8ae52.pdf,downloaded
Intercast and Forge Demand Response Report 3,19/03/2020,Demand response,Intercast and Forge Demand Response,https://arena.gov.au/knowledge-bank/intercast-and-forge-demand-response-report-3/,Reports,https://arena.gov.au/projects/intercast-and-forge-demand-response/,2017,Past,https://arena.gov.au/assets/2020/09/intercast-and-forge-demand-response-report-3.pdf,pdfs/Reports/Intercast_and_Forge_Demand_Response_Report_3_de3742.pdf,downloaded
BMS-Inverter Hybrid Project Public Report,19/03/2020,Battery storage,BMS-Inverter Hybrid Project,https://arena.gov.au/knowledge-bank/bms-inverter-hybrid-project/,Reports,https://arena.gov.au/projects/bms-inverter-hybrid-project/,2018,Past,https://arena.gov.au/assets/2018/08/relectrify-bms-inverter.pdf,pdfs/Reports/BMS-Inverter_Hybrid_Project_Public_Report_14eb72.pdf,downloaded
Renewable Hydrogen Deployment Funding Round,13/03/2020,Hydrogen energy,,https://arena.gov.au/knowledge-bank/renewable-hydrogen-deployment-funding-round/,Presentation,,,,https://arena.gov.au/assets/2020/03/renewable-hydrogen-deployment-funding-round-infromation-and-consultation-forum-presentation.pdf,pdfs/Presentation/Renewable_Hydrogen_Deployment_Funding_Round_fb539d.pdf,downloaded
AEMO Virtual Power Plant Demonstration Knowledge Sharing Report 1,13/03/2020,Distributed energy resources,AEMO Virtual Power Plant Demonstrations,https://arena.gov.au/knowledge-bank/aemo-virtual-power-plant-demonstration-knowledge-sharing-report-1/,Reports,https://arena.gov.au/projects/aemo-virtual-power-plant-demonstrations/,2019,Past,https://arena.gov.au/assets/2020/03/aemo-virtual-power-plant-demonstration-knowledge-sharing-report-1.pdf,pdfs/Reports/AEMO_Virtual_Power_Plant_Demonstration_Knowledge_Sharing_Report_1_cf21b1.pdf,downloaded
Conversion of Remote Crude Oil Beam Pumps to Solar & Battery Report,13/03/2020,"Solar energy, Solar PV R&amp;D",Conversion of Remote Crude Oil Beam Pumps to Solar & Battery,https://arena.gov.au/knowledge-bank/conversion-of-remote-crude-oil-beam-pumps-to-solar-battery-report/,Reports,https://arena.gov.au/projects/conversion-of-remote-crude-oil-beam-pumps/,2018,Past,https://arena.gov.au/assets/2020/08/santos-oil-beam-pump-conversion-to-solar-battery-lessons-learnt-final-report.pdf,pdfs/Reports/Conversion_of_Remote_Crude_Oil_Beam_Pumps_to_Solar_&_Battery_Report_81654b.pdf,downloaded
Conversion of Remote Crude Oil Beam Pumps to Solar & Battery Lessons Learnt,13/03/2020,"Solar energy, Solar PV R&amp;D",Conversion of Remote Crude Oil Beam Pumps to Solar & Battery,https://arena.gov.au/knowledge-bank/conversion-of-remote-crude-oil-beam-pumps-to-solar-battery-lessons-learnt/,"Reports, Lessons",https://arena.gov.au/projects/conversion-of-remote-crude-oil-beam-pumps/,2018,Past,https://arena.gov.au/assets/2020/08/santos-oil-beam-pump-conversion-to-solar-battery-lessons-learnt-report.pdf,pdfs/Reports_Lessons/Conversion_of_Remote_Crude_Oil_Beam_Pumps_to_Solar_&_Battery_Lessons_Learnt_0503d0.pdf,downloaded
DEIP Access and Pricing Workshop 3,13/03/2020,Distributed energy resources,,https://arena.gov.au/knowledge-bank/deip-access-and-pricing-workshop-3/,Reports,,,,https://arena.gov.au/assets/2020/03/deip-access-and-pricing-on-a-page.pdf,pdfs/Reports/DEIP_Access_and_Pricing_Workshop_3_cfc10a.pdf,downloaded
Renewable Energy Hub Lessons Learnt Report 1,11/03/2020,Renewables for industry,Renewable Energy Hub Marketplace,https://arena.gov.au/knowledge-bank/renewable-energy-hub-lessons-learnt-report-1/,Reports,https://arena.gov.au/projects/renewable-energy-hub-marketplace/,2020,Past,https://arena.gov.au/assets/2020/09/renewable-energy-hub-lessons-learned-report-1.pdf,pdfs/Reports/Renewable_Energy_Hub_Lessons_Learnt_Report_1_84456f.pdf,downloaded
Shoalhaven Knowledge Sharing Report 1,28/02/2020,Hydropower / Pumped Hydro Energy Storage,Shoalhaven Pumped Hydro Expansion Feasibility Study,https://arena.gov.au/knowledge-bank/shoalhaven-knowledge-sharing-report-1/,Reports,https://arena.gov.au/projects/shoalhaven-pumped-hydro/,2018,Past,https://arena.gov.au/assets/2020/07/shoalhaven-knowledge-sharing-report-1.pdf,pdfs/Reports/Shoalhaven_Knowledge_Sharing_Report_1_d8cf45.pdf,downloaded
Advanced Planning of PV-Rich Distribution Networks ' Deliverable 3: Traditional Solutions,25/02/2020,Distributed energy resources,Advanced Planning of PV-Rich Distribution Networks Study,https://arena.gov.au/knowledge-bank/advanced-planning-of-pv-rich-distribution-networks-deliverable-3-traditional-solutions/,Reports,https://arena.gov.au/projects/advanced-planning-of-pv-rich-distribution-networks-study/,2019,Past,https://arena.gov.au/assets/2019/02/advanced-planning-of-pv-rich-distribution-networks-deliverable-3-traditional-solutions.pdf,pdfs/Reports/Advanced_Planning_of_PV-Rich_Distribution_Networks_'_Deliverable_3__Traditional_Solutions_2b35e2.pdf,downloaded
Using the CIM for Electrical Network Model Exchange,25/02/2020,Distributed energy resources,evolve DER Project,https://arena.gov.au/knowledge-bank/using-the-cim-for-electrical-network-model-exchange/,"Reports, Milestones",https://arena.gov.au/projects/evolve-der-project/,2019,Past,https://arena.gov.au/assets/2020/10/using-the-cim-for-electrical-network-model-exchange.pdf,pdfs/Reports_Milestones/Using_the_CIM_for_Electrical_Network_Model_Exchange_641349.pdf,downloaded
DEIP Access and Pricing Workshop 2,21/02/2020,Distributed energy resources,,https://arena.gov.au/knowledge-bank/deip-access-and-pricing-workshop-2/,Presentation,,,,https://arena.gov.au/assets/2020/02/der-access-and-pricing-workshop.pdf,pdfs/Presentation/DEIP_Access_and_Pricing_Workshop_2_e6fd76.pdf,downloaded
DEIP Access and Pricing Workshop 1,21/02/2020,Distributed energy resources,,https://arena.gov.au/knowledge-bank/deip-access-and-pricing-workshop-1/,Reports,,,,https://arena.gov.au/assets/2020/02/energy-user-paradigm-workshop-1-outcomes-of-the-day.pdf,pdfs/Reports/DEIP_Access_and_Pricing_Workshop_1_4ef77f.pdf,downloaded
ESCRI-SA Battery Energy Storage Project Operational Report 2,20/02/2020,Battery storage,Energy Storage for Commercial Renewable Integration (ESCRI) Phase 2,https://arena.gov.au/knowledge-bank/escri-sa-battery-energy-storage-project-operational-report-2/,Reports,https://arena.gov.au/projects/energy-storage-for-commercial-renewable-integration-escri-phase-2/,2017,Past,https://arena.gov.au/assets/2021/04/escri-sa-battery-energy-storage-report-2.pdf,pdfs/Reports/ESCRI-SA_Battery_Energy_Storage_Project_Operational_Report_2_f1b483.pdf,downloaded
ARENA Insights Newsletter Edition #15,19/02/2020,Distributed energy resources,,https://arena.gov.au/knowledge-bank/arena-insights-newsletter-edition-15/,InsightNewsletter,,,,,,no_pdf_found
International Engagement Program - Year 1 Summary,17/02/2020,Renewables for industry,,https://arena.gov.au/knowledge-bank/international-engagement-program-year-1-summary/,"Reports, Insights",,,,https://arena.gov.au/assets/2020/02/international-engagement-program-year-1-summary.pdf,pdfs/Reports_Insights/International_Engagement_Program_-_Year_1_Summary_eb3eaf.pdf,downloaded
Operating a Community-Scale Battery: Electricity Tariffs to Maximise Customer and Network Benefits,6/02/2020,Distributed energy resources,Community Models for Deploying and Operating DER,https://arena.gov.au/knowledge-bank/operating-a-community-scale-battery-electricity-tariffs-to-maximise-customer-and-network-benefits/,Reports,https://arena.gov.au/projects/community-models-for-deploying-and-operating-distributed-energy-resources/,2019,Past,https://arena.gov.au/assets/2019/02/operating-a-community-scale-battery-electricity-tarrifs-to-maximise-customer-network-benefits.pdf,pdfs/Reports/Operating_a_Community-Scale_Battery__Electricity_Tariffs_to_Maximise_Customer_and_Network_Benefits_c3ae27.pdf,downloaded
Short-Term Forecasting Trial on the NEM Progress Report (April to October 2019),31/01/2020,Wind energy,Lake Bonney Stages 2/3,https://arena.gov.au/knowledge-bank/short-term-forecasting-trial-on-the-nem-progress-report-april-to-october-2019/,"Reports, Insights",https://arena.gov.au/projects/lake-bonney-stages-2-3/,2019,Past,https://arena.gov.au/assets/2020/01/short-term-forecasting-on-the-nem-progress-report.pdf,pdfs/Reports_Insights/Short-Term_Forecasting_Trial_on_the_NEM_Progress_Report_(April_to_October_2019)_2bfc66.pdf,downloaded
Insights From the First Wave of Large-Scale Solar Projects in Australia,31/01/2020,Large-scale solar,,https://arena.gov.au/knowledge-bank/insights-from-the-first-wave-of-large-scale-solar-projects-in-australia/,"Reports, Insights",,,,https://arena.gov.au/assets/2020/01/insights-from-the-first-wave-of-large-scale-solar-projects-in-australia.pdf,pdfs/Reports_Insights/Insights_From_the_First_Wave_of_Large-Scale_Solar_Projects_in_Australia_e13c92.pdf,downloaded
Co-Location of Large-Scale Wind and Solar Farms - Learnings from Development and Construction,29/01/2020,"Large-scale solar, Solar energy",Gullen Solar Farm,https://arena.gov.au/knowledge-bank/co-location-of-large-scale-wind-and-solar-farms-learnings-development-construction/,"Reports, Milestones",https://arena.gov.au/projects/gullen-solar-farm/,2014,Past,https://arena.gov.au/assets/2020/01/gullen-co-location-of-large-scale-wind-and-solar-farms-1.pdf,pdfs/Reports_Milestones/Co-Location_of_Large-Scale_Wind_and_Solar_Farms_-_Learnings_from_Development_and_Construction_c19dbc.pdf,downloaded
Development of Renewable Energy Zones in the NEM,23/01/2020,System security and reliability,,https://arena.gov.au/knowledge-bank/development-of-renewable-energy-zones-in-the-nem/,Reports,,,,https://arena.gov.au/assets/2020/01/development-of-renewable-energy-zones-in-the-nem.pdf,pdfs/Reports/Development_of_Renewable_Energy_Zones_in_the_NEM_763d0d.pdf,downloaded
Review of ARENA's Reliability Portfolio,20/01/2020,System security and reliability,,https://arena.gov.au/knowledge-bank/review-of-arenas-reliability-portfolio/,Reports,,,,https://arena.gov.au/assets/2020/05/review-of-arenas-reliability-portfolio.pdf,pdfs/Reports/Review_of_ARENA's_Reliability_Portfolio_39c239.pdf,downloaded
Evie Networks Lessons Learnt Report December 2019,22/12/2019,Electric vehicles,National Ultrafast EV Charging Infrastructure Network,https://arena.gov.au/knowledge-bank/evie-networks-lessons-learnt-report/,"Reports, Lessons",https://arena.gov.au/projects/national-ultrafast-ev-charging-infrastructure-network/,2019,Current,https://arena.gov.au/assets/2019/05/evie-networks-lessons-learnt-report-december-2019.pdf,pdfs/Reports_Lessons/Evie_Networks_Lessons_Learnt_Report_December_2019_88f98e.pdf,downloaded
deX Consumer Insights,20/12/2019,Distributed energy resources,Decentralised Energy Exchange (deX) Program,https://arena.gov.au/knowledge-bank/dex-consumer-insights/,Reports,https://arena.gov.au/projects/decentralised-energy-exchange/,2019,Past,https://arena.gov.au/assets/2019/03/dex-consumer-insights-report.pdf,pdfs/Reports/deX_Consumer_Insights_31f1b8.pdf,downloaded
DEIP CEO Forum Materials - November 2019,20/12/2019,Distributed energy resources,,https://arena.gov.au/knowledge-bank/presentation-deip-ceo-forum-materials/,Presentation,,,,https://arena.gov.au/assets/2019/12/DEIP-CEO-Forum-slides.pdf,pdfs/Presentation/DEIP_CEO_Forum_Materials_-_November_2019_25e83b.pdf,downloaded
ARENA Insights Newsletter Edition #14,20/12/2019,Distributed energy resources,,https://arena.gov.au/knowledge-bank/arena-insights-newsletter-edition-14/,InsightNewsletter,,,,,,no_pdf_found
Chargefox Lessons Learnt 2,20/12/2019,Electric vehicles,Chargefox Electric Vehicle Charging Network Project,https://arena.gov.au/knowledge-bank/chargefox-lessons-learnt-2/,"Reports, Lessons",https://arena.gov.au/projects/chargefox-electric-vehicle-charging-network-project/,2018,Past,https://arena.gov.au/assets/2020/08/chargefox-lessons-learnt-2.pdf,pdfs/Reports_Lessons/Chargefox_Lessons_Learnt_2_a14ea9.pdf,downloaded
Large Scale Solar Portfolio Evaluation,20/12/2019,Large-scale solar,,https://arena.gov.au/knowledge-bank/large-scale-solar-portfolio-evaluation/,Reports,,,,https://arena.gov.au/assets/2020/05/large-scale-solar-portfolio-evaluation-report.pdf,pdfs/Reports/Large_Scale_Solar_Portfolio_Evaluation_d16eb8.pdf,downloaded
ARENA Insights Newsletter Edition #13,20/12/2019,System security and reliability,,https://arena.gov.au/knowledge-bank/arena-insights-newsletter-edition-13/,InsightNewsletter,,,,,,no_pdf_found
Pilot Landfill Solar Report Feasibility Study,19/12/2019,"Solar energy, Solar PV R&amp;D",Pilot Landfill Solar Project,https://arena.gov.au/knowledge-bank/pilot-landfill-solar-report-feasibility-study/,Reports,https://arena.gov.au/projects/pilot-landfill-solar-project/,2016,Past,https://arena.gov.au/assets/2017/02/pilot-landfill-solar-report-feasibility-study.pdf,pdfs/Reports/Pilot_Landfill_Solar_Report_Feasibility_Study_842e75.pdf,downloaded
Demand Response Project Performance Milestone 6,17/12/2019,Demand response,United Energy Distribution Demand Response,https://arena.gov.au/knowledge-bank/demand-response-project-performance-milestone-6/,Reports,https://arena.gov.au/projects/united-energy-distribution-demand-response/,2017,Past,https://arena.gov.au/assets/2020/09/united-energy-demand-response-report-milestone-6.pdf,pdfs/Reports/Demand_Response_Project_Performance_Milestone_6_c0005e.pdf,downloaded
Presentation: Renewable Energy for Business Simplified Nov 2019,16/12/2019,"Renewables for industry, Renewables in buildings",Business Renewables Centre Australia,https://arena.gov.au/knowledge-bank/presentation-renewable-energy-for-business-simplified-nov-2019/,Presentation,https://arena.gov.au/projects/business-renewables-centre-australia/,2018,Past,https://arena.gov.au/assets/2020/07/renewable-energy-for-business-simplified-business-renewables-centre-australia.pdf,pdfs/Presentation/Presentation__Renewable_Energy_for_Business_Simplified_Nov_2019_113baa.pdf,downloaded
ARENA Insights Forum Session Summaries & Key Points,16/12/2019,Distributed energy resources,,https://arena.gov.au/knowledge-bank/arena-insights-forum-session-summaries-key-points/,"Reports, Insights",,,,https://arena.gov.au/assets/2019/12/arena-insights-forum-session-summaries-key-points.pdf,pdfs/Reports_Insights/ARENA_Insights_Forum_Session_Summaries_&_Key_Points_741038.pdf,downloaded
Ramp Rate Control for PV Plant Integration: Experience from Karratha Airport&rsquo;s Hybrid Power Station,16/12/2019,"Large-scale solar, Solar energy",Karratha Airport Solar Plant,https://arena.gov.au/knowledge-bank/ramp-rate-control-for-pv-plant-integration-experience-from-karratha-airports-hybrid-power-station/,Reports,https://arena.gov.au/projects/karratha-airport-solar-plant/,2015,Past,https://arena.gov.au/assets/2017/02/ramp-rate-control-for-pv-plant-integration-experience-from-karratha-airports-hybrid-power-station.pdf,pdfs/Reports/Ramp_Rate_Control_for_PV_Plant_Integration__Experience_from_Karratha_Airport&rsquo;s_Hybrid_Power_Station_6b7d8c.pdf,downloaded
Grid vs Garage,13/12/2019,Distributed energy resources,,https://arena.gov.au/knowledge-bank/grid-vs-garage/,Reports,,,,https://arena.gov.au/assets/2020/04/arena-grid-vs-garage.pdf,pdfs/Reports/Grid_vs_Garage_09b518.pdf,downloaded
DEIP EV Working Group Materials,11/12/2019,Electric vehicles,,https://arena.gov.au/knowledge-bank/deip-ev-working-group-materials/,Presentation,,,,https://arena.gov.au/assets/2020/05/electric-vehicle-grid-integration-working-group-post-workshop-summary-pack.pdf,pdfs/Presentation/DEIP_EV_Working_Group_Materials_ed1079.pdf,downloaded
Proa Analytics Solar Farm Short Term Forecasting Project: Lessons Learnt 1,9/12/2019,Solar energy,Proa Analytics Solar Forecasts,https://arena.gov.au/knowledge-bank/proa-analytics-solar-farm-short-term-forecasting-project-lessons-learned-1/,"Reports, Lessons",https://arena.gov.au/projects/proa-analytics-solar-forecasts/,2019,Past,https://arena.gov.au/assets/2019/12/proa-solar-farm-short-term-forecasting-lessons-learnt.pdf,pdfs/Reports_Lessons/Proa_Analytics_Solar_Farm_Short_Term_Forecasting_Project__Lessons_Learnt_1_b16120.pdf,downloaded
Aeolius Wind Systems Wind Forecasting Demonstration Project Lessons Learnt 1,9/12/2019,Wind energy,Aeolius Wind Forecasting Project,https://arena.gov.au/knowledge-bank/aeolius-wind-systems-wind-forecasting-demonstration-project-lessons-learnt-1/,"Reports, Lessons",https://arena.gov.au/projects/aeolius-wind-forecasting-project/,2019,Current,https://arena.gov.au/assets/2019/12/aeolius-wind-systems-wind-forecasting-demonstration.pdf,pdfs/Reports_Lessons/Aeolius_Wind_Systems_Wind_Forecasting_Demonstration_Project_Lessons_Learnt_1_5aa76e.pdf,downloaded
Vestas Short Term Forecasting of Wind Farms Lessons Learnt 1,9/12/2019,Wind energy,Lake Bonney Stages 2/3,https://arena.gov.au/knowledge-bank/vestas-short-term-forecasting-of-wind-farms-lessons-learnt-1/,"Reports, Lessons",https://arena.gov.au/projects/lake-bonney-stages-2-3/,2019,Past,https://arena.gov.au/assets/2019/12/vestas-lessons-learnt-report.pdf,pdfs/Reports_Lessons/Vestas_Short_Term_Forecasting_of_Wind_Farms_Lessons_Learnt_1_8f13f3.pdf,downloaded
Fulcrum3D Wind Forecasting for the NEM Lessons Learnt 1,9/12/2019,Wind energy,Wind Forecasting for the NEM,https://arena.gov.au/knowledge-bank/fulcrum3d-wind-forecasting-for-the-nem-lessons-learnt-1/,"Reports, Lessons",https://arena.gov.au/projects/wind-forecasting-nem/,2019,Past,https://arena.gov.au/assets/2019/12/fulcrum3d-wind-forecasting-for-the-nem-lessons-learnt.pdf,pdfs/Reports_Lessons/Fulcrum3D_Wind_Forecasting_for_the_NEM_Lessons_Learnt_1_adda76.pdf,downloaded
DNV GL ' Multi-Model and Machine Learning Wind Forecast Project Lessons Learnt 1,9/12/2019,Wind energy,Ararat Wind Farm,https://arena.gov.au/knowledge-bank/dnv-gl-multi-model-and-machine-learning-wind-forecast-project-lessons-learnt-1/,"Reports, Lessons",https://arena.gov.au/projects/ararat-wind-farm/,2019,Past,https://arena.gov.au/assets/2019/12/dnv-gl-multi-model-machine-learning-wind-forecasting-project-lessons-learnt.pdf,pdfs/Reports_Lessons/DNV_GL_'_Multi-Model_and_Machine_Learning_Wind_Forecast_Project_Lessons_Learnt_1_757c6f.pdf,downloaded
Advisian Wind & Solar Forecasting for the NEM Project Lessons Learnt 1,9/12/2019,"Solar energy, Wind energy",Application of Advanced Short Term Power Generation Forecasting,https://arena.gov.au/knowledge-bank/advisian-wind-and-solar-forecasting-for-the-nem-project-lessons-learnt-1/,"Reports, Insights",https://arena.gov.au/projects/advanced-short-term-power-generation/,2018,Past,https://arena.gov.au/assets/2019/12/advisian-wind-solar-forecasting-for-nem-lessons-learnt.pdf,pdfs/Reports_Insights/Advisian_Wind_&_Solar_Forecasting_for_the_NEM_Project_Lessons_Learnt_1_c1af03.pdf,downloaded
Solcast Nowcasting Lessons Learned Report 1,9/12/2019,Solar energy,Solar Farm Solutions & the Australian Energy Sector,https://arena.gov.au/knowledge-bank/solcast-nowcasting-lessons-learnt-report/,"Reports, Lessons",https://arena.gov.au/projects/solcast-nowcasting-solutions-for-solar-farms/,2019,Past,https://arena.gov.au/assets/2019/03/solcast-lessons-learned-report.pdf,pdfs/Reports_Lessons/Solcast_Nowcasting_Lessons_Learned_Report_1_6b3be2.pdf,downloaded
Meridian Energy Australia Wind Forecasting Demonstration Project Lessons Learnt 1,9/12/2019,Wind energy,Wind Forecasting Demonstration Project,https://arena.gov.au/knowledge-bank/meridian-energy-australia-wind-forecasting-demonstration-project-lessons-learnt/,"Reports, Lessons",https://arena.gov.au/projects/wind-forecasting-demonstration-project/,2019,Past,https://arena.gov.au/assets/2019/03/meridian-energy-australia-wind-forecasting-demonstration-lessons-learnt.pdf,pdfs/Reports_Lessons/Meridian_Energy_Australia_Wind_Forecasting_Demonstration_Project_Lessons_Learnt_1_f00868.pdf,downloaded
Solar Power Ensemble Forecaster Lessons Learnt 1,9/12/2019,Solar energy,Solar Power Ensemble Forecaster,https://arena.gov.au/knowledge-bank/solar-power-ensemble-forecaster-lessons-learnt-1/,"Reports, Lessons",https://arena.gov.au/projects/solar-power-ensemble-forecaster/,2019,Past,https://arena.gov.au/assets/2019/03/solar-power-ensemble-forecaster-lessons-learnt.pdf,pdfs/Reports_Lessons/Solar_Power_Ensemble_Forecaster_Lessons_Learnt_1_8c5018.pdf,downloaded
Windlab Limited - LIDAR for Wind Forecasts Lessons Learnt 1,9/12/2019,Wind energy,Using Upstream LIDAR Measurements,https://arena.gov.au/knowledge-bank/windlab-limited-lidar-for-wind-forecasts-lessons-learnt-1/,"Reports, Lessons",https://arena.gov.au/projects/using-upstream-lidar-measurements-to-improve-the-accuracy-of-5-minute-ahead-wind-forecasts/,2019,Past,https://arena.gov.au/assets/2019/03/windlab-lidar-for-wind-forecasts-lessons-learnt.pdf,pdfs/Reports_Lessons/Windlab_Limited_-_LIDAR_for_Wind_Forecasts_Lessons_Learnt_1_833b7b.pdf,downloaded
Fulcrum3D CloudCAM Solar Forecasting for the NEM Lessons Learnt Report 1,9/12/2019,Solar energy,Fulcrum3D CloudCAM Solar Forecasting,https://arena.gov.au/knowledge-bank/fulcrum3d-cloudcam-solar-forecasting-for-the-nem-lessons-learnt-report-1/,"Reports, Lessons",https://arena.gov.au/projects/fulcrum3d-cloudcam-solar-forecasting-for-the-nem/,2018,Past,https://arena.gov.au/assets/2019/03/fulcrum3d-cloudcam-solar-solar-forecasting-for-nem-lessons-learnt.pdf,pdfs/Reports_Lessons/Fulcrum3D_CloudCAM_Solar_Forecasting_for_the_NEM_Lessons_Learnt_Report_1_c114d7.pdf,downloaded
Demand Response Trial Test 4 December 2019,9/12/2019,Demand response,EnergyAustralia Demand Response Program,https://arena.gov.au/knowledge-bank/demand-response-trial-test-4-december-2019/,Reports,https://arena.gov.au/projects/energyaustralia-demand-response-program/,2017,Past,https://arena.gov.au/assets/2020/07/demand-response-trial-test-4-december-2019.pdf,pdfs/Reports/Demand_Response_Trial_Test_4_December_2019_b006c8.pdf,downloaded
Solar Enablement Initiative Final Report,5/12/2019,"Solar energy, Solar PV R&amp;D",Increasing Visibility of Distribution Networks,https://arena.gov.au/knowledge-bank/solar-enablement-initiative-final-report/,Reports,https://arena.gov.au/projects/increasing-visibility-of-distribution-networks/,2017,Past,https://arena.gov.au/assets/2018/02/uq-solar-enablement-initiative-final-report.pdf,pdfs/Reports/Solar_Enablement_Initiative_Final_Report_b36bd5.pdf,downloaded
Solar Enablement Initiative Lessons Learnt Report,5/12/2019,"Solar energy, Solar PV R&amp;D",Increasing Visibility of Distribution Networks,https://arena.gov.au/knowledge-bank/solar-enablement-initiative-lessons-learnt-report/,"Reports, Lessons",https://arena.gov.au/projects/increasing-visibility-of-distribution-networks/,2017,Past,https://arena.gov.au/assets/2018/02/uq-solar-enablement-initiative-lessons-learnt-report.pdf,pdfs/Reports_Lessons/Solar_Enablement_Initiative_Lessons_Learnt_Report_51fa00.pdf,downloaded
Solar Enablement Initiative Project Progress Report,5/12/2019,"Solar energy, Solar PV R&amp;D",Increasing Visibility of Distribution Networks,https://arena.gov.au/knowledge-bank/solar-enablement-initiative-project-progress-report/,Reports,https://arena.gov.au/projects/increasing-visibility-of-distribution-networks/,2017,Past,https://arena.gov.au/assets/2018/02/uq-solar-enablement-initiative-project-progress-report.pdf,pdfs/Reports/Solar_Enablement_Initiative_Project_Progress_Report_b4c6e9.pdf,downloaded
Project Marinus Business Case Assessment Report,5/12/2019,System security and reliability,Project Marinus: Further Bass Strait Interconnection,https://arena.gov.au/knowledge-bank/project-marinus-business-case-assessment-report/,Reports,https://arena.gov.au/projects/project-marinus-further-bass-strait-interconnection/,2018,Past,https://arena.gov.au/assets/2019/12/project-marinus-business-case-assessment-report.pdf,pdfs/Reports/Project_Marinus_Business_Case_Assessment_Report_d9b7f8.pdf,downloaded
Intercast and Forge Demand Response Report 4,30/11/2019,Demand response,Intercast and Forge Demand Response,https://arena.gov.au/knowledge-bank/intercast-and-forge-demand-response-report-4/,Reports,https://arena.gov.au/projects/intercast-and-forge-demand-response/,2017,Past,https://arena.gov.au/assets/2021/02/intercast-and-forge-demand-response-report-4.pdf,pdfs/Reports/Intercast_and_Forge_Demand_Response_Report_4_c4d769.pdf,downloaded
Mussleroe Wind Farm Lessons Learnt Progress Report 2019,30/11/2019,"System security and reliability, Wind energy",Musselroe Wind Farm FCAS Trial,https://arena.gov.au/knowledge-bank/mussleroe-wind-farm-lessons-learnt-progress-report-2019/,"Reports, Lessons",https://arena.gov.au/projects/musselroe-wind-farm-fcas-trial/,2018,Past,https://arena.gov.au/assets/2018/03/mussleroe-wind-farm-lessons-learnt-progress-report-2019.pdf,pdfs/Reports_Lessons/Mussleroe_Wind_Farm_Lessons_Learnt_Progress_Report_2019_738393.pdf,downloaded
A Robotic Vision System for Rapid Inspection and Evaluation of Solar Plant Infrastructure,29/11/2019,"Solar energy, Solar PV R&amp;D",Robotic Vision System for Automatic Inspection & Evaluation of Solar Plants,https://arena.gov.au/knowledge-bank/a-robotic-vision-system-for-rapid-inspection-and-evaluation-of-solar-plant-infrastructure/,"Reports, Lessons",https://arena.gov.au/projects/a-robotic-vision-system-for-automatic-inspection-and-evaluation-of-solar-plants/,2016,Past,https://arena.gov.au/assets/2020/06/robotic-vision-system-for-rapid-inspection-evaluation-solar-plant-infrastructure.pdf,pdfs/Reports_Lessons/A_Robotic_Vision_System_for_Rapid_Inspection_and_Evaluation_of_Solar_Plant_Infrastructure_c353db.pdf,downloaded
Alkimos Beach Energy Storage Trial Customer Insights 2019,28/11/2019,Distributed energy resources,Solar and Storage Trial at Alkimos Beach Residential Development,https://arena.gov.au/knowledge-bank/alkimos-beach-energy-storage-trial-customer-insights-2019/,Reports,https://arena.gov.au/projects/solar-and-storage-trial-at-alkimos-beach-residential-development/,2014,Past,https://arena.gov.au/assets/2017/02/alkimos-beach-energy-storage-trial-customer-insights-research-2019.pdf,pdfs/Reports/Alkimos_Beach_Energy_Storage_Trial_Customer_Insights_2019_e2fe4e.pdf,downloaded
Renewable Energy Options for Industrial Process Heat,21/11/2019,Renewables for industry,,https://arena.gov.au/knowledge-bank/renewable-energy-options-for-industrial-process-heat/,Reports,,,,https://arena.gov.au/assets/2019/11/renewable-energy-options-for-industrial-process-heat.pdf,pdfs/Reports/Renewable_Energy_Options_for_Industrial_Process_Heat_bfe08c.pdf,downloaded
Corporate Renewable Power Purchase Agreements in Australia - State of the Market 2019,20/11/2019,"Renewables for industry, Renewables in buildings",Business Renewables Centre Australia,https://arena.gov.au/knowledge-bank/corporate-renewable-power-purchase-agreements-in-australia-state-of-the-market-2019/,Reports,https://arena.gov.au/projects/business-renewables-centre-australia/,2018,Past,https://arena.gov.au/assets/2018/10/corporate-renewable-power-purchase-agreements-in-australia-state-of-the-market-2019.pdf,pdfs/Reports/Corporate_Renewable_Power_Purchase_Agreements_in_Australia_-_State_of_the_Market_2019_ce6835.pdf,downloaded
Presentation: AEMO Renewable Integration Study Update,20/11/2019,System security and reliability,,https://arena.gov.au/knowledge-bank/presentation-aemo-renewable-integration-study-update/,Presentation,,,,https://arena.gov.au/assets/2019/12/aemo-renewable-integration-study-update.pdf,pdfs/Presentation/Presentation__AEMO_Renewable_Integration_Study_Update_6ef343.pdf,downloaded
Evaluation of ARENA&rsquo;s Impact and Effectiveness,18/11/2019,Renewables for industry,,https://arena.gov.au/knowledge-bank/evaluation-of-arenas-impact-and-effectiveness/,Reports,,,,https://arena.gov.au/assets/2019/11/evaluation-of-arenas-impact-and-effectiveness.pdf,pdfs/Reports/Evaluation_of_ARENA&rsquo;s_Impact_and_Effectiveness_f04ea0.pdf,downloaded
Presentation: Distributed Energy Integration Program DEIP CEO Forum Materials,18/11/2019,Distributed energy resources,,https://arena.gov.au/knowledge-bank/presentation-distributed-energy-integration-program-deip-ceo-forum/,Presentation,,,,https://arena.gov.au/assets/2019/12/DEIP-CEO-Forum-slides.pdf,pdfs/Presentation/Presentation__Distributed_Energy_Integration_Program_DEIP_CEO_Forum_Materials_25e83b.pdf,downloaded
"Presentation: The German Energy Transition: Status, Challenges and Solutions",16/11/2019,Renewables for industry,,https://arena.gov.au/knowledge-bank/presentation-the-german-energy-transition-status-challenges-and-solutions/,Presentation,,,,https://arena.gov.au/assets/2019/12/the-german-energy-transition-status-challenges-solutions.pdf,"pdfs/Presentation/Presentation__The_German_Energy_Transition__Status,_Challenges_and_Solutions_8f2926.pdf",downloaded
Presentation: Toyota Australia Fuel Cell Project,16/11/2019,Hydrogen energy,Toyota Ecopark Hydrogen Demonstration,https://arena.gov.au/knowledge-bank/presentation-toyota-australia-fuel-cell-project/,Presentation,https://arena.gov.au/projects/toyota-ecopark-hydrogen-demonstration/,2019,Past,https://arena.gov.au/assets/2019/12/toyota-australia-fuel-cell-project.pdf,pdfs/Presentation/Presentation__Toyota_Australia_Fuel_Cell_Project_b750c0.pdf,downloaded
Presentation: ATCO Clean Energy Innovation Hub Lessons,16/11/2019,Hydrogen energy,ATCO Hydrogen Microgrid,https://arena.gov.au/knowledge-bank/presentation-atco-clean-energy-innovation-hub-lessons/,Presentation,https://arena.gov.au/projects/atco-hydrogen-microgrid/,2018,Past,https://arena.gov.au/assets/2019/12/atco-clean-energy-innovation-hub-lessions.pdf,pdfs/Presentation/Presentation__ATCO_Clean_Energy_Innovation_Hub_Lessons_1b69b1.pdf,downloaded
Biofuels and Transport: An Australian opportunity,15/11/2019,Bioenergy / Energy from waste,,https://arena.gov.au/knowledge-bank/biofuels-and-transport-an-australian-opportunity/,Reports,,,,https://arena.gov.au/assets/2019/11/biofuels-and-transport-an-australian-opportunity.pdf,pdfs/Reports/Biofuels_and_Transport__An_Australian_opportunity_a83bf0.pdf,downloaded
Lord Howe Island Lessons Learnt Report: Value Management,15/11/2019,"Battery storage, Hybrid technologies",Lord Howe Island Hybrid Renewable Energy System,https://arena.gov.au/knowledge-bank/lord-howe-island-lessons-learnt-report-value-management/,"Reports, Lessons",https://arena.gov.au/projects/lord-howe-island-hybrid-renewable-energy-system/,2014,Past,https://arena.gov.au/assets/2019/12/lord-howe-lessons-learnt-report-value-management.pdf,pdfs/Reports_Lessons/Lord_Howe_Island_Lessons_Learnt_Report__Value_Management_0ab47a.pdf,downloaded
Source Hydropanel Demonstration Report,11/11/2019,"Solar energy, Solar PV R&amp;D",SOURCE Hydropanel Demonstration Project,https://arena.gov.au/knowledge-bank/source-hydropanel-demonstration-report/,Reports,https://arena.gov.au/projects/source-hydropanel-demonstration/,2018,Past,https://arena.gov.au/assets/2019/11/source-hydropanel-demonstration-report.pdf,pdfs/Reports/Source_Hydropanel_Demonstration_Report_a5f7f9.pdf,downloaded
November 2019 Powershop Demand Response Program,3/11/2019,Demand response,Powershop Australia Demand Response Program,https://arena.gov.au/knowledge-bank/november-2019-powershop-demand-response-program/,Reports,https://arena.gov.au/projects/powershop-australia-demand-response-program/,2017,Past,https://arena.gov.au/assets/2019/11/powershop-demand-response-program-november-2019.pdf,pdfs/Reports/November_2019_Powershop_Demand_Response_Program_88564d.pdf,downloaded
November 2019 Project Performance Report - Energy Under Control,3/11/2019,Demand response,Flow Power Energy Under Control Demand Response,https://arena.gov.au/knowledge-bank/november-2019-project-performance-report-energy-under-control/,Reports,https://arena.gov.au/projects/flow-power-energy-under-control-demand-response/,2017,Past,https://arena.gov.au/assets/2020/09/flow-power-project-performance-report-november-2019.pdf,pdfs/Reports/November_2019_Project_Performance_Report_-_Energy_Under_Control_53f0c2.pdf,downloaded
deX Project Progress Report October 2019,1/11/2019,Distributed energy resources,Decentralised Energy Exchange (deX) Program,https://arena.gov.au/knowledge-bank/dex-project-progress-report/,Reports,https://arena.gov.au/projects/decentralised-energy-exchange/,2019,Past,https://arena.gov.au/assets/2019/03/dex-project-progress-report.pdf,pdfs/Reports/deX_Project_Progress_Report_October_2019_57b427.pdf,downloaded
Advanced Planning of PV-Rich Distribution Networks - Deliverable 2: Innovative Analytical Techniques,22/10/2019,Distributed energy resources,Advanced Planning of PV-Rich Distribution Networks Study,https://arena.gov.au/knowledge-bank/advanced-planning-of-pv-rich-distribution-networks-deliverable-2-innovative-analytical-techniques/,Reports,https://arena.gov.au/projects/advanced-planning-of-pv-rich-distribution-networks-study/,2019,Past,https://arena.gov.au/assets/2019/02/advanced-planning-of-pv-rich-distribution-networks-deliverable-2.pdf,pdfs/Reports/Advanced_Planning_of_PV-Rich_Distribution_Networks_-_Deliverable_2__Innovative_Analytical_Techniques_4f8968.pdf,downloaded
ARENA Insights Newsletter Edition #12,18/10/2019,Battery storage,,https://arena.gov.au/knowledge-bank/arena-insights-edition-12/,InsightNewsletter,,,,,,no_pdf_found
Solar SETuP Fact Sheet,18/10/2019,"Battery storage, Hybrid technologies, Off grid, Solar energy",NT Solar Energy Transformation Program,https://arena.gov.au/knowledge-bank/solar-setup-fact-sheet/,Guides,https://arena.gov.au/projects/northern-territory-solar-energy-transformation-program/,2014,Past,https://arena.gov.au/assets/2017/02/pwc-solar-setup-fact-sheet.pdf,pdfs/Guides/Solar_SETuP_Fact_Sheet_bbbada.pdf,downloaded
SETuP ' Lessons Learnt Report ' Rollout Challenges,18/10/2019,"Battery storage, Hybrid technologies, Off grid, Solar energy",NT Solar Energy Transformation Program,https://arena.gov.au/knowledge-bank/setup-lessons-learnt-report-rollout-challenges/,"Reports, Lessons",https://arena.gov.au/projects/northern-territory-solar-energy-transformation-program/,2014,Past,https://arena.gov.au/assets/2017/02/setup-lessons-learnt-report-rollout-challenges.pdf,pdfs/Reports_Lessons/SETuP_'_Lessons_Learnt_Report_'_Rollout_Challenges_e560ee.pdf,downloaded
SETuP ' Lessons Learnt Report ' Remoteness Challenges,18/10/2019,"Battery storage, Hybrid technologies, Off grid, Solar energy",NT Solar Energy Transformation Program,https://arena.gov.au/knowledge-bank/setup-lessons-learnt-report-remoteness-challenges/,"Reports, Lessons",https://arena.gov.au/projects/northern-territory-solar-energy-transformation-program/,2014,Past,https://arena.gov.au/assets/2017/02/setup-lessons-learnt-report-remoteness-challenges.pdf,pdfs/Reports_Lessons/SETuP_'_Lessons_Learnt_Report_'_Remoteness_Challenges_e550dc.pdf,downloaded
SETuP ' Lessons Learnt Report ' Remote Community Engagement,18/10/2019,"Battery storage, Hybrid technologies, Off grid, Solar energy",NT Solar Energy Transformation Program,https://arena.gov.au/knowledge-bank/setup-lessons-learnt-report-remote-community-engagement/,"Reports, Lessons",https://arena.gov.au/projects/northern-territory-solar-energy-transformation-program/,2014,Past,https://arena.gov.au/assets/2017/02/setup-lessons-learnt-report-remote-community-engagement.pdf,pdfs/Reports_Lessons/SETuP_'_Lessons_Learnt_Report_'_Remote_Community_Engagement_870239.pdf,downloaded
SETuP Knowledge Sharing ' Daly River Lessons Learnt,18/10/2019,"Battery storage, Hybrid technologies, Off grid, Solar energy",NT Solar Energy Transformation Program,https://arena.gov.au/knowledge-bank/setup-knowledge-sharing-daly-river-lessons-learnt/,"Reports, Lessons",https://arena.gov.au/projects/northern-territory-solar-energy-transformation-program/,2014,Past,https://arena.gov.au/assets/2017/02/setup-knowledge-sharing-daily-river-lessons-learned.pdf,pdfs/Reports_Lessons/SETuP_Knowledge_Sharing_'_Daly_River_Lessons_Learnt_fdb2cd.pdf,downloaded
Solar SETuP Case Study ' Rollout of Tranche One Medium Contribution Sites,18/10/2019,"Battery storage, Hybrid technologies, Off grid, Solar energy",NT Solar Energy Transformation Program,https://arena.gov.au/knowledge-bank/solar-setup-case-study-rollout-of-tranche-one-medium-contribution-sites/,Reports,https://arena.gov.au/projects/northern-territory-solar-energy-transformation-program/,2014,Past,https://arena.gov.au/assets/2017/02/setup-case-study-rollout-of-tranche-one-medium-contribution-sites.pdf,pdfs/Reports/Solar_SETuP_Case_Study_'_Rollout_of_Tranche_One_Medium_Contribution_Sites_e19b6f.pdf,downloaded
Solar/Diesel Mini-Grid Handbook 2nd Edition,18/10/2019,"Battery storage, Hybrid technologies, Off grid, Solar energy",NT Solar Energy Transformation Program,https://arena.gov.au/knowledge-bank/solar-diesel-mini-grid-handbook-2/,Reports,https://arena.gov.au/projects/northern-territory-solar-energy-transformation-program/,2014,Past,https://arena.gov.au/assets/2019/10/solar-diesel-mini-grid-handbook-powerwater.pdf,pdfs/Reports/Solar_Diesel_Mini-Grid_Handbook_2nd_Edition_435525.pdf,downloaded
SETuP Knowledge Sharing - Daly River Lessons Learnt,17/10/2019,"Solar energy, Solar PV R&amp;D",Daly River Solar Research Project,https://arena.gov.au/knowledge-bank/setup-knowledge-sharing-daly-river-lessons-learnt-2/,Reports,https://arena.gov.au/projects/daly-river-solar-research-project/,2012,Past,https://arena.gov.au/assets/2019/10/setup-knowledge-sharing-daly-river-nauiyu-lessons-learned-and-performance-report-september-2019.pdf,pdfs/Reports/SETuP_Knowledge_Sharing_-_Daly_River_Lessons_Learnt_d7930c.pdf,downloaded
Gannawarra Energy Storage System: Project Summary Report,17/10/2019,Battery storage,Gannawarra Energy Storage System (GESS),https://arena.gov.au/knowledge-bank/gannawarra-energy-storage-system-project-summary-report/,Reports,https://arena.gov.au/projects/gannawarra-energy-storage-system/,2018,Past,https://arena.gov.au/assets/2019/10/gannawarra-energy-storage-system-knowledge-sharing-report.pdf,pdfs/Reports/Gannawarra_Energy_Storage_System__Project_Summary_Report_53d12c.pdf,downloaded
Ballarat BESS: Knowledge Sharing Report,17/10/2019,Battery storage,Ballarat Energy Storage System (BESS),https://arena.gov.au/knowledge-bank/ballarat-bess-knowledge-sharing-report/,Reports,https://arena.gov.au/projects/ballarat-energy-storage-system/,2018,Past,https://arena.gov.au/assets/2019/10/ballarat-bess-knowledge-sharing-report-commissioning-downer.pdf,pdfs/Reports/Ballarat_BESS__Knowledge_Sharing_Report_aacad5.pdf,downloaded
Pricing and Integration of DER Webinar Summary,15/10/2019,Distributed energy resources,Pricing and Integration of Distributed Energy Resources,https://arena.gov.au/knowledge-bank/pricing-and-integration-of-der-webinar-summary/,Reports,https://arena.gov.au/projects/pricing-and-integration-of-distributed-energy-resources-study/,2018,Past,https://arena.gov.au/assets/2019/02/pricing-integration-of-der-webinar-summary.pdf,pdfs/Reports/Pricing_and_Integration_of_DER_Webinar_Summary_3a4ca6.pdf,downloaded
United Energy Demand Response Project Performance Milestone 5,15/10/2019,Demand response,United Energy Distribution Demand Response,https://arena.gov.au/knowledge-bank/united-energy-demand-response-project-performance-report-milestone-report-5/,"Reports, Milestones",https://arena.gov.au/projects/united-energy-distribution-demand-response/,2017,Past,https://arena.gov.au/assets/2017/12/united-energy-demand-response-project-performance-report-milestone-5.pdf,pdfs/Reports_Milestones/United_Energy_Demand_Response_Project_Performance_Milestone_5_70fc9e.pdf,downloaded
NSW Demand Response Report October 2019,9/10/2019,Demand response,AGL Demand Response,https://arena.gov.au/knowledge-bank/nsw-demand-response-report-october-2019/,Reports,https://arena.gov.au/projects/agl-demand-response/,2017,Past,https://arena.gov.au/assets/2018/09/agl-nsw-demand-response-report-october-2019.pdf,pdfs/Reports/NSW_Demand_Response_Report_October_2019_01a5fe.pdf,downloaded
Activation of the ARENA DR Trial Portfolio Under the SN RERT Panel,2/10/2019,Demand response,,https://arena.gov.au/knowledge-bank/activation-of-the-arena-dr-trial-portfolio-under-the-sn-rert-panel/,Reports,,,,https://arena.gov.au/assets/2019/10/activation-of-the-arena-dr-trial-portfolio-under-the-sn-rert-panel.pdf,pdfs/Reports/Activation_of_the_ARENA_DR_Trial_Portfolio_Under_the_SN_RERT_Panel_195943.pdf,downloaded
Enel X Demand Response Project - Knowledge Sharing Report 4,30/09/2019,Demand response,Enel X Demand Response Project,https://arena.gov.au/knowledge-bank/enel-x-demand-response-project-knowledge-sharing-report-4/,Reports,https://arena.gov.au/projects/enel-x-demand-response-project/,2017,Past,https://arena.gov.au/assets/2019/11/enel-x-arena-demand-respone-trial-report-4.pdf,pdfs/Reports/Enel_X_Demand_Response_Project_-_Knowledge_Sharing_Report_4_e2b355.pdf,downloaded
Lithium Ion Battery Testing Report 7,30/09/2019,Battery storage,Testing the Performance of Lithium Ion Batteries,https://arena.gov.au/knowledge-bank/report-7-lithium-ion-battery-testing/,Reports,https://arena.gov.au/projects/testing-the-performance-of-lithium-ion-batteries/,2015,Past,https://arena.gov.au/assets/2019/11/public-report-7-lithium-ion-battery-testing.pdf,pdfs/Reports/Lithium_Ion_Battery_Testing_Report_7_05e229.pdf,downloaded
Networks Renewed: Project Results and Lessons Learnt,30/09/2019,Distributed energy resources,Networks Renewed,https://arena.gov.au/knowledge-bank/networks-renewed-project-results-and-lessons-learnt/,Reports,https://arena.gov.au/projects/networks-renewed/,2016,Past,https://arena.gov.au/assets/2017/02/networks-renewed-project-results-lessons-learnt.pdf,pdfs/Reports/Networks_Renewed__Project_Results_and_Lessons_Learnt_291510.pdf,downloaded
Clean Energy Innovation Hub,29/09/2019,Hydrogen energy,ATCO Hydrogen Microgrid,https://arena.gov.au/knowledge-bank/clean-energy-innovation-hub/,"Reports, Lessons",https://arena.gov.au/projects/atco-hydrogen-microgrid/,2018,Past,https://arena.gov.au/assets/2018/07/clean-energy-hub-innovation-report.pdf,pdfs/Reports_Lessons/Clean_Energy_Innovation_Hub_ce1342.pdf,downloaded
Large-Scale Battery Storage Knowledge Sharing Report,25/09/2019,Battery storage,,https://arena.gov.au/knowledge-bank/large-scale-battery-storage-knowledge-sharing-report/,"Reports, Insights",,,,https://arena.gov.au/assets/2019/11/large-scale-battery-storage-knowledge-sharing-report.pdf,pdfs/Reports_Insights/Large-Scale_Battery_Storage_Knowledge_Sharing_Report_bd7786.pdf,downloaded
Baselining the ARENA-AEMO Demand Response RERT Trial,25/09/2019,Demand response,,https://arena.gov.au/knowledge-bank/baselining-the-arena-aemo-demand-response-rert-trial/,Reports,,,,https://arena.gov.au/assets/2019/09/baselining-arena-aemo-demand-response-rert-trial.pdf,pdfs/Reports/Baselining_the_ARENA-AEMO_Demand_Response_RERT_Trial_4d039c.pdf,downloaded
ARENA Insights Newsletter Edition #11,18/09/2019,Solar PV R&amp;D,,https://arena.gov.au/knowledge-bank/arena-insights-edition-11/,InsightNewsletter,,,,,,no_pdf_found
ARENA-Funded Cutting Edge Research in Photovoltaics,16/09/2019,Solar PV R&amp;D,,https://arena.gov.au/knowledge-bank/cutting-edge-research-in-photovoltaics-through-arena-funded-projects/,Reports,,,,https://arena.gov.au/assets/2019/09/cutting-edge-reserch-in-pv-arena-funded-projects.pdf,pdfs/Reports/ARENA-Funded_Cutting_Edge_Research_in_Photovoltaics_2ffcd7.pdf,downloaded
ARENA Insights Spotlight: Dr Brett Hallam from UNSW,16/09/2019,"Solar energy, Solar PV R&amp;D",Hydrogenated and Hybrid Heterojunction P-Type Silicon Solar Cells,https://arena.gov.au/knowledge-bank/arena-insights-spotlight-dr-brett-hallam-from-unsw/,Insights,https://arena.gov.au/projects/hydrogenated-hybrid-heterojunction-p-type-silicon-solar-cells/,2017,Past,https://arena.gov.au/assets/2019/09/insights-spotlight-dr-brett-hallam-unsw.pdf,pdfs/Insights/ARENA_Insights_Spotlight__Dr_Brett_Hallam_from_UNSW_d3f065.pdf,downloaded
ARENA Insights Spotlight: Professor Kylie Catchpole from ANU,16/09/2019,"Solar energy, Solar PV R&amp;D",Monolithic Perovskite-Silicon Tandem Cells: Towards Commercial Reality,https://arena.gov.au/knowledge-bank/arena-insights-spotlight-professor-kylie-catchpole-from-anu/,Insights,https://arena.gov.au/projects/monolithic-perovskite-silicon-tandem-cells/,2017,Past,https://arena.gov.au/assets/2019/09/insights-spotlight-prof-kylie-catchpole-anu.pdf,pdfs/Insights/ARENA_Insights_Spotlight__Professor_Kylie_Catchpole_from_ANU_43dfa5.pdf,downloaded
ARENA Insights Spotlight: Dr Doojin Vak from CSIRO,16/09/2019,"Solar energy, Solar PV R&amp;D",Manufacturing of Printed Perovskite PV Modules,https://arena.gov.au/knowledge-bank/arena-insights-spotlight-dr-doojin-vak-from-csiro/,Insights,https://arena.gov.au/projects/printed-perovskite-pv-modules/,2017,Past,https://arena.gov.au/assets/2019/09/insights-spotlight-dr-doojin-dak-csiro.pdf,pdfs/Insights/ARENA_Insights_Spotlight__Dr_Doojin_Vak_from_CSIRO_d663ec.pdf,downloaded
Hydrogenated and Hybrid Heterojunction P-Type Silicon PV Cells,4/09/2019,"Solar energy, Solar PV R&amp;D",Hydrogenated and Hybrid Heterojunction P-Type Silicon Solar Cells,https://arena.gov.au/knowledge-bank/hydrogenated-and-hybrid-heterojunction-p-type-silicon-pv-cells/,"Reports, Lessons",https://arena.gov.au/projects/hydrogenated-hybrid-heterojunction-p-type-silicon-solar-cells/,2017,Past,https://arena.gov.au/assets/2018/01/hydrogenated-hybrid-heterojunction-p-type-silicon-pv-cells.pdf,pdfs/Reports_Lessons/Hydrogenated_and_Hybrid_Heterojunction_P-Type_Silicon_PV_Cells_974d8d.pdf,downloaded
Uniwater Final and Project Failure,30/08/2019,Bioenergy / Energy from waste,Unitywater Sewage Waste to Energy Feasibility Study,https://arena.gov.au/knowledge-bank/uniwater-final-and-project-failure/,Reports,https://arena.gov.au/projects/unitywater-sewage-waste-energy-feasibility-study/,2016,Past,https://arena.gov.au/assets/2017/02/uniwater-failure-report.pdf,pdfs/Reports/Uniwater_Final_and_Project_Failure_2c35fa.pdf,downloaded
Battery of the Nation - Challenges in Modelling the Transforming NEM,28/08/2019,Hydropower / Pumped Hydro Energy Storage,Battery of the Nation Future State NEM Analysis (Stage 2),https://arena.gov.au/knowledge-bank/battery-of-the-nation-challenges-in-modelling-the-transforming-nem/,Reports,https://arena.gov.au/projects/battery-of-the-nation-future-state-nem-analysis-stage-2/,2019,Past,https://arena.gov.au/assets/2020/04/battery-of-the-nation-challenges-in-modelling-the-transforming-nem.pdf,pdfs/Reports/Battery_of_the_Nation_-_Challenges_in_Modelling_the_Transforming_NEM_45c739.pdf,downloaded
Battery of the Nation - Unlocking Investment in Storage for a Future Reliable NEM,28/08/2019,Hydropower / Pumped Hydro Energy Storage,Battery of the Nation Future State NEM Analysis (Stage 2),https://arena.gov.au/knowledge-bank/battery-of-the-nation-unlocking-investment-in-storage-for-a-future-reliable-nem/,Reports,https://arena.gov.au/projects/battery-of-the-nation-future-state-nem-analysis-stage-2/,2019,Past,https://arena.gov.au/assets/2020/04/battery-of-the-nation-unlocking-investment-in-storage-for-a-reliable-future-nem.pdf,pdfs/Reports/Battery_of_the_Nation_-_Unlocking_Investment_in_Storage_for_a_Future_Reliable_NEM_e953d8.pdf,downloaded
Battery of the Nation - Understanding Reliability in the Future NEM,28/08/2019,Hydropower / Pumped Hydro Energy Storage,Battery of the Nation Future State NEM Analysis (Stage 2),https://arena.gov.au/knowledge-bank/report-battery-of-the-nation-understanding-reliability-in-the-future-nem/,Reports,https://arena.gov.au/projects/battery-of-the-nation-future-state-nem-analysis-stage-2/,2019,Past,https://arena.gov.au/assets/2020/04/battery-of-the-nation-understanding-reliability-in-the-future-nem.pdf,pdfs/Reports/Battery_of_the_Nation_-_Understanding_Reliability_in_the_Future_NEM_7853ea.pdf,downloaded
Battery of the Nation - Operation of Storages Without Perfect Foresight,28/08/2019,Hydropower / Pumped Hydro Energy Storage,Battery of the Nation Future State NEM Analysis (Stage 2),https://arena.gov.au/knowledge-bank/battery-of-the-nation-operation-of-storages-without-perfect-foresight/,Reports,https://arena.gov.au/projects/battery-of-the-nation-future-state-nem-analysis-stage-2/,2019,Past,https://arena.gov.au/assets/2020/04/battery-of-the-nation-operation-of-storages-without-perfect-foresight.pdf,pdfs/Reports/Battery_of_the_Nation_-_Operation_of_Storages_Without_Perfect_Foresight_fde3d3.pdf,downloaded
The Case for Deep Storage - Why the NEM Needs Battery of the Nation,28/08/2019,Hydropower / Pumped Hydro Energy Storage,Battery of the Nation Future State NEM Analysis (Stage 2),https://arena.gov.au/knowledge-bank/the-case-for-deep-storage-why-the-nem-needs-battery-of-the-nation/,Reports,https://arena.gov.au/projects/battery-of-the-nation-future-state-nem-analysis-stage-2/,2019,Past,https://arena.gov.au/assets/2020/04/the-case-for-deep-storage-why-the-nem-needs-battery-of-the-nation.pdf,pdfs/Reports/The_Case_for_Deep_Storage_-_Why_the_NEM_Needs_Battery_of_the_Nation_1e1c36.pdf,downloaded
Lessons Learnt: Hydrogenated Bifacial PERL Silicon PV Cells with Laser Doping and Plated Contacts,28/08/2019,"Solar energy, Solar PV R&amp;D",Hydrogenated Bifacial PERL Silicon PV Cells,https://arena.gov.au/knowledge-bank/report-hydrogenated-bifacial-perl-silicon-pv-cells-with-laser-doping-and-plated-contacts-project-results-and-lessons-learnt/,"Reports, Lessons",https://arena.gov.au/projects/hydrogenated-bifacial-perl-silicon-pv-cells/,2017,Past,https://arena.gov.au/assets/2018/01/hydrogenated-bifacial-perl-silicon-pv-cells-report.pdf,pdfs/Reports_Lessons/Lessons_Learnt__Hydrogenated_Bifacial_PERL_Silicon_PV_Cells_with_Laser_Doping_and_Plated_Contacts_c94b6c.pdf,downloaded
How Battery of the Nation Can Contribute to Victoria's Energy Needs and Objectives,28/08/2019,Hydropower / Pumped Hydro Energy Storage,Battery of the Nation Future State NEM Analysis (Stage 2),https://arena.gov.au/knowledge-bank/how-battery-of-the-nation-can-contribute-to-victorias-energy-needs-and-objectives/,Reports,https://arena.gov.au/projects/battery-of-the-nation-future-state-nem-analysis-stage-2/,2019,Past,https://arena.gov.au/assets/2020/04/how-botn-can-contribute-to-victorias-energy-needs-and-objectives.pdf,pdfs/Reports/How_Battery_of_the_Nation_Can_Contribute_to_Victoria's_Energy_Needs_and_Objectives_ee0944.pdf,downloaded
Integrating Industrial Black Silicon with High Efficiency Multicrystalline Solar Cells,28/08/2019,"Solar energy, Solar PV R&amp;D",Integrating Industrial Black Silicon,https://arena.gov.au/knowledge-bank/integrating-industrial-black-silicon-with-high-efficiency-multicrystalline-solar-cells/,"Reports, Lessons",https://arena.gov.au/projects/integrating-industrial-black-silicon-high-efficiency-multicrystalline-solar-cells/,2017,Past,https://arena.gov.au/assets/2018/01/integrating-industrial-black-silicon-high-efficiency-multicrystalline-solar-cells-.pdf,pdfs/Reports_Lessons/Integrating_Industrial_Black_Silicon_with_High_Efficiency_Multicrystalline_Solar_Cells_fe7163.pdf,downloaded
Accelerating Industrial Solar Cells Efficiency by Development of Plasma-Enhanced Chemical Vapour Deposition,28/08/2019,"Solar energy, Solar PV R&amp;D",Accelerating Industrial Solar Cells,https://arena.gov.au/knowledge-bank/accelerating-industrial-solar-cells-efficiency-by-development-of-plasma-enhanced-chemical-vapour-deposition-pecvd-based-metal-oxides/,"Reports, Lessons",https://arena.gov.au/projects/accelerating-industrial-solar-cells-efficiency/,2017,Past,https://arena.gov.au/assets/2018/01/accelerating-industrial-solar-cells-efficiency.pdf,pdfs/Reports_Lessons/Accelerating_Industrial_Solar_Cells_Efficiency_by_Development_of_Plasma-Enhanced_Chemical_Vapour_Deposition_43f426.pdf,downloaded
Advanced High Efficiency Solar Cells Employing Innovative Atomic Scale Engineered Surface & Contact Passivation Layers,28/08/2019,"Solar energy, Solar PV R&amp;D",Advanced High-Efficiency Silicon Solar Cells,https://arena.gov.au/knowledge-bank/advanced-high-efficiency-silicon-solar-cells-employing-innovative-atomic-scale-engineered-surface-and-contact-passivation-layers/,"Reports, Lessons",https://arena.gov.au/projects/advanced-high-efficiency-silicon-solar-cells/,2017,Past,https://arena.gov.au/assets/2018/01/advanced-high-efficiency-silicon-solar-cells.pdf,pdfs/Reports_Lessons/Advanced_High_Efficiency_Solar_Cells_Employing_Innovative_Atomic_Scale_Engineered_Surface_&_Contact_Passivation_Layers_fa1c8d.pdf,downloaded
Bringing All-Polymer Solar Cells Closer to Commercialization Lessons Learnt 1,28/08/2019,"Solar energy, Solar PV R&amp;D",Monash University Polymer PV Study,https://arena.gov.au/knowledge-bank/bringing-all-polymer-solar-cells-closer-to-commercialization/,"Reports, Lessons",https://arena.gov.au/projects/monash-university-polymer-pv-study/,2017,Past,https://arena.gov.au/assets/2018/05/bringing-all-polymer-solar-cells-closer-to-commercialization.pdf,pdfs/Reports_Lessons/Bringing_All-Polymer_Solar_Cells_Closer_to_Commercialization_Lessons_Learnt_1_7b3e2b.pdf,downloaded
Investigate Metallised Encapsulant for Silicon PV Modules,28/08/2019,"Solar energy, Solar PV R&amp;D",Metallised Encapsulant for Silicon PV Modules,https://arena.gov.au/knowledge-bank/investigate-metallised-encapsulant-for-silicon-pv-modules/,"Reports, Lessons",https://arena.gov.au/projects/metallised-encapsulant-silicon-pv-modules/,2017,Past,https://arena.gov.au/assets/2018/01/investigate-metallised-encapsulant-for-silicon-pv-modules.pdf,pdfs/Reports_Lessons/Investigate_Metallised_Encapsulant_for_Silicon_PV_Modules_8ebe3e.pdf,downloaded
Next Generation Silicon Sub-cells for High Efficiency III-V/Si Multi-Junction Solar Cells,28/08/2019,"Solar energy, Solar PV R&amp;D",Next Generation Silicon Sub-Cells,https://arena.gov.au/knowledge-bank/next-generation-silicon-sub-cells-for-high-efficiency-iii-v-si-multi-junction-solar-cells/,"Reports, Lessons",https://arena.gov.au/projects/next-generation-silicon-sub-cells/,2017,Past,https://arena.gov.au/assets/2018/01/next-generation-silicon-sub-cells-high-efficiency-multi-junction-solar-cells.pdf,pdfs/Reports_Lessons/Next_Generation_Silicon_Sub-cells_for_High_Efficiency_III-V_Si_Multi-Junction_Solar_Cells_d5d7a8.pdf,downloaded
Improving World-Record Commercial N-Type Solar Cells Through Recombination Analysis & Innovative Passivation,28/08/2019,"Solar energy, Solar PV R&amp;D",Improving World-Record Commercial High-Efficiency N-Type Solar Cells,https://arena.gov.au/knowledge-bank/improving-world-record-commercial-high-efficiency-n-type-solar-cells-through-recombination-analysis-innovative-passivation/,"Reports, Lessons",https://arena.gov.au/projects/improving-world-record-commercial-high-efficiency-n-type-solar-cells/,2017,Past,https://arena.gov.au/assets/2018/01/world-record-commercial-high-efficiency-n-type-solar-cells.pdf,pdfs/Reports_Lessons/Improving_World-Record_Commercial_N-Type_Solar_Cells_Through_Recombination_Analysis_&_Innovative_Passivation_b55c3e.pdf,downloaded
ESCRI-SA Battery Energy Storage Project Operational Report 1,23/08/2019,Battery storage,Energy Storage for Commercial Renewable Integration (ESCRI) Phase 2,https://arena.gov.au/knowledge-bank/escri-sa-battery-energy-storage-project-operational-report-1/,Reports,https://arena.gov.au/projects/energy-storage-for-commercial-renewable-integration-escri-phase-2/,2017,Past,https://arena.gov.au/assets/2016/02/escri-sa-battery-energy-storage.pdf,pdfs/Reports/ESCRI-SA_Battery_Energy_Storage_Project_Operational_Report_1_c9421d.pdf,downloaded
Environmental Upgrade Finance - Program Guide for Councils,23/08/2019,"Solar energy, Solar PV R&amp;D",Expansion of the Environmental Upgrade Agreement Market,https://arena.gov.au/knowledge-bank/environmental-upgrade-finance-program-guide-for-councils/,Guides,https://arena.gov.au/projects/expansion-environmental-upgrade-agreement-market-victoria/,2016,Past,https://arena.gov.au/assets/2017/02/environment-upgrade-finance-program-guide-for-councils.pdf,pdfs/Guides/Environmental_Upgrade_Finance_-_Program_Guide_for_Councils_b3f68b.pdf,downloaded
ARENA/AEMO DR Trial Project Performance Report Summer 2019,23/08/2019,Demand response,Zen Ecosystems Demand Response,https://arena.gov.au/knowledge-bank/arena-aemo-dr-trial-project-performance-report-summer-2019/,Reports,https://arena.gov.au/projects/zen-ecosystems-demand-response/,2017,Past,https://arena.gov.au/assets/2017/12/arena-aemo-dr-trial-report-summer-2019.pdf,pdfs/Reports/ARENA_AEMO_DR_Trial_Project_Performance_Report_Summer_2019_8180ba.pdf,downloaded
ARENA Insights Newsletter Edition #10,16/08/2019,Distributed energy resources,,https://arena.gov.au/knowledge-bank/arena-insights-edition-10/,InsightNewsletter,,,,,,no_pdf_found
High-Efficiency Silicon - Perovskite Tandem Cells and Modules: Demonstration and Commercial Evaluation,15/08/2019,"Solar energy, Solar PV R&amp;D",Creating a Better Solar Cell,https://arena.gov.au/knowledge-bank/high-efficiency-silicon-perovskite-tandem-cells-and-modules-demonstration-and-commercial-evaluation/,"Reports, Lessons",https://arena.gov.au/projects/creating-a-better-solar-cell-unsw/,2014,Past,https://arena.gov.au/assets/2019/10/high-efficiency-silicon-perovskite-tandem-cells-modules-demonstration-commercial-evaluation.pdf,pdfs/Reports_Lessons/High-Efficiency_Silicon_-_Perovskite_Tandem_Cells_and_Modules__Demonstration_and_Commercial_Evaluation_bb25d2.pdf,downloaded
ARENA Insights Spotlight: Local Champions in the Cities Power Partnership,15/08/2019,Distributed energy resources,Cities Power Partnership,https://arena.gov.au/knowledge-bank/arena-insights-spotlight-local-champions-in-the-cities-power-partnership/,Insights,https://arena.gov.au/projects/cities-power-partnership/,2018,Past,https://arena.gov.au/assets/2019/08/local-champions-in-cities-power-partnership-insights.pdf,pdfs/Insights/ARENA_Insights_Spotlight__Local_Champions_in_the_Cities_Power_Partnership_5c6f10.pdf,downloaded
ARENA Insights Spotlight: The Cities Power Partnership,15/08/2019,Distributed energy resources,Cities Power Partnership,https://arena.gov.au/knowledge-bank/arena-insights-spotlight-the-cities-power-partnership/,Insights,https://arena.gov.au/projects/cities-power-partnership/,2018,Past,https://arena.gov.au/assets/2019/08/cities-power-partnership-insights.pdf,pdfs/Insights/ARENA_Insights_Spotlight__The_Cities_Power_Partnership_84d513.pdf,downloaded
Battery of The Nation PHES Prefeasibility Studies Summary,15/08/2019,Hydropower / Pumped Hydro Energy Storage,Tasmanian Pumped Hydro Energy Storage Opportunities Stage 2,https://arena.gov.au/knowledge-bank/battery-of-the-nation-phes-prefeasibility-studies-summary/,Reports,https://arena.gov.au/projects/tasmanian-pumped-hydro-energy-storage-opportunities-stage-2/,2018,Past,https://arena.gov.au/assets/2018/02/battery-of-the-nation-pumped-hydro-energy-storage-projects-prefeasibility-report.pdf,pdfs/Reports/Battery_of_The_Nation_PHES_Prefeasibility_Studies_Summary_75e6af.pdf,downloaded
Applying Behavioural Insights to Powershop&rsquo;s Curb Your Power Program,14/08/2019,Demand response,Powershop Australia Demand Response Program,https://arena.gov.au/knowledge-bank/applying-behavioural-insights-to-powershops-curb-your-power-program/,Reports,https://arena.gov.au/projects/powershop-australia-demand-response-program/,2017,Past,https://arena.gov.au/assets/2017/12/applying-behavioural-insights-powershops-curb-your-power.pdf,pdfs/Reports/Applying_Behavioural_Insights_to_Powershop&rsquo;s_Curb_Your_Power_Program_c9b96f.pdf,downloaded
Tandem PV Micro Concentrator Project Results and Lessons Learnt,12/08/2019,"Solar energy, Solar PV R&amp;D",Tandem PV Micro Concentrator,https://arena.gov.au/knowledge-bank/tandem-pv-micro-concentrator/,"Reports, Lessons",https://arena.gov.au/projects/tandem-pv-micro-concentrator/,2017,Past,https://arena.gov.au/assets/2018/01/tandem-pv-micro-concentrator.pdf,pdfs/Reports_Lessons/Tandem_PV_Micro_Concentrator_Project_Results_and_Lessons_Learnt_86a643.pdf,downloaded
Monolithic Perovskite ' Silicon Tandem Cells: Towards Commercial Reality Project Results and Lessons Learnt,7/08/2019,"Solar energy, Solar PV R&amp;D",Monolithic Perovskite-Silicon Tandem Cells: Towards Commercial Reality,https://arena.gov.au/knowledge-bank/monolithic-perovskite-silicon-tandem-cells-towards-commercial-reality-project-results-and-lessons-learnt/,"Reports, Lessons",https://arena.gov.au/projects/monolithic-perovskite-silicon-tandem-cells/,2017,Past,https://arena.gov.au/assets/2018/01/monolithic-perovskite-silicon-tandem-cells-towards-commercial-reality.pdf,pdfs/Reports_Lessons/Monolithic_Perovskite_'_Silicon_Tandem_Cells__Towards_Commercial_Reality_Project_Results_and_Lessons_Learnt_fa841c.pdf,downloaded
Development of Stable Electrodes for Perovskite Solar Cells Project Results and Lessons Learnt,7/08/2019,"Solar energy, Solar PV R&amp;D",Development of Stable Electrodes for Perovskite Solar Cells,https://arena.gov.au/knowledge-bank/development-of-stable-electrodes-for-perovskite-solar-cells/,"Reports, Lessons",https://arena.gov.au/projects/development-stable-electrodes-perovskite-solar-cells/,2017,Past,https://arena.gov.au/assets/2018/01/development-of-stable-electrodes-for-perovskite-solar-cells.pdf,pdfs/Reports_Lessons/Development_of_Stable_Electrodes_for_Perovskite_Solar_Cells_Project_Results_and_Lessons_Learnt_257598.pdf,downloaded
Latrobe Valley Microgrid Feasibility Assessment,5/08/2019,Distributed energy resources,Latrobe Valley Microgrid Feasibility Study,https://arena.gov.au/knowledge-bank/latrobe-valley-microgrid-feasibility-assessment/,Reports,https://arena.gov.au/projects/latrobe-valley-microgrid-feasibility-study/,2018,Past,https://arena.gov.au/assets/2018/05/latrobe-valley-microgrid-feasibility-assessment.pdf,pdfs/Reports/Latrobe_Valley_Microgrid_Feasibility_Assessment_777a97.pdf,downloaded
Synthetic Fuel Manufacture - Proof of Concept,30/07/2019,Bioenergy / Energy from waste,Hardwood Residue Bio-Refinery Feasibility Study,https://arena.gov.au/knowledge-bank/synthetic-fuel-manufacture-proof-of-concept/,Reports,https://arena.gov.au/projects/hardwood-residue-bio-refinery-feasibility-study/,2018,Past,https://arena.gov.au/assets/2018/08/synthetic-fuel-manufacture-boral.pdf,pdfs/Reports/Synthetic_Fuel_Manufacture_-_Proof_of_Concept_a9f15d.pdf,downloaded
Hardwood Residue Bio-Refinery Feasibility Study,30/07/2019,Bioenergy / Energy from waste,Hardwood Residue Bio-Refinery Feasibility Study,https://arena.gov.au/knowledge-bank/hardwood-residue-bio-refinery-feasibility-study/,Reports,https://arena.gov.au/projects/hardwood-residue-bio-refinery-feasibility-study/,2018,Past,https://arena.gov.au/assets/2018/08/hardwood-residue-biorefinery-project-feasibility-study.pdf,pdfs/Reports/Hardwood_Residue_Bio-Refinery_Feasibility_Study_4fc467.pdf,downloaded
Integrating Renewable Energy for Industrial Process Heat Training Workshop Summary,29/07/2019,Renewables for industry,,https://arena.gov.au/knowledge-bank/integrating-renewable-energy-for-industrial-process-heat-training-workshop-summary/,Reports,,,,https://arena.gov.au/assets/2019/07/arena-integrating-renewable-energy-industrial-process-heat-training-summary.pdf,pdfs/Reports/Integrating_Renewable_Energy_for_Industrial_Process_Heat_Training_Workshop_Summary_f808eb.pdf,downloaded
Intercast and Forge Demand Response Report 2,29/07/2019,Demand response,Intercast and Forge Demand Response,https://arena.gov.au/knowledge-bank/intercast-and-forge-demand-response-report-2/,Reports,https://arena.gov.au/projects/intercast-and-forge-demand-response/,2017,Past,https://arena.gov.au/assets/2020/09/intercast-and-forge-demand-response-report-2.pdf,pdfs/Reports/Intercast_and_Forge_Demand_Response_Report_2_56d866.pdf,downloaded
Bladed Receivers with Active Airflow Control,24/07/2019,"Concentrated solar thermal, Solar energy",Improving Solar Thermal Receivers for Reduced Heat Loss,https://arena.gov.au/knowledge-bank/bladed-receivers-with-active-airflow-control/,"Reports, Lessons",https://arena.gov.au/projects/improving-solar-thermal-receivers-for-reduced-heat-loss/,2014,Past,https://arena.gov.au/assets/2017/02/bladed-receivers-with-active-airflow.pdf,pdfs/Reports_Lessons/Bladed_Receivers_with_Active_Airflow_Control_7dad9b.pdf,downloaded
ARENA Insights Newsletter Edition #9,19/07/2019,Distributed energy resources,,https://arena.gov.au/knowledge-bank/arena-insights-edition-9/,InsightNewsletter,,,,,,no_pdf_found
Smart Energy City Introductory Report,18/07/2019,"Distributed energy resources, Renewables in buildings",Indra Monash Smart City,https://arena.gov.au/knowledge-bank/smart-energy-city-introductory-report/,Reports,https://arena.gov.au/projects/indra-monash-smart-city/,2018,Past,https://arena.gov.au/assets/2022/03/smart-energy-city-introductory-report.pdf,pdfs/Reports/Smart_Energy_City_Introductory_Report_5a4de5.pdf,downloaded
2018 Annual Report ' Advanced Centre for Advanced Photovoltaics,16/07/2019,"Solar energy, Solar PV R&amp;D",Australian Centre for Advanced Photovoltaics (ACAP),https://arena.gov.au/knowledge-bank/2018-annual-report-advanced-centre-for-advanced-photovoltaics/,Reports,https://arena.gov.au/projects/australian-centre-for-advanced-photovoltaics-acap/,2012,Current,https://arena.gov.au/assets/2020/07/acap-2018-annual-report.pdf,pdfs/Reports/2018_Annual_Report_'_Advanced_Centre_for_Advanced_Photovoltaics_83bd15.pdf,downloaded
Regulatory DEIP Dive Workshop,15/07/2019,Distributed energy resources,,https://arena.gov.au/knowledge-bank/regulatory-distributed-energy-integration-program-deip-dive-workshop/,Reports,,,,https://arena.gov.au/assets/2019/07/regulatory-deip-dive-workshop.pdf,pdfs/Reports/Regulatory_DEIP_Dive_Workshop_890123.pdf,downloaded
Addressing Barriers to Efficient Renewable Integration Milestone 2,15/07/2019,"Solar energy, Solar PV R&amp;D, System security and reliability",UNSW Addressing Barriers to Efficient Renewable Integration,https://arena.gov.au/knowledge-bank/addressing-barriers-to-efficient-renewable-integration-milestone-2/,"Reports, Milestones",https://arena.gov.au/projects/addressing-barriers-efficient-renewable-integration/,2016,Past,https://arena.gov.au/assets/2020/11/addressing-barriers-to-efficient-renewable-integration-milestone-report-2.pdf,pdfs/Reports_Milestones/Addressing_Barriers_to_Efficient_Renewable_Integration_Milestone_2_cf212f.pdf,downloaded
Specifying Guidelines for Assessing Perovskite Solar Cells,13/07/2019,"Solar energy, Solar PV R&amp;D",Specifying Guidelines for Assessing Next Generation Solar Cells,https://arena.gov.au/knowledge-bank/specifying-guidelines-for-assessing-perovskite-solar-cells/,Reports,https://arena.gov.au/projects/specifying-guidelines-for-assessing-next-generation-solar-cells/,2015,Past,https://arena.gov.au/assets/2015/03/specifying-guidelines-for-assessing-perovskite-solar-cells.pdf,pdfs/Reports/Specifying_Guidelines_for_Assessing_Perovskite_Solar_Cells_b72a12.pdf,downloaded
Smart Energy City Net Zero Initiative,11/07/2019,"Distributed energy resources, Renewables in buildings",Indra Monash Smart City,https://arena.gov.au/knowledge-bank/smart-energy-city-net-zero-initiative/,Reports,https://arena.gov.au/projects/indra-monash-smart-city/,2018,Past,https://arena.gov.au/assets/2019/07/smart-energy-city-net-zero-initiative.pdf,pdfs/Reports/Smart_Energy_City_Net_Zero_Initiative_ded8f9.pdf,downloaded
Middleback Ranges PHES Pre-Feasibility Study,10/07/2019,Hydropower / Pumped Hydro Energy Storage,Middleback Ranges PHES Pre-Feasibility Study,https://arena.gov.au/knowledge-bank/middleback-ranges-phes-pre-feasibility-study/,Reports,https://arena.gov.au/projects/middleback-ranges-pumped-hydro-energy-storage-project-pre-feasibility-study/,2018,Past,https://arena.gov.au/assets/2018/08/middleback-ranges-phes-pre-feasibility-study.pdf,pdfs/Reports/Middleback_Ranges_PHES_Pre-Feasibility_Study_ca860b.pdf,downloaded
NSW Schools Energy Productivity Program (SEPP) Project Results,8/07/2019,"Solar energy, Solar PV R&amp;D",NSW Schools Energy Productivity Program (SEPP) Pilot,https://arena.gov.au/knowledge-bank/nsw-schools-energy-productivity-program-sepp-project-results/,Reports,https://arena.gov.au/projects/nsw-schools-energy-productivity-program-sepp-pilot/,2018,Past,https://arena.gov.au/assets/2018/09/nsw-schools-energy-productivity-program-sepp-project-results.pdf,pdfs/Reports/NSW_Schools_Energy_Productivity_Program_(SEPP)_Project_Results_0ed6fd.pdf,downloaded
Residential Solar and Storage Program Final Report,5/07/2019,Battery storage,Peak Demand Reduction Using Solar and Storage,https://arena.gov.au/knowledge-bank/residential-solar-and-storage-program-final-report/,Reports,https://arena.gov.au/projects/peak-demand-reduction-using-solar-storage/,2017,Past,https://arena.gov.au/assets/2017/08/residential-solar-storage-program-final-report.pdf,pdfs/Reports/Residential_Solar_and_Storage_Program_Final_Report_5b8c0e.pdf,downloaded
Presentation: Monash Smart Energy City,4/07/2019,"Distributed energy resources, Renewables in buildings",Indra Monash Smart City,https://arena.gov.au/knowledge-bank/presentation-monash-smart-energy-city/,Presentation,https://arena.gov.au/projects/indra-monash-smart-city/,2018,Past,https://arena.gov.au/assets/2019/07/presentation-indra-monash-smart-city.pdf,pdfs/Presentation/Presentation__Monash_Smart_Energy_City_b48cfc.pdf,downloaded
Presentation: Lessons From Hawaii: The Journey To 100% Renewable Grids,4/07/2019,Renewables for industry,,https://arena.gov.au/knowledge-bank/presentation-lessons-from-hawaii-the-journey-to-100-renewable-grids/,Presentation,,,,https://arena.gov.au/assets/2019/07/presentation-lessons-from-hawaii_compressed.pdf,pdfs/Presentation/Presentation__Lessons_From_Hawaii__The_Journey_To_100%_Renewable_Grids_1b971c.pdf,downloaded
Presentation: Demand Response RERT Trial,3/07/2019,Demand response,,https://arena.gov.au/knowledge-bank/presentation-demand-response-rert-trial/,Presentation,,,,https://arena.gov.au/assets/2019/07/demand-response-rert-trial.pdf,pdfs/Presentation/Presentation__Demand_Response_RERT_Trial_edab60.pdf,downloaded
Presentation: Solar Enablement Initiative ' Distribution State Estimation,3/07/2019,Distributed energy resources,,https://arena.gov.au/knowledge-bank/presentation-solar-enablement-initiative-distribution-state-estimation/,Presentation,,,,https://arena.gov.au/assets/2019/07/presentation-solar-enablement-initiative.pdf,pdfs/Presentation/Presentation__Solar_Enablement_Initiative_'_Distribution_State_Estimation_8136bd.pdf,downloaded
"Presentation: Virtual Power Plants: Creating value, overcoming challenges and what comes next?",3/07/2019,Distributed energy resources,,https://arena.gov.au/knowledge-bank/presentation-virtual-power-plants-creating-value-overcoming-challenges-and-what-comes-next/,Presentation,,,,https://arena.gov.au/assets/2019/07/presentation-virtual-power-plants-reposit-power.pdf,"pdfs/Presentation/Presentation__Virtual_Power_Plants__Creating_value,_overcoming_challenges_and_what_comes_next__fd3cd2.pdf",downloaded
Presentation: Intra-Day Forecasting,3/07/2019,System security and reliability,,https://arena.gov.au/knowledge-bank/presentation-intra-day-forecasting/,Presentation,,,,https://arena.gov.au/assets/2019/07/presentation-intra-day-forecasting.pdf,pdfs/Presentation/Presentation__Intra-Day_Forecasting_bf1dbb.pdf,downloaded
Presentation: Fulcrum3D Solar and Wind Forecasting for the NEM,3/07/2019,Solar energy,Fulcrum3D CloudCAM Solar Forecasting,https://arena.gov.au/knowledge-bank/presentation-fulcrum3d-solar-and-wind-forecasting-for-the-nem/,Presentation,https://arena.gov.au/projects/fulcrum3d-cloudcam-solar-forecasting-for-the-nem/,2018,Past,https://arena.gov.au/assets/2019/07/presentation-fulcrum3d-solar-wind-forecasting.pdf,pdfs/Presentation/Presentation__Fulcrum3D_Solar_and_Wind_Forecasting_for_the_NEM_550001.pdf,downloaded
Presentation: Lakeland Solar and Storage Project: Lessons and Opportunities,3/07/2019,"Large-scale solar, Solar energy",Lakeland Solar and Storage Project,https://arena.gov.au/knowledge-bank/presentation-lakeland-solar-and-storage-project-lessons-and-opportunities/,Presentation,https://arena.gov.au/projects/lakeland-solar-storage-project/,2016,Past,https://arena.gov.au/assets/2019/07/presentation-lakeland-solar-storage-project.pdf,pdfs/Presentation/Presentation__Lakeland_Solar_and_Storage_Project__Lessons_and_Opportunities_e00255.pdf,downloaded
The Solar Energy Transformation Program (SETuP): Lessons and Opportunities for High Renewables Mini-Grids,3/07/2019,"Battery storage, Hybrid technologies, Off grid, Solar energy",NT Solar Energy Transformation Program,https://arena.gov.au/knowledge-bank/presentation-the-solar-energy-transformation-program-setup-lessons-and-opportunities-for-high-renewables-mini-grids/,Presentation,https://arena.gov.au/projects/northern-territory-solar-energy-transformation-program/,2014,Past,https://arena.gov.au/assets/2019/07/presentations-solar-energy-transformation-program.pdf,pdfs/Presentation/The_Solar_Energy_Transformation_Program_(SETuP)__Lessons_and_Opportunities_for_High_Renewables_Mini-Grids_9516da.pdf,downloaded
Presentation: Large Scale Battery Storage: Services and Value Streams,3/07/2019,Battery storage,,https://arena.gov.au/knowledge-bank/presentation-large-scale-battery-storage-services-and-value-streams/,Presentation,,,,https://arena.gov.au/assets/2019/07/presentation-large-scale-battery-storage-services-value-streams.pdf,pdfs/Presentation/Presentation__Large_Scale_Battery_Storage__Services_and_Value_Streams_2f92ef.pdf,downloaded
Presentation: System Services: Security Needs in a Transitioning System,3/07/2019,System security and reliability,,https://arena.gov.au/knowledge-bank/presentation-system-services-security-needs-in-a-transitioning-system/,Presentation,,,,https://arena.gov.au/assets/2019/07/presentation-security-needs-in-transitioning-system.pdf,pdfs/Presentation/Presentation__System_Services__Security_Needs_in_a_Transitioning_System_f038bf.pdf,downloaded
Real-time Operational Distributed PV Simulations for Distribution Network Providers,30/06/2019,"Solar energy, Solar PV R&amp;D",Real-Time Operational PV Simulations,https://arena.gov.au/knowledge-bank/real-time-operational-distributed-pv-simulations-for-distribution-network-providers/,Reports,https://arena.gov.au/projects/real-time-operational-pv-simulations-for-distribution-network-service-providers/,2016,Past,https://arena.gov.au/assets/2017/02/real-time-operational-distributed-pv-simulations-for-distribution-network-providers.pdf,pdfs/Reports/Real-time_Operational_Distributed_PV_Simulations_for_Distribution_Network_Providers_7dbf82.pdf,downloaded
Manufacturing of Printed Perovskite PV Modules,30/06/2019,"Solar energy, Solar PV R&amp;D",Manufacturing of Printed Perovskite PV Modules,https://arena.gov.au/knowledge-bank/manufacturing-of-printed-perovskite-pv-modules/,"Reports, Lessons",https://arena.gov.au/projects/printed-perovskite-pv-modules/,2017,Past,https://arena.gov.au/assets/2018/04/manufacturing-printed-perovskite-pv-modules.pdf,pdfs/Reports_Lessons/Manufacturing_of_Printed_Perovskite_PV_Modules_4217e4.pdf,downloaded
Coober Pedy Hybrid Renewable Project Second Year Performance,30/06/2019,"Battery storage, Hybrid technologies, Solar energy, Wind energy",Coober Pedy Renewable Diesel Hybrid,https://arena.gov.au/knowledge-bank/coober-pedy-hybrid-renewable-project-second-year-performance-report/,Reports,https://arena.gov.au/projects/coober-pedy-renewable-diesel-hybrid/,2014,Past,https://arena.gov.au/assets/2017/02/coober-pedy-hybrid-renewable-project-second-year-performance-report.pdf,pdfs/Reports/Coober_Pedy_Hybrid_Renewable_Project_Second_Year_Performance_b09128.pdf,downloaded
Developing a New Type of High Efficiency Building Integrated PV Cell,28/06/2019,"Solar energy, Solar PV R&amp;D",Monash University Building Integrated PV Study,https://arena.gov.au/knowledge-bank/developing-a-new-type-of-high-efficiency-building-integrated-pv-cell/,"Reports, Lessons",https://arena.gov.au/projects/monash-university-building-integrated-pv-study/,2017,Past,https://arena.gov.au/assets/2018/01/developing-a-new-type-of-high-efficiency-building-integrated-pv-cell.pdf,pdfs/Reports_Lessons/Developing_a_New_Type_of_High_Efficiency_Building_Integrated_PV_Cell_3953d0.pdf,downloaded
Advanced Silicon Solar Cells by DESIJN (Deposited Silicon Junctions),27/06/2019,"Solar energy, Solar PV R&amp;D",Advanced Silicon Solar Cells,https://arena.gov.au/knowledge-bank/advanced-silicon-solar-cells-by-desijn-deposited-silicon-junctions/,"Reports, Lessons",https://arena.gov.au/projects/advanced-silicon-solar-cells/,2017,Past,https://arena.gov.au/assets/2019/09/advanced-silicon-solar-cells-by-desijn.pdf,pdfs/Reports_Lessons/Advanced_Silicon_Solar_Cells_by_DESIJN_(Deposited_Silicon_Junctions)_dad161.pdf,downloaded
Lessons From the Fringes: Australian Fringe-Of-Grid Projects in ARENA&rsquo;s Portfolio,26/06/2019,Off grid,,https://arena.gov.au/knowledge-bank/lessons-from-the-fringes-australian-fringe-of-grid-projects-in-arenas-portfolio/,"Reports, Insights",,,,https://arena.gov.au/assets/2019/06/lessons-from-the-fringes-australian-off-grid-projects-arena-portfolio.pdf,pdfs/Reports_Insights/Lessons_From_the_Fringes__Australian_Fringe-Of-Grid_Projects_in_ARENA&rsquo;s_Portfolio_d36497.pdf,downloaded
ARENA Insights Forum Presentation Summaries & Key Points ' DER Stream,25/06/2019,Distributed energy resources,,https://arena.gov.au/knowledge-bank/arena-insights-forum-presentation-summaries-key-points-der-stream/,Reports,,,,https://arena.gov.au/assets/2019/07/insights-forum-presentation-summaries-key-points-der-stream.pdf,pdfs/Reports/ARENA_Insights_Forum_Presentation_Summaries_&_Key_Points_'_DER_Stream_1040ce.pdf,downloaded
ARENA Insights Forum Presentation Summaries & Key Points ' Plenary Session,25/06/2019,Distributed energy resources,,https://arena.gov.au/knowledge-bank/arena-insights-forum-presentation-summaries-key-points-plenary-session/,Reports,,,,https://arena.gov.au/assets/2019/07/insights-forum-presentation-key-points-plenary-session.pdf,pdfs/Reports/ARENA_Insights_Forum_Presentation_Summaries_&_Key_Points_'_Plenary_Session_d2a64d.pdf,downloaded
ARENA Insights Forum Presentation Summaries & Key Points ' Large-Scale Projects Stream,25/06/2019,Battery storage,,https://arena.gov.au/knowledge-bank/arena-insights-forum-presentation-summaries-key-points-large-scale-projects-stream/,Reports,,,,https://arena.gov.au/assets/2019/07/insights-forum-presentation-key-points-large-scale-projects-stream.pdf,pdfs/Reports/ARENA_Insights_Forum_Presentation_Summaries_&_Key_Points_'_Large-Scale_Projects_Stream_101643.pdf,downloaded
Hydroelectricity and Pumped Hydroelectricity Energy Storage Projects,25/06/2019,Hydropower / Pumped Hydro Energy Storage,,https://arena.gov.au/knowledge-bank/hydroelectricity-and-pumped-hydroelectricity-energy-storage-projects/,Insights,,,,https://arena.gov.au/assets/2019/06/hydroelectricity-pumped-hydroelectricity-energy-storage-projects.pdf,pdfs/Insights/Hydroelectricity_and_Pumped_Hydroelectricity_Energy_Storage_Projects_eda765.pdf,downloaded
Driving Increased Efficiency and Reliability in Silicon Photovoltaics ' From Ingots to Modules,22/06/2019,"Solar energy, Solar PV R&amp;D",Driving Increased Efficiency and Reliability in Silicon Photovoltaics,https://arena.gov.au/knowledge-bank/driving-increased-efficiency-and-reliability-in-silicon-photovoltaics-from-ingots-to-modules/,"Reports, Lessons",https://arena.gov.au/projects/driving-increased-efficiency-reliability-silicon-photovoltaics-ingots-modules/,2017,Past,https://arena.gov.au/assets/2019/09/driving-increased-efficiency-and-reliability-in-silicon-photovoltaics.pdf,pdfs/Reports_Lessons/Driving_Increased_Efficiency_and_Reliability_in_Silicon_Photovoltaics_'_From_Ingots_to_Modules_90c99b.pdf,downloaded
ASTRI Australian Solar Thermal Research Institute Public Dissemination Report,20/06/2019,"Concentrated solar thermal, Solar energy",ASTRI Australian Solar Thermal Research Institute,https://arena.gov.au/knowledge-bank/astri-australian-solar-thermal-research-institute-public-dissemination-report/,Reports,https://arena.gov.au/projects/astri-australian-solar-thermal-research-institute/,2012,Past,https://arena.gov.au/assets/2013/01/astri-public-dissemination-report.pdf,pdfs/Reports/ASTRI_Australian_Solar_Thermal_Research_Institute_Public_Dissemination_Report_1179de.pdf,downloaded
ARENA Insights Newsletter Edition #8,17/06/2019,Renewables for industry,,https://arena.gov.au/knowledge-bank/arena-insights-edition-8/,InsightNewsletter,,,,,,no_pdf_found
Hydrogen Communities & H2City Tool,16/06/2019,Hydrogen energy,,https://arena.gov.au/knowledge-bank/hydrogen-communities/,"Reports, Tools",,,,https://arena.gov.au/assets/2019/10/hydrogen-communities.pdf,pdfs/Reports_Tools/Hydrogen_Communities_&_H2City_Tool_29d006.pdf,downloaded
Report 6 Lithium Ion Battery Testing,14/06/2019,Battery storage,Testing the Performance of Lithium Ion Batteries,https://arena.gov.au/knowledge-bank/report-6-lithium-ion-battery-testing/,Reports,https://arena.gov.au/projects/testing-the-performance-of-lithium-ion-batteries/,2015,Past,https://arena.gov.au/assets/2015/08/lithium-ion-battery-testing-public-report-6.pdf,pdfs/Reports/Report_6_Lithium_Ion_Battery_Testing_1d95d3.pdf,downloaded
ARENA Insights Spotlight: Corporations Making the Shift to Renewables,12/06/2019,"Renewables for industry, Renewables in buildings",Business Renewables Centre Australia,https://arena.gov.au/knowledge-bank/arena-insights-spotlight-why-corporations-are-making-the-shift-to-renewables-and-what-theyre-learning/,Insights,https://arena.gov.au/projects/business-renewables-centre-australia/,2018,Past,https://arena.gov.au/assets/2019/06/arena-insights-corporations-shift-to-renewables.pdf,pdfs/Insights/ARENA_Insights_Spotlight__Corporations_Making_the_Shift_to_Renewables_29a883.pdf,downloaded
Advanced Planning of PV-Rich Distribution Networks - Deliverable 1: HV-LV Modelling of Selected HV Feeders,10/06/2019,Distributed energy resources,Advanced Planning of PV-Rich Distribution Networks Study,https://arena.gov.au/knowledge-bank/advanced-planning-of-pv-rich-distribution-networks-deliverable-1-hv-lv-modelling-of-selected-hv-feeders/,Reports,https://arena.gov.au/projects/advanced-planning-of-pv-rich-distribution-networks-study/,2019,Past,https://arena.gov.au/assets/2019/02/advanced-planning-of-pv-rich-distribution-networks-deliverable-1.pdf,pdfs/Reports/Advanced_Planning_of_PV-Rich_Distribution_Networks_-_Deliverable_1__HV-LV_Modelling_of_Selected_HV_Feeders_43e25d.pdf,downloaded
Demand Response Project Performance June 2019,8/06/2019,Demand response,EnergyAustralia Demand Response Program,https://arena.gov.au/knowledge-bank/demand-response-project-performance-june-2019/,Reports,https://arena.gov.au/projects/energyaustralia-demand-response-program/,2017,Past,https://arena.gov.au/assets/2020/09/energy-australia-demand-response-project-performance-report-june-2019.pdf,pdfs/Reports/Demand_Response_Project_Performance_June_2019_307a55.pdf,downloaded
CONSORT - Commercialisation Plan,7/06/2019,Battery storage,Consumer Energy Systems Providing Cost-Effective Grid Support,https://arena.gov.au/knowledge-bank/consort-commercialisation-plan/,Reports,https://arena.gov.au/projects/consumer-energy-systems-providing-cost-effective-grid-support-consort/,2016,Past,https://arena.gov.au/assets/2019/06/consort-commercialisation-plan.pdf,pdfs/Reports/CONSORT_-_Commercialisation_Plan_94a56c.pdf,downloaded
CONSORT - Social Science Report,7/06/2019,Battery storage,Consumer Energy Systems Providing Cost-Effective Grid Support,https://arena.gov.au/knowledge-bank/consort-social-science-report/,Reports,https://arena.gov.au/projects/consumer-energy-systems-providing-cost-effective-grid-support-consort/,2016,Past,https://arena.gov.au/assets/2019/06/consort-social-science.pdf,pdfs/Reports/CONSORT_-_Social_Science_Report_0fe82f.pdf,downloaded
CONSORT - Participant System Financial Performance,7/06/2019,Battery storage,Consumer Energy Systems Providing Cost-Effective Grid Support,https://arena.gov.au/knowledge-bank/consort-participant-system-financial-performance/,Reports,https://arena.gov.au/projects/consumer-energy-systems-providing-cost-effective-grid-support-consort/,2016,Past,https://arena.gov.au/assets/2019/06/consort-participants-system-financial-performance.pdf,pdfs/Reports/CONSORT_-_Participant_System_Financial_Performance_8b8332.pdf,downloaded
CONSORT - Reward Structures Report,7/06/2019,Battery storage,Consumer Energy Systems Providing Cost-Effective Grid Support,https://arena.gov.au/knowledge-bank/consort-reward-structures-report/,Reports,https://arena.gov.au/projects/consumer-energy-systems-providing-cost-effective-grid-support-consort/,2016,Past,https://arena.gov.au/assets/2019/06/consort-reward-structures.pdf,pdfs/Reports/CONSORT_-_Reward_Structures_Report_45aaac.pdf,downloaded
CONSORT - Network Aware Coordination (NAC),7/06/2019,Battery storage,Consumer Energy Systems Providing Cost-Effective Grid Support,https://arena.gov.au/knowledge-bank/consort-network-aware-coordination-nac/,Reports,https://arena.gov.au/projects/consumer-energy-systems-providing-cost-effective-grid-support-consort/,2016,Past,https://arena.gov.au/assets/2019/06/consort-network-aware-coordination-report.pdf,pdfs/Reports/CONSORT_-_Network_Aware_Coordination_(NAC)_b76dd8.pdf,downloaded
CONSORT - Lessons Learnt During Trial Deployment,7/06/2019,Battery storage,Consumer Energy Systems Providing Cost-Effective Grid Support,https://arena.gov.au/knowledge-bank/consort-lessons-learnt-during-trial-deployment/,"Reports, Lessons",https://arena.gov.au/projects/consumer-energy-systems-providing-cost-effective-grid-support-consort/,2016,Past,https://arena.gov.au/assets/2019/06/consort-lessons-learnt-trial-deployment.pdf,pdfs/Reports_Lessons/CONSORT_-_Lessons_Learnt_During_Trial_Deployment_d99239.pdf,downloaded
CONSORT - Project Results and Lessons Learnt,7/06/2019,Battery storage,Consumer Energy Systems Providing Cost-Effective Grid Support,https://arena.gov.au/knowledge-bank/consort-project-results-and-lessons-learnt/,"Reports, Lessons",https://arena.gov.au/projects/consumer-energy-systems-providing-cost-effective-grid-support-consort/,2016,Past,https://arena.gov.au/assets/2019/06/consort-project-results-lessons-learnt.pdf,pdfs/Reports_Lessons/CONSORT_-_Project_Results_and_Lessons_Learnt_97892a.pdf,downloaded
AGL Solar Project Final Report,3/06/2019,"Large-scale solar, Solar energy",AGL Solar Project,https://arena.gov.au/knowledge-bank/agl-solar-project-final-report/,Reports,https://arena.gov.au/projects/agl-solar-project/,2013,Current,https://arena.gov.au/assets/2017/04/agl-solar-project-final-report.pdf,pdfs/Reports/AGL_Solar_Project_Final_Report_c3c0cf.pdf,downloaded
AGL Solar Project Feedback and Areas for Improvement Report,3/06/2019,"Large-scale solar, Solar energy",AGL Solar Project,https://arena.gov.au/knowledge-bank/feedback-and-areas-for-improvement-report/,Reports,https://arena.gov.au/projects/agl-solar-project/,2013,Current,https://arena.gov.au/assets/2017/04/feedback-areas-improvement-nyngan-broken-hill-solar-pv.pdf,pdfs/Reports/AGL_Solar_Project_Feedback_and_Areas_for_Improvement_Report_dbd545.pdf,downloaded
Development of Novel Hydrogen Trapping Techniques for Breakthrough Si Casting & Wafering Technologies,1/06/2019,"Solar energy, Solar PV R&amp;D",Development of Novel Hydrogen Trapping Techniques,https://arena.gov.au/knowledge-bank/development-of-novel-hydrogen-trapping-techniques-for-breakthrough-si-casting-and-wafering-technologies/,"Reports, Lessons",https://arena.gov.au/projects/development-of-novel-hydrogen-trapping-techniques/,2017,Past,https://arena.gov.au/assets/2018/01/novel-hydrogen-trapping-techniques.pdf,pdfs/Reports_Lessons/Development_of_Novel_Hydrogen_Trapping_Techniques_for_Breakthrough_Si_Casting_&_Wafering_Technologies_a7c84f.pdf,downloaded
Large-Scale Battery Storage Workshop Presentation,21/05/2019,Battery storage,,https://arena.gov.au/knowledge-bank/large-scale-battery-storage-workshop-presentation/,Presentation,,,,https://arena.gov.au/assets/2019/06/large-scale-battery-workshop-presentation.pdf,pdfs/Presentation/Large-Scale_Battery_Storage_Workshop_Presentation_a716d5.pdf,downloaded
Large-Scale Battery Storage Knowledge Sharing Workshop Summary,21/05/2019,Battery storage,,https://arena.gov.au/knowledge-bank/large-scale-battery-storage-knowledge-sharing-workshop-summary/,"Lessons, Presentation",,,,https://arena.gov.au/assets/2019/06/large-scale-battery-workshop.pdf,pdfs/Lessons_Presentation/Large-Scale_Battery_Storage_Knowledge_Sharing_Workshop_Summary_72c17b.pdf,downloaded
High Temperature Solar Thermal Energy Storage via Manganese-Oxide Based Redox Cycling Report,17/05/2019,"Concentrated solar thermal, Solar energy",High-Temperature Solar Thermal Energy Storage,https://arena.gov.au/knowledge-bank/high-temperature-solar-thermal-energy-storage-via-manganese-oxide-based-redox-cycling-report/,"Reports, Lessons",https://arena.gov.au/projects/high-temperature-solar-thermal/,2014,Past,https://arena.gov.au/assets/2017/02/high-temperature-solar-thermal-energy-storage-manganese-oxide-based-redox-cyclin.pdf,pdfs/Reports_Lessons/High_Temperature_Solar_Thermal_Energy_Storage_via_Manganese-Oxide_Based_Redox_Cycling_Report_5b764e.pdf,downloaded
SunSHIFT Webinar Summary,16/05/2019,"Solar energy, Solar PV R&amp;D",SunSHIFT Pre-Commercial Deployment,https://arena.gov.au/knowledge-bank/sunshift-webinar-summary/,Presentation,https://arena.gov.au/projects/sunshift-pre-commercial-deployment/,2017,Past,https://arena.gov.au/assets/2019/05/sunshift-webinar-summary.pdf,pdfs/Presentation/SunSHIFT_Webinar_Summary_159782.pdf,downloaded
ARENA Insights Newsletter Edition #7,16/05/2019,Hybrid technologies,,https://arena.gov.au/knowledge-bank/arena-insights-edition-7/,InsightNewsletter,,,,,,no_pdf_found
Vast Solar Leadership in the CSP Sector Report,14/05/2019,"Concentrated solar thermal, Solar energy",CSP Pilot Plant,https://arena.gov.au/knowledge-bank/vast-solar-leadership-in-the-csp-sector-narrative-report/,Reports,https://arena.gov.au/projects/csp-pilot-plant/,2014,Past,https://arena.gov.au/assets/2020/09/vast-solar-leadership-in-csp-sector-narrative-report.pdf,pdfs/Reports/Vast_Solar_Leadership_in_the_CSP_Sector_Report_ff07c7.pdf,downloaded
ANU STORES - An Atlas of Pumped Hydro Energy Storage,9/05/2019,Hydropower / Pumped Hydro Energy Storage,Atlas of Pumped Hydro Energy Storage,https://arena.gov.au/knowledge-bank/an-atlas-of-pumped-hydro-energy-storage-public-dissemination-report/,Reports,https://arena.gov.au/projects/atlas-pumped-hydro-energy-storage/,2016,Past,https://arena.gov.au/assets/2019/05/an-atlas-of-pumped-hydro-energy-storage-public-report.pdf,pdfs/Reports/ANU_STORES_-_An_Atlas_of_Pumped_Hydro_Energy_Storage_5b3488.pdf,downloaded
Maximising Solar PV with Phase Change Thermal Energy Storage,7/05/2019,"Renewables for industry, Renewables in buildings, Solar energy, Solar PV R&amp;D",Maximising Solar PV with Phase Change Thermal Energy Storage,https://arena.gov.au/knowledge-bank/maximising-solar-pv-with-phase-change-thermal-energy-storage/,"Reports, Lessons",https://arena.gov.au/projects/maximising-solar-photovoltaic-with-phase-change-thermal-energy-storage/,2016,Past,https://arena.gov.au/assets/2017/02/maximising-solar-pv-phase-change-thermal-energy-storage.pdf,pdfs/Reports_Lessons/Maximising_Solar_PV_with_Phase_Change_Thermal_Energy_Storage_b496c4.pdf,downloaded
Tasmanian and Victorian Second Bass Strait Interconnector Reports (Project Marinus),3/05/2019,System security and reliability,Project Marinus: Further Bass Strait Interconnection,https://arena.gov.au/knowledge-bank/lessons-learnt-tasmanian-and-victorian-second-bass-strait-interconnector-feasibility-study-project-marinus/,"Reports, Lessons",https://arena.gov.au/projects/project-marinus-further-bass-strait-interconnection/,2018,Past,https://arena.gov.au/assets/2019/02/project-marinus-initial-feasibility-report.pdf,pdfs/Reports_Lessons/Tasmanian_and_Victorian_Second_Bass_Strait_Interconnector_Reports_(Project_Marinus)_684ad7.pdf,downloaded
May 2019 Powershop Demand Response Program,3/05/2019,Demand response,Powershop Australia Demand Response Program,https://arena.gov.au/knowledge-bank/may-2019-powershop-demand-response-program/,Reports,https://arena.gov.au/projects/powershop-australia-demand-response-program/,2017,Past,https://arena.gov.au/assets/2020/09/powershop-demand-response-program-may-2019.pdf,pdfs/Reports/May_2019_Powershop_Demand_Response_Program_7868e6.pdf,downloaded
May 2019 Project Performance Report ' Energy Under Control,3/05/2019,Demand response,Flow Power Energy Under Control Demand Response,https://arena.gov.au/knowledge-bank/may-2019-project-performance-report-energy-under-control/,Reports,https://arena.gov.au/projects/flow-power-energy-under-control-demand-response/,2017,Past,https://arena.gov.au/assets/2020/09/flow-power-project-performance-report-may-2019.pdf,pdfs/Reports/May_2019_Project_Performance_Report_'_Energy_Under_Control_41c3f3.pdf,downloaded
The Business Case for Behind-the-Meter Inverter Control for Regulating Voltage,30/04/2019,Distributed energy resources,Networks Renewed,https://arena.gov.au/knowledge-bank/the-business-case-for-behind-the-meter-inverter-control-for-regulating-voltage/,Reports,https://arena.gov.au/projects/networks-renewed/,2016,Past,https://arena.gov.au/assets/2017/02/the-business-case-for-behind-the-meter-inverter-control-for-regulating-voltage.pdf,pdfs/Reports/The_Business_Case_for_Behind-the-Meter_Inverter_Control_for_Regulating_Voltage_cf9727.pdf,downloaded
A-Lab Impact Report 2018,24/04/2019,General,,https://arena.gov.au/knowledge-bank/a-lab-impact-report-2018/,Reports,,,,https://arena.gov.au/assets/2019/04/a-lab-impact-report-2018.pdf,pdfs/Reports/A-Lab_Impact_Report_2018_fa9926.pdf,downloaded
Vast Solar Regulatory Environment and the Connect Process,17/04/2019,"Concentrated solar thermal, Solar energy",CSP Pilot Plant,https://arena.gov.au/knowledge-bank/vast-solar-regulatory-environment-and-the-connect-process/,Reports,https://arena.gov.au/projects/csp-pilot-plant/,2014,Past,https://arena.gov.au/assets/2020/09/vast-solar-regulatory-environment-standards-and-connection-process-narrative-report.pdf,pdfs/Reports/Vast_Solar_Regulatory_Environment_and_the_Connect_Process_9f0cb2.pdf,downloaded
Vast Solar External Engagement Community Consultation Report,17/04/2019,"Concentrated solar thermal, Solar energy",CSP Pilot Plant,https://arena.gov.au/knowledge-bank/vast-solar-external-engagement-community-consultation-report/,Reports,https://arena.gov.au/projects/csp-pilot-plant/,2014,Past,https://arena.gov.au/assets/2020/09/vast-solar-external-engagement-community-consultation-narrative-report.pdf,pdfs/Reports/Vast_Solar_External_Engagement_Community_Consultation_Report_5c5d8b.pdf,downloaded
ARENA Insights Spotlight: Gannawarra Energy Storage System (GESS),5/04/2019,Battery storage,Gannawarra Energy Storage System (GESS),https://arena.gov.au/knowledge-bank/arena-insights-spotlight-gannawarra-energy-storage-system-gess/,"Reports, Insights",https://arena.gov.au/projects/gannawarra-energy-storage-system/,2018,Past,https://arena.gov.au/assets/2019/04/gannawarra-energy-storage-system.pdf,pdfs/Reports_Insights/ARENA_Insights_Spotlight__Gannawarra_Energy_Storage_System_(GESS)_c12d16.pdf,downloaded
ARENA Insights Spotlight: Energy Storage for Commercial Renewable Integration (ESCRI),5/04/2019,"Battery storage, System security and reliability",Energy Storage for Commercial Renewable Integration,https://arena.gov.au/knowledge-bank/arena-insights-spotlight-energy-storage-for-commercial-renewable-integration-escri/,"Reports, Insights",https://arena.gov.au/projects/energy-storage-for-commercial-renewable-integration/,2014,Past,https://arena.gov.au/assets/2019/04/energy-storage-for-commercial-renewable-integration.pdf,pdfs/Reports_Insights/ARENA_Insights_Spotlight__Energy_Storage_for_Commercial_Renewable_Integration_(ESCRI)_2fbe82.pdf,downloaded
ARENA Insights Newsletter Edition #6,5/04/2019,Battery storage,,https://arena.gov.au/knowledge-bank/arena-insights-edition-6/,InsightNewsletter,,,,,,no_pdf_found
ARENA Distributed Energy Resources Projects,4/04/2019,Distributed energy resources,,https://arena.gov.au/knowledge-bank/arena-distributed-energy-resources-projects/,Reports,,,,https://arena.gov.au/assets/2019/04/arena-distributed-energy-resources-projects.pdf,pdfs/Reports/ARENA_Distributed_Energy_Resources_Projects_22cab5.pdf,downloaded
ARENA&rsquo;s Virtual Power Plant Knowledge Sharing Workshop Summary,2/04/2019,Distributed energy resources,,https://arena.gov.au/knowledge-bank/arenas-virtual-power-plant-knowledge-sharing-workshop-summary/,"Reports, Presentation",,,,https://arena.gov.au/assets/2019/04/virtual-power-plant-knowledge-sharing-workshop-summary.pdf,pdfs/Reports_Presentation/ARENA&rsquo;s_Virtual_Power_Plant_Knowledge_Sharing_Workshop_Summary_a1b745.pdf,downloaded
A Low Emission Biofuel Technology,16/03/2019,Bioenergy / Energy from waste,Low Emission Biofuel Technology,https://arena.gov.au/knowledge-bank/a-low-emission-biofuel-technology/,"Reports, Lessons",https://arena.gov.au/projects/low-emission-biofuel-technology/,2014,Past,https://arena.gov.au/assets/2017/09/low-emission-biofuel-technology.pdf,pdfs/Reports_Lessons/A_Low_Emission_Biofuel_Technology_7dad2d.pdf,downloaded
Demand Response RERT Trial Year 1 Report,15/03/2019,Demand response,,https://arena.gov.au/knowledge-bank/demand-response-rert-trial-year-1-report/,Reports,,,,https://arena.gov.au/assets/2019/03/demand-response-rert-trial-year-1-report.pdf,pdfs/Reports/Demand_Response_RERT_Trial_Year_1_Report_c21268.pdf,downloaded
ARENA Insights Newsletter Edition #5,8/03/2019,Demand response,,https://arena.gov.au/knowledge-bank/arena-insights-edition-5/,InsightNewsletter,,,,,,no_pdf_found
Biogas Opportunities for Australia,7/03/2019,Bioenergy / Energy from waste,,https://arena.gov.au/knowledge-bank/biogas-opportunities-for-australia/,Reports,,,,https://arena.gov.au/assets/2019/06/biogas-opportunities-for-australia.pdf,pdfs/Reports/Biogas_Opportunities_for_Australia_1550ab.pdf,downloaded
Executive Summary - Strategic Regional PEV Adoption Program,7/03/2019,Electric vehicles,SA Strategic Regional Electric Vehicle Adoption Program,https://arena.gov.au/knowledge-bank/executive-summary-strategic-regional-pev-adoption-program/,Reports,https://arena.gov.au/projects/south-australian-electric-vehicle-adoption/,2018,Past,https://arena.gov.au/assets/2019/03/strategic-regional-PEV-adoption-program.pdf,pdfs/Reports/Executive_Summary_-_Strategic_Regional_PEV_Adoption_Program_f3f3af.pdf,downloaded
Managing the Impacts of Renewably Powered Electric Vehicles on Distribution Networks,7/03/2019,Electric vehicles,SA Strategic Regional Electric Vehicle Adoption Program,https://arena.gov.au/knowledge-bank/managing-the-impacts-of-renewably-powered-electric-vehicles-on-distribution-networks/,Reports,https://arena.gov.au/projects/south-australian-electric-vehicle-adoption/,2018,Past,https://arena.gov.au/assets/2019/03/managing-the-impacts-of-renewably-powered-electric-vehicles-on-distribution-networks.pdf,pdfs/Reports/Managing_the_Impacts_of_Renewably_Powered_Electric_Vehicles_on_Distribution_Networks_f65672.pdf,downloaded
Unlocking Demand for Renewably Powered Electric Vehicles,7/03/2019,Electric vehicles,SA Strategic Regional Electric Vehicle Adoption Program,https://arena.gov.au/knowledge-bank/unlocking-demand-for-renewably-powered-electric-vehicles/,Reports,https://arena.gov.au/projects/south-australian-electric-vehicle-adoption/,2018,Past,https://arena.gov.au/assets/2019/03/unlocking-demand-for-renewably-powered-electric-vehicles.pdf,pdfs/Reports/Unlocking_Demand_for_Renewably_Powered_Electric_Vehicles_ef57ce.pdf,downloaded
Vast Solar Manufacturing and Other Challenges Report,3/03/2019,"Concentrated solar thermal, Solar energy",CSP Pilot Plant,https://arena.gov.au/knowledge-bank/vast-solar-manufacturing-and-other-challenges-report/,Reports,https://arena.gov.au/projects/csp-pilot-plant/,2014,Past,https://arena.gov.au/assets/2020/09/vast-solar-manufacturing-other-challenges-narrative-report.pdf,pdfs/Reports/Vast_Solar_Manufacturing_and_Other_Challenges_Report_239d93.pdf,downloaded
Vast Solar Financial and Institutional Innovation Report,2/03/2019,"Concentrated solar thermal, Solar energy",CSP Pilot Plant,https://arena.gov.au/knowledge-bank/vast-solar-financial-institutional-innovation-report/,Reports,https://arena.gov.au/projects/csp-pilot-plant/,2014,Past,https://arena.gov.au/assets/2020/09/vast-solar-financial-institutional-innovation-narrative-report.pdf,pdfs/Reports/Vast_Solar_Financial_and_Institutional_Innovation_Report_25a07a.pdf,downloaded
Distributed Energy Resources (DER) Integration Project Contribution Assessment,1/03/2019,Distributed energy resources,,https://arena.gov.au/knowledge-bank/distributed-energy-resources-der-integration-project-contribution-assessment/,Reports,,,,https://arena.gov.au/assets/2019/11/distributed-energy-resources-integration-project-contribution-assessment.pdf,pdfs/Reports/Distributed_Energy_Resources_(DER)_Integration_Project_Contribution_Assessment_1df83a.pdf,downloaded
Intercast and Forge Demand Response Report 1,26/02/2019,Demand response,Intercast and Forge Demand Response,https://arena.gov.au/knowledge-bank/intercast-and-forge-demand-response-report-1/,Reports,https://arena.gov.au/projects/intercast-and-forge-demand-response/,2017,Past,https://arena.gov.au/assets/2020/09/intercast-and-forge-demand-response-report-1.pdf,pdfs/Reports/Intercast_and_Forge_Demand_Response_Report_1_a5e719.pdf,downloaded
Addressing Barriers to Efficient Renewable Integration Milestone 1,21/02/2019,"Solar energy, Solar PV R&amp;D, System security and reliability",UNSW Addressing Barriers to Efficient Renewable Integration,https://arena.gov.au/knowledge-bank/addressing-barriers-to-efficient-renewable-integration-milestone-1/,"Reports, Milestones",https://arena.gov.au/projects/addressing-barriers-efficient-renewable-integration/,2016,Past,https://arena.gov.au/assets/2020/02/addressing-barriers-to-efficient-renewable-integration-milestone-report-1.pdf,pdfs/Reports_Milestones/Addressing_Barriers_to_Efficient_Renewable_Integration_Milestone_1_28ba5b.pdf,downloaded
Simply Energy VPPX ARENA Stage 1,17/02/2019,"Solar energy, Solar PV R&amp;D",Simply Energy Virtual Power Plant (VPP),https://arena.gov.au/knowledge-bank/simply-energy-vppx-arena-stage-1/,"Reports, Milestones",https://arena.gov.au/projects/simply-energy-virtual-power-plant-vpp/,2018,Past,https://arena.gov.au/assets/2019/06/simply-energy-vppx.pdf,pdfs/Reports_Milestones/Simply_Energy_VPPX_ARENA_Stage_1_25bf4f.pdf,downloaded
Zen Ecosystems Project Performance Report Winter 2018,15/02/2019,Demand response,Zen Ecosystems Demand Response,https://arena.gov.au/knowledge-bank/zen-ecosystems-project-performance-report-winter-2018/,Reports,https://arena.gov.au/projects/zen-ecosystems-demand-response/,2017,Past,https://arena.gov.au/assets/2019/03/arena-aemo-dr-trial-zen-ecosystems.pdf,pdfs/Reports/Zen_Ecosystems_Project_Performance_Report_Winter_2018_4620b3.pdf,downloaded
DC Solar Rooftop Electricity Retailer Report #2,10/02/2019,"Solar energy, Solar PV R&amp;D",Solar Rooftop Electricity Retailer,https://arena.gov.au/knowledge-bank/dc-solar-rooftop-electricity-retailer-report-2/,Reports,https://arena.gov.au/projects/solar-rooftop-electricity-retailer/,2018,Past,https://arena.gov.au/assets/2019/02/dc-solar-rooftop-electricity-retailer-report-2.pdf,pdfs/Reports/DC_Solar_Rooftop_Electricity_Retailer_Report_#2_63e697.pdf,downloaded
Start-up Spotlight: Southern Cross Renewable Energy Fund,1/02/2019,Renewables for industry,,https://arena.gov.au/knowledge-bank/start-up-spotlight-southern-cross-renewable-energy-fund/,Reports,,,,https://arena.gov.au/assets/2019/02/start-up-spotlight-southern-cross-renewable-energy-fund.pdf,pdfs/Reports/Start-up_Spotlight__Southern_Cross_Renewable_Energy_Fund_6ffaca.pdf,downloaded
Presentation: Yurika,1/02/2019,Distributed energy resources,,https://arena.gov.au/knowledge-bank/presentation-yurika/,Presentation,,,,https://arena.gov.au/assets/2019/02/yurika.pdf,pdfs/Presentation/Presentation__Yurika_37e7fc.pdf,downloaded
Presentation: Intelligent Switchgear with Phasor Measurement Unit,1/02/2019,Distributed energy resources,NOJA Power Intelligent Switchgear,https://arena.gov.au/knowledge-bank/presentation-intelligent-switchgear-with-phasor-measurement-unit/,Presentation,https://arena.gov.au/projects/noja-power-intelligent-switchgear/,2017,Past,https://arena.gov.au/assets/2019/02/intelligent-switchgear-with-phasor-measurement-unit.pdf,pdfs/Presentation/Presentation__Intelligent_Switchgear_with_Phasor_Measurement_Unit_5ab76e.pdf,downloaded
Presentation: DER Value Sharing: What Does it Mean Anyway?,1/02/2019,Battery storage,Consumer Energy Systems Providing Cost-Effective Grid Support,https://arena.gov.au/knowledge-bank/presentation-der-value-sharing-what-does-it-mean-anyway/,Presentation,https://arena.gov.au/projects/consumer-energy-systems-providing-cost-effective-grid-support-consort/,2016,Past,https://arena.gov.au/assets/2019/02/der-value-sharing.pdf,pdfs/Presentation/Presentation__DER_Value_Sharing__What_Does_it_Mean_Anyway__fb2f70.pdf,downloaded
Presentation: Distributed Energy Integration Program,1/02/2019,Distributed energy resources,,https://arena.gov.au/knowledge-bank/presentation-distributed-energy-integration-program/,Presentation,,,,https://arena.gov.au/assets/2019/02/distributed-energy-integration-program.pdf,pdfs/Presentation/Presentation__Distributed_Energy_Integration_Program_cbdaaa.pdf,downloaded
ARENA Insights Newsletter Edition #4,1/02/2019,Battery storage,,https://arena.gov.au/knowledge-bank/arena-insights-edition-4/,InsightNewsletter,,,,,,no_pdf_found
Building the World's First Consumer Owned Solar Retail and Services Company,31/01/2019,Solar energy,,https://arena.gov.au/knowledge-bank/building-the-worlds-first-consumer-owned-solar-retail-and-services-company/,Reports,,,,https://arena.gov.au/assets/2019/01/building-the-worlds-first-consumer-owned-solar-retail-services-company.pdf,pdfs/Reports/Building_the_World's_First_Consumer_Owned_Solar_Retail_and_Services_Company_51e401.pdf,downloaded
Container Roll Out Solar System,29/01/2019,"Solar energy, Solar PV R&amp;D",ECLIPS Container Roll Out Solar System (CROSS),https://arena.gov.au/knowledge-bank/container-roll-out-solar-system/,Reports,https://arena.gov.au/projects/eclips-container-roll-out-solar-system/,2017,Past,https://arena.gov.au/assets/2018/04/container-roll-out-system-eclips.pdf,pdfs/Reports/Container_Roll_Out_Solar_System_9f21b0.pdf,downloaded
Australian Concentrating Solar Thermal Industry Roadmap,21/01/2019,Solar energy,,https://arena.gov.au/knowledge-bank/australian-concentrating-solar-thermal-industry-roadmap/,Reports,,,,https://arena.gov.au/assets/2019/01/australian-concentrating-solar-thermal-industry-roadmap.pdf,pdfs/Reports/Australian_Concentrating_Solar_Thermal_Industry_Roadmap_57f9d2.pdf,downloaded
Industry Development Opportunities from Developing Concentrating Solar Thermal Power in Australia,21/01/2019,Solar energy,,https://arena.gov.au/knowledge-bank/industry-development-opportunities-from-developing-cst/,Reports,,,,https://arena.gov.au/assets/2019/01/cst-roadmap-appendix-3-aiti-Industry-development-report.pdf,pdfs/Reports/Industry_Development_Opportunities_from_Developing_Concentrating_Solar_Thermal_Power_in_Australia_a9c234.pdf,downloaded
Demand Response Project Performance January 2019,4/01/2019,Demand response,EnergyAustralia Demand Response Program,https://arena.gov.au/knowledge-bank/demand-response-project-performance-report/,Reports,https://arena.gov.au/projects/energyaustralia-demand-response-program/,2017,Past,https://arena.gov.au/assets/2019/03/energy-australia-demand-response-project-performance-report.pdf,pdfs/Reports/Demand_Response_Project_Performance_January_2019_ee8fff.pdf,downloaded
Kidston Pumped Storage Hydro Project,31/12/2018,Hybrid technologies,Kidston Pumped Storage Project,https://arena.gov.au/knowledge-bank/kidston-pumped-storage-hydro-project/,Reports,https://arena.gov.au/projects/kidston-pumped-storage-project/,2015,Past,https://arena.gov.au/assets/2017/02/kidston-pumped-storage-hydro-project.pdf,pdfs/Reports/Kidston_Pumped_Storage_Hydro_Project_256180.pdf,downloaded
Kwinana Waste to Energy Project,31/12/2018,Bioenergy / Energy from waste,Kwinana Energy Recovery Project,https://arena.gov.au/knowledge-bank/kwinana-waste-to-energy-project/,Reports,https://arena.gov.au/projects/kwinana-energy-recovery-project/,2018,Current,https://arena.gov.au/assets/2018/12/kwinana-waste-to-energy-project.pdf,pdfs/Reports/Kwinana_Waste_to_Energy_Project_f2e0dc.pdf,downloaded
Flinders Island Hybrid Energy Hub,23/12/2018,"Battery storage, Hybrid technologies, Solar energy, Wind energy",Flinders Island Hybrid Energy Hub,https://arena.gov.au/knowledge-bank/flinders-island-hybrid-energy-hub/,Reports,https://arena.gov.au/projects/flinders-island-hybrid-energy-hub/,2014,Past,https://arena.gov.au/assets/2015/01/flinders-island-hybrid-energy-hub-report.pdf,pdfs/Reports/Flinders_Island_Hybrid_Energy_Hub_175974.pdf,downloaded
Enel X Demand Response Project ' Knowledge Sharing Report 3,21/12/2018,Demand response,Enel X Demand Response Project,https://arena.gov.au/knowledge-bank/enel-x-demand-response-trial-knowledge-sharing-project-performance-report/,Reports,https://arena.gov.au/projects/enel-x-demand-response-project/,2017,Past,https://arena.gov.au/assets/2019/03/enernoc-demand-response-trial.pdf,pdfs/Reports/Enel_X_Demand_Response_Project_'_Knowledge_Sharing_Report_3_07b4c4.pdf,downloaded
White Gum Valley Project Market Acceptance Report,18/12/2018,Distributed energy resources,Increasing the Uptake of Solar PV in Strata Residential Developments,https://arena.gov.au/knowledge-bank/white-gum-valley-project-market-acceptance-report/,Reports,https://arena.gov.au/projects/increasing-the-uptake-of-solar-photovoltaics-in-strata-residential-developments/,2016,Past,https://arena.gov.au/assets/2020/09/white-gum-valley-market-acceptance-report.pdf,pdfs/Reports/White_Gum_Valley_Project_Market_Acceptance_Report_19626f.pdf,downloaded
The Australian Public's Perception of Hydrogen for Energy,17/12/2018,Hydrogen energy,,https://arena.gov.au/knowledge-bank/the-australian-publics-perception-of-hydrogen-for-energy/,Reports,,,,https://arena.gov.au/assets/2018/12/the-australian-publics-perception-of-hydrogen-for-energy.pdf,pdfs/Reports/The_Australian_Public's_Perception_of_Hydrogen_for_Energy_06334b.pdf,downloaded
United Energy Demand Response Project Performance Milestone 4,15/12/2018,Demand response,United Energy Distribution Demand Response,https://arena.gov.au/knowledge-bank/united-energy-demand-response-project-performance-report-milestone-4-2/,Reports,https://arena.gov.au/projects/united-energy-distribution-demand-response/,2017,Past,https://arena.gov.au/assets/2017/12/united-energy-demand-response-project-performance-report-milestone-4.pdf,pdfs/Reports/United_Energy_Demand_Response_Project_Performance_Milestone_4_4f6a95.pdf,downloaded
Southern Oil Refining Renewable Fuels Pilot Plant,7/12/2018,Bioenergy / Energy from waste,Northern Oil Advanced Biofuels Laboratory,https://arena.gov.au/knowledge-bank/southern-oil-refining-renewable-fuels-pilot-plant/,Reports,https://arena.gov.au/projects/northern-oil-advanced-biofuels-laboratory/,2015,Past,https://arena.gov.au/assets/2018/12/renewable-fuels-pilot-plant.pdf,pdfs/Reports/Southern_Oil_Refining_Renewable_Fuels_Pilot_Plant_5d8a83.pdf,downloaded
March 2018 Powershop Demand Response Program,7/12/2018,Demand response,Powershop Australia Demand Response Program,https://arena.gov.au/knowledge-bank/powershop-demand-response-program/,Reports,https://arena.gov.au/projects/powershop-australia-demand-response-program/,2017,Past,https://arena.gov.au/assets/2017/12/powershop-demand-response-program.pdf,pdfs/Reports/March_2018_Powershop_Demand_Response_Program_05b8b1.pdf,downloaded
November 2018 Project Performance Report - Energy Under Control,7/12/2018,Demand response,Flow Power Energy Under Control Demand Response,https://arena.gov.au/knowledge-bank/project-performance-report-energy-under-control/,Reports,https://arena.gov.au/projects/flow-power-energy-under-control-demand-response/,2017,Past,https://arena.gov.au/assets/2017/12/project-performance-report-energy-under-control-flowpower.pdf,pdfs/Reports/November_2018_Project_Performance_Report_-_Energy_Under_Control_a8e673.pdf,downloaded
ARENA Insights Newsletter Edition #3,7/12/2018,Demand response,,https://arena.gov.au/knowledge-bank/arena-insights-edition-3/,InsightNewsletter,,,,,,no_pdf_found
ARENA&rsquo;s Large-Scale Solar Program: A look at Levelised Cost of Energy,7/12/2018,Solar energy,,https://arena.gov.au/knowledge-bank/arenas-large-scale-solar-program-a-look-at-levelised-cost-of-energy/,Reports,,,,https://arena.gov.au/assets/2018/12/large-scale-solar-program-a-look-at-levelised-cost-of-energy.pdf,pdfs/Reports/ARENA&rsquo;s_Large-Scale_Solar_Program__A_look_at_Levelised_Cost_of_Energy_64e401.pdf,downloaded
NT SETuP: A First Look at The Integration of PV and Diesel Power Stations in Remote Communities,7/12/2018,"Battery storage, Hybrid technologies, Off grid, Solar energy",NT Solar Energy Transformation Program,https://arena.gov.au/knowledge-bank/nt-setup-a-first-look-at-the-integration-of-pv-and-diesel-power-stations-in-remote-communities/,Reports,https://arena.gov.au/projects/northern-territory-solar-energy-transformation-program/,2014,Past,https://arena.gov.au/assets/2018/12/nt-setup-a-first-look-at-the-integration-of-pv-diesel-power-stations-remote-communities.pdf,pdfs/Reports/NT_SETuP__A_First_Look_at_The_Integration_of_PV_and_Diesel_Power_Stations_in_Remote_Communities_f53d0d.pdf,downloaded
The Power of Far Flung Arrays: Yulara's Dispersed Design to Reduce System Variability,7/12/2018,"Solar energy, Solar PV R&amp;D",Yulara Solar Project,https://arena.gov.au/knowledge-bank/the-power-of-far-flung-arrays-yularas-dispersed-design-to-reduce-system-variability/,Reports,https://arena.gov.au/projects/yulara-solar-project/,2014,Past,https://arena.gov.au/assets/2018/12/the-power-of-far-flung-arrays-yularas-dispersed-design-to-reduce-system-variability.pdf,pdfs/Reports/The_Power_of_Far_Flung_Arrays__Yulara's_Dispersed_Design_to_Reduce_System_Variability_950b2c.pdf,downloaded
Presentation: Exchanging DER Value,6/12/2018,Distributed energy resources,,https://arena.gov.au/knowledge-bank/presentation-exchanging-der-value/,Presentation,,,,https://arena.gov.au/assets/2018/12/exchanging-der-value-horizon-power.pdf,pdfs/Presentation/Presentation__Exchanging_DER_Value_75ff44.pdf,downloaded
NSW Demand Response Report September 2018,4/12/2018,Demand response,AGL Demand Response,https://arena.gov.au/knowledge-bank/nsw-demand-response/,Reports,https://arena.gov.au/projects/agl-demand-response/,2017,Past,https://arena.gov.au/assets/2017/12/nsw-demand-response-report-agl.pdf,pdfs/Reports/NSW_Demand_Response_Report_September_2018_7d8ab6.pdf,downloaded
Rottnest Island Water and Renewable Energy Nexus,4/12/2018,"Battery storage, Hybrid technologies, Solar energy, Wind energy",Rottnest Island Water and Renewable Energy Nexus (WREN) Project,https://arena.gov.au/knowledge-bank/rottnest-island-water-and-renewable-energy-nexus/,Reports,https://arena.gov.au/projects/rottnest-island-water-and-renewable-energy-nexus-wren-project/,2015,Past,https://arena.gov.au/assets/2017/02/rottnest-island-water-renewable-energy-nexus.pdf,pdfs/Reports/Rottnest_Island_Water_and_Renewable_Energy_Nexus_01091d.pdf,downloaded
Lessons Learnt - Whitsunday Solar Farm Securing Project Funding,3/12/2018,"Large-scale solar, Solar energy",Whitsunday Solar Farm,https://arena.gov.au/knowledge-bank/whitsunday-solar-farm-securing-project-funding/,"Reports, Lessons",https://arena.gov.au/projects/whitsunday-solar-farm/,2017,Past,https://arena.gov.au/assets/2018/02/securing-project-finance-whitsunday-solar-farm.pdf,pdfs/Reports_Lessons/Lessons_Learnt_-_Whitsunday_Solar_Farm_Securing_Project_Funding_f21b39.pdf,downloaded
Presentation: Barcaldine Remote Community Solar Farm,30/11/2018,"Large-scale solar, Solar energy",Barcaldine Remote Community Solar Farm,https://arena.gov.au/knowledge-bank/presentation-barcaldine-remote-community-solar-farm/,Presentation,https://arena.gov.au/projects/barcaldine-remote-community-solar-farm/,2014,Past,https://arena.gov.au/assets/2017/02/barcaldine-remote-community-solar-farm-presentation.pdf,pdfs/Presentation/Presentation__Barcaldine_Remote_Community_Solar_Farm_7e8b73.pdf,downloaded
Presentation: Can Pragmatism Trump Policy? Our Innovation Story,30/11/2018,Distributed energy resources,Decentralised Energy Exchange (deX),https://arena.gov.au/knowledge-bank/presentation-our-innovation-story/,Presentation,https://arena.gov.au/projects/decentralised-energy-exchange-dex/,2017,Past,https://arena.gov.au/assets/2019/02/our-innovation-story-presentation.pdf,pdfs/Presentation/Presentation__Can_Pragmatism_Trump_Policy__Our_Innovation_Story_73a7bf.pdf,downloaded
Presentation: Solar Analytics,30/11/2018,"Solar energy, Solar PV R&amp;D",Solar Analytics: Monitoring for Better Energy Outcomes,https://arena.gov.au/knowledge-bank/presentation-solar-analytics/,Presentation,https://arena.gov.au/projects/solar-analytics-monitoring-better-energy-outcomes/,2016,Past,https://arena.gov.au/assets/2019/02/solar-analytics.pdf,pdfs/Presentation/Presentation__Solar_Analytics_2284de.pdf,downloaded
Presentation: Hornsdale Power Reserve,30/11/2018,Battery storage,Hornsdale Power Reserve Upgrade,https://arena.gov.au/knowledge-bank/presentation-hornsdale-power-reserve/,Presentation,https://arena.gov.au/projects/hornsdale-power-reserve-upgrade/,2019,Current,https://arena.gov.au/assets/2019/02/hornsdale-power-reserve.pdf,pdfs/Presentation/Presentation__Hornsdale_Power_Reserve_b93061.pdf,downloaded
Presentation: Services From Variable Renewables,30/11/2018,Renewables for industry,,https://arena.gov.au/knowledge-bank/presentation-services-from-variable-renewables/,Presentation,,,,https://arena.gov.au/assets/2019/02/services-from-variable-renewables.pdf,pdfs/Presentation/Presentation__Services_From_Variable_Renewables_911a63.pdf,downloaded
Presentation: Hornsdale Wind Farm FCAS Trial,30/11/2018,"System security and reliability, Wind energy",Hornsdale Wind Farm Stage 2 FCAS Trial,https://arena.gov.au/knowledge-bank/presentation-hornsdale-wind-farm-fcas-trial/,Presentation,https://arena.gov.au/projects/hornsdale-wind-farm-stage-2/,2017,Past,https://arena.gov.au/assets/2019/02/hornsdale-wind-farm-fcas-trial.pdf,pdfs/Presentation/Presentation__Hornsdale_Wind_Farm_FCAS_Trial_d147bf.pdf,downloaded
Social Access Solar Gardens for Australia,18/11/2018,"Solar energy, Solar PV R&amp;D",Social Access Solar Gardens,https://arena.gov.au/knowledge-bank/social-access-solar-gardens-for-australia/,Reports,https://arena.gov.au/projects/social-access-solar-gardens/,2018,Past,https://arena.gov.au/assets/2018/05/social-access-solar-gardens-for-australia.pdf,pdfs/Reports/Social_Access_Solar_Gardens_for_Australia_ed1569.pdf,downloaded
Installed Cost Calculator Spreadsheet,17/11/2018,Renewables for industry,Comparison of Dispatchable Renewable Electricity Options,https://arena.gov.au/knowledge-bank/installed-cost-calculator-spreadsheet/,Tools,https://arena.gov.au/projects/dispatchable-renewable-electricity-options/,2017,Past,,,no_pdf_found
Levelised Cost Calculator Spreadsheet,17/11/2018,Renewables for industry,Comparison of Dispatchable Renewable Electricity Options,https://arena.gov.au/knowledge-bank/levelised-cost-calculator-spreadsheet/,Tools,https://arena.gov.au/projects/dispatchable-renewable-electricity-options/,2017,Past,,,no_pdf_found
ARENA Insights Forum November 2018 LSP Summary,16/11/2018,Solar energy,,https://arena.gov.au/knowledge-bank/arena-insights-forum-november-2018-lsp-summary/,"Insights, Presentation",,,,https://arena.gov.au/assets/2019/04/insights-forum-november-large-scale-projects-summary.pdf,pdfs/Insights_Presentation/ARENA_Insights_Forum_November_2018_LSP_Summary_cb59b7.pdf,downloaded
ARENA Insights Forum November 2018 DER Summary,16/11/2018,Distributed energy resources,,https://arena.gov.au/knowledge-bank/arena-insights-forum-november-2018-der-summary/,"Reports, Insights",,,,https://arena.gov.au/assets/2019/04/insights-forum-november-der-summary.pdf,pdfs/Reports_Insights/ARENA_Insights_Forum_November_2018_DER_Summary_7819a8.pdf,downloaded
Metal Assisted Chemical Etching of SLIVERs,9/11/2018,Solar energy,,https://arena.gov.au/knowledge-bank/metal-assisted-chemical-etching-of-slivers/,Reports,,,,https://arena.gov.au/assets/2019/01/metal-assisted-chemical-etching-of-silvers.pdf,pdfs/Reports/Metal_Assisted_Chemical_Etching_of_SLIVERs_52d2cc.pdf,downloaded
Battery Test Centre Report 5,5/11/2018,Battery storage,Testing the Performance of Lithium Ion Batteries,https://arena.gov.au/knowledge-bank/battery-test-centre-report-5/,Reports,https://arena.gov.au/projects/testing-the-performance-of-lithium-ion-batteries/,2015,Past,https://arena.gov.au/assets/2015/08/battery-test-centre-report-5.pdf,pdfs/Reports/Battery_Test_Centre_Report_5_fcb32e.pdf,downloaded
ARENA/AEMO DR Trial Project Performance Report,5/11/2018,Demand response,Zen Ecosystems Demand Response,https://arena.gov.au/knowledge-bank/arena-aemo-dr-trial-project-performance-report/,Reports,https://arena.gov.au/projects/zen-ecosystems-demand-response/,2017,Past,https://arena.gov.au/assets/2017/12/zen-ecosystems-arena-aemo-dr-trial.pdf,pdfs/Reports/ARENA_AEMO_DR_Trial_Project_Performance_Report_f71357.pdf,downloaded
November 2018 Powershop Demand Response Program,3/11/2018,Demand response,Powershop Australia Demand Response Program,https://arena.gov.au/knowledge-bank/november-2018-powershop-demand-response-program/,Reports,https://arena.gov.au/projects/powershop-australia-demand-response-program/,2017,Past,https://arena.gov.au/assets/2020/09/powershop-demand-response-program-november-2018.pdf,pdfs/Reports/November_2018_Powershop_Demand_Response_Program_4a6ec5.pdf,downloaded
ARENA Insights Newsletter Edition #2,2/11/2018,Solar energy,,https://arena.gov.au/knowledge-bank/arena-insights-edition-2/,InsightNewsletter,,,,,,no_pdf_found
Solar Forecasting for Low Voltage Network Operators,2/11/2018,Solar energy,,https://arena.gov.au/knowledge-bank/solar-forecasting-for-low-voltage-network-operators/,Reports,,,,https://arena.gov.au/assets/2018/11/solar-forecasting-for-low-voltage-regulators.pdf,pdfs/Reports/Solar_Forecasting_for_Low_Voltage_Network_Operators_15bb77.pdf,downloaded
Develop Lithium Sulphur Batteries for Large Scale Electrical Energy Storage,31/10/2018,Battery storage,Lithium-Sulfur Batteries for Large-Scale Energy Storage,https://arena.gov.au/knowledge-bank/develop-lithium-sulphur-batteries-for-large-scale-electrical-energy-storage/,Reports,https://arena.gov.au/projects/lithium-sulfur-batteries-for-large-scale-energy-storage/,2014,Past,https://arena.gov.au/assets/2017/02/develop-lithium-sulphur-batteries-for-large-scale-electrical-energy-storage-report.pdf,pdfs/Reports/Develop_Lithium_Sulphur_Batteries_for_Large_Scale_Electrical_Energy_Storage_88b1c4.pdf,downloaded
EnelX Demand Response Project - Knowledge Sharing Report 2,29/10/2018,Demand response,Enel X Demand Response Project,https://arena.gov.au/knowledge-bank/enel-x-demand-response-project-knowledge-sharing-report-2/,Reports,https://arena.gov.au/projects/enel-x-demand-response-project/,2017,Past,https://arena.gov.au/assets/2018/10/enel-x-arena-demand-response-trial-report-2.pdf,pdfs/Reports/EnelX_Demand_Response_Project_-_Knowledge_Sharing_Report_2_8ee4d0.pdf,downloaded
EnelX Demand Response Project - Knowledge Sharing Report 1,29/10/2018,Demand response,Enel X Demand Response Project,https://arena.gov.au/knowledge-bank/enernocs-demand-response-project-knowledge-sharing-report-1/,Reports,https://arena.gov.au/projects/enel-x-demand-response-project/,2017,Past,https://arena.gov.au/assets/2018/10/enel-x-arena-demand-response-trial-report-1.pdf,pdfs/Reports/EnelX_Demand_Response_Project_-_Knowledge_Sharing_Report_1_8a356d.pdf,downloaded
Empowered Consumers: Distributed Energy Resources Portfolio Update,25/10/2018,Distributed energy resources,,https://arena.gov.au/knowledge-bank/empowered-consumers-distributed-energy-resources-portfolio-update/,Insights,,,,https://arena.gov.au/assets/2018/10/AR_024_DER-Portfolio-Update.pdf,pdfs/Insights/Empowered_Consumers__Distributed_Energy_Resources_Portfolio_Update_1a46d5.pdf,downloaded
ASTRI Milestone 12 Report,24/10/2018,"Concentrated solar thermal, Solar energy",ASTRI Australian Solar Thermal Research Institute,https://arena.gov.au/knowledge-bank/astri-milestone-12-report/,"Reports, Milestones",https://arena.gov.au/projects/astri-australian-solar-thermal-research-institute/,2012,Past,https://arena.gov.au/assets/2018/10/iii-ASTRI-M12-2017-Public-Dissemination-Report.pdf,pdfs/Reports_Milestones/ASTRI_Milestone_12_Report_aca2e8.pdf,downloaded
"Eliminating Material Quality Barriers to Low Cost, Very High Efficiency Solar Cells and Modules",24/10/2018,Solar energy,,https://arena.gov.au/knowledge-bank/eliminating-material-quality-barriers-to-low-cost-very-high-efficiency-solar-cells-and-modules/,Reports,,,,https://arena.gov.au/assets/2018/10/Attachment-C-RND009-Public-Dissemination-Report_Updated.pdf,"pdfs/Reports/Eliminating_Material_Quality_Barriers_to_Low_Cost,_Very_High_Efficiency_Solar_Cells_and_Modules_bd232d.pdf",downloaded
ANU Stores - STORES Storage Comparison,23/10/2018,Hydropower / Pumped Hydro Energy Storage,Atlas of Pumped Hydro Energy Storage,https://arena.gov.au/knowledge-bank/anu-stores-stores-storage-comparison/,Reports,https://arena.gov.au/projects/atlas-pumped-hydro-energy-storage/,2016,Past,https://arena.gov.au/assets/2018/10/ANU-STORES-STORES-Storage-Comparison-.pdf,pdfs/Reports/ANU_Stores_-_STORES_Storage_Comparison_7e2566.pdf,downloaded
ANU STORES - STORES GIS Methodology,23/10/2018,Hydropower / Pumped Hydro Energy Storage,Atlas of Pumped Hydro Energy Storage,https://arena.gov.au/knowledge-bank/anu-stores-stores-gis-methodology/,Reports,https://arena.gov.au/projects/atlas-pumped-hydro-energy-storage/,2016,Past,https://arena.gov.au/assets/2018/10/ANU-STORES-STORES-GIS-Methodology-.pdf,pdfs/Reports/ANU_STORES_-_STORES_GIS_Methodology_79f2f6.pdf,downloaded
ANU STORES - STORES Environmental and Water Consumption Impacts,23/10/2018,Hydropower / Pumped Hydro Energy Storage,Atlas of Pumped Hydro Energy Storage,https://arena.gov.au/knowledge-bank/anu-stores-stores-environmental-and-water-consumption-impacts/,Reports,https://arena.gov.au/projects/atlas-pumped-hydro-energy-storage/,2016,Past,https://arena.gov.au/assets/2018/10/ANU-STORES-STORES-Environmental-and-Water-Consumption-Impacts.pdf,pdfs/Reports/ANU_STORES_-_STORES_Environmental_and_Water_Consumption_Impacts_2ab032.pdf,downloaded
ANU STORES - STORES Ancillary Services,23/10/2018,Hydropower / Pumped Hydro Energy Storage,Atlas of Pumped Hydro Energy Storage,https://arena.gov.au/knowledge-bank/anu-stores-stores-ancillary-services/,Reports,https://arena.gov.au/projects/atlas-pumped-hydro-energy-storage/,2016,Past,https://arena.gov.au/assets/2018/10/ANU-STORES-STORES-Ancillary-Services.pdf,pdfs/Reports/ANU_STORES_-_STORES_Ancillary_Services_36f06c.pdf,downloaded
ANU STORES - Renewable Precincts,23/10/2018,Hydropower / Pumped Hydro Energy Storage,Atlas of Pumped Hydro Energy Storage,https://arena.gov.au/knowledge-bank/anu-stores-renewable-precincts/,Reports,https://arena.gov.au/projects/atlas-pumped-hydro-energy-storage/,2016,Past,https://arena.gov.au/assets/2018/10/ANU-STORES-Renewable-Energy-Precincts.pdf,pdfs/Reports/ANU_STORES_-_Renewable_Precincts_afa805.pdf,downloaded
ANU STORES - An Atlas of Pumped Hydro Energy Storage - The Complete Atlas,23/10/2018,Hydropower / Pumped Hydro Energy Storage,Atlas of Pumped Hydro Energy Storage,https://arena.gov.au/knowledge-bank/anu-stores-an-atlas-of-pumped-hydro-energy-storage-the-complete-atlas/,Reports,https://arena.gov.au/projects/atlas-pumped-hydro-energy-storage/,2016,Past,https://arena.gov.au/assets/2018/10/ANU-STORES-An-Atlas-of-Pumped-Hydro-Energy-Storage-The-Complete-Atlas.pdf,pdfs/Reports/ANU_STORES_-_An_Atlas_of_Pumped_Hydro_Energy_Storage_-_The_Complete_Atlas_39c2a0.pdf,downloaded
ANU STORES - 100% Renewable Electricity in Australia,23/10/2018,Hydropower / Pumped Hydro Energy Storage,Atlas of Pumped Hydro Energy Storage,https://arena.gov.au/knowledge-bank/anu-stores-100-renewable-electricity-in-australia/,Reports,https://arena.gov.au/projects/atlas-pumped-hydro-energy-storage/,2016,Past,https://arena.gov.au/assets/2018/10/ANU-STORES-100-renewable-electricity-in-Australia.pdf,pdfs/Reports/ANU_STORES_-_100%_Renewable_Electricity_in_Australia_cc3103.pdf,downloaded
ANU STORES - 90-100% Renewable Electricity for The SWIS,23/10/2018,Hydropower / Pumped Hydro Energy Storage,Atlas of Pumped Hydro Energy Storage,https://arena.gov.au/knowledge-bank/anu-stores-90-100-renewable-electricity-for-the-swis/,Reports,https://arena.gov.au/projects/atlas-pumped-hydro-energy-storage/,2016,Past,https://arena.gov.au/assets/2018/10/ANU-STORES-90-100-renewable-electricity-for-the-SWIS.pdf,pdfs/Reports/ANU_STORES_-_90-100%_Renewable_Electricity_for_The_SWIS_9cfd13.pdf,downloaded
In The Spotlight: Australian Solar Energy R&D Outcomes and Achievements in a Global Context,23/10/2018,Solar energy,,https://arena.gov.au/knowledge-bank/in-the-spotlight-australian-solar-energy-rd-outcomes-and-achievements-in-a-global-context/,Reports,,,,https://arena.gov.au/assets/2018/10/In-the-spotlight-Australian-solar-energy-RD-outcomes-and-achievements-in-a-global-context.pdf,pdfs/Reports/In_The_Spotlight__Australian_Solar_Energy_R&D_Outcomes_and_Achievements_in_a_Global_Context_3b1f78.pdf,downloaded
Power to Gas infographic,22/10/2018,Hydrogen energy,Jemena Power to Gas Demonstration,https://arena.gov.au/knowledge-bank/power-to-gas-infographic/,Infographics,https://arena.gov.au/projects/jemena-power-to-gas-demonstration/,2018,Past,https://arena.gov.au/assets/2018/10/power-to-gas-infographic.pdf,pdfs/Infographics/Power_to_Gas_infographic_b32806.pdf,downloaded
2017 Annual Report ' Advanced Centre for Advanced Photovoltaics,17/10/2018,"Solar energy, Solar PV R&amp;D",Australian Centre for Advanced Photovoltaics (ACAP),https://arena.gov.au/knowledge-bank/2017-annual-report-advanced-centre-for-advanced-photovoltaics/,Reports,https://arena.gov.au/projects/australian-centre-for-advanced-photovoltaics-acap/,2012,Current,https://arena.gov.au/assets/2018/10/acap-2017-annual-report.pdf,pdfs/Reports/2017_Annual_Report_'_Advanced_Centre_for_Advanced_Photovoltaics_545893.pdf,downloaded
ARENA Insights Newsletter Edition #1,5/10/2018,Distributed energy resources,,https://arena.gov.au/knowledge-bank/arena-insights-edition-1/,InsightNewsletter,,,,,,no_pdf_found
Renewable Energy & Load Management - for Retail Businesses,4/10/2018,Renewables for industry,REALM: Renewable Energy and Load Management,https://arena.gov.au/knowledge-bank/renewable-energy-load-management-for-retail-businesses/,Reports,https://arena.gov.au/projects/realm-renewable-energy-load-management-businesses/,2019,Past,https://arena.gov.au/assets/2018/10/REALM_FactSheet_Retail.pdf,pdfs/Reports/Renewable_Energy_&_Load_Management_-_for_Retail_Businesses_b9c72b.pdf,downloaded
Renewable Energy & Load Management - for Manufacturing,4/10/2018,Renewables for industry,REALM: Renewable Energy and Load Management,https://arena.gov.au/knowledge-bank/renewable-energy-load-management-for-manufacturing/,Reports,https://arena.gov.au/projects/realm-renewable-energy-load-management-businesses/,2019,Past,https://arena.gov.au/assets/2018/10/REALM_FactSheet_Manufacturing.pdf,pdfs/Reports/Renewable_Energy_&_Load_Management_-_for_Manufacturing_06e19b.pdf,downloaded
Renewable Energy & Load Management - for Food Businesses,4/10/2018,Renewables for industry,REALM: Renewable Energy and Load Management,https://arena.gov.au/knowledge-bank/renewable-energy-load-management-for-food-businesses/,Reports,https://arena.gov.au/projects/realm-renewable-energy-load-management-businesses/,2019,Past,https://arena.gov.au/assets/2018/10/REALM_FactSheet_Food.pdf,pdfs/Reports/Renewable_Energy_&_Load_Management_-_for_Food_Businesses_b7436a.pdf,downloaded
Renewable Energy & Load Management - for Agribusiness,4/10/2018,Renewables for industry,REALM: Renewable Energy and Load Management,https://arena.gov.au/knowledge-bank/renewable-energy-load-management-for-agribusiness/,Reports,https://arena.gov.au/projects/realm-renewable-energy-load-management-businesses/,2019,Past,https://arena.gov.au/assets/2018/10/REALM_FactSheet_agribusiness.pdf,pdfs/Reports/Renewable_Energy_&_Load_Management_-_for_Agribusiness_38f6d3.pdf,downloaded
Renewable Energy & Load Management (REALM) Industry Report,4/10/2018,Renewables for industry,REALM: Renewable Energy and Load Management,https://arena.gov.au/knowledge-bank/realm-industry-report-final/,Reports,https://arena.gov.au/projects/realm-renewable-energy-load-management-businesses/,2019,Past,https://arena.gov.au/assets/2018/10/REALM-Industry-Report_public_FINAL.pdf,pdfs/Reports/Renewable_Energy_&_Load_Management_(REALM)_Industry_Report_1df861.pdf,downloaded
Citizen Utilities,3/10/2018,Distributed energy resources,Increasing the Uptake of Solar PV in Strata Residential Developments,https://arena.gov.au/knowledge-bank/citizen-utilities/,Reports,https://arena.gov.au/projects/increasing-the-uptake-of-solar-photovoltaics-in-strata-residential-developments/,2016,Past,https://arena.gov.au/assets/2018/10/White-Gum-Valley-Project-Report.pdf,pdfs/Reports/Citizen_Utilities_3d580c.pdf,downloaded
Presentation: Developing the Pentland Bioenergy Project Bioenergy Australia,6/09/2018,Bioenergy / Energy from waste,Pentland Bioenergy Project,https://arena.gov.au/knowledge-bank/knowledge-sharing-report-developing-the-pentland-bioenergy-project-bioenergy-australia/,Presentation,https://arena.gov.au/projects/pentland-bioenergy-project/,2015,Past,https://arena.gov.au/assets/2013/01/developing-the-pentland-bioenergy-project-bioenergy-australia.pdf,pdfs/Presentation/Presentation__Developing_the_Pentland_Bioenergy_Project_Bioenergy_Australia_4beae9.pdf,downloaded
Hydrogen for Australia&rsquo;s Future,5/09/2018,Hydrogen energy,,https://arena.gov.au/knowledge-bank/hydrogen-for-australias-future/,Reports,,,,https://arena.gov.au/assets/2018/09/hydrogen-white-paper-finkel.pdf,pdfs/Reports/Hydrogen_for_Australia&rsquo;s_Future_894b76.pdf,downloaded
EPC Technology Smarter Energy Feasibility Study,31/08/2018,"Renewables for industry, Solar energy",Medium-Scale Solar on Industrial Rooftops,https://arena.gov.au/knowledge-bank/epc-technology-smarter-energy-feasibility-study/,Reports,https://arena.gov.au/projects/medium-scale-solar-on-industrial-rooftops/,2017,Past,https://arena.gov.au/assets/2018/03/epc-technologies-smarter-energy.pdf,pdfs/Reports/EPC_Technology_Smarter_Energy_Feasibility_Study_7668ef.pdf,downloaded
Demand Response Consumer Insights Report,31/08/2018,Demand response,,https://arena.gov.au/knowledge-bank/demand-response-consumer-insights-report/,Reports,,,,https://arena.gov.au/assets/2018/08/demand-response-consumer-insights-report.pdf,pdfs/Reports/Demand_Response_Consumer_Insights_Report_54a58c.pdf,downloaded
Residential Solar PV + Battery (Hybrid Energy Service) Pilot,30/08/2018,"Battery storage, Distributed energy resources, Solar energy",Trialling a New Residential Solar PV and Battery Model,https://arena.gov.au/knowledge-bank/residential-solar-pv-battery-hybrid-energy-service-pilot-july-2015/,Reports,https://arena.gov.au/projects/trialling-a-new-residential-solar-pv-and-battery-model/,2015,Past,https://arena.gov.au/assets/2017/02/residential-solar-pv-battery-hybrid-energy-service-pilot.pdf,pdfs/Reports/Residential_Solar_PV_+_Battery_(Hybrid_Energy_Service)_Pilot_2b9a7b.pdf,downloaded
Powering Daintree,21/08/2018,Off grid,,https://arena.gov.au/knowledge-bank/powering-daintree/,Reports,,,,https://arena.gov.au/assets/2018/08/powering-daintree-sunverge.pdf,pdfs/Reports/Powering_Daintree_052470.pdf,downloaded
RayGen&rsquo;s PV Ultra: Expanding The Global Solar Market Beyond Daylight Power,21/08/2018,"Solar energy, Solar PV R&amp;D",RayGen Resources PV Ultra Commercialisation Project,https://arena.gov.au/knowledge-bank/raygens-pv-ultra-expanding-the-global-solar-market-beyond-daylight-power/,Reports,https://arena.gov.au/projects/raygen-resources-pv-ultra-commercialisation-project/,2017,Past,https://arena.gov.au/assets/2018/08/raygen-pv-ultra-expanding-global-solar-market-beyond-daylight-power.pdf,pdfs/Reports/RayGen&rsquo;s_PV_Ultra__Expanding_The_Global_Solar_Market_Beyond_Daylight_Power_13c79f.pdf,downloaded
Opportunities for Australia from Hydrogen Exports,17/08/2018,Hydrogen energy,,https://arena.gov.au/knowledge-bank/opportunities-for-australia-from-hydrogen-exports/,Reports,,,,https://arena.gov.au/assets/2018/08/opportunities-for-australia-from-hydrogen-exports.pdf,pdfs/Reports/Opportunities_for_Australia_from_Hydrogen_Exports_64a864.pdf,downloaded
Towards an Australian Capability in Arrays of Ocean Wave-Power Machines,17/08/2018,Ocean energy,Ocean Wave-Power Machines,https://arena.gov.au/knowledge-bank/towards-an-australian-capability-in-arrays-of-ocean-wave-power-machines/,Reports,https://arena.gov.au/projects/arrays-of-ocean-wave-power-machines/,2014,Past,https://arena.gov.au/assets/2014/08/towards-an-australian-capability-in-arrays-of-ocean-wave-power-machines-report.pdf,pdfs/Reports/Towards_an_Australian_Capability_in_Arrays_of_Ocean_Wave-Power_Machines_1230da.pdf,downloaded
Presentation: RayGen Presentation Introducing PV Ultra,2/08/2018,"Solar energy, Solar PV R&amp;D",RayGen Resources PV Ultra Commercialisation Project,https://arena.gov.au/knowledge-bank/presentation-raygen-presentation-introducing-pv-ultra/,Presentation,https://arena.gov.au/projects/raygen-resources-pv-ultra-commercialisation-project/,2017,Past,https://arena.gov.au/assets/2018/04/raygen-presentation-introducing-pv-ultra.pdf,pdfs/Presentation/Presentation__RayGen_Presentation_Introducing_PV_Ultra_a567cd.pdf,downloaded
AEMO Hornsdale Wind Farm 2 FCAS Trial,26/07/2018,"System security and reliability, Wind energy",Hornsdale Wind Farm Stage 2 FCAS Trial,https://arena.gov.au/knowledge-bank/aemo-hornsdale-wind-farm-fcas-trial-report/,Reports,https://arena.gov.au/projects/hornsdale-wind-farm-stage-2/,2017,Past,https://arena.gov.au/assets/2017/07/aemo-hornsdale-wind-farm-fcas-trial-report.pdf,pdfs/Reports/AEMO_Hornsdale_Wind_Farm_2_FCAS_Trial_49ceb4.pdf,downloaded
Hornsdale 2 ' Frequency Control Ancillary Service Trial Knowledge Sharing Report,26/07/2018,"System security and reliability, Wind energy",Hornsdale Wind Farm Stage 2 FCAS Trial,https://arena.gov.au/knowledge-bank/siemens-hornsdale-wind-farm-fcas-trial-report/,Reports,https://arena.gov.au/projects/hornsdale-wind-farm-stage-2/,2017,Past,https://arena.gov.au/assets/2017/07/siemens-hornsdale-wind-farm-fcas-trial-report.pdf,pdfs/Reports/Hornsdale_2_'_Frequency_Control_Ancillary_Service_Trial_Knowledge_Sharing_Report_603fee.pdf,downloaded
Neoen Hornsdale Wind Farm FCAS Trial Report,26/07/2018,"System security and reliability, Wind energy",Hornsdale Wind Farm Stage 2 FCAS Trial,https://arena.gov.au/knowledge-bank/neoen-hornsdale-wind-farm-fcas-trial-report/,Reports,https://arena.gov.au/projects/hornsdale-wind-farm-stage-2/,2017,Past,https://arena.gov.au/assets/2018/07/neoen-hornsdale-wind-farm-fcas-trial-report.pdf,pdfs/Reports/Neoen_Hornsdale_Wind_Farm_FCAS_Trial_Report_af3f52.pdf,downloaded
Advanced Recombination-Based Loss Analysis Methods for Silicon Wafer and Silicon Solar Cells,13/07/2018,"Solar energy, Solar PV R&amp;D",Improving Solar Cell Performance Testing,https://arena.gov.au/knowledge-bank/advanced-recombination-based-loss-analysis-methods-for-silicon-wafer-and-silicon-solar-cells/,Reports,https://arena.gov.au/projects/improving-solar-cell-performance-testing/,2014,Past,https://arena.gov.au/assets/2017/02/advanced-recombination-based-loss-analysis-methods-silicon-wafer-silicon-solar-cells.pdf,pdfs/Reports/Advanced_Recombination-Based_Loss_Analysis_Methods_for_Silicon_Wafer_and_Silicon_Solar_Cells_6cc907.pdf,downloaded
Karratha Airport Solar Public Impact Report,9/07/2018,"Large-scale solar, Solar energy",Karratha Airport Solar Plant,https://arena.gov.au/knowledge-bank/karratha-airport-solar-project-impact-report/,Reports,https://arena.gov.au/projects/karratha-airport-solar-plant/,2015,Past,https://arena.gov.au/assets/2017/02/karratha-solar-farm-public-impact-report.pdf,pdfs/Reports/Karratha_Airport_Solar_Public_Impact_Report_d32fdb.pdf,downloaded
Hybrid Power Generation for Australian Off-Grid Mines,22/06/2018,Hybrid technologies,,https://arena.gov.au/knowledge-bank/hybrid-power-generation-for-australian-off-grid-mines/,Reports,,,,https://arena.gov.au/assets/2018/06/hybrid-power-generation-australian-off-grid-mines.pdf,pdfs/Reports/Hybrid_Power_Generation_for_Australian_Off-Grid_Mines_35a590.pdf,downloaded
Australian Electric Vehicle Market Study,21/06/2018,Electric vehicles,,https://arena.gov.au/knowledge-bank/australian-electric-vehicle-market-study/,Reports,,,,https://arena.gov.au/assets/2018/06/australian-ev-market-study-report.pdf,pdfs/Reports/Australian_Electric_Vehicle_Market_Study_d4d342.pdf,downloaded
Repurposing Tarraleah Hydropower Scheme for The Future Electricity Market,21/06/2018,Hydropower / Pumped Hydro Energy Storage,Battery of the Nation,https://arena.gov.au/knowledge-bank/repurposing-tarraleah-hydropower-scheme-for-the-future-electricity-market/,Reports,https://arena.gov.au/projects/augmenting-tasmanian-hydropower-system/,2017,Past,https://arena.gov.au/assets/2017/07/repurposing-tarraleah-hydropower-scheme-future-electricity-market.pdf,pdfs/Reports/Repurposing_Tarraleah_Hydropower_Scheme_for_The_Future_Electricity_Market_5c2359.pdf,downloaded
Novel Concepts for Low Cost Small Heliostats in Remote Installations Project Results and lessons learnt,18/06/2018,"Concentrated solar thermal, Solar energy",Novel Concepts for Low Cost Small Heliostats in Remote Installations,https://arena.gov.au/knowledge-bank/novel-concepts-for-low-cost-small-heliostats-in-remote-installations-project-results-and-lessons-learnt/,"Reports, Lessons",https://arena.gov.au/projects/novel-concepts-for-low-cost-small-heliostats-in-remote-installations/,2014,Past,https://arena.gov.au/assets/2018/10/2018_Novel-Concepts-for-Low-Cost-Small-Heliostats-in-Remote-Installations.pdf,pdfs/Reports_Lessons/Novel_Concepts_for_Low_Cost_Small_Heliostats_in_Remote_Installations_Project_Results_and_lessons_learnt_c32a81.pdf,downloaded
The Tidal Turbine Reef (TTR) Feasibility Study,14/06/2018,Ocean energy,Tidal Turbine Reef Feasibility Study,https://arena.gov.au/knowledge-bank/the-tidal-turbine-reef-ttr-feasibility-study/,Reports,https://arena.gov.au/projects/tidal-turbine-reef-feasibility-study/,2016,Past,https://arena.gov.au/assets/2017/02/tidal-turbine-reef-TTR-feasibility-study-report.pdf,pdfs/Reports/The_Tidal_Turbine_Reef_(TTR)_Feasibility_Study_470c2d.pdf,downloaded
Mt Piper Energy Recovery Project,13/06/2018,Bioenergy / Energy from waste,Mt Piper Power Station Energy Recovery Feasibility,https://arena.gov.au/knowledge-bank/mt-piper-energy-recovery-project/,Reports,https://arena.gov.au/projects/mt-piper-power-station-energy-recovery-feasibility-study/,2017,Past,https://arena.gov.au/assets/2018/06/mt-piper-energy-recovery-project.pdf,pdfs/Reports/Mt_Piper_Energy_Recovery_Project_374515.pdf,downloaded
United Energy Demand Response Project Performance Milestone 3,8/06/2018,Demand response,United Energy Distribution Demand Response,https://arena.gov.au/knowledge-bank/united-energy-demand-response-project-performance-report-milestone-3/,"Reports, Milestones",https://arena.gov.au/projects/united-energy-distribution-demand-response/,2017,Past,https://arena.gov.au/assets/2018/08/united-energy-demand-response-project-performance-report-milestone-3.pdf,pdfs/Reports_Milestones/United_Energy_Demand_Response_Project_Performance_Milestone_3_91aaaa.pdf,downloaded
Battery of The Nation - Analysis of The Future NEM,7/06/2018,Hydropower / Pumped Hydro Energy Storage,Battery of the Nation - Future State NEM Analysis Stage 1,https://arena.gov.au/knowledge-bank/battery-of-the-nation-analysis-of-the-future-nem/,Reports,https://arena.gov.au/projects/battery-of-the-nation-future-state-nem-analysis/,2017,Past,https://arena.gov.au/assets/2018/06/battery-of-the-nation-analysis-of-the-future-national-enlectricity-market.pdf,pdfs/Reports/Battery_of_The_Nation_-_Analysis_of_The_Future_NEM_ca2cac.pdf,downloaded
Battery of the Nation ' Tasmanian Pumped Hydro in Australia&rsquo;s Future Electricity Market,6/06/2018,Hydropower / Pumped Hydro Energy Storage,Battery of the Nation – A Concept Study of Tasmanian Pumped Hydro Options,https://arena.gov.au/knowledge-bank/battery-of-the-nation-tasmanian-pumped-hydro-in-australias-future-electricity-market/,Reports,https://arena.gov.au/projects/battery-of-the-nation/,2017,Past,https://arena.gov.au/assets/2018/06/battery-of-the-nation–-tasmanian-pumped-hydro-in-australias-future-electricity-market.pdf,pdfs/Reports/Battery_of_the_Nation_'_Tasmanian_Pumped_Hydro_in_Australia&rsquo;s_Future_Electricity_Market_a77ae5.pdf,downloaded
The State of Electric Vehicles in Australia,6/06/2018,Electric vehicles,,https://arena.gov.au/knowledge-bank/the-state-of-electric-vehicles-in-australia/,Reports,,,,https://arena.gov.au/assets/2018/08/the-state-of-electric-vehicles-in-australia.pdf,pdfs/Reports/The_State_of_Electric_Vehicles_in_Australia_d405cb.pdf,downloaded
Hydrogen Our Next Great Export?,5/06/2018,Hydrogen energy,,https://arena.gov.au/knowledge-bank/hydrogen-our-next-great-export/,Infographics,,,,https://arena.gov.au/assets/2019/08/hydrogen-infographic.pdf,pdfs/Infographics/Hydrogen_Our_Next_Great_Export__2b2317.pdf,downloaded
How Demand Response Works,5/06/2018,Demand response,,https://arena.gov.au/knowledge-bank/how-demand-response-works/,Infographics,,,,https://arena.gov.au/assets/2019/08/demand-response-how-it-works.pdf,pdfs/Infographics/How_Demand_Response_Works_9b9858.pdf,downloaded
ITP Battery Test Centre Report 4,30/05/2018,Battery storage,Testing the Performance of Lithium Ion Batteries,https://arena.gov.au/knowledge-bank/itp-battery-test-centre-report-4/,Reports,https://arena.gov.au/projects/testing-the-performance-of-lithium-ion-batteries/,2015,Past,https://arena.gov.au/assets/2015/08/battery-testing-report-4.pdf,pdfs/Reports/ITP_Battery_Test_Centre_Report_4_569fed.pdf,downloaded
May 2018 Project Performance Report ' Energy Under Control,19/05/2018,Demand response,Flow Power Energy Under Control Demand Response,https://arena.gov.au/knowledge-bank/may-2018-project-performance-report-energy-under-control/,Reports,https://arena.gov.au/projects/flow-power-energy-under-control-demand-response/,2017,Past,https://arena.gov.au/assets/2020/11/flow-power-project-performance-report-may-2018.pdf,pdfs/Reports/May_2018_Project_Performance_Report_'_Energy_Under_Control_7eec70.pdf,downloaded
Planet Innovation RERT Demand Response Program Performance Summary Summer 2017/18,17/05/2018,Demand response,Zen Ecosystems Demand Response,https://arena.gov.au/knowledge-bank/planet-innovation-rert-demand-response-program-performance-summary-summer-2017-18/,Reports,https://arena.gov.au/projects/zen-ecosystems-demand-response/,2017,Past,https://arena.gov.au/assets/2020/09/zen-ecosystems-demand-response-rert-trial-summer-2017-18.pdf,pdfs/Reports/Planet_Innovation_RERT_Demand_Response_Program_Performance_Summary_Summer_2017_18_1676f0.pdf,downloaded
The Australian Structural Permeability Map Project,16/05/2018,Geothermal energy,Geothermal Structural Permeability Map,https://arena.gov.au/knowledge-bank/australian-structural-permeability-map-project/,Reports,https://arena.gov.au/projects/geothermal-structural-permeability-map/,2015,Past,https://arena.gov.au/assets/2018/05/structural-permeability-map-project.pdf,pdfs/Reports/The_Australian_Structural_Permeability_Map_Project_09dd84.pdf,downloaded
Distributed Energy Resources Video Playlist,16/05/2018,Distributed energy resources,,https://arena.gov.au/knowledge-bank/distributed-energy-resources-video-playlist/,Videos,,,,,,no_pdf_found
Electric Vehicles Video Playlist,16/05/2018,Electric vehicles,,https://arena.gov.au/knowledge-bank/electric-vehicle-video-playlist/,Videos,,,,,,no_pdf_found
Distributed Energy Integration Program Video Playlist,16/05/2018,Distributed energy resources,,https://arena.gov.au/knowledge-bank/distributed-energy-integration-program-video-playlist/,Videos,,,,,,no_pdf_found
Wind Energy Video Playlist,15/05/2018,Wind energy,,https://arena.gov.au/knowledge-bank/wind-energy-video-playlist/,Videos,,,,,,no_pdf_found
Hybrid Technologies Video Playlist,15/05/2018,Hybrid technologies,,https://arena.gov.au/knowledge-bank/hybrid-video-playlist/,Videos,,,,,,no_pdf_found
A-Lab Video Playlist,15/05/2018,Renewables for industry,,https://arena.gov.au/knowledge-bank/a-lab-video-playlist/,Videos,,,,,,no_pdf_found
Solar PV Video Playlist,15/05/2018,Solar PV R&amp;D,,https://arena.gov.au/knowledge-bank/solar-pv-video-playlist/,Videos,,,,,,no_pdf_found
Concentrated Solar Thermal Video Playlist,15/05/2018,Concentrated solar thermal,,https://arena.gov.au/knowledge-bank/concentrated-solar-thermal-video-playlist/,Videos,,,,,,no_pdf_found
Solar Energy Video Playlist,15/05/2018,Solar energy,,https://arena.gov.au/knowledge-bank/solar-energy-video-playlist/,Videos,,,,,,no_pdf_found
Renewables in Buildings Video Playlist,15/05/2018,Renewables in buildings,,https://arena.gov.au/knowledge-bank/renewables-in-buildings-video-playlist/,Videos,,,,,,no_pdf_found
Ocean Energy Video Playlist,15/05/2018,Ocean energy,,https://arena.gov.au/knowledge-bank/ocean-energy-video-playlist/,Videos,,,,,,no_pdf_found
Hydropower and Pumped Hydro Energy Storage Video Playlist,15/05/2018,Hydropower / Pumped Hydro Energy Storage,,https://arena.gov.au/knowledge-bank/hydropower-and-pumped-hydro-energy-storage-video-playlist/,Videos,,,,,,no_pdf_found
Hydrogen Energy Video Playlist,15/05/2018,Hydrogen energy,,https://arena.gov.au/knowledge-bank/hydrogen-energy-video-playlist/,Videos,,,,,,no_pdf_found
Demand Response Video Playlist,15/05/2018,Demand response,,https://arena.gov.au/knowledge-bank/demand-response-video-playlist/,Videos,,,,,,no_pdf_found
Bioenergy and Energy From Waste Video Playlist,15/05/2018,Bioenergy / Energy from waste,,https://arena.gov.au/knowledge-bank/bioenergy-and-energy-from-waste-video-playlist/,Videos,,,,,,no_pdf_found
Battery Storage Video Playlist,15/05/2018,Battery storage,,https://arena.gov.au/knowledge-bank/battery-storage-video-playlist/,Videos,,,,,,no_pdf_found
Large-Scale Solar Video Playlist,15/05/2018,Large-scale solar,,https://arena.gov.au/knowledge-bank/large-scale-solar-video-playlist/,Videos,,,,,,no_pdf_found
Lithium Ion Battery Testing Public Report 3,2/05/2018,Battery storage,Testing the Performance of Lithium Ion Batteries,https://arena.gov.au/knowledge-bank/lithium-ion-battery-testing-public-report-3/,Reports,https://arena.gov.au/projects/testing-the-performance-of-lithium-ion-batteries/,2015,Past,https://arena.gov.au/assets/2015/08/lithium-ion-battery-testing-public-report-3-1.pdf,pdfs/Reports/Lithium_Ion_Battery_Testing_Public_Report_3_223e1b.pdf,downloaded
ITP Battery Test Centre Report 2,2/05/2018,Battery storage,Testing the Performance of Lithium Ion Batteries,https://arena.gov.au/knowledge-bank/itp-battery-test-centre-report-2/,Reports,https://arena.gov.au/projects/testing-the-performance-of-lithium-ion-batteries/,2015,Past,https://arena.gov.au/assets/2015/08/itp-battery-testing-report-2.pdf,pdfs/Reports/ITP_Battery_Test_Centre_Report_2_cf10ed.pdf,downloaded
ITP Battery Test Centre Reports,2/05/2018,Battery storage,Testing the Performance of Lithium Ion Batteries,https://arena.gov.au/knowledge-bank/itp-battery-test-centre-reports/,Reports,https://arena.gov.au/projects/testing-the-performance-of-lithium-ion-batteries/,2015,Past,https://arena.gov.au/assets/2015/08/itp-battery-testing-report.pdf,pdfs/Reports/ITP_Battery_Test_Centre_Reports_9aa9a7.pdf,downloaded
Residential Solar and Storage Program Interim Report,23/04/2018,Battery storage,Peak Demand Reduction Using Solar and Storage,https://arena.gov.au/knowledge-bank/residential-solar-storage-program-interim-report/,Reports,https://arena.gov.au/projects/peak-demand-reduction-using-solar-storage/,2017,Past,https://arena.gov.au/assets/2017/08/united-energy-residential-solar-storage-program.pdf,pdfs/Reports/Residential_Solar_and_Storage_Program_Interim_Report_dacec6.pdf,downloaded
Presentation: Short Term Forecasting Funding Announcement Information Session,9/04/2018,Solar energy,,https://arena.gov.au/knowledge-bank/presentation-short-term-forecasting-funding-announcement-information-session/,Presentation,,,,https://arena.gov.au/assets/2018/04/arena-short-term-forecasting-webinar-April-2018.pdf,pdfs/Presentation/Presentation__Short_Term_Forecasting_Funding_Announcement_Information_Session_3307a2.pdf,downloaded
Virtual Power Plant in South Australia - Stage 1 & 2 Reports,29/03/2018,Distributed energy resources,AGL Virtual Power Plant,https://arena.gov.au/knowledge-bank/virtual-power-plant-south-australia/,Reports,https://arena.gov.au/projects/agl-virtual-power-plant/,2017,Past,https://arena.gov.au/assets/2017/02/VPP-SA-Public-Milestone-1-Report-Final-for-issue.pdf,pdfs/Reports/Virtual_Power_Plant_in_South_Australia_-_Stage_1_&_2_Reports_b602e7.pdf,downloaded
PV-Mate Photovoltaic Modules for the Australian Environment,14/03/2018,"Solar energy, Solar PV R&amp;D",Solar Panels for the Australian Environment,https://arena.gov.au/knowledge-bank/pv-mate-photovoltaic-modules-australian-environment-report/,Reports,https://arena.gov.au/projects/solar-panels-for-the-australian-environment/,2014,Past,https://arena.gov.au/assets/2017/02/pv-mate-report-final.pdf,pdfs/Reports/PV-Mate_Photovoltaic_Modules_for_the_Australian_Environment_88ad2f.pdf,downloaded
Synthesis Of Responses To ARENA&rsquo;s RFI On CST Projects,8/03/2018,Concentrated solar thermal,,https://arena.gov.au/knowledge-bank/synthesis-responses-arenas-2017-rfi-cst-projects/,Reports,,,,https://arena.gov.au/assets/2018/03/CST-RFI-Synthesis-Public-Report.pdf,pdfs/Reports/Synthesis_Of_Responses_To_ARENA&rsquo;s_RFI_On_CST_Projects_bfdc65.pdf,downloaded
Advanced Biomass Gasification Technology,5/03/2018,Bioenergy / Energy from waste,Advanced Biomass Gasification Technology,https://arena.gov.au/knowledge-bank/advanced-biomass-gasification-technology/,Reports,https://arena.gov.au/projects/advanced-biomass-gasification-technology/,2012,Past,https://arena.gov.au/assets/2017/02/renergi-gasification-public-report.pdf,pdfs/Reports/Advanced_Biomass_Gasification_Technology_100938.pdf,downloaded
Presentation: Market Participant Self-Forecasting Technologies Workshop,2/03/2018,Solar energy,,https://arena.gov.au/knowledge-bank/presentation-market-participant-self-forecasting-technologies-workshop/,Presentation,,,,https://arena.gov.au/assets/2018/03/aemo-feedback-workshop-participants.pdf,pdfs/Presentation/Presentation__Market_Participant_Self-Forecasting_Technologies_Workshop_b1414d.pdf,downloaded
Presentation: ARENA Information Session Distributed Energy Resources Funding Announcements A and B,2/03/2018,Distributed energy resources,,https://arena.gov.au/knowledge-bank/presentation-arena-information-session-distributed-energy-resources-funding-announcements-a-and-b/,Presentation,,,,https://arena.gov.au/assets/2018/03/DER-funding-announcements-information-slides.pdf,pdfs/Presentation/Presentation__ARENA_Information_Session_Distributed_Energy_Resources_Funding_Announcements_A_and_B_6be3bd.pdf,downloaded
The Australian Wave Energy Atlas Project Overview and Final Report,19/02/2018,Ocean energy,Australian Wave Energy Atlas,https://arena.gov.au/knowledge-bank/australian-wave-energy-atlas-project-overview-final-report/,Reports,https://arena.gov.au/projects/australian-wave-energy-atlas/,2014,Past,https://arena.gov.au/assets/2014/02/Wave-Atlas-Final-Report.pdf,pdfs/Reports/The_Australian_Wave_Energy_Atlas_Project_Overview_and_Final_Report_80cbaf.pdf,downloaded
National Electricity Market (NEM) Outlook and Snowy 2.0,16/02/2018,Hydropower / Pumped Hydro Energy Storage,Snowy 2.0 Feasibility Study,https://arena.gov.au/knowledge-bank/national-electricity-market-nem-outlook-snowy-2-0/,Reports,https://arena.gov.au/projects/snowy-2-0-feasibility-study/,2017,Past,https://arena.gov.au/assets/2018/02/National-Electricity-Market-outlook-Snowy-2.0.pdf,pdfs/Reports/National_Electricity_Market_(NEM)_Outlook_and_Snowy_2.0_b42723.pdf,downloaded
"Presentation: Summary Pack, Conversion Tracker: Short-Term Forecasting Workshop ARENA / AEMO",15/02/2018,Solar energy,,https://arena.gov.au/knowledge-bank/presentation-summary-pack-conversion-tracker-short-term-forecasting-workshop-arena-aemo/,Presentation,,,,https://arena.gov.au/assets/2018/03/arena-self-forecasting-technologies-workshop.pdf,"pdfs/Presentation/Presentation__Summary_Pack,_Conversion_Tracker__Short-Term_Forecasting_Workshop_ARENA___AEMO_35140c.pdf",downloaded
United Energy Demand Response Project Performance Milestone 2,14/02/2018,Demand response,United Energy Distribution Demand Response,https://arena.gov.au/knowledge-bank/united-energy-demand-response-project-performance-report-milestone-2/,"Reports, Milestones",https://arena.gov.au/projects/united-energy-distribution-demand-response/,2017,Past,https://arena.gov.au/assets/2018/08/united-energy-demand-response-project-performance-report-milestone-2.pdf,pdfs/Reports_Milestones/United_Energy_Demand_Response_Project_Performance_Milestone_2_b83cf2.pdf,downloaded
Advancing Solar in Australia Through RD&D,12/02/2018,Solar energy,,https://arena.gov.au/knowledge-bank/advancing-solar-australia-rdd/,Reports,,,,https://arena.gov.au/assets/2018/02/Report-solar-rdd-review.pdf,pdfs/Reports/Advancing_Solar_in_Australia_Through_RD&D_afa894.pdf,downloaded
Virtual Power Station 2.0,7/02/2018,Distributed energy resources,Virtual Power Station 2,https://arena.gov.au/knowledge-bank/virtual-power-station-2-0/,Reports,https://arena.gov.au/projects/virtual-power-station-2/,2014,Past,https://arena.gov.au/assets/2017/02/csiro-virtual-power-station-2.pdf,pdfs/Reports/Virtual_Power_Station_2.0_322dd5.pdf,downloaded
Presentation: Self Forecasting Technologies Workshop February 2018,2/02/2018,Solar energy,,https://arena.gov.au/knowledge-bank/presentation-self-forecasting-technologies-workshop-february-2018/,Presentation,,,,https://arena.gov.au/assets/2018/03/aemo-self-forecasting-technologies-presentation.pdf,pdfs/Presentation/Presentation__Self_Forecasting_Technologies_Workshop_February_2018_96eae4.pdf,downloaded
Presentation: ARENA&rsquo;s R&D Program Round 4 Hydrogen Information Session,2/02/2018,Hydrogen energy,,https://arena.gov.au/knowledge-bank/presentation-arenas-rd-program-round-4-hydrogen-information-session/,Presentation,,,,https://arena.gov.au/assets/2018/02/Hydrogen-RD4-information-slides.pdf,pdfs/Presentation/Presentation__ARENA&rsquo;s_R&D_Program_Round_4_Hydrogen_Information_Session_8d7140.pdf,downloaded
Hydropower Asset Improvement at Gordon Power Station,31/01/2018,Hydropower / Pumped Hydro Energy Storage,Battery of the Nation,https://arena.gov.au/knowledge-bank/hydropower-asset-improvement-at-gordon-power-station/,Reports,https://arena.gov.au/projects/augmenting-tasmanian-hydropower-system/,2017,Past,https://arena.gov.au/assets/2017/07/hydropower-asset-improvement-at-gordon-power-station.pdf,pdfs/Reports/Hydropower_Asset_Improvement_at_Gordon_Power_Station_39376a.pdf,downloaded
Kennedy Park FinClose Report,30/01/2018,Hybrid technologies,Kennedy Energy Park,https://arena.gov.au/knowledge-bank/kennedy-park-finclose-report/,Reports,https://arena.gov.au/projects/kennedy-energy-park/,2017,Current,https://arena.gov.au/assets/2017/02/Kennedy-Park-FinClose-Report-Windlab.pdf,pdfs/Reports/Kennedy_Park_FinClose_Report_99a4a3.pdf,downloaded
Comparison of Dispatchable Renewable Electricity Options,30/01/2018,Renewables for industry,Comparison of Dispatchable Renewable Electricity Options,https://arena.gov.au/knowledge-bank/comparison-of-dispatchable-renewable-electricity-options/,Reports,https://arena.gov.au/projects/dispatchable-renewable-electricity-options/,2017,Past,https://arena.gov.au/assets/2018/10/Comparison-Of-Dispatchable-Renewable-Electricity-Options-ITP-et-al-for-ARENA-2018.pdf,pdfs/Reports/Comparison_of_Dispatchable_Renewable_Electricity_Options_bef769.pdf,downloaded
Cultana Pumped Hydro Project Feasibility Study,21/12/2017,Hydropower / Pumped Hydro Energy Storage,EnergyAustralia South Australian (PHES) Feasibility Study,https://arena.gov.au/knowledge-bank/cultana-pumped-hydro-project/,Reports,https://arena.gov.au/projects/energyaustralia-south-australian-pumped-hydro-energy-storage-phes-feasibility-study/,2017,Past,https://arena.gov.au/assets/2017/07/Final-report-Cultana-Pumped-Hydro-Project.pdf,pdfs/Reports/Cultana_Pumped_Hydro_Project_Feasibility_Study_912fbb.pdf,downloaded
ReWired Season 2 Podcast,21/12/2017,General,,https://arena.gov.au/knowledge-bank/rewired-season-2-podcast/,Podcast,,,,,,no_pdf_found
Advanced Surface and Contact Technologies for Industrial Silicon Photovoltaics,20/12/2017,"Solar energy, Solar PV R&amp;D",Advanced Surface and Contact Technologies Improving Solar Cells,https://arena.gov.au/knowledge-bank/advanced-surface-contact-technologies-industrial-silicon-photovoltaics/,Reports,https://arena.gov.au/projects/advanced-surface-and-contact-technologies-improving-solar-cells/,2014,Past,https://arena.gov.au/assets/2017/02/Advanced-Surface-Contact-Technologies-Industrial-Silicon-Photovoltaics-report.pdf,pdfs/Reports/Advanced_Surface_and_Contact_Technologies_for_Industrial_Silicon_Photovoltaics_097c71.pdf,downloaded
Development and Commercialisation of High Efficiency Silicon Solar Cell Technology,18/12/2017,"Solar energy, Solar PV R&amp;D",High Efficiency Silicon Solar Cell Technology,https://arena.gov.au/knowledge-bank/development-commercialisation-high-efficiency-silicon-solar-cell-technology/,Reports,https://arena.gov.au/projects/development-and-commercialisation-of-high-efficiency-silicon-solar-cell-technology/,2010,Past,https://arena.gov.au/assets/2017/02/Development-Commercialisation-High-Efficiency-Silicon-Solar-Cell-Technology.pdf,pdfs/Reports/Development_and_Commercialisation_of_High_Efficiency_Silicon_Solar_Cell_Technology_787bb1.pdf,downloaded
Rottnest Island WREN Project Case Study,12/12/2017,"Battery storage, Hybrid technologies, Solar energy, Wind energy",Rottnest Island Water and Renewable Energy Nexus (WREN) Project,https://arena.gov.au/knowledge-bank/rottnest-island-wren-project-case-study/,Reports,https://arena.gov.au/projects/rottnest-island-water-and-renewable-energy-nexus-wren-project/,2015,Past,https://arena.gov.au/assets/2017/12/Case-Study-Rottnest-Island-WREN-project.pdf,pdfs/Reports/Rottnest_Island_WREN_Project_Case_Study_705f73.pdf,downloaded
Solar Driven Supercritical CO2 Brayton Cycle,28/11/2017,"Concentrated solar thermal, Solar energy",Solar-Driven Supercritical CO<sup>2</sup> Brayton Cycle,https://arena.gov.au/knowledge-bank/solar-driven-supercritical-co2-brayton-cycle/,Reports,https://arena.gov.au/projects/solar-driven-supercritical-co2-brayton-cycle/,2011,Past,https://arena.gov.au/assets/2017/11/Solar-driven-Supercritical-CO2-Brayton-Cycle.pdf,pdfs/Reports/Solar_Driven_Supercritical_CO2_Brayton_Cycle_346afb.pdf,downloaded
Market Analysis of Opportunities in Australia for Anaerobic Digestion Deployment,15/11/2017,Bioenergy / Energy from waste,Goulburn Bioenergy Project,https://arena.gov.au/knowledge-bank/market-analysis-of-opportunities-in-australia-for-anaerobic-digestion-deployment/,Reports,https://arena.gov.au/projects/goulburn-bioenergy-project/,2017,Past,https://arena.gov.au/assets/2021/06/market-analysis-of-opportunities-in-australia-for-anaerobic-digestion-deployment.pdf,pdfs/Reports/Market_Analysis_of_Opportunities_in_Australia_for_Anaerobic_Digestion_Deployment_44fedf.pdf,downloaded
United Energy Demand Response Project Performance Milestone Report 1,14/11/2017,Demand response,United Energy Distribution Demand Response,https://arena.gov.au/knowledge-bank/united-energy-demand-response-project-performance-report-milestone-1/,"Reports, Milestones",https://arena.gov.au/projects/united-energy-distribution-demand-response/,2017,Past,https://arena.gov.au/assets/2018/08/united-energy-demand-response-project-performance-report-milestone-1.pdf,pdfs/Reports_Milestones/United_Energy_Demand_Response_Project_Performance_Milestone_Report_1_cb4dd7.pdf,downloaded
Here Comes The Sun,14/11/2017,"Solar energy, Solar PV R&amp;D",Moreland Micro-Grid Investigation,https://arena.gov.au/knowledge-bank/here-comes-the-sun/,Reports,https://arena.gov.au/projects/moreland-micro-grid-investigation/,2015,Past,https://arena.gov.au/assets/2017/11/here-comes-the-sun-moreland-energy-foundation.pdf,pdfs/Reports/Here_Comes_The_Sun_b7f89d.pdf,downloaded
Renewable Energy in the Australian Mining Sector,14/11/2017,Hybrid technologies,,https://arena.gov.au/knowledge-bank/renewable-energy-australian-mining-sector/,Reports,,,,https://arena.gov.au/assets/2017/11/renewable-energy-in-the-australian-mining-sector.pdf,pdfs/Reports/Renewable_Energy_in_the_Australian_Mining_Sector_736286.pdf,downloaded
Delivering Higher Renewable Penetration in New Land & Housing Developments Through Edge-of-Grid Microgrids,1/11/2017,Off grid,Higher Renewable Penetration in New Land & Housing Developments,https://arena.gov.au/knowledge-bank/delivering-higher-renewable-penetration-new-land-housing-developments-edge-grid-microgrids/,Reports,https://arena.gov.au/projects/delivering-higher-renewable-penetration-in-new-land-and-housing-developments-through-off-grid-microgrids/,2015,Past,https://arena.gov.au/assets/2015/04/Delivering-higher-renewable-penetration-new-land-housing-developments-microgrids.pdf,pdfs/Reports/Delivering_Higher_Renewable_Penetration_in_New_Land_&_Housing_Developments_Through_Edge-of-Grid_Microgrids_153f65.pdf,downloaded
LCOE Calculator,29/10/2017,Large-scale solar,,https://arena.gov.au/knowledge-bank/lcoe-calculator/,Tools,,,,,,no_pdf_found
Optimisation of Central Receivers for Advanced Power Cycles,26/10/2017,"Concentrated solar thermal, Solar energy",Optimisation of Central Receivers for Advanced Power Cycles,https://arena.gov.au/knowledge-bank/optimisation-of-central-receivers-for-advanced-power-cycles/,Reports,https://arena.gov.au/projects/optimisation-of-central-receivers-for-advanced-power-cycles/,2011,Past,https://arena.gov.au/assets/2017/10/Optimization-Central-Receivers-Advanced-Power-Cycles-Report.pdf,pdfs/Reports/Optimisation_of_Central_Receivers_for_Advanced_Power_Cycles_b399ff.pdf,downloaded
Presentation: Solar Generation System on a Landfill Case Study - An Australian First,12/10/2017,Solar PV R&amp;D,,https://arena.gov.au/knowledge-bank/presentation-solar-generation-system-on-a-landfill-case-study-an-australian-first/,Presentation,,,,https://arena.gov.au/assets/2017/02/solar-on-landfills-presentation.pdf,pdfs/Presentation/Presentation__Solar_Generation_System_on_a_Landfill_Case_Study_-_An_Australian_First_2210b2.pdf,downloaded
Presentation: Solar Generation System on a Landfill Case Study - An Australian First,12/10/2017,"Solar energy, Solar PV R&amp;D",Pilot Landfill Solar Project,https://arena.gov.au/knowledge-bank/solar-generation-system-on-a-landfill-case-study/,Presentation,https://arena.gov.au/projects/pilot-landfill-solar-project/,2016,Past,https://arena.gov.au/assets/2017/02/solar-on-landfills-presentation.pdf,pdfs/Presentation/Presentation__Solar_Generation_System_on_a_Landfill_Case_Study_-_An_Australian_First_2210b2.pdf,already_on_disk
"Cost-Effective&#8203; &#8203;GaAsP&#8203; &#8203;Top Solar&#8203; &#8203;Cell&#8203; &#8203;Grown&#8203; &#8203;On&#8203; &#8203;A&#8203; &#8203;High Performance,&#8203; &#8203;Low&#8203; &#8203;Cost Silicon&#8203; &#8203;Solar&#8203; &#8203;Cell",11/10/2017,"Solar energy, Solar PV R&amp;D",Cost Effective Gallium Arsenide Phosphide Top Solar Cell,https://arena.gov.au/knowledge-bank/cost-effective%e2%80%8b-%e2%80%8bgaasp%e2%80%8b-%e2%80%8btop-solar%e2%80%8b-%e2%80%8bcell%e2%80%8b-%e2%80%8bgrown%e2%80%8b-%e2%80%8bon%e2%80%8b-%e2%80%8ba%e2%80%8b-%e2%80%8bhigh-performance%e2%80%8b/,Reports,https://arena.gov.au/projects/cost-effective-gallium-arsenide-phosphide-top-solar-cell-grown-on-a-high-performance-low-cost-silicon-solar-cell/,2011,Past,https://arena.gov.au/assets/2017/10/Cost-Effective-GaAsP-UNSW-Australia-project-results-lessons.pdf,pdfs/Reports/Cost-Effective&#8203;_&#8203;GaAsP&#8203;_&#8203;Top_Solar&#8203;_&#8203;Cell&#8203;_&#8203;Grown&#8203;_&#8203;On&#8203_3d73cd.pdf,downloaded
Development of High Temperature Phase Change Storage Systems and a Test Facility,11/10/2017,"Concentrated solar thermal, Solar energy",Testing Facility for Storing Heat from Solar Energy,https://arena.gov.au/knowledge-bank/development-high-temperature-phase-change-storage-systems-test-facility/,Reports,https://arena.gov.au/projects/development-of-a-testing-facility-for-storing-heat-from-solar-energy-at-high-temperatures/,2011,Past,https://arena.gov.au/assets/2017/10/PDR-3A019-ARENA-261016-Development-High-Temperature-Phase-Change-Storage-Systems-Test-Facility.pdf,pdfs/Reports/Development_of_High_Temperature_Phase_Change_Storage_Systems_and_a_Test_Facility_0eb067.pdf,downloaded
Peer-to-Peer Distributed Ledger Technology Assessment,3/10/2017,Demand response,AGL Virtual Trial of Peer-to-Peer Energy Trading,https://arena.gov.au/knowledge-bank/peer-peer-distributed-ledger-technology-assessment/,Reports,https://arena.gov.au/projects/agl-virtual-trial-peer-to-peer-trading/,2017,Past,https://arena.gov.au/assets/2017/10/Final-Report-MHC-AGL-IBM-P2P-DLT.pdf,pdfs/Reports/Peer-to-Peer_Distributed_Ledger_Technology_Assessment_84e2be.pdf,downloaded
EnergyAustralia South Australian Pumped Hydro Energy Storage (PHES) Feasibility Study,27/09/2017,Hydropower / Pumped Hydro Energy Storage,EnergyAustralia South Australian (PHES) Feasibility Study,https://arena.gov.au/knowledge-bank/energyaustralia-south-australian-pumped-hydro-energy-storage-phes-feasibility-study/,Reports,https://arena.gov.au/projects/energyaustralia-south-australian-pumped-hydro-energy-storage-phes-feasibility-study/,2017,Past,https://arena.gov.au/assets/2017/09/Cultana-Pumped-Hydro-Project-_Public-FINAL-150917.pdf,pdfs/Reports/EnergyAustralia_South_Australian_Pumped_Hydro_Energy_Storage_(PHES)_Feasibility_Study_9edfef.pdf,downloaded
Presentation: Silicon Solar Cells: Australian Role in Present Low PV Costs & Lower Future Costs,14/08/2017,Solar PV R&amp;D,,https://arena.gov.au/knowledge-bank/presentation-silicon-solar-cells-australian-role-in-present-low-pv-costs-lower-future-costs/,Presentation,,,,https://arena.gov.au/assets/2017/08/MartinGreen_Presentation.pdf,pdfs/Presentation/Presentation__Silicon_Solar_Cells__Australian_Role_in_Present_Low_PV_Costs_&_Lower_Future_Costs_8311d0.pdf,downloaded
Presentation: The Role for Solar Thermal in a Sustainable Future,2/08/2017,Concentrated solar thermal,,https://arena.gov.au/knowledge-bank/presentation-the-role-for-solar-thermal-in-a-sustainable-future/,Presentation,,,,https://arena.gov.au/assets/2017/08/WesStein_Presentation_ARENA.pdf,pdfs/Presentation/Presentation__The_Role_for_Solar_Thermal_in_a_Sustainable_Future_bcbcac.pdf,downloaded
Presentation: Innovation in Energy Productivity: Fifth Fuel ' First Choice,2/08/2017,General,,https://arena.gov.au/knowledge-bank/presentation-innovation-in-energy-productivity-fifth-fuel-first-choice/,Presentation,,,,https://arena.gov.au/assets/2017/08/Stuart-White_Presentation.pdf,pdfs/Presentation/Presentation__Innovation_in_Energy_Productivity__Fifth_Fuel_'_First_Choice_0c1bd4.pdf,downloaded
Presentation: Is Hydrogen a Crime Against Thermodynamics?,2/08/2017,Hydrogen energy,,https://arena.gov.au/knowledge-bank/presentation-is-hydrogen-a-crime-against-thermodynamics/,Presentation,,,,https://arena.gov.au/assets/2017/08/PhilONeil_Presentation_ARENA.pdf,pdfs/Presentation/Presentation__Is_Hydrogen_a_Crime_Against_Thermodynamics__99e7e2.pdf,downloaded
Presentation: Pumped Hydro Storage and 100% Renewable Electricity,2/08/2017,Hydropower / Pumped Hydro Energy Storage,,https://arena.gov.au/knowledge-bank/presentation-pumped-hydro-storage-and-100-renewable-electricity/,Presentation,,,,https://arena.gov.au/assets/2017/08/AndrewBlakers_Presentation.pdf,pdfs/Presentation/Presentation__Pumped_Hydro_Storage_and_100%_Renewable_Electricity_259467.pdf,downloaded
Why Australia's Biggest Businesses are Lagging Behind Their Global Peers on Renewable Energy?,18/07/2017,Renewables for industry,,https://arena.gov.au/knowledge-bank/australias-biggest-businesses-lagging-behind-global-peers-renewable-energy/,Reports,,,,https://arena.gov.au/assets/2017/07/AU21476-ARENA-Corporate-Report-REVISED-v1-1.pdf,pdfs/Reports/Why_Australia's_Biggest_Businesses_are_Lagging_Behind_Their_Global_Peers_on_Renewable_Energy__0a8e59.pdf,downloaded
2016 Annual Report ' Advanced Centre for Advanced Photovoltaics,16/07/2017,"Solar energy, Solar PV R&amp;D",Australian Centre for Advanced Photovoltaics (ACAP),https://arena.gov.au/knowledge-bank/2016-annual-report-advanced-centre-for-advanced-photovoltaics/,Reports,https://arena.gov.au/projects/australian-centre-for-advanced-photovoltaics-acap/,2012,Current,https://arena.gov.au/assets/2017/07/acap-2016-annual-report.pdf,pdfs/Reports/2016_Annual_Report_'_Advanced_Centre_for_Advanced_Photovoltaics_b2c169.pdf,downloaded
Presentation: Solar Heat for Industrial Production Processes - Latest Research and Large Scale Installations,2/07/2017,Renewables for industry,,https://arena.gov.au/knowledge-bank/presentation-solar-heat-for-industrial-production-processes-latest-research-and-large-scale-installations/,Presentation,,,,https://arena.gov.au/assets/2017/05/Solar-heat-for-industrial-production-processes.pdf,pdfs/Presentation/Presentation__Solar_Heat_for_Industrial_Production_Processes_-_Latest_Research_and_Large_Scale_Installations_7a96f4.pdf,downloaded
Demand Management Incentives Review,28/06/2017,Renewables for industry,,https://arena.gov.au/knowledge-bank/demand-management-incentives-review/,Reports,,,,https://arena.gov.au/assets/2017/06/20170628-DMIR-Report-Final.pdf,pdfs/Reports/Demand_Management_Incentives_Review_a4f153.pdf,downloaded
Large Scale Solar PV Projects 2017,23/06/2017,Solar energy,,https://arena.gov.au/knowledge-bank/large-scale-solar-pv-projects-2017/,Reports,,,,https://arena.gov.au/assets/2017/06/AU21509_ARENA_Large_Scale_Solar_Brochure_v6-1.pdf,pdfs/Reports/Large_Scale_Solar_PV_Projects_2017_68ffb1.pdf,downloaded
Presentation: ARENA&rsquo;s R&D Program Round 3: Solar PV Research Information Session,2/06/2017,Solar PV R&amp;D,,https://arena.gov.au/knowledge-bank/presentation-arenas-rd-program-round-3-solar-pv-research-information-session/,Presentation,,,,https://arena.gov.au/assets/2017/06/solarpv3_roadshow_pres.potx.pdf,pdfs/Presentation/Presentation__ARENA&rsquo;s_R&D_Program_Round_3__Solar_PV_Research_Information_Session_b24cd2.pdf,downloaded
Capacity and Energy-Only Markets Under High Renewable Penetration,1/06/2017,Hybrid technologies,Achieving Cost-Affective Abatement,https://arena.gov.au/knowledge-bank/capacity-and-energy-only-markets-under-high-renewable-penetration/,Reports,https://arena.gov.au/projects/achieving-cost-effective-abatement-australian-electricity-generation/,2012,Past,https://arena.gov.au/assets/2017/06/Chattopadhyay-and-Alpcan_3.pdf,pdfs/Reports/Capacity_and_Energy-Only_Markets_Under_High_Renewable_Penetration_e21830.pdf,downloaded
ReWired Season 1 Podcast,29/05/2017,General,,https://arena.gov.au/knowledge-bank/rewired-season-1-podcast/,Podcast,,,,,,no_pdf_found
Presentation: A-Lab Accelerate - Designing a demand response initiative,19/05/2017,Demand response,,https://arena.gov.au/knowledge-bank/presentation-a-lab-accelerate-designing-a-demand-response-initiative/,Presentation,,,,https://arena.gov.au/assets/2017/05/20170522_A-Lab_DR-Accelerate_FOR-CIRCULATION.potx.pdf,pdfs/Presentation/Presentation__A-Lab_Accelerate_-_Designing_a_demand_response_initiative_05dfbd.pdf,downloaded
Renewable Energy Hub Knowledge Sharing Report,9/05/2017,System security and reliability,TransGrid New England Renewable Hub (REHub) Feasibility Study,https://arena.gov.au/knowledge-bank/renewable-energy-hub-knowledge-sharing-report/,Reports,https://arena.gov.au/projects/transgrid-new-england-renewable-rehub-feasibility-study/,2016,Past,https://arena.gov.au/assets/2017/05/Renewable-Hub_Knowledge-Report_Final-1.pdf,pdfs/Reports/Renewable_Energy_Hub_Knowledge_Sharing_Report_c8c4eb.pdf,downloaded
Remote Australia's Renewables Data Specification Guidance,4/05/2017,Hybrid technologies,,https://arena.gov.au/knowledge-bank/remote-australias-renewables-data-specification-guidance/,Reports,,,,https://arena.gov.au/assets/2017/05/ARENA-RAR-Knowledge-Sharing-Data-Specification-1.pdf,pdfs/Reports/Remote_Australia's_Renewables_Data_Specification_Guidance_25884a.pdf,downloaded
DeGrussa Solar Project Report,4/05/2017,"Solar energy, Solar PV R&amp;D",DeGrussa Solar Project,https://arena.gov.au/knowledge-bank/degrussa-solar-project/,Reports,https://arena.gov.au/projects/degrussa-solar-project/,2014,Past,https://arena.gov.au/assets/2017/05/juwi_ARENA-DeGrussa-Knowledge-Sharing-Reports_170309_Rev2.pdf,pdfs/Reports/DeGrussa_Solar_Project_Report_e8f77e.pdf,downloaded
Insights From The Portfolio of Projects Funded Under The Regional Australia's Renewables Program,4/05/2017,Hybrid technologies,,https://arena.gov.au/knowledge-bank/an-introduction-to-arenas-remote-and-regional-projects/,Reports,,,,https://arena.gov.au/assets/2017/06/ARENA_RAR-Off-grid-Portfolio-Overview_web-1.pdf,pdfs/Reports/Insights_From_The_Portfolio_of_Projects_Funded_Under_The_Regional_Australia's_Renewables_Program_7c7ba5.pdf,downloaded
ARENA's Remote and Regional Projects: Data Specification to Benefit Financial and Operational Yields,4/05/2017,Hybrid technologies,,https://arena.gov.au/knowledge-bank/regional-australias-renewables-rar-data-specification-outlines-minimum-data-reporting/,Reports,,,,https://arena.gov.au/assets/2017/05/ARENA_RAR-Data-Specification-to-Benefit-Financial-and-Operational-Yields_web.pdf,pdfs/Reports/ARENA's_Remote_and_Regional_Projects__Data_Specification_to_Benefit_Financial_and_Operational_Yields_b3f583.pdf,downloaded
Achieving Cost-Effective Abatement from Australian Electricity Generation,30/03/2017,Hybrid technologies,Achieving Cost-Affective Abatement,https://arena.gov.au/knowledge-bank/achieving-cost-effective-abatement-from-australian-electricity-generation/,Reports,https://arena.gov.au/projects/achieving-cost-effective-abatement-australian-electricity-generation/,2012,Past,https://arena.gov.au/assets/2017/06/PDRUoM-UNSW-ARENA_withlessons.docx.pdf,pdfs/Reports/Achieving_Cost-Effective_Abatement_from_Australian_Electricity_Generation_76f2e9.pdf,downloaded
Grantee Toolbox - A Guide for Funding Recipients,16/03/2017,General,,https://arena.gov.au/knowledge-bank/grantee-toolbox/,Tools,,,,https://arena.gov.au/assets/2025/06/ARENA-Variation-Policy-June-2025.pdf,pdfs/Tools/Grantee_Toolbox_-_A_Guide_for_Funding_Recipients_058c86.pdf,downloaded
Plug and Play Solar Project Results,10/03/2017,"Solar energy, Solar PV R&amp;D",Plug and Play Solar Power,https://arena.gov.au/knowledge-bank/plug-and-play-solar-project-results/,"Reports, Lessons",https://arena.gov.au/projects/plug-and-play-solar-power/,2012,Past,https://arena.gov.au/assets/2017/05/Attachment-1-Public-Dissemination-Report-CSIRO-Plug-and-Play.pdf,pdfs/Reports_Lessons/Plug_and_Play_Solar_Project_Results_51c1af.pdf,downloaded
Solar Panels for the Australian Environment Lessons Learnt,15/02/2017,"Solar energy, Solar PV R&amp;D",Solar Panels for the Australian Environment,https://arena.gov.au/knowledge-bank/solar-panels-for-the-australian-environment-lessons-learnt/,"Reports, Lessons",https://arena.gov.au/projects/solar-panels-for-the-australian-environment/,2014,Past,https://arena.gov.au/assets/2017/02/lessons-learnt-pv-mate-pdr-6-shade-tolerance.pdf,pdfs/Reports_Lessons/Solar_Panels_for_the_Australian_Environment_Lessons_Learnt_73aad0.pdf,downloaded
Lessons Learnt Report Solar Landfill Project,3/02/2017,"Solar energy, Solar PV R&amp;D",Pilot Landfill Solar Project,https://arena.gov.au/knowledge-bank/lessons-learnt-report-solar-landfill-project/,"Reports, Lessons",https://arena.gov.au/projects/pilot-landfill-solar-project/,2016,Past,https://arena.gov.au/assets/2017/02/lessons-learnt-report-solar-landfill-project.pdf,pdfs/Reports_Lessons/Lessons_Learnt_Report_Solar_Landfill_Project_b4c282.pdf,downloaded
A Commercially Viable Application of Electricity Storage for Australia&rsquo;s National Electricity Grid,31/01/2017,"Solar energy, Solar PV R&amp;D, System security and reliability",Intelligent Storage for Australia's Grid,https://arena.gov.au/knowledge-bank/a-commercially-viable-application-of-electricity-storage-for-australias-national-electricity-grid/,Reports,https://arena.gov.au/projects/intelligent-storage-for-australias-grid/,2014,Past,https://arena.gov.au/assets/2017/06/20160922_4_PublicReport_LHO.pdf,pdfs/Reports/A_Commercially_Viable_Application_of_Electricity_Storage_for_Australia&rsquo;s_National_Electricity_Grid_c97f71.pdf,downloaded
Perovskite Solar Cells: Establishing the Basis for Industrial Development,31/01/2017,"Solar energy, Solar PV R&amp;D",Establishing the Basis for Industrial Development,https://arena.gov.au/knowledge-bank/perovskite-solar-cells-establishing-the-basis-for-industrial-development/,Reports,https://arena.gov.au/projects/perovskite-solar-cells-establishing-basis-industrial-development/,2015,Past,https://arena.gov.au/assets/2017/07/PDR-Dyesol-Measure-FinalWeb.docx.pdf,pdfs/Reports/Perovskite_Solar_Cells__Establishing_the_Basis_for_Industrial_Development_b3a952.pdf,downloaded
Networks Renewed Technical Analysis,2/01/2017,Distributed energy resources,Networks Renewed,https://arena.gov.au/knowledge-bank/networks-renewed-technical-analysis/,Reports,https://arena.gov.au/projects/networks-renewed/,2016,Past,https://arena.gov.au/assets/2017/01/networks-renewed-public-report-technical-analysis.pdf,pdfs/Reports/Networks_Renewed_Technical_Analysis_e66ee3.pdf,downloaded
Establishing the Social Licence to Operate Large Scale Solar Facilities in Australia,19/11/2016,Solar energy,Utility-Scale Solar Installations,https://arena.gov.au/knowledge-bank/establishing-the-social-licence-to-operate-large-scale-solar-facilities-in-australia/,Reports,https://arena.gov.au/projects/utility-scale-solar-installations-social-license-to-operate-in-australia/,2012,Past,https://arena.gov.au/assets/2020/11/establishing-the-social-licence-to-operate-large-scale-solar-facilities-in-australia.pdf,pdfs/Reports/Establishing_the_Social_Licence_to_Operate_Large_Scale_Solar_Facilities_in_Australia_4fa8cb.pdf,downloaded
"Presentation: Large-Scale Solar in Australia: Past, Present and Future",19/07/2016,Large-scale solar,,https://arena.gov.au/knowledge-bank/presentation-large-scale-solar-in-australia-past-present-and-future/,Presentation,,,,https://arena.gov.au/assets/2016/01/ARENA-LSS-Conference.pdf,"pdfs/Presentation/Presentation__Large-Scale_Solar_in_Australia__Past,_Present_and_Future_06b411.pdf",downloaded
2015 Annual Report ' Advanced Centre for Advanced Photovoltaics,16/07/2016,"Solar energy, Solar PV R&amp;D",Australian Centre for Advanced Photovoltaics (ACAP),https://arena.gov.au/knowledge-bank/2015-annual-report-advanced-centre-for-advanced-photovoltaics/,Reports,https://arena.gov.au/projects/australian-centre-for-advanced-photovoltaics-acap/,2012,Current,https://arena.gov.au/assets/2016/07/acap-2015-annual-report.pdf,pdfs/Reports/2015_Annual_Report_'_Advanced_Centre_for_Advanced_Photovoltaics_b91441.pdf,downloaded
Machine-Learning-Based Forecasting of Distributed Solar Energy Production,1/07/2016,"Solar energy, Solar PV R&amp;D",Machine-Learning-Based Forecasting of Distributed Solar Energy Production,https://arena.gov.au/knowledge-bank/machine-learning-based-forecasting-of-distributed-solar-energy-production/,Reports,https://arena.gov.au/projects/machine-learning-based-forecasting-distributed-solar-energy-production/,2012,Past,https://arena.gov.au/assets/2017/05/Final-Project-and-Public-Dissemination-Report-1-USO012.pdf,pdfs/Reports/Machine-Learning-Based_Forecasting_of_Distributed_Solar_Energy_Production_3a5df7.pdf,downloaded
Concentrating Solar Fuels Roadmap Final Report,8/05/2016,"Concentrated solar thermal, Solar energy",Solar Hybrid Fuels,https://arena.gov.au/knowledge-bank/concentrating-solar-fuels-roadmap-final-report/,Reports,https://arena.gov.au/projects/solar-hybrid-fuels/,2012,Past,https://arena.gov.au/assets/2016/05/Concentrating-Solar-Fuels-Roadmap-Final-Report-CSIRO.pdf,pdfs/Reports/Concentrating_Solar_Fuels_Roadmap_Final_Report_b960da.pdf,downloaded
Sunshift Demonstration Report,23/04/2016,Hybrid technologies,Re-Deployable Hybrid Power (Sunshift),https://arena.gov.au/knowledge-bank/sunshift-demonstration-report/,Reports,https://arena.gov.au/projects/redeployable-hybrid-power/,2014,Past,https://arena.gov.au/assets/2016/04/Laing-ORourke-MS-2-ii-Case-Study.pdf,pdfs/Reports/Sunshift_Demonstration_Report_2ce313.pdf,downloaded
The Incremental Cost of Renewable Generation an Australian National Electricity Market Case Study,8/04/2016,Hybrid technologies,Achieving Cost-Affective Abatement,https://arena.gov.au/knowledge-bank/what-cost-for-more-renewables-the-incremental-cost-of-renewable-generation-an-australian-national-electricity-market-case-study/,Reports,https://arena.gov.au/projects/achieving-cost-effective-abatement-australian-electricity-generation/,2012,Past,https://arena.gov.au/assets/2017/06/Elliston_etal_2016_6.pdf,pdfs/Reports/The_Incremental_Cost_of_Renewable_Generation_an_Australian_National_Electricity_Market_Case_Study_78949f.pdf,downloaded
Cost Assessment of Hydrogen Production from PV and Electrolysis,21/03/2016,"Concentrated solar thermal, Solar energy",Solar Hybrid Fuels,https://arena.gov.au/knowledge-bank/cost-assessment-of-hydrogen-production-from-pv-and-electrolysis/,Reports,https://arena.gov.au/projects/solar-hybrid-fuels/,2012,Past,https://arena.gov.au/assets/2016/05/Assessment-of-the-cost-of-hydrogen-from-PV.pdf,pdfs/Reports/Cost_Assessment_of_Hydrogen_Production_from_PV_and_Electrolysis_190c89.pdf,downloaded
Presentation: ARENA Large-Scale Solar PV Competitive Round,16/03/2016,Large-scale solar,,https://arena.gov.au/knowledge-bank/presentation-arena-large-scale-solar-pv-competitive-round/,Presentation,,,,https://arena.gov.au/assets/2017/02/ARENA-Large-scale-Solar-PV-Competitive-Round_EOI-Data-Output_March-2016.pdf,pdfs/Presentation/Presentation__ARENA_Large-Scale_Solar_PV_Competitive_Round_36e3b7.pdf,downloaded
"Least Cost, Utility Scale abatement from Australia's NEM Part 2",3/02/2016,Hybrid technologies,Achieving Cost-Affective Abatement,https://arena.gov.au/knowledge-bank/least-cost-utility-scale-abatement-from-australias-nem-part-2/,Reports,https://arena.gov.au/projects/achieving-cost-effective-abatement-australian-electricity-generation/,2012,Past,https://arena.gov.au/assets/2017/06/Brear-Least-cost-abatement-part-2-published-version_1.pdf,"pdfs/Reports/Least_Cost,_Utility_Scale_abatement_from_Australia's_NEM_Part_2_2ffe24.pdf",downloaded
"Least cost, Utility Scale Abatement from Australia's NEM",3/02/2016,Hybrid technologies,Achieving Cost-Affective Abatement,https://arena.gov.au/knowledge-bank/least-cost-utility-scale-abatement-from-australias-nem/,Reports,https://arena.gov.au/projects/achieving-cost-effective-abatement-australian-electricity-generation/,2012,Past,https://arena.gov.au/assets/2017/06/Jeppesen-Least-cost-abatement-part-1-published-version_7.pdf,"pdfs/Reports/Least_cost,_Utility_Scale_Abatement_from_Australia's_NEM_1cc9fb.pdf",downloaded
Bombora Wave Power Cost of Energy Study&nbsp;,1/01/2016,Ocean energy,Energy Cost Study for Bombora Wave Energy Converter,https://arena.gov.au/knowledge-bank/bombora-wave-power-cost-of-energy-study/,Reports,https://arena.gov.au/projects/energy-cost-study-for-bombora-wave-energy-converter/,2015,Past,https://arena.gov.au/assets/knowledge-bank/Bombora-Wave-Power-ARENA-Cost-of-Energy-Study.pdf,pdfs/Reports/Bombora_Wave_Power_Cost_of_Energy_Study&nbsp;_59c025.pdf,downloaded
Fulcrum 3D CloudCAM Final Report,1/01/2016,"Solar energy, Solar PV R&amp;D",Predicting Cloud Movements to Maximise Solar PV Use,https://arena.gov.au/knowledge-bank/fulcrum-3d-cloudcam-final-report/,Reports,https://arena.gov.au/projects/predicting-cloud-movements-to-maximise-solar-pv-use/,2014,Past,https://arena.gov.au/assets/2016/11/Fulcrum3D-CloudCAM-ARENA-Public-report.pdf,pdfs/Reports/Fulcrum_3D_CloudCAM_Final_Report_689582.pdf,downloaded
Ocean Energy Report by Seanergy and Ernst and Young,1/01/2016,Ocean energy,,https://arena.gov.au/knowledge-bank/ocean-energy-report-by-seanergy-and-ernst-and-young/,Reports,,,,https://arena.gov.au/assets/2016/10/1605SG797-Etude-Seanergy-lowres.pdf,pdfs/Reports/Ocean_Energy_Report_by_Seanergy_and_Ernst_and_Young_7184ff.pdf,downloaded
Kogan Creek Solar Boost Final Report,1/01/2016,"Concentrated solar thermal, Solar energy",Kogan Creek Solar Boost Project,https://arena.gov.au/knowledge-bank/kogan-creek-solar-boost-final-report/,Reports,https://arena.gov.au/projects/kogan-creek-solar-boost-project/,2011,Past,https://arena.gov.au/assets/2016/09/Kogan-Creek-Solar-Boost-Final-Report.pdf,pdfs/Reports/Kogan_Creek_Solar_Boost_Final_Report_7e31b0.pdf,downloaded
"Large-Scale Solar in Australia ' The Past, Present and Future",1/01/2016,Solar energy,,https://arena.gov.au/knowledge-bank/large-scale-solar-in-australia-the-past-present-and-future/,Reports,,,,https://arena.gov.au/assets/2016/01/ARENA-LSS-Conference.pdf,"pdfs/Reports/Large-Scale_Solar_in_Australia_'_The_Past,_Present_and_Future_06b411.pdf",downloaded
Next Generation Crystalline Silicon on Glass Modules Final Report,1/01/2016,"Solar energy, Solar PV R&amp;D",Next Generation Crystalline Silicon on Glass Modules,https://arena.gov.au/knowledge-bank/next-generation-crystalline-silicon-on-glass-modules-final-report/,Reports,https://arena.gov.au/projects/next-generation-crystalline-silicon-on-glass-modules/,2012,Past,https://arena.gov.au/assets/2016/08/Next-Generation-Crystalline-Silicon-on-Glass-Modules-Final-Report.pdf,pdfs/Reports/Next_Generation_Crystalline_Silicon_on_Glass_Modules_Final_Report_fe7fb1.pdf,downloaded
Estimate of Economic Benefits to Australia of Past Australian Photovoltaic Research,1/01/2016,Solar PV R&amp;D,,https://arena.gov.au/knowledge-bank/estimate-of-economic-benefits-to-australia-of-past-australian-photovoltaic-research/,Reports,,,,https://arena.gov.au/assets/2016/05/Info_Sheet_ACAP_1603_estimate-of-economic-impact_Final-Release-2.pdf,pdfs/Reports/Estimate_of_Economic_Benefits_to_Australia_of_Past_Australian_Photovoltaic_Research_c0e7f7.pdf,downloaded
Wind-Solar Co-Location Study,1/01/2016,Hybrid technologies,,https://arena.gov.au/knowledge-bank/wind-solar-co-location-study/,Reports,,,,https://arena.gov.au/assets/2016/01/AECOM-Wind-solar-Co-location-Study-1.pdf,pdfs/Reports/Wind-Solar_Co-Location_Study_c72995.pdf,downloaded
Renewable Energy for the Australian Dairy Industry ' Workshop Presentations,1/01/2016,Renewables for industry,,https://arena.gov.au/knowledge-bank/renewable-energy-for-the-australian-dairy-industry-workshop-presentations/,Presentation,,,,https://arena.gov.au/assets/2016/02/Introduction-ARENA-and-renewables-for-industrial-processes.pdf,pdfs/Presentation/Renewable_Energy_for_the_Australian_Dairy_Industry_'_Workshop_Presentations_0e2346.pdf,downloaded
Renewable Energy Opportunities in The Australian Water Sector,1/01/2016,Bioenergy / Energy from waste,,https://arena.gov.au/knowledge-bank/renewable-energy-opportunities-in-the-australian-water-sector/,Reports,,,,https://arena.gov.au/assets/2016/01/Opportunities-for-renewable-energy-in-the-Australian-water-sector.pdf,pdfs/Reports/Renewable_Energy_Opportunities_in_The_Australian_Water_Sector_a3ed36.pdf,downloaded
Australian Solar Energy Forecasting System Final Report: Project Results and Lessons Learnt,1/01/2016,Solar energy,Australian Solar Energy Forecasting System - Phase 1,https://arena.gov.au/knowledge-bank/australian-solar-energy-forecasting-system-final-report-project-results-and-lessons-learnt/,"Reports, Lessons",https://arena.gov.au/projects/australian-solar-energy-forecasting-system-asefs-phase-1/,2013,Past,https://arena.gov.au/assets/2016/07/Aus-Solar-Energy-Forecasting-System-Final-Report.pdf,pdfs/Reports_Lessons/Australian_Solar_Energy_Forecasting_System_Final_Report__Project_Results_and_Lessons_Learnt_c680be.pdf,downloaded
AGL Knowledge Sharing Report 6,1/01/2016,"Large-scale solar, Solar energy",AGL Solar Project,https://arena.gov.au/knowledge-bank/agl-knowledge-sharing-report-6/,Reports,https://arena.gov.au/projects/agl-solar-project/,2013,Current,https://arena.gov.au/assets/2016/07/AGL-Solar-Project-KS6-Report.pdf,pdfs/Reports/AGL_Knowledge_Sharing_Report_6_728e0d.pdf,downloaded
Hybrid Concentrating Solar Thermal Systems for Large Scale Applications,1/01/2016,"Concentrated solar thermal, Solar energy",Hybrid Concentrating Solar Thermal Systems,https://arena.gov.au/knowledge-bank/hybrid-concentrating-solar-thermal-systems-for-large-scale-applications/,Reports,https://arena.gov.au/projects/hybrid-concentrating-solar-thermal-systems-for-large-scale-applications/,2012,Past,https://arena.gov.au/assets/2016/04/Hybrid-concentrating-solar-thermal-systems-for-large-scale-applications.pdf,pdfs/Reports/Hybrid_Concentrating_Solar_Thermal_Systems_for_Large_Scale_Applications_5ada9a.pdf,downloaded
3-A018 Solar Hybrid Fuels (Stream 2),1/01/2016,"Concentrated solar thermal, Solar energy",Solar Hybrid Fuels,https://arena.gov.au/knowledge-bank/solar-hybrid-fules-stream-2/,Reports,https://arena.gov.au/projects/solar-hybrid-fuels/,2012,Past,https://arena.gov.au/assets/2017/05/Concentrating-Solar-Fuels-Roadmap-CSIRO.pdf,pdfs/Reports/3-A018_Solar_Hybrid_Fuels_(Stream_2)_93c3df.pdf,downloaded
Stocktake: Database of Renewable Energy Grid Integration Projects ' First Edition Results,1/01/2016,Hybrid technologies,,https://arena.gov.au/knowledge-bank/stocktake-database-of-renewable-energy-grid-integration-projects-first-edition-results/,Reports,,,,https://arena.gov.au/assets/2016/01/stocktake_database_results_dec_2015.pdf,pdfs/Reports/Stocktake__Database_of_Renewable_Energy_Grid_Integration_Projects_'_First_Edition_Results_cafba6.pdf,downloaded
Energy Storage for Renewable Integration South Australia (ESCRI) ' General Project Report Phase 1,1/01/2016,"Battery storage, System security and reliability",Energy Storage for Commercial Renewable Integration,https://arena.gov.au/knowledge-bank/energy-storage-for-renewable-integration-south-australia-escri-general-project-report-phase-1/,Reports,https://arena.gov.au/projects/energy-storage-for-commercial-renewable-integration/,2014,Past,https://arena.gov.au/assets/2016/04/ESCRI-General-Project-Report-Phase-1.pdf,pdfs/Reports/Energy_Storage_for_Renewable_Integration_South_Australia_(ESCRI)_'_General_Project_Report_Phase_1_829226.pdf,downloaded
AGL Nyngan and Broken Hill Solar Plant Knowledge Sharing Report 5,1/01/2016,"Large-scale solar, Solar energy",AGL Solar Project,https://arena.gov.au/knowledge-bank/agl-nyngan-and-broken-hill-solar-plant-knowledge-sharing-report-5/,Reports,https://arena.gov.au/projects/agl-solar-project/,2013,Current,https://arena.gov.au/assets/2016/01/AGL-Solar-Project-KS5-Report.pdf,pdfs/Reports/AGL_Nyngan_and_Broken_Hill_Solar_Plant_Knowledge_Sharing_Report_5_be045c.pdf,downloaded
Integrated Solar Radiation Data Sources over Australia,1/01/2016,Solar energy,Integrated Solar Radiation Data Sources over Australia,https://arena.gov.au/knowledge-bank/integrated-solar-radiation-data-sources-over-australia/,Reports,https://arena.gov.au/projects/integrated-solar-radiation-data-sources-over-australia/,2012,Past,https://arena.gov.au/assets/2016/02/Integrated_Solar_Radiation_Data_Sources-Final_Report.pdf,pdfs/Reports/Integrated_Solar_Radiation_Data_Sources_over_Australia_4bfe92.pdf,downloaded
Characterising and Forecasting Grid Connected Solar Energy,1/01/2016,Solar energy,Characterising and Forecasting Grid Connected Solar Energy,https://arena.gov.au/knowledge-bank/characterising-and-forecasting-grid-connected-solar-energy/,"Reports, Lessons",https://arena.gov.au/projects/characterising-and-forecasting-grid-connected-solar-energy/,2011,Past,https://arena.gov.au/assets/2016/03/Forecasting-and-Characterising-Grid-Connected-Solar-Energy-Final-Report.pdf,pdfs/Reports_Lessons/Characterising_and_Forecasting_Grid_Connected_Solar_Energy_8486cc.pdf,downloaded
Integrated Solar PV Roofing ' Project Results and Lessons Learnt,1/01/2016,"Solar energy, Solar PV R&amp;D",Integrated PV Solar Roofing,https://arena.gov.au/knowledge-bank/integrated-solar-pv-roofing-project-results-and-lessons-learnt/,"Reports, Lessons",https://arena.gov.au/projects/integrated-pv-solar-roofing/,2012,Past,https://arena.gov.au/assets/2016/02/Integrated-Solar-PV-Roofing-report.pdf,pdfs/Reports_Lessons/Integrated_Solar_PV_Roofing_'_Project_Results_and_Lessons_Learnt_7c20aa.pdf,downloaded
A Pilot-Scale Plant for the Production of Solar Antireflection Coatings,19/11/2015,"Solar energy, Solar PV R&amp;D",Pilot-Scale Plant for the Production of Solar Anti-Reflection Coatings,https://arena.gov.au/knowledge-bank/a-pilot-scale-plant-for-the-production-of-solar-antireflection-coatings/,Reports,https://arena.gov.au/projects/pilot-scale-plant-for-the-production-of-solar-anti-reflection-coatings/,2012,Past,https://arena.gov.au/assets/2015/10/BrisMat-Public-Dissemination-Report.pdf,pdfs/Reports/A_Pilot-Scale_Plant_for_the_Production_of_Solar_Antireflection_Coatings_ac9ece.pdf,downloaded
Presentation: Jandakot Bioenergy Plant,2/11/2015,Bioenergy / Energy from waste,,https://arena.gov.au/knowledge-bank/presentation-jandakot-bioenergy-plant/,Presentation,,,,https://arena.gov.au/assets/2017/05/Jandakot-Bioenergy-Plant.pdf,pdfs/Presentation/Presentation__Jandakot_Bioenergy_Plant_e07fb7.pdf,downloaded
Renewable Energy Options for Australian Industrial Gas Users,16/10/2015,Renewables for industry,,https://arena.gov.au/knowledge-bank/renewable-energy-options-australian-industrial-gas-users/,Reports,,,,https://arena.gov.au/assets/2017/05/ITP_RE-options-for-industrial-gas-users_Tech-report.pdf,pdfs/Reports/Renewable_Energy_Options_for_Australian_Industrial_Gas_Users_646541.pdf,downloaded
How to Plate Copper to Both Polarities of Metal Contacts for Silicon Solar Cells,17/09/2015,"Solar energy, Solar PV R&amp;D",Overcoming Performance Limitations of Commercial Solar Cells,https://arena.gov.au/knowledge-bank/how-to-plate-copper-to-both-polarities-of-metal-contacts-for-silicon-solar-cells/,Reports,https://arena.gov.au/projects/overcoming-the-fundamental-performance-limitations-of-commercial-solar-cells/,2010,Past,https://arena.gov.au/assets/2015/09/How-to-plate-copper-to-both-polarities-of-metal-contacts-for-silicon-solar-cells.pdf,pdfs/Reports/How_to_Plate_Copper_to_Both_Polarities_of_Metal_Contacts_for_Silicon_Solar_Cells_cd3f79.pdf,downloaded
Performance Limitations for Standard Commercial Solar Cells,17/09/2015,"Solar energy, Solar PV R&amp;D",Overcoming Performance Limitations of Commercial Solar Cells,https://arena.gov.au/knowledge-bank/performance-limitations-for-standard-commercial-solar-cells/,Reports,https://arena.gov.au/projects/overcoming-the-fundamental-performance-limitations-of-commercial-solar-cells/,2010,Past,https://arena.gov.au/assets/2015/09/Identifying-and-understanding-the-performance-limitations-for-standard-commercial-solar-cells.pdf,pdfs/Reports/Performance_Limitations_for_Standard_Commercial_Solar_Cells_7942f1.pdf,downloaded
The Value and Importance of the Solar Industrial Research Facility,17/09/2015,"Solar energy, Solar PV R&amp;D",Overcoming Performance Limitations of Commercial Solar Cells,https://arena.gov.au/knowledge-bank/the-value-and-importance-of-the-solar-industrial-research-facility/,Reports,https://arena.gov.au/projects/overcoming-the-fundamental-performance-limitations-of-commercial-solar-cells/,2010,Past,https://arena.gov.au/assets/2015/09/The-value-and-importance-of-the-Solar-Industrial-Research-Facility-SIRF.pdf,pdfs/Reports/The_Value_and_Importance_of_the_Solar_Industrial_Research_Facility_e16439.pdf,downloaded
How to Significantly Reduce the Costs Associated With Commercial PV Devices,17/09/2015,"Solar energy, Solar PV R&amp;D",Overcoming Performance Limitations of Commercial Solar Cells,https://arena.gov.au/knowledge-bank/how-to-significantly-reduce-the-costs-associated-with-commercial-pv-devices/,Reports,https://arena.gov.au/projects/overcoming-the-fundamental-performance-limitations-of-commercial-solar-cells/,2010,Past,https://arena.gov.au/assets/2015/09/How-to-significantly-reduce-the-costs-associated-with-commercial-PV-devices.pdf,pdfs/Reports/How_to_Significantly_Reduce_the_Costs_Associated_With_Commercial_PV_Devices_493364.pdf,downloaded
How to Use Hydrogen Passivation to Fix Defects in Silicon,17/09/2015,"Solar energy, Solar PV R&amp;D",Overcoming Performance Limitations of Commercial Solar Cells,https://arena.gov.au/knowledge-bank/how-to-use-hydrogen-passivation-to-fix-defects-in-silicon/,Reports,https://arena.gov.au/projects/overcoming-the-fundamental-performance-limitations-of-commercial-solar-cells/,2010,Past,https://arena.gov.au/assets/2015/09/How-to-use-hydrogen-passivation-to-fix-defects-in-silicon.pdf,pdfs/Reports/How_to_Use_Hydrogen_Passivation_to_Fix_Defects_in_Silicon_f43e77.pdf,downloaded
Central Receiver CPV Pilot Project ' Stage 2,24/08/2015,"Solar energy, Solar PV R&amp;D",Central Receiver CPV Pilot Project Stage 2,https://arena.gov.au/knowledge-bank/central-receiver-cpv-pilot-project-stage-2/,Reports,https://arena.gov.au/projects/central-receiver-cpv-pilot-project-stage-2/,2012,Past,https://arena.gov.au/assets/2015/10/RayGen-stage-2-report.pdf,pdfs/Reports/Central_Receiver_CPV_Pilot_Project_'_Stage_2_7a92c9.pdf,downloaded
Solar Diesel Mini Grid Handbook 1st Edition,7/08/2015,"Solar energy, Solar PV R&amp;D",Daly River Solar Research Project,https://arena.gov.au/knowledge-bank/solar-diesel-mini-grid-handbook/,Reports,https://arena.gov.au/projects/daly-river-solar-research-project/,2012,Past,https://arena.gov.au/assets/2016/02/solar-diesel-mini-grid-handbook.pdf,pdfs/Reports/Solar_Diesel_Mini_Grid_Handbook_1st_Edition_a3e214.pdf,downloaded
2014 Annual Report ' Advanced Centre for Advanced Photovoltaics,16/07/2015,"Solar energy, Solar PV R&amp;D",Australian Centre for Advanced Photovoltaics (ACAP),https://arena.gov.au/knowledge-bank/2014-annual-report-advanced-centre-for-advanced-photovoltaics/,Reports,https://arena.gov.au/projects/australian-centre-for-advanced-photovoltaics-acap/,2012,Current,https://arena.gov.au/assets/2020/07/acap-2014-annual-report.pdf,pdfs/Reports/2014_Annual_Report_'_Advanced_Centre_for_Advanced_Photovoltaics_a8cd11.pdf,downloaded
"Roof-Mounted Hybrid CST System for Distributed Generation of Heating, Cooling and Electricity",30/05/2015,"Concentrated solar thermal, Solar energy",Roof-Mounted Hybrid CST System,https://arena.gov.au/knowledge-bank/roof-mounted-hybrid-cst-system-for-distributed-generation-of-heating-cooling-and-electricity/,"Reports, Lessons",https://arena.gov.au/projects/roof-mounted-hybrid-cst-system-self-generated-heating-cooling-electricity/,2011,Past,https://arena.gov.au/assets/2017/05/G.2-A017ARENAPublicDisseminationReport.docx.pdf,"pdfs/Reports_Lessons/Roof-Mounted_Hybrid_CST_System_for_Distributed_Generation_of_Heating,_Cooling_and_Electricity_2d216b.pdf",downloaded
Presentation: ARENA Solar Presentation 2015,22/02/2015,Solar energy,,https://arena.gov.au/knowledge-bank/presentation-arena-solar-presentation-2015/,Presentation,,,,https://arena.gov.au/assets/2017/02/Solar-2015-presentation-by-Ivor-Frischknecht-CEO-ARENA.pdf,pdfs/Presentation/Presentation__ARENA_Solar_Presentation_2015_5e81ad.pdf,downloaded
Improved High-Temperature Receivers for Dish Concentrators,14/01/2015,"Concentrated solar thermal, Solar energy",Improved High-Temperature Receivers for Dish Concentrators,https://arena.gov.au/knowledge-bank/improved-high-temperature-receivers-for-dish-concentrators/,"Reports, Lessons",https://arena.gov.au/projects/world-class-solar-thermal-concentrators/,2012,Past,https://arena.gov.au/assets/2017/05/1-UFA006-Public-Dissemination-Report-3.pdf,pdfs/Reports_Lessons/Improved_High-Temperature_Receivers_for_Dish_Concentrators_1be4ac.pdf,downloaded
Energy Storage Study,1/01/2015,Hybrid technologies,,https://arena.gov.au/knowledge-bank/energy-storage-study/,Reports,,,,https://arena.gov.au/assets/2017/02/AECOM-Energy-Storage-Study.pdf,pdfs/Reports/Energy_Storage_Study_c400c5.pdf,downloaded
Advancing Marine Microalgae Biofuel to Commercialisation,1/01/2015,Bioenergy / Energy from waste,Advancing Marine Microalgae Biofuel to Commercialisation,https://arena.gov.au/knowledge-bank/advancing-marine-microalgae-biofuel-to-commercialisation/,Reports,https://arena.gov.au/projects/advancing-marine-microalgae-biofuel-to-commercialisation/,2013,Past,https://arena.gov.au/assets/2015/12/Muradel-final-report.pdf,pdfs/Reports/Advancing_Marine_Microalgae_Biofuel_to_Commercialisation_7bddd0.pdf,downloaded
High-Energy Algal Fuels Project,1/01/2015,Bioenergy / Energy from waste,High-Energy Algal Fuels,https://arena.gov.au/knowledge-bank/high-energy-algal-fuels-project/,Reports,https://arena.gov.au/projects/high-energy-algal-fuels/,2012,Past,https://arena.gov.au/assets/2015/12/High-Energy-Algal-Fuels-Final-Report.pdf,pdfs/Reports/High-Energy_Algal_Fuels_Project_9cc448.pdf,downloaded
Hot Carrier Solar Cell ' Project Results and Lessons Learnt,1/01/2015,"Solar energy, Solar PV R&amp;D",Towards a Practical Hot Carrier Solar Cell,https://arena.gov.au/knowledge-bank/hot-carrier-solar-cell-project-results-and-lessons-learnt/,"Reports, Lessons",https://arena.gov.au/projects/towards-a-practical-hot-carrier-solar-cell/,2011,Past,https://arena.gov.au/assets/2015/09/Hot-Carrier-Solar-Cell-Project-results.pdf,pdfs/Reports_Lessons/Hot_Carrier_Solar_Cell_'_Project_Results_and_Lessons_Learnt_2555a3.pdf,downloaded
Optimising Thin-Film Building Integrated Photovoltaic Thermal for Retrofitting,1/01/2015,"Solar energy, Solar PV R&amp;D",Optimising Building Integrated Photovoltaic Thermal for Retrofitting,https://arena.gov.au/knowledge-bank/optimising-thin-film-building-integrated-photovoltaic-thermal-for-retrofitting/,Reports,https://arena.gov.au/projects/optimising-thin-film-building-integrated-photovoltaic-thermal-for-retrofitting/,2012,Past,https://arena.gov.au/assets/2015/09/Optimising-thin-film-Public-Disclosure-Report.pdf,pdfs/Reports/Optimising_Thin-Film_Building_Integrated_Photovoltaic_Thermal_for_Retrofitting_643bc2.pdf,downloaded
Vast Solar ' Public Dissemination Report,1/01/2015,"Concentrated solar thermal, Solar energy",Validation of CST Solar Array Performance Modelling,https://arena.gov.au/knowledge-bank/vast-solar-public-dissemination-report/,Reports,https://arena.gov.au/projects/validation-of-cst-solar-array-performance-modelling/,2012,Past,https://arena.gov.au/assets/2015/09/Vast-Solar-Dissemination-Report.pdf,pdfs/Reports/Vast_Solar_'_Public_Dissemination_Report_5dcf39.pdf,downloaded
Hybridisation of Concentrated Solar Thermal with Carbon Capture and Storage,1/01/2015,"Concentrated solar thermal, Solar energy",Hybridisation of Concentrated Solar Thermal,https://arena.gov.au/knowledge-bank/hybridisation-of-concentrated-solar-thermal-with-carbon-capture-and-storage/,Reports,https://arena.gov.au/projects/hybridisation-of-concentrated-solar-thermal-with-carbon-capture-and-storage/,2012,Past,https://arena.gov.au/assets/2015/08/3-A006-Final-Report-and-Lessons-Learnt.pdf,pdfs/Reports/Hybridisation_of_Concentrated_Solar_Thermal_with_Carbon_Capture_and_Storage_4bd8f6.pdf,downloaded
Investigating the Impact of Solar Variability on Grid Stability,1/01/2015,"Solar energy, Solar PV R&amp;D",Analysis of Variations in Instantaneous Weather Effects,https://arena.gov.au/knowledge-bank/investigating-the-impact-of-solar-variability-on-grid-stability/,Reports,https://arena.gov.au/projects/analysis-of-variations-in-instantaneous-weather-effects/,2012,Past,https://arena.gov.au/assets/2015/03/150302-Impact-of-Variability-Report-for-public-release.pdf,pdfs/Reports/Investigating_the_Impact_of_Solar_Variability_on_Grid_Stability_05a39b.pdf,downloaded
Improving Translation Models for Predicting the Energy Yield of Photovoltaic Power Systems,1/01/2015,"Solar energy, Solar PV R&amp;D",Improving Translation Models for Predicting Energy Yields,https://arena.gov.au/knowledge-bank/improving-translation-models-for-predicting-the-energy-yield-of-photovoltaic-power-systems/,Reports,https://arena.gov.au/projects/improving-translation-models-for-predicting-the-energy-yield-of-photovoltaic-pv-power-systems/,2012,Past,https://arena.gov.au/assets/2015/01/Final-report-Improving-translation-models.pdf,pdfs/Reports/Improving_Translation_Models_for_Predicting_the_Energy_Yield_of_Photovoltaic_Power_Systems_3db0be.pdf,downloaded
Novel Texture Processes for The Latest Wafer and Advanced Cell Concepts,1/01/2015,"Solar energy, Solar PV R&amp;D",Novel Texture Processes for the Latest Industrial Wafer,https://arena.gov.au/knowledge-bank/novel-texture-processes-for-the-latest-wafer-and-advanced-cell-concepts/,Reports,https://arena.gov.au/projects/novel-texture-processes-for-the-latest-industrial-wafer-and-advanced-cell-concepts/,2012,Past,https://arena.gov.au/assets/2015/03/Novel-texture-processes-Public-Dissemination-Report.pdf,pdfs/Reports/Novel_Texture_Processes_for_The_Latest_Wafer_and_Advanced_Cell_Concepts_35c666.pdf,downloaded
Overcoming the Fundamental Performance Limitations of Commercial Solar Cells,1/01/2015,"Solar energy, Solar PV R&amp;D",Overcoming Performance Limitations of Commercial Solar Cells,https://arena.gov.au/knowledge-bank/overcoming-the-fundamental-performance-limitations-of-commercial-solar-cells/,Reports,https://arena.gov.au/projects/overcoming-the-fundamental-performance-limitations-of-commercial-solar-cells/,2010,Past,https://arena.gov.au/assets/2015/09/Overcoming-the-Fundamental-Performance-Limitations-of-Commercial-Solar-Cells-Final-Report.pdf,pdfs/Reports/Overcoming_the_Fundamental_Performance_Limitations_of_Commercial_Solar_Cells_0eb60d.pdf,downloaded
Thermoelectric Generator for Concentrated Solar Thermal Systems,1/01/2015,"Concentrated solar thermal, Solar energy",Thermoelectric Generator for Concentrated Solar Thermal Systems,https://arena.gov.au/knowledge-bank/thermoelectric-generator-for-concentrated-solar-thermal-systems/,Reports,https://arena.gov.au/projects/thermoelectric-generator-for-concentrated-solar-thermal-systems/,2011,Past,https://arena.gov.au/assets/2015/05/Public-Dissemination-Report-Thermoelectric.pdf,pdfs/Reports/Thermoelectric_Generator_for_Concentrated_Solar_Thermal_Systems_6291f7.pdf,downloaded
Redeployable Hybrid Power ' Product Development Report,1/01/2015,Hybrid technologies,Re-Deployable Hybrid Power (Sunshift),https://arena.gov.au/knowledge-bank/redeployable-hybrid-power-product-development-report/,Reports,https://arena.gov.au/projects/redeployable-hybrid-power/,2014,Past,https://arena.gov.au/assets/2015/01/Redeployable-Hybrid-Power-Product-Development-Report.pdf,pdfs/Reports/Redeployable_Hybrid_Power_'_Product_Development_Report_e2a434.pdf,downloaded
High Quality Laser Doping For Solar Cells Final Report,1/01/2015,"Solar energy, Solar PV R&amp;D",High Quality Laser Doping for Solar Cells,https://arena.gov.au/knowledge-bank/high-quality-laser-doping-for-solar-cells-final-report-project-results-and-lessons-learnt/,"Reports, Lessons",https://arena.gov.au/projects/high-quality-laser-doping-for-solar-cells-through-improved-characterisation-techniques/,2013,Past,https://arena.gov.au/assets/2015/05/PDR-HighQualityLaserDopingForSolarCells.pdf,pdfs/Reports_Lessons/High_Quality_Laser_Doping_For_Solar_Cells_Final_Report_fab4eb.pdf,downloaded
Electricity Market Implications of a Least-Cost Carbon Abatement Plan: An Australian Perspective,1/10/2014,Hybrid technologies,Achieving Cost-Affective Abatement,https://arena.gov.au/knowledge-bank/electricity-market-implications-of-a-least-cost-carbon-abatement-plan-an-australian-perspective/,Reports,https://arena.gov.au/projects/achieving-cost-effective-abatement-australian-electricity-generation/,2012,Past,https://arena.gov.au/assets/2017/06/chattopadyhay-2015_4.pdf,pdfs/Reports/Electricity_Market_Implications_of_a_Least-Cost_Carbon_Abatement_Plan__An_Australian_Perspective_212c65.pdf,downloaded
A Game-Theoretic Analysis of Wind Generation Variability on Electricity Markets,5/09/2014,Hybrid technologies,Achieving Cost-Affective Abatement,https://arena.gov.au/knowledge-bank/a-game-theoretic-analysis-of-wind-generation-variability-on-electricity-markets/,Reports,https://arena.gov.au/projects/achieving-cost-effective-abatement-australian-electricity-generation/,2012,Past,https://arena.gov.au/assets/2017/06/chattopadyhay2014_2.pdf,pdfs/Reports/A_Game-Theoretic_Analysis_of_Wind_Generation_Variability_on_Electricity_Markets_a41650.pdf,downloaded
Development of Advanced Solar Thermal Energy Storage Technologies,30/08/2014,"Concentrated solar thermal, Solar energy",Advanced Solar Thermal Energy Storage Technologies,https://arena.gov.au/knowledge-bank/development-of-advanced-solar-thermal-energy-storage-technologies/,Reports,https://arena.gov.au/projects/advanced-solar-thermal-energy-storage-technologies/,2010,Past,https://arena.gov.au/assets/2014/10/Final-Report-for-Public-Disclosure-PDR-Final.pdf,pdfs/Reports/Development_of_Advanced_Solar_Thermal_Energy_Storage_Technologies_10a3e3.pdf,downloaded
2013 Annual Report ' Advanced Centre for Advanced Photovoltaics,16/07/2014,"Solar energy, Solar PV R&amp;D",Australian Centre for Advanced Photovoltaics (ACAP),https://arena.gov.au/knowledge-bank/2013-annual-report-advanced-centre-for-advanced-photovoltaics/,Reports,https://arena.gov.au/projects/australian-centre-for-advanced-photovoltaics-acap/,2012,Current,https://arena.gov.au/assets/2020/07/acap-2013-annual-report.pdf,pdfs/Reports/2013_Annual_Report_'_Advanced_Centre_for_Advanced_Photovoltaics_fe1812.pdf,downloaded
Industry Ready N-Type Silicon Solar Cells Findings,15/07/2014,"Solar energy, Solar PV R&amp;D",Industry Ready N-Type Silicon Solar Cells,https://arena.gov.au/knowledge-bank/industry-ready-n-type-silicon-solar-cells-findings/,Reports,https://arena.gov.au/projects/industry-ready-n-type-silicon-solar-cells/,2011,Past,https://arena.gov.au/assets/2014/08/20140821_Industry-ready-n-type-silicon-solar-cells_-final-report.pdf,pdfs/Reports/Industry_Ready_N-Type_Silicon_Solar_Cells_Findings_f5ed70.pdf,downloaded
Enhancing Efficiencies in Printed Solar Cells by Controlling Morphology Development,30/06/2014,"Solar energy, Solar PV R&amp;D",Enhancing Efficiencies in Printed Solar Cells,https://arena.gov.au/knowledge-bank/enhancing-efficiencies-in-printed-solar-cells-by-controlling-morphology-development/,Reports,https://arena.gov.au/projects/enhancing-efficiencies-in-printed-solar-cells-by-controlling-morphology-development-2/,2012,Past,https://arena.gov.au/assets/2014/11/Enahincing-efficiences-public-dissemination-report.pdf,pdfs/Reports/Enhancing_Efficiencies_in_Printed_Solar_Cells_by_Controlling_Morphology_Development_d2cff9.pdf,downloaded
Next Generation SLIVER Solar Cells,30/06/2014,"Solar energy, Solar PV R&amp;D",Next Generation SLIVER Cells,https://arena.gov.au/knowledge-bank/next-generation-sliver-solar-cells/,Reports,https://arena.gov.au/projects/next-generation-sliver-cells/,2010,Past,https://arena.gov.au/assets/2014/11/Next-generation-SLIVER-cells-public-dissemination-report.pdf,pdfs/Reports/Next_Generation_SLIVER_Solar_Cells_ca582c.pdf,downloaded
Granite Power Solar Thermal Demonstration Plant,7/06/2014,"Concentrated solar thermal, Solar energy",Solar Supercritical Organic Rankine Cycle,https://arena.gov.au/knowledge-bank/granite-power-solar-thermal-demonstration-plant/,Reports,https://arena.gov.au/projects/solar-supercritical-organic-rankine-cycle-for-power-and-industrial-heat/,2012,Past,https://arena.gov.au/assets/2014/11/Granite-Power-Public-Dissemination-Report.pdf,pdfs/Reports/Granite_Power_Solar_Thermal_Demonstration_Plant_016a1e.pdf,downloaded
Laser Doping Using Laser Chemical Processing Technology for Advanced Silicon Solar Cells,31/05/2014,"Solar energy, Solar PV R&amp;D",Local Doping Using Laser Chemical Processing Technology,https://arena.gov.au/knowledge-bank/laser-doping-using-laser-chemical-processing-technology-for-advanced-silicon-solar-cells/,Reports,https://arena.gov.au/projects/local-doping-using-laser-chemical-processing-technology-for-advanced-silicon-solar-cells/,2012,Past,https://arena.gov.au/assets/2014/08/Laser-Doping-Using-Laser-Chemical-Processing-Technology-for-Advanced-Silicon-Solar-Cells.pdf,pdfs/Reports/Laser_Doping_Using_Laser_Chemical_Processing_Technology_for_Advanced_Silicon_Solar_Cells_5806f9.pdf,downloaded
BT Imaging Final Report,30/05/2014,"Solar energy, Solar PV R&amp;D",Inline Inspection Tools for Photovoltaic Manufacturing,https://arena.gov.au/knowledge-bank/bt-imaging-final-report/,Reports,https://arena.gov.au/projects/inline-inspection-tools-for-photovoltaic-manufacturing/,2010,Past,https://arena.gov.au/assets/2014/06/BT-imaging_Public-report_dissemination.pdf,pdfs/Reports/BT_Imaging_Final_Report_d56113.pdf,downloaded
Presentation: ARENA&rsquo;s Ocean Energy Sector Review Clean Energy Week 2014,8/02/2014,Ocean energy,,https://arena.gov.au/knowledge-bank/presentation-arenas-ocean-energy-sector-review-clean-energy-week-2014/,Presentation,,,,,,no_pdf_found
"Australian Energy Resource Assessment ' Second edition, 2014",1/01/2014,Renewables for industry,,https://arena.gov.au/knowledge-bank/australian-energy-resource-assessment-second-edition-2014/,Reports,,,,https://arena.gov.au/assets/2018/08/australian-energy-resource-assessment.pdf,"pdfs/Reports/Australian_Energy_Resource_Assessment_'_Second_edition,_2014_317cae.pdf",downloaded
Australia&rsquo;s Off-Grid Clean Energy Market Research Paper,1/01/2014,Hybrid technologies,,https://arena.gov.au/knowledge-bank/australias-off-grid-clean-energy-market-research-paper/,Reports,,,,https://arena.gov.au/assets/2014/12/ARENA_RAR-report-20141201.pdf,pdfs/Reports/Australia&rsquo;s_Off-Grid_Clean_Energy_Market_Research_Paper_78c49b.pdf,downloaded
"Looking Forward: Barriers, Risks and Rewards of the Australian Geothermal Sector to 2020 and 2030",1/01/2014,Geothermal energy,,https://arena.gov.au/knowledge-bank/looking-forward-barriers-risks-and-rewards-of-the-australian-geothermal-sector-to-2020-and-2030/,Reports,,,,https://arena.gov.au/assets/2014/07/ARENA-IGEG-main-report.pdf,"pdfs/Reports/Looking_Forward__Barriers,_Risks_and_Rewards_of_the_Australian_Geothermal_Sector_to_2020_and_2030_f080a2.pdf",downloaded
Model for Community-Owned Solar,1/01/2014,"Solar energy, Solar PV R&amp;D",Model for Community-Owned Solar,https://arena.gov.au/knowledge-bank/model-for-community-owned-solar/,"Reports, Lessons",https://arena.gov.au/projects/model-for-community-owned-solar/,2012,Past,https://arena.gov.au/assets/2014/08/monica-oliphant-Lessons-Learnt-Report-template-30-June_2.pdf,pdfs/Reports_Lessons/Model_for_Community-Owned_Solar_4330b7.pdf,downloaded
Renewable Energy Research and Development in Australia&rsquo;s Universities A Discussion Paper,1/01/2014,Solar energy,,https://arena.gov.au/knowledge-bank/renewable-energy-research-and-development-in-australias-universities-a-discussion-paper/,Reports,,,,https://arena.gov.au/assets/2014/05/ARC-study.pdf.pdf,pdfs/Reports/Renewable_Energy_Research_and_Development_in_Australia&rsquo;s_Universities_A_Discussion_Paper_096a2d.pdf,downloaded
Integrating Renewables into the Grid: Stocktake Project,1/01/2014,Hybrid technologies,,https://arena.gov.au/knowledge-bank/integrating-renewables-into-the-grid-stocktake-project/,Reports,,,,https://arena.gov.au/assets/2014/09/20140910-Stocktake-analysis-report-publication.pdf,pdfs/Reports/Integrating_Renewables_into_the_Grid__Stocktake_Project_fc2548.pdf,downloaded
Technology and Commercial Readiness Tools,1/01/2014,General,,https://arena.gov.au/knowledge-bank/technology-and-commercial-readiness-tools/,"Reports, Tools",,,,https://arena.gov.au/assets/2014/02/Technology-Readiness-Levels.pdf,pdfs/Reports_Tools/Technology_and_Commercial_Readiness_Tools_3485cb.pdf,downloaded
Reservoir Quality in Sedimentary Geothermal Resources ' Program 1 Summary Report,1/01/2014,Geothermal energy,Reservoir Quality in Sedimentary Geothermal Resources,https://arena.gov.au/knowledge-bank/reservoir-quality-in-sedimentary-geothermal-resources-program-1-summary-report/,Reports,https://arena.gov.au/projects/reservoir-quality-in-sedimentary-geothermal-resources/,2012,Past,https://arena.gov.au/assets/2015/01/ARENA-Measure-Program-1-Summary-report-December-2014.pdf,pdfs/Reports/Reservoir_Quality_in_Sedimentary_Geothermal_Resources_'_Program_1_Summary_Report_6747bc.pdf,downloaded
Reservoir Quality in Sedimentary Geothermal Resources ' Program 2 Summary Report,1/01/2014,Geothermal energy,Reservoir Quality in Sedimentary Geothermal Resources,https://arena.gov.au/knowledge-bank/reservoir-quality-in-sedimentary-geothermal-resources-program-2-summary-report/,Reports,https://arena.gov.au/projects/reservoir-quality-in-sedimentary-geothermal-resources/,2012,Past,https://arena.gov.au/assets/2015/01/ARENA-Measure-Program-2-Summary-report-December-2014.pdf,pdfs/Reports/Reservoir_Quality_in_Sedimentary_Geothermal_Resources_'_Program_2_Summary_Report_e448b4.pdf,downloaded
Reservoir Quality in Sedimentary Geothermal Resources ' Program 3 Summary Report,1/01/2014,Geothermal energy,Reservoir Quality in Sedimentary Geothermal Resources,https://arena.gov.au/knowledge-bank/reservoir-quality-in-sedimentary-geothermal-resources-program-3-summary-report/,Reports,https://arena.gov.au/projects/reservoir-quality-in-sedimentary-geothermal-resources/,2012,Past,https://arena.gov.au/assets/2015/01/ARENA-Measure-Program-3-Summary-report-December-2014.pdf,pdfs/Reports/Reservoir_Quality_in_Sedimentary_Geothermal_Resources_'_Program_3_Summary_Report_fee2ee.pdf,downloaded
Collinsville Solar Thermal Power Station Knowledge Sharing Report 4,1/01/2014,"Concentrated solar thermal, Solar energy",Conversion of Coal to Hybrid Solar Thermal/Gas,https://arena.gov.au/knowledge-bank/collinsville-solar-thermal-power-station-knowledge-sharing-report-4/,"Reports, Milestones",https://arena.gov.au/projects/feasibility-study-into-conversion-of-collinsville-power-station-from-coal-to-hybrid-solar-thermalgas/,2013,Past,https://arena.gov.au/assets/2014/01/collinsville-solar-thermal-feasibility-study-4.pdf,pdfs/Reports_Milestones/Collinsville_Solar_Thermal_Power_Station_Knowledge_Sharing_Report_4_44fdc7.pdf,downloaded
Collinsville Solar Thermal Power Station Knowledge Sharing Report 6,1/01/2014,"Concentrated solar thermal, Solar energy",Conversion of Coal to Hybrid Solar Thermal/Gas,https://arena.gov.au/knowledge-bank/collinsville-solar-thermal-power-station-knowledge-sharing-report-6/,"Reports, Milestones",https://arena.gov.au/projects/feasibility-study-into-conversion-of-collinsville-power-station-from-coal-to-hybrid-solar-thermalgas/,2013,Past,https://arena.gov.au/assets/2014/01/collinsville-solar-thermal-feasibility-study-6.pdf,pdfs/Reports_Milestones/Collinsville_Solar_Thermal_Power_Station_Knowledge_Sharing_Report_6_604f61.pdf,downloaded
Collinsville Solar Thermal Power Station Solar Yield Report,1/01/2014,"Concentrated solar thermal, Solar energy",Conversion of Coal to Hybrid Solar Thermal/Gas,https://arena.gov.au/knowledge-bank/collinsville-solar-thermal-power-station-solar-yield-report/,Reports,https://arena.gov.au/projects/feasibility-study-into-conversion-of-collinsville-power-station-from-coal-to-hybrid-solar-thermalgas/,2013,Past,https://arena.gov.au/assets/2014/01/collinsvile-solar-yield-report.pdf,pdfs/Reports/Collinsville_Solar_Thermal_Power_Station_Solar_Yield_Report_7ca203.pdf,downloaded
Collinsville Solar Thermal Power Station Knowledge Sharing Report 5,1/01/2014,"Concentrated solar thermal, Solar energy",Conversion of Coal to Hybrid Solar Thermal/Gas,https://arena.gov.au/knowledge-bank/collinsville-solar-thermal-power-station-knowledge-sharing-report-5/,"Reports, Milestones",https://arena.gov.au/projects/feasibility-study-into-conversion-of-collinsville-power-station-from-coal-to-hybrid-solar-thermalgas/,2013,Past,https://arena.gov.au/assets/2014/01/collinsville-solar-thermal-feasibility-study-5.pdf,pdfs/Reports_Milestones/Collinsville_Solar_Thermal_Power_Station_Knowledge_Sharing_Report_5_3d0aed.pdf,downloaded
Collinsville Solar Thermal Power Station Technical Feasibility Study,1/01/2014,"Concentrated solar thermal, Solar energy",Conversion of Coal to Hybrid Solar Thermal/Gas,https://arena.gov.au/knowledge-bank/collinsville-solar-thermal-power-station-technical-feasibility-study/,Reports,https://arena.gov.au/projects/feasibility-study-into-conversion-of-collinsville-power-station-from-coal-to-hybrid-solar-thermalgas/,2013,Past,https://arena.gov.au/assets/2014/01/collinsville-feasibility-study.pdf,pdfs/Reports/Collinsville_Solar_Thermal_Power_Station_Technical_Feasibility_Study_85a922.pdf,downloaded
CSIRO Solar Air Turbine Project Final Report,1/01/2014,"Concentrated solar thermal, Solar energy",Solar Air Turbine Systems,https://arena.gov.au/knowledge-bank/csiro-solar-air-turbine-project-final-report/,Reports,https://arena.gov.au/projects/solar-air-turbine-systems/,2010,Past,https://arena.gov.au/assets/2014/07/CSIRO-solar-air-turbine-project-final-report.pdf,pdfs/Reports/CSIRO_Solar_Air_Turbine_Project_Final_Report_8ea782.pdf,downloaded
Data Fusion & Machine Learning for Geothermal Target Exploration & Characterisation Software Code,1/01/2014,Geothermal energy,Data Fusion and Machine Learning,https://arena.gov.au/knowledge-bank/data-fusion-and-machine-learning-for-geothermal-target-exploration-and-characterisation-software-code/,Reports,https://arena.gov.au/projects/data-fusion-and-machine-learning-for-geothermal/,2012,Past,https://arena.gov.au/assets/2014/03/NICTA-Inference-Engine-report.pdf,pdfs/Reports/Data_Fusion_&_Machine_Learning_for_Geothermal_Target_Exploration_&_Characterisation_Software_Code_8a3473.pdf,downloaded
Development of Combined Cycle Using Solar Reformed Gas Final Report,1/01/2014,"Concentrated solar thermal, Solar energy",Development of Combined Cycle Using Solar Reformed Gas,https://arena.gov.au/knowledge-bank/development-of-combined-cycle-using-solar-reformed-gas-final-report-project-results-and-lessons-learned/,"Reports, Lessons",https://arena.gov.au/projects/development-of-combined-cycle-using-solar-reformed-gas/,2012,Past,https://arena.gov.au/assets/2014/11/Development-of-combined-cycle-using-solar-reformed-gas-Final-report-project-results-and-lessons-learnt.pdf,pdfs/Reports_Lessons/Development_of_Combined_Cycle_Using_Solar_Reformed_Gas_Final_Report_b9b9b6.pdf,downloaded
Downstream Fish Passage Criteria for Hydropower and Irrigation,1/01/2014,Hydropower / Pumped Hydro Energy Storage,Small Scale Hydropower Technologies Impact on Australian Native Fish,https://arena.gov.au/knowledge-bank/downstream-fish-passage-criteria-for-hydropower-and-irrigation/,Reports,https://arena.gov.au/projects/impact-of-small-scale-hydropower-technologies-on-australian-native-fish-species-2/,2012,Past,https://arena.gov.au/assets/2014/07/Downstream-fish-passage-criteria-for-hydropower-and-irrigation.pdf,pdfs/Reports/Downstream_Fish_Passage_Criteria_for_Hydropower_and_Irrigation_d0cbb9.pdf,downloaded
Generating Receivers for High-Concentration Solar Collector,1/01/2014,"Concentrated solar thermal, Solar energy",Advanced Steam-Generating Receivers,https://arena.gov.au/knowledge-bank/generating-receivers-for-high-concentration-solar-collector/,Reports,https://arena.gov.au/projects/advanced-steam-generating-receivers-for-high-concentration-solar-collectors/,2010,Past,https://arena.gov.au/assets/2014/07/20140729_Generating-receivers-for-high-concerntration-solar-collectors1.pdf,pdfs/Reports/Generating_Receivers_for_High-Concentration_Solar_Collector_dc7c17.pdf,downloaded
Geoportal ' Data Fusion and Machine Learning for Geothermal Target Exploration and Characterisation Tool,1/01/2014,Geothermal energy,Data Fusion and Machine Learning,https://arena.gov.au/knowledge-bank/geoportal-data-fusion-and-machine-learning-for-geothermal-target-exploration-and-characterisation-tool/,"Reports, Tools",https://arena.gov.au/projects/data-fusion-and-machine-learning-for-geothermal/,2012,Past,https://arena.gov.au/assets/2014/09/Nicta-Final-Report-25Aug14.pdf,pdfs/Reports_Tools/Geoportal_'_Data_Fusion_and_Machine_Learning_for_Geothermal_Target_Exploration_and_Characterisation_Tool_8f223e.pdf,downloaded
Geothermal Subterranean Data Portal Calculations,1/01/2014,Geothermal energy,Data Fusion and Machine Learning,https://arena.gov.au/knowledge-bank/geothermal-subterranean-data-portal-calculations/,Reports,https://arena.gov.au/projects/data-fusion-and-machine-learning-for-geothermal/,2012,Past,https://arena.gov.au/assets/2014/03/NICTA-Inference-Engine-report.pdf,pdfs/Reports/Geothermal_Subterranean_Data_Portal_Calculations_8a3473.pdf,downloaded
Definition of Project Scope Between Multiple Contractors,1/01/2014,"Large-scale solar, Solar energy",AGL Solar Project,https://arena.gov.au/knowledge-bank/definition-of-project-scope-between-multiple-contractors/,Reports,https://arena.gov.au/projects/agl-solar-project/,2013,Current,https://arena.gov.au/assets/2014/03/2d-Definition-of-project-scope-between-multiple-contractors.pdf,pdfs/Reports/Definition_of_Project_Scope_Between_Multiple_Contractors_9512ff.pdf,downloaded
Grid Connection Modelling to Define Solar Plant Performance Characteristics,1/01/2014,"Large-scale solar, Solar energy",AGL Solar Project,https://arena.gov.au/knowledge-bank/grid-connection-modelling-to-define-solar-plant-performance-characteristics/,Reports,https://arena.gov.au/projects/agl-solar-project/,2013,Current,https://arena.gov.au/assets/2014/03/2a-Grid-connection-modelling-to-define-solar-plant-performance-characteristics.pdf,pdfs/Reports/Grid_Connection_Modelling_to_Define_Solar_Plant_Performance_Characteristics_3802aa.pdf,downloaded
Lessons for Improving the Fabrication of Thermionic Device Using Advanced Ceramics,1/01/2014,"Concentrated solar thermal, Solar energy",Fabrication of Thermionic Device using Advanced Ceramics,https://arena.gov.au/knowledge-bank/lessons-for-improving-the-fabrication-of-thermionic-device-using-advanced-ceramics/,"Reports, Lessons",https://arena.gov.au/projects/fabrication-of-thermionic-device-using-advanced-ceramics/,2010,Past,https://arena.gov.au/assets/2014/06/Solar-Fabrication-of-Thermionic-Devices-Using-Directional-Solidifcation-Sintering-Processes-for-High-Temperature-CST-Applications_-Lessons-Learnt.pdf,pdfs/Reports_Lessons/Lessons_for_Improving_the_Fabrication_of_Thermionic_Device_Using_Advanced_Ceramics_bfb529.pdf,downloaded
Review of Connection Feasibility on the UQ Gatton 3.3MW Photovoltaic Array,1/01/2014,"Large-scale solar, Solar energy",AGL Solar Project,https://arena.gov.au/knowledge-bank/review-of-connection-feasibility-on-the-uq-gatton-3-3mw-photovoltaic-array/,Reports,https://arena.gov.au/projects/agl-solar-project/,2013,Current,https://arena.gov.au/assets/2015/02/2g-A-review-of-connection-feasibility-on-the-UQ-Gatton-3.3-MW-photovoltaic-array.pdf,pdfs/Reports/Review_of_Connection_Feasibility_on_the_UQ_Gatton_3.3MW_Photovoltaic_Array_359f11.pdf,downloaded
Defining Communications Requirements for a New Generator,1/01/2014,"Large-scale solar, Solar energy",AGL Solar Project,https://arena.gov.au/knowledge-bank/defining-communications-requirements-for-a-new-generator/,Reports,https://arena.gov.au/projects/agl-solar-project/,2013,Current,https://arena.gov.au/assets/2015/02/2b-Defining-communications-requirements-for-a-new-generator.pdf,pdfs/Reports/Defining_Communications_Requirements_for_a_New_Generator_e00426.pdf,downloaded
Design and Operation of Pilot Scale Solar Supercritical Systems,1/01/2014,"Concentrated solar thermal, Solar energy",Advanced Steam-Generating Receivers,https://arena.gov.au/knowledge-bank/design-and-operation-of-pilot-scale-solar-supercritical-systems/,Reports,https://arena.gov.au/projects/advanced-steam-generating-receivers-for-high-concentration-solar-collectors/,2010,Past,https://arena.gov.au/assets/2014/07/20140729_Generating-receivers-for-high-concerntration-solar-collectors1.pdf,pdfs/Reports/Design_and_Operation_of_Pilot_Scale_Solar_Supercritical_Systems_dc7c17.pdf,downloaded
Grid Connection Modelling and Inverter Characteristics,1/01/2014,"Large-scale solar, Solar energy",AGL Solar Project,https://arena.gov.au/knowledge-bank/grid-connection-modelling-and-inverter-characteristics/,Reports,https://arena.gov.au/projects/agl-solar-project/,2013,Current,https://arena.gov.au/assets/2014/03/2c-Grid-connection-modelling-and-inverter-characteristics.pdf,pdfs/Reports/Grid_Connection_Modelling_and_Inverter_Characteristics_f08b6f.pdf,downloaded
Impact of Temperature on Plant Performance and Overhead Line Design,1/01/2014,"Large-scale solar, Solar energy",AGL Solar Project,https://arena.gov.au/knowledge-bank/impact-of-temperature-on-plant-performance-and-overhead-line-design/,Reports,https://arena.gov.au/projects/agl-solar-project/,2013,Current,https://arena.gov.au/assets/2014/03/2f-Impact-of-temperature-on-plant-performance-and-overhead-line-design.pdf,pdfs/Reports/Impact_of_Temperature_on_Plant_Performance_and_Overhead_Line_Design_f63f48.pdf,downloaded
Preparation of Connection Studies,1/01/2014,"Large-scale solar, Solar energy",AGL Solar Project,https://arena.gov.au/knowledge-bank/preparation-of-connection-studies/,Reports,https://arena.gov.au/projects/agl-solar-project/,2013,Current,https://arena.gov.au/assets/2014/03/2e-Preparation-of-connection-studies.pdf,pdfs/Reports/Preparation_of_Connection_Studies_da7e40.pdf,downloaded
Market & Technology Analysis for Organic Photovoltaics,1/01/2014,"Solar energy, Solar PV R&amp;D",New Materials and Architectures for Organic Solar Cells,https://arena.gov.au/knowledge-bank/market-technology-analysis-for-organic-photovoltaics/,"Reports, Lessons",https://arena.gov.au/projects/new-materials-and-architectures-for-organic-solar-cells/,2010,Past,https://arena.gov.au/assets/2014/06/Market-Technology-Analysis_-Lessons-Learnt.pdf,pdfs/Reports_Lessons/Market_&_Technology_Analysis_for_Organic_Photovoltaics_aef5f6.pdf,downloaded
Moree Solar Farm Lessons Learnt Report,1/01/2014,"Large-scale solar, Solar energy",Moree Solar Farm,https://arena.gov.au/knowledge-bank/moree-solar-farm-lessons-learnt-report/,"Reports, Lessons",https://arena.gov.au/projects/moree-solar-farm/,2013,Past,https://arena.gov.au/assets/2017/05/MSF-Lessons-Learned-FINAL.pdf,pdfs/Reports_Lessons/Moree_Solar_Farm_Lessons_Learnt_Report_9da103.pdf,downloaded
Port Augusta Solar Thermal Generation Feasibility Study Project Definition Report,1/01/2014,"Battery storage, Hybrid technologies, Solar energy, Wind energy",Port Augusta Solar Thermal Feasibility Study,https://arena.gov.au/knowledge-bank/port-augusta-solar-thermal-generation-feasibility-study-project-definition-report/,Reports,https://arena.gov.au/projects/port-augusta-solar-thermal-feasibility-study/,2013,Past,https://arena.gov.au/assets/knowledge-bank/Alinta-Energy-Solar-Thermal-Feasibility-Study-Milestone-1-Project-Definition-Report.pdf,pdfs/Reports/Port_Augusta_Solar_Thermal_Generation_Feasibility_Study_Project_Definition_Report_0ab7d2.pdf,downloaded
Port Augusta Solar Thermal Generation Feasibility Study Options Study Report,1/01/2014,"Battery storage, Hybrid technologies, Solar energy, Wind energy",Port Augusta Solar Thermal Feasibility Study,https://arena.gov.au/knowledge-bank/port-augusta-solar-thermal-generation-feasibility-study-options-study-report/,Reports,https://arena.gov.au/projects/port-augusta-solar-thermal-feasibility-study/,2013,Past,https://arena.gov.au/assets/knowledge-bank/2263503A-POW-RPT-001-RevD-Options-Study-Report.pdf,pdfs/Reports/Port_Augusta_Solar_Thermal_Generation_Feasibility_Study_Options_Study_Report_73ba24.pdf,downloaded
Port Augusta Solar Thermal Generation Feasibility Study Milestone 2 Summary Report,1/01/2014,"Battery storage, Hybrid technologies, Solar energy, Wind energy",Port Augusta Solar Thermal Feasibility Study,https://arena.gov.au/knowledge-bank/port-augusta-solar-thermal-generation-feasibility-study-milestone-2-summary-report/,"Reports, Milestones",https://arena.gov.au/projects/port-augusta-solar-thermal-feasibility-study/,2013,Past,https://arena.gov.au/assets/knowledge-bank/Alinta-Energy-Port-Augusta-Solar-Thermal-Generation-Feasibility-Study-Milestone-2-Summary-Report.pdf,pdfs/Reports_Milestones/Port_Augusta_Solar_Thermal_Generation_Feasibility_Study_Milestone_2_Summary_Report_7e7f61.pdf,downloaded
Solar Thermal Foundation Project Results,1/01/2014,"Concentrated solar thermal, Solar energy",Solar Thermal Research Hub,https://arena.gov.au/knowledge-bank/solar-thermal-foundation-project-results/,Reports,https://arena.gov.au/projects/solar-thermal-research-hub/,2009,Past,https://arena.gov.au/assets/2014/06/CSIRO-solar-thermal-foundation-project-final-report-V2.pdf,pdfs/Reports/Solar_Thermal_Foundation_Project_Results_9a2272.pdf,downloaded
Solar/Diesel Mini-Grid Handbook and Mini-Grid Power System Modelling Tool,1/01/2014,"Battery storage, Hybrid technologies, Off grid, Solar energy",NT Solar Energy Transformation Program,https://arena.gov.au/knowledge-bank/solar-diesel-mini-grid-handbook-and-mini-grid-power-system-modelling-tool/,Reports,https://arena.gov.au/projects/northern-territory-solar-energy-transformation-program/,2014,Past,https://arena.gov.au/assets/2018/12/nt-setup-a-first-look-at-the-integration-of-pv-diesel-power-stations-remote-communities.pdf,pdfs/Reports/Solar_Diesel_Mini-Grid_Handbook_and_Mini-Grid_Power_System_Modelling_Tool_f53d0d.pdf,downloaded
Upconversion of The Solar Spectrum for Improved Photovoltaic Energy Conversion,1/01/2014,"Solar energy, Solar PV R&amp;D",Improved PV Energy Conversion,https://arena.gov.au/knowledge-bank/upconversion-of-the-solar-spectrum-for-improved-photovoltaic-energy-conversion/,Reports,https://arena.gov.au/projects/upconversion-of-the-solar-spectrum-for-improved-pv-energy-conversion/,2011,Past,https://arena.gov.au/assets/2014/09/University-of-Sydney-Upconversion-of-the-solar-spectrum-for-improved-PV-energy-conversion-final-report.pdf,pdfs/Reports/Upconversion_of_The_Solar_Spectrum_for_Improved_Photovoltaic_Energy_Conversion_c3a718.pdf,downloaded
Guide to Local Procurement ' Nyngan Solar Plant,1/01/2014,"Large-scale solar, Solar energy",AGL Solar Project,https://arena.gov.au/knowledge-bank/guide-to-local-procurement-nyngan-solar-plant/,"Reports, Guides",https://arena.gov.au/projects/agl-solar-project/,2013,Current,https://arena.gov.au/assets/2015/02/4b-Access-Road-Construction.pdf,pdfs/Reports_Guides/Guide_to_Local_Procurement_'_Nyngan_Solar_Plant_4dfd00.pdf,downloaded
Guide to Labour and Accommodation ' Nyngan Solar,1/01/2014,"Large-scale solar, Solar energy",AGL Solar Project,https://arena.gov.au/knowledge-bank/guide-to-labour-and-accommodation-nyngan-solar/,Reports,https://arena.gov.au/projects/agl-solar-project/,2013,Current,https://arena.gov.au/assets/2017/01/20140729-AGL-Solar-Project-Knowledge-Sharing-Report-No-3b-Labour-Accommodation.pdf,pdfs/Reports/Guide_to_Labour_and_Accommodation_'_Nyngan_Solar_d7da2f.pdf,downloaded
Guide to Engineering Design and Procurement ' Nyngan Solar Plant,1/01/2014,"Large-scale solar, Solar energy",AGL Solar Project,https://arena.gov.au/knowledge-bank/guide-to-engineering-design-and-procurement-nyngan-solar-plant/,Reports,https://arena.gov.au/projects/agl-solar-project/,2013,Current,https://arena.gov.au/assets/2014/08/20140808-AGL-Solar-Project-Knowledge-Sharing-Report-No-3c-Design-to-Procurement.pdf,pdfs/Reports/Guide_to_Engineering_Design_and_Procurement_'_Nyngan_Solar_Plant_e6e12b.pdf,downloaded
Guide to Early Works Activities ' Nyngan Solar Plant,1/01/2014,"Large-scale solar, Solar energy",AGL Solar Project,https://arena.gov.au/knowledge-bank/guide-to-early-works-activities-nyngan-solar-plant/,"Reports, Guides",https://arena.gov.au/projects/agl-solar-project/,2013,Current,https://arena.gov.au/assets/2015/02/3d-Enabling-Works.pdf,pdfs/Reports_Guides/Guide_to_Early_Works_Activities_'_Nyngan_Solar_Plant_d7fb57.pdf,downloaded
Guide to Site Mobilisation ' Nyngan Solar Plant,1/01/2014,"Large-scale solar, Solar energy",AGL Solar Project,https://arena.gov.au/knowledge-bank/guide-to-site-mobilisation-nyngan-solar-plant/,"Reports, Guides",https://arena.gov.au/projects/agl-solar-project/,2013,Current,https://arena.gov.au/assets/2015/02/4a-Site-Mobilisation.pdf,pdfs/Reports_Guides/Guide_to_Site_Mobilisation_'_Nyngan_Solar_Plant_a503e2.pdf,downloaded
Guide to Access Road Construction ' Nyngan Solar Plant,1/01/2014,"Large-scale solar, Solar energy",AGL Solar Project,https://arena.gov.au/knowledge-bank/guide-to-access-road-construction-nyngan-solar-plant/,"Reports, Guides",https://arena.gov.au/projects/agl-solar-project/,2013,Current,https://arena.gov.au/assets/2015/02/4b-Access-Road-Construction.pdf,pdfs/Reports_Guides/Guide_to_Access_Road_Construction_'_Nyngan_Solar_Plant_4dfd00.pdf,downloaded
Guide to Materials Delivery ' Nyngan Solar Plant,1/01/2014,"Large-scale solar, Solar energy",AGL Solar Project,https://arena.gov.au/knowledge-bank/guide-to-materials-delivery-nyngan-solar-plant/,"Reports, Guides",https://arena.gov.au/projects/agl-solar-project/,2013,Current,https://arena.gov.au/assets/2015/02/4c-Materials-Delivery.pdf,pdfs/Reports_Guides/Guide_to_Materials_Delivery_'_Nyngan_Solar_Plant_3fed94.pdf,downloaded
Guide to International Knowledge Transfer - Nyngan Solar Plant,1/01/2014,"Large-scale solar, Solar energy",AGL Solar Project,https://arena.gov.au/knowledge-bank/guide-to-international-knowledge-transfer-nyngan-solar-plant/,"Reports, Guides",https://arena.gov.au/projects/agl-solar-project/,2013,Current,https://arena.gov.au/assets/2015/02/4d-International-Knowledge-Transfer.pdf,pdfs/Reports_Guides/Guide_to_International_Knowledge_Transfer_-_Nyngan_Solar_Plant_2d2e8c.pdf,downloaded
Guide to Local Supply Chain Issues ' Nyngan Solar Plant,1/01/2014,"Large-scale solar, Solar energy",AGL Solar Project,https://arena.gov.au/knowledge-bank/guide-to-local-supply-chain-issues-nyngan-solar-plant/,"Reports, Guides",https://arena.gov.au/projects/agl-solar-project/,2013,Current,https://arena.gov.au/assets/2015/02/4e-Local-Supply-Chain-Issues-revised.pdf,pdfs/Reports_Guides/Guide_to_Local_Supply_Chain_Issues_'_Nyngan_Solar_Plant_251d6e.pdf,downloaded
Guide to Switchyard Construction ' Nyngan Solar Plant,1/01/2014,"Large-scale solar, Solar energy",AGL Solar Project,https://arena.gov.au/knowledge-bank/guide-to-switchyard-construction-nyngan-solar-plant/,"Reports, Guides",https://arena.gov.au/projects/agl-solar-project/,2013,Current,https://arena.gov.au/assets/2015/02/4f-Switchyard-construction.pdf,pdfs/Reports_Guides/Guide_to_Switchyard_Construction_'_Nyngan_Solar_Plant_17a342.pdf,downloaded
Guide to Transmission Easement ' Nyngan Solar Plant,1/01/2014,"Large-scale solar, Solar energy",AGL Solar Project,https://arena.gov.au/knowledge-bank/guide-to-transmission-easement-nyngan-solar-plant/,"Reports, Guides",https://arena.gov.au/projects/agl-solar-project/,2013,Current,https://arena.gov.au/assets/2015/02/4g-Transmission-easement.pdf,pdfs/Reports_Guides/Guide_to_Transmission_Easement_'_Nyngan_Solar_Plant_7bb511.pdf,downloaded
Habanero Geothermal Project Field Development Plan,1/01/2014,Geothermal energy,Cooper Basin Enhanced Geothermal Systems,https://arena.gov.au/knowledge-bank/habanero-geothermal-project-field-development-plan/,Reports,https://arena.gov.au/projects/cooper-basin-enhanced-geothermal-systems-heat-and-power-development/,2010,Past,https://arena.gov.au/assets/2016/10/Habanero-Geothermal-Project-Field-Development-Plan.pdf,pdfs/Reports/Habanero_Geothermal_Project_Field_Development_Plan_87ced7.pdf,downloaded
Comparing Least Cost Scenarios for Renewable Electricity with Low Emission Fossil Fuel Scenarios in the NEM,31/12/2013,Hybrid technologies,Achieving Cost-Affective Abatement,https://arena.gov.au/knowledge-bank/comparing-least-cost-scenarios-for-renewable-electricity-with-low-emission-fossil-fuel-scenarios-in-the-nem/,Reports,https://arena.gov.au/projects/achieving-cost-effective-abatement-australian-electricity-generation/,2012,Past,https://arena.gov.au/assets/2017/06/Elliston_2014_5.pdf,pdfs/Reports/Comparing_Least_Cost_Scenarios_for_Renewable_Electricity_with_Low_Emission_Fossil_Fuel_Scenarios_in_the_NEM_b4065c.pdf,downloaded
Designing Electricity Markets for a High Penetration of Variable Renewables,31/12/2013,Hybrid technologies,Achieving Cost-Affective Abatement,https://arena.gov.au/knowledge-bank/designing-electricity-markets-for-a-high-penetration-of-variable-renewables/,Reports,https://arena.gov.au/projects/achieving-cost-effective-abatement-australian-electricity-generation/,2012,Past,https://arena.gov.au/assets/2017/06/Riesz_et_al-2015_FD_8-2.pdf,pdfs/Reports/Designing_Electricity_Markets_for_a_High_Penetration_of_Variable_Renewables_c483a2.pdf,downloaded
A Distributed Energy Market: Consumer & Utility Interest and the Regulatory Requirements,19/08/2013,Distributed energy resources,Distributed Energy Market,https://arena.gov.au/knowledge-bank/a-distributed-energy-market-consumer-utility-interest-and-the-regulatory-requirements/,Reports,https://arena.gov.au/projects/a-distributed-energy-market-consumer-and-utility-interest-and-the-regulatory-requirements/,2012,Past,https://arena.gov.au/assets/2013/08/a-distributed-energy-market-consumer-and-utility-interest-and-the-regulatory-requirements.pdf,pdfs/Reports/A_Distributed_Energy_Market__Consumer_&_Utility_Interest_and_the_Regulatory_Requirements_beba46.pdf,downloaded
Generating Renewable Energy from Almond Waste Final Report,19/07/2013,Bioenergy / Energy from waste,Generating Renewable Energy from Almond Waste,https://arena.gov.au/knowledge-bank/generating-renewable-energy-from-almond-waste-final-report/,Reports,https://arena.gov.au/projects/generating-renewable-energy-from-almond-waste/,2012,Past,https://arena.gov.au/assets/2013/07/renewable-energy-production-from-almond-waste-report.pdf,pdfs/Reports/Generating_Renewable_Energy_from_Almond_Waste_Final_Report_a634cf.pdf,downloaded
Presentation: The Australian Renewable Energy Agency and the New Energy Course,2/07/2013,Solar energy,,https://arena.gov.au/knowledge-bank/presentation-the-australian-renewable-energy-agency-and-the-new-energy-course/,Presentation,,,,https://arena.gov.au/assets/2017/05/presentation-ArgusPowerGenerationFuels2013.pdf,pdfs/Presentation/Presentation__The_Australian_Renewable_Energy_Agency_and_the_New_Energy_Course_4e9f2e.pdf,downloaded
Presentation: Renewable Energy Technology and The Future,2/07/2013,Renewables for industry,,https://arena.gov.au/knowledge-bank/presentation-renewable-energy-technology-and-the-future-driving-the-long-term-transformation-to-a-clean-energy-technology-economy-in-queensland/,Presentation,,,,https://arena.gov.au/assets/2017/02/Presentation-QueenslandEnergyconference.pdf,pdfs/Presentation/Presentation__Renewable_Energy_Technology_and_The_Future_3e57b1.pdf,downloaded
Presentation: Role of Govt in Improving The Competitiveness of Renewable Energy Technologies,19/02/2013,Solar energy,,https://arena.gov.au/knowledge-bank/presentation-the-role-of-government-in-improving-the-competitiveness-of-renewable-energy-technologies-and-increasing-the-supply-of-renewable-energy-in-australia/,Presentation,,,,https://arena.gov.au/assets/2017/05/presentation-Solar2013.pdf,pdfs/Presentation/Presentation__Role_of_Govt_in_Improving_The_Competitiveness_of_Renewable_Energy_Technologies_2c680c.pdf,downloaded
Householder Interest in Active Participation in the Solar Distributed Energy Market,1/01/2013,Solar energy,,https://arena.gov.au/knowledge-bank/a-distributed-energy-market-consumer-utility-interest-and-the-regulatory-requirements-focus-groups-report/,Reports,,,,https://arena.gov.au/assets/knowledge-bank/CSIRO-Focus-Groups-Report.pdf,pdfs/Reports/Householder_Interest_in_Active_Participation_in_the_Solar_Distributed_Energy_Market_57a790.pdf,downloaded
Discovering Renewable Potential Through Hybridisation,1/01/2013,Hybrid technologies,,https://arena.gov.au/knowledge-bank/discovering-renewable-potential-through-hybridisation/,Reports,,,,https://arena.gov.au/assets/2013/12/Hybridisation-of-Fossil-Fuel-Energy-Generation-in-Australia1.pdf,pdfs/Reports/Discovering_Renewable_Potential_Through_Hybridisation_bc7aec.pdf,downloaded
Drivers of domestic PV uptake: Characteristics of households with solar photovoltaic systems,1/01/2013,Solar energy,,https://arena.gov.au/knowledge-bank/drivers-of-domestic-pv-uptake-characteristics-of-households-with-solar-photovoltaic-systems/,Reports,,,,https://arena.gov.au/assets/knowledge-bank/ACILAllenSolarPhotovoltaic2013.pdf,pdfs/Reports/Drivers_of_domestic_PV_uptake__Characteristics_of_households_with_solar_photovoltaic_systems_e4abd7.pdf,downloaded
Australian Feedstock and Refining Capacity to Produce Sustainable Aviation Fuel (SAF),1/01/2013,Bioenergy / Energy from waste,Australian Feedstock and Refining Capacity,https://arena.gov.au/knowledge-bank/australian-feedstock-and-refining-capacity-to-produce-sustainable-aviation-fuel-saf/,Reports,https://arena.gov.au/projects/australian-feedstock-and-refining-capacity-to-produce-sustainable-aviation-fuel-saf/,2012,Past,https://arena.gov.au/assets/knowledge-bank/aviation-biofuel-report.pdf,pdfs/Reports/Australian_Feedstock_and_Refining_Capacity_to_Produce_Sustainable_Aviation_Fuel_(SAF)_5bdf96.pdf,downloaded
"Biofuel from Microalgae: Efficient Separation, Processing and Utilisation of Algal Biomass",1/01/2013,Bioenergy / Energy from waste,Production of Biofuel from Microalgae,https://arena.gov.au/knowledge-bank/biofuel-from-microalgae-efficient-separation-processing-and-utilisation-of-algal-biomass/,Reports,https://arena.gov.au/projects/production-of-biofuel-from-microalgae/,2009,Past,https://arena.gov.au/assets/2013/09/Final-Report-University-of-Melbourne.pdf,"pdfs/Reports/Biofuel_from_Microalgae__Efficient_Separation,_Processing_and_Utilisation_of_Algal_Biomass_67e828.pdf",downloaded
Collinsville Solar Thermal Power Station Initial Plant Assessment Report,1/01/2013,"Concentrated solar thermal, Solar energy",Conversion of Coal to Hybrid Solar Thermal/Gas,https://arena.gov.au/knowledge-bank/collinsville-solar-thermal-power-station-initial-plant-assessment-report/,Reports,https://arena.gov.au/projects/feasibility-study-into-conversion-of-collinsville-power-station-from-coal-to-hybrid-solar-thermalgas/,2013,Past,https://arena.gov.au/assets/2013/01/collinsville-initial-plant-assessment.pdf,pdfs/Reports/Collinsville_Solar_Thermal_Power_Station_Initial_Plant_Assessment_Report_313e4a.pdf,downloaded
Collinsville Solar Thermal Feasibility Study: Report 1,1/01/2013,"Concentrated solar thermal, Solar energy",Conversion of Coal to Hybrid Solar Thermal/Gas,https://arena.gov.au/knowledge-bank/collinsville-solar-thermal-feasibility-study-report-1/,"Reports, Milestones",https://arena.gov.au/projects/feasibility-study-into-conversion-of-collinsville-power-station-from-coal-to-hybrid-solar-thermalgas/,2013,Past,https://arena.gov.au/assets/2017/02/collinsville-solar-thermal-feasibility-study-1.pdf,pdfs/Reports_Milestones/Collinsville_Solar_Thermal_Feasibility_Study__Report_1_1ce117.pdf,downloaded
Collinsville Solar Thermal Feasibility Study: Report 2,1/01/2013,"Concentrated solar thermal, Solar energy",Conversion of Coal to Hybrid Solar Thermal/Gas,https://arena.gov.au/knowledge-bank/collinsville-solar-thermal-feasibility-study-report-2/,"Reports, Milestones",https://arena.gov.au/projects/feasibility-study-into-conversion-of-collinsville-power-station-from-coal-to-hybrid-solar-thermalgas/,2013,Past,https://arena.gov.au/assets/2017/02/collinsville-solar-thermal-feasibility-study-2.pdf,pdfs/Reports_Milestones/Collinsville_Solar_Thermal_Feasibility_Study__Report_2_da76d2.pdf,downloaded
Collinsville Solar Thermal Power Station Knowledge Sharing Report 3,1/01/2013,"Concentrated solar thermal, Solar energy",Conversion of Coal to Hybrid Solar Thermal/Gas,https://arena.gov.au/knowledge-bank/collinsville-solar-thermal-power-station-knowledge-sharing-report-3/,"Reports, Milestones",https://arena.gov.au/projects/feasibility-study-into-conversion-of-collinsville-power-station-from-coal-to-hybrid-solar-thermalgas/,2013,Past,https://arena.gov.au/assets/2017/02/collinsville-solar-thermal-feasibility-study-3.pdf,pdfs/Reports_Milestones/Collinsville_Solar_Thermal_Power_Station_Knowledge_Sharing_Report_3_b67502.pdf,downloaded
Collinsville Solar Thermal Power Station Modelling Optimisation,1/01/2013,"Concentrated solar thermal, Solar energy",Conversion of Coal to Hybrid Solar Thermal/Gas,https://arena.gov.au/knowledge-bank/collinsville-solar-thermal-power-station-modelling-optimisation/,Reports,https://arena.gov.au/projects/feasibility-study-into-conversion-of-collinsville-power-station-from-coal-to-hybrid-solar-thermalgas/,2013,Past,https://arena.gov.au/assets/2013/01/collinsville-modelling-optimisation-report.pdf,pdfs/Reports/Collinsville_Solar_Thermal_Power_Station_Modelling_Optimisation_4bb4ea.pdf,downloaded
Presentation: Bioenergy and The Renewable Energy Agenda,26/11/2012,Bioenergy / Energy from waste,,https://arena.gov.au/knowledge-bank/presentation-bioenergy-and-the-renewable-energy-agenda/,Presentation,,,,https://arena.gov.au/assets/2017/02/ARENApresentationBioenergyAustralia2012.pdf,pdfs/Presentation/Presentation__Bioenergy_and_The_Renewable_Energy_Agenda_8eecdf.pdf,downloaded
Solar Energy Management for Utilities,1/07/2012,Solar energy,Solar Energy Management System for Utilities,https://arena.gov.au/knowledge-bank/solar-energy-management-for-utilities/,"Reports, Lessons",https://arena.gov.au/projects/solar-energy-management-system-for-utilities/,2012,Past,https://arena.gov.au/assets/2016/07/CSIRO-Solar-Energy-Mgt-for-Utilities-Final-Report.pdf,pdfs/Reports_Lessons/Solar_Energy_Management_for_Utilities_b4e6ac.pdf,downloaded
"Production of Generation 2 Ethanol, High Nutrition Feed and Green Coal from Sugarcane Bagasse",25/04/2012,Bioenergy / Energy from waste,Generation 2 Ethanol from Sugarcane Waste,https://arena.gov.au/knowledge-bank/production-of-generation-2-ethanol-high-nutrition-feed-and-green-coal-from-sugarcane-bagasse/,Reports,https://arena.gov.au/projects/production-of-generation-2-ethanol-from-sugarcane-waste/,2009,Past,https://arena.gov.au/assets/2013/10/Microbiogen.pdf,"pdfs/Reports/Production_of_Generation_2_Ethanol,_High_Nutrition_Feed_and_Green_Coal_from_Sugarcane_Bagasse_4fcc6e.pdf",downloaded
Carnarvon: A Case Study of Increasing Levels of PV Penetration in an Isolated Electricity Supply System,1/01/2012,Solar energy,,https://arena.gov.au/knowledge-bank/carnarvon-a-case-study-of-increasing-levels-of-pv-penetration-in-an-isolated-electricity-supply-system/,Reports,,,,https://arena.gov.au/assets/knowledge-bank/Carnarvon-High-PV-Penetration-Case-Study.pdf,pdfs/Reports/Carnarvon__A_Case_Study_of_Increasing_Levels_of_PV_Penetration_in_an_Isolated_Electricity_Supply_System_eab540.pdf,downloaded
Commercial Demonstration of Lignocellulosics to (Unique) Stable Bio-Crude Oil,1/01/2012,Bioenergy / Energy from waste,Demonstrate Commercial Production of Bio-Crude Oil from Biomass,https://arena.gov.au/knowledge-bank/commercial-demonstration-of-lignocellulosics-to-unique-stable-bio-crude-oil/,Reports,https://arena.gov.au/projects/demonstrate-commercial-production-of-bio-crude-oil-from-biomass/,2009,Past,https://arena.gov.au/assets/2013/08/Final-Report-Licella.pdf,pdfs/Reports/Commercial_Demonstration_of_Lignocellulosics_to_(Unique)_Stable_Bio-Crude_Oil_826beb.pdf,downloaded
Alice Springs: A Case Study of Increasing Levels of PV Penetration in an Electricity Supply System,1/01/2012,Solar energy,,https://arena.gov.au/knowledge-bank/alice-springs-a-case-study-of-increasing-levels-of-pv-penetration-in-an-electricity-supply-system/,Reports,,,,https://arena.gov.au/assets/knowledge-bank/Alice-Springs-High-Penetration-PV-Case-Study-Report-June-2011.pdf,pdfs/Reports/Alice_Springs__A_Case_Study_of_Increasing_Levels_of_PV_Penetration_in_an_Electricity_Supply_System_32cbba.pdf,downloaded
Cane2Fuel: Feasibility of Producing Biofuel from Sugarcane Waste,1/01/2012,Bioenergy / Energy from waste,Cane2Fuel: Feasibility of Producing Biofuel from Sugarcane Waste,https://arena.gov.au/knowledge-bank/cane2fuel-feasibility-of-producing-biofuel-from-sugarcane-waste/,Reports,https://arena.gov.au/projects/cane2fuel-feasibility-of-producing-biofuel-from-sugarcane-waste/,2010,Past,https://arena.gov.au/assets/2013/08/Final-Report-BSES.pdf,pdfs/Reports/Cane2Fuel__Feasibility_of_Producing_Biofuel_from_Sugarcane_Waste_3732d3.pdf,downloaded
Sustainable Production of Transport Biofuels from Mallee Crops by Pyrolysis and Biorefinery,1/01/2012,Bioenergy / Energy from waste,Sustainable Production of Transport Biofuels,https://arena.gov.au/knowledge-bank/sustainable-production-of-transport-biofuels-from-mallee-crops-by-pyrolysis-and-biorefinery/,Reports,https://arena.gov.au/projects/sustainable-production-of-transport-biofuels-from-mallee-crops-by-pyrolysis-and-biorefinery/,2009,Past,https://arena.gov.au/assets/2013/07/Final-Report-Curtin.pdf,pdfs/Reports/Sustainable_Production_of_Transport_Biofuels_from_Mallee_Crops_by_Pyrolysis_and_Biorefinery_86b8fa.pdf,downloaded
Advanced Biofuels Study,1/01/2012,Bioenergy / Energy from waste,High-Energy Algal Fuels,https://arena.gov.au/knowledge-bank/advanced-biofuels-study/,Reports,https://arena.gov.au/projects/high-energy-algal-fuels/,2012,Past,https://arena.gov.au/assets/2013/10/advanced-biofuels-study.pdf,pdfs/Reports/Advanced_Biofuels_Study_433112.pdf,downloaded
