Project,"Link to project",Category,Summary/Information,"Arena funding provided","Total project value","Lead organisation","Arena program","Start date",Location,"Project partners",Status
"Redefining Copper Production Pilot Project",https://arena.gov.au/projects/redefining-copper-production-pilot-project/,"Renewables for industry","The Project will develop refining pilot plant to demonstrate a novel chloride leaching and electrochemical technology to produce low emissions copper metal. The technology enables a cheaper, cleaner and safer processing pathway for producing market grade copper metal from a range of concentrates feedstocks.
",$5m,$20m,"Banksia Minerals","Advancing Renewables Program",04/02/2026,Queensland,"ProMechAdvanced Robotics for Manufacturing HubThe University of QueenslandCore Resources",Current
"Australian Renewable Energy Hub Pty Ltd: Decarbonising the Pilbara and Beyond",https://arena.gov.au/projects/intercontinental-energy-decarbonising-the-pilbara-and-beyond/,"Renewables for industry","AREH will conduct a pre-FEED study focused on renewable hydrogen production in the Pilbara, integrating advanced wind, solar, and hydrogen technologies to supply up to 1GW of energy.
",$21.54m,$94.72m,"Australian Renewable Energy Hub (AREH)","Advancing Renewables Program",19/01/2026,"Western Australia","InterContinental Energy AREH  ",Current
"MGA Thermal: Thermal Energy Storage FEED Studies",https://arena.gov.au/projects/mga-thermal-thermal-energy-storage-feed-studies/,"Renewables for industry","MGA Thermal will deliver up to five Front-End Engineering Design (FEED) studies regarding the deployment of its proprietary thermal energy storage (TES) technology.
",$3.25m,$6.5m,"MGA Thermal Pty Ltd","Powering the Regions Industrial Transformation Stream",23/12/2025,"New South Wales",N/A,Current
"Ltyentye Apurte Microgrid Project",https://arena.gov.au/projects/ltyentye-apurte-microgrid-project/,"Battery storage","The Project will undertake development activities with the aim to construct a First Nations community-led microgrid including solar, battery, and diesel backup in the remote Aboriginal community of Ltyentye Apurte near Alice Springs, Northern Territory.
The project is led by AAAC, who is an Aboriginal Corporation that supports the community of Ltyentye Apurte by running social enterprises and community development programs.
",$1.43m,$1.96m,"Atyenhenge-Atherre Aboriginal Corporation","Regional Microgrids Program",22/12/2025,"Northern Territory","Territory Generation (TGen)",Current
"Iberdrola Australia; Moura; Dawson Renewable Hydrogen Hub; FEED Study",https://arena.gov.au/projects/iberdrola-australia-moura-dawson-renewable-hydrogen-hub-feed-study/,"Hydrogen energy","The Project comprises of: an Optimisation Model and Pre Front-End Engineering Design (Pre-FEED) study of the new renewable hydrogen plant; a FEED study of the new renewable hydrogen plant (HPF FEED); a permitting and/or approvals study of the new renewable hydrogen plant; and a FEED study of the integration of the renewable hydrogen into QNP’s existing facility (QNP FEED) which will inform an assessment of the technical and commercial feasibility of developing, constructing and operating the Dawson Renewable Energy Hub.
",$2.67m,$7.26m,Iberdrola,"Advancing Renewables Program",15/12/2025,Queensland,"Queensland Nitrates Pty Ltd (QNP)",Current
"Flow Power Highway",https://arena.gov.au/projects/flow-power-highway/,"Electric vehicles","Flow Power will develop, construct and operate a network of ultrafast battery electric vehicle (BEV) charging facilities across the east coast of Australia (the Project). The Project will deliver up to 84 dual-port BEV chargers across a minimum of 10 Charging Facilities, including at least eight Standard Stations, one Superstation and one Co-located Station.
",$18.07m,$70.23m,"Flow Power","Driving the Nation Program",01/12/2025,"New South Wales, Queensland, Victoria","GIGATONS Pty Ltd",Current
"Vehicle-Grid Network",https://arena.gov.au/projects/vehicle-grid-network/,"Electric vehicles","The Vehicle-Grid Network (VGN) is being established as Australia’s first national collaboration network accelerating electric vehicle-to-grid integration through cross-sector partnerships, knowledge sharing, and innovation.
",$1.09m,$2.37m,"University of Technology Sydney (Climate-KIC Australia and the Institute for Sustainable Futures)","Driving the Nation Program",01/12/2025,Australia-wide,"RACE for 2030 CRC",Current
"Biochar Production for Steelmaking",https://arena.gov.au/projects/biochar-production-for-steelmaking/,"Bioenergy / Energy from waste","The Recipient will construct and deliver a commercial scale novel technology facility to produce biochar pellets or lumps to replace fossil coke in an Electric Arc Furnace (EAF) and to produce electricity from syngas produced during pyrolysis.
",$4.8m,$10.9m,"Biocarbon Pty Ltd","National Industrial Transformation Program",01/12/2025,"New South Wales","Biomet Pty LtdInfraBuild (Manufacturing) Pty LtdInfraBuild NSWPyroAgS.A. Relf & Sons Pty Ltd",Current
"Alsco Uniforms ' Low Carbon Commercial Laundry",https://arena.gov.au/projects/alsco-uniforms-low-carbon-commercial-laundry/,,"The Project involves heat energy upgrades (additional to the proposed base design) as part of a new, low emission commercial laundry facility in Port Kembla, NSW. The Project aims to significantly reduce emissions at the new Facility by integrating advanced technologies such as commercial heat pumps, a steam-heated ironer heat recovery system, automation and robotics systems, load management and storage, and metering.
",$1.04m,$2.16m,"Alsco Pty Ltd","National Industrial Transformation Program",01/12/2025,"Port Kembla","Rheem AustraliaThielen AutomationNorthmore GordonDETA ConsultingSEPAK IndustriesEnergy SpecialitiesArmstrong Flow Control",Current
"Electrification of pharmaceutical manufacturing facility",https://arena.gov.au/projects/electrification-of-pharmaceutical-manufacturing-facility/,"Renewables for industry","The Project will decarbonise Opella’s pharmaceutical-grade manufacturing-facility replacing a gas-boiler and dehumidification units with electrified versions, incorporating heat pump technology.
",$1.94m,$4.03m,"Opella Consumer Healthcare (formerly Sanofi Consumer Healthcare and currently operating as the legal entity of Sanofi-Aventis Healthcare Pty Ltd)","National Industrial Transformation Program",01/12/2025,"Queensland, Virginia","Beam Energy LabsApplied Air Services",Current
"Wasleys Renewable Natural Gas Facility",https://arena.gov.au/projects/wasleys-renewable-natural-gas-facility/,"Bioenergy / Energy from waste","The Wasleys Renewable Natural Gas (RNG) Facility is Australia’s first commercial-scale agricultural renewable natural gas facility. It will convert piggery effluent into pipeline-quality renewable natural gas (RNG), providing a sustainable, locally-produced energy source for South Australian gas users.
",$10m,$24.1m,"Helmont Energy Pty Ltd","Advancing Renewables Program",11/11/2025,"South Australia","LMS Energy SunPork Group",Current
"4 Pines Brewery Electrification",https://arena.gov.au/projects/4-pines-brewery-electrification/,,"The Project will upgrade the Recipient’s Brookvale brewing facility with electrification of all thermal loads, integration of heat recovery, and allow for full decommissioning of gas infrastructure from the brewing process.
",$1.77m,$3.85m,"4 Pines Brewing Company Wholesale Pty Limited","National Industrial Transformation Program",01/11/2025,"Brookvale, New South Wales","Flexigen Pty LtdAsahi Holdings (Australia) Pty Ltd",Current
"Li-S Energy Battery Cell Production Feasibility & Engineering Design Studies",https://arena.gov.au/projects/li-s-energy-battery-cell-production-feasibility-engineering-design-studies/,"Battery storage","Li-S Energy proposes to complete a two-stage project to establish a &#8220;shovel ready&#8221; plan for a commercial lithium sulphur battery cell manufacturing facility in Australia with up to 1GWh annual capacity. The project targets heavy EV, drone, aviation and defence markets, sectors that benefit most from the lightweight, high energy density, and safer characteristics of Li-S batteries.
",$7.86m,$15.72m,"Li-S Energy Limited","Advancing Renewables Program",01/10/2025,National,,Current
"Accelerating EV Adoption: Unlocking EVs for Strata Residents",https://arena.gov.au/projects/accelerating-ev-adoption-unlocking-evs-for-strata-residents/,"Electric vehicles","NOX Energy will install 1,956 load-managed, Intelligent Power Sockets (IPS), across at least 16 sites to support Level 1 BEV charging in existing strata buildings across Australia.
",$1.51m,$4.78m,"NOX Energy Pty Ltd","Driving the Nation Program",24/09/2025,Australia-wide,"Stratablox HENNY Wattblock MiMOR Electric Vehicle Council Australian National University",Current
"National Energy Public Key Infrastructure Project (NEPKI)",https://arena.gov.au/projects/national-energy-public-key-infrastructure-project-nepki/,"Distributed energy resources","To establish a national Public Key Infrastructure (PKI) service for the authentication of communications with Common Smart Inverter Profile Australia (CSIP-AUS).
",$3.68m,$7.35m,"Energy Networks Association Limited","Advancing Renewables Program",16/09/2025,Melbourne,"DeloitteKing & Wood MallesonsPKI Service Provider Procurement Underway",Current
"McCain - Heat Recovery & Process Heat Electrification utilising Mechanical Vapour Recompression (MVR)",https://arena.gov.au/projects/mccain-heat-recovery-process-heat-electrification-utilising-mechanical-vapour-recompression-mvr/,,"The project will design, install and commission a high pressure (HP) condensate recovery system and a fryer exhaust heat recovery system with mechanical vapour recompression (MVR) at the McCain potato processing site in Ballarat, Victoria, to reduce the site’s Natural gas usage by around 21% and lower its scope 1 emissions by approximately 5,900 tCO2e / year.
",$7.38m,$16.3m,"McCain Foods (Aust) Pty Ltd","Powering the Regions Industrial Transformation Stream",12/09/2025,"Ballarat, Victoria","Beca Pty Ltd De Kleijn Energy Consulting B.V.  Piller Blowers & Compressors Australia Pty Ltd Gestalt Engineers Pty Ltd",Current
"Blackmores Hot Water Heat Pump, Industrial Transformation Demonstration Project",https://arena.gov.au/projects/blackmores-hot-water-heat-pump-industrial-transformation-demonstration-project/,"Renewables for industry","Blackmores will design, install and commission a refrigerant heat pump and a hot water buffer tank at their Braeside, Victoria health supplement manufacturing facility to replace an existing natural gas boiler, which will reduce natural gas use by ~25% (~9,900GJ annually) and cut ~512 tCO2-e Scope 1 emissions at the Braeside facility.
",$724k,$1.45m,"Blackmores Group ","National Industrial Transformation Program",01/09/2025,Braeside,"2XE Pty LtdNorthmore Gordon Pty LtdGordon Brothers Industries Pty Ltd ",Current
"Relectrify More Energy Project",https://arena.gov.au/projects/relectrify-more-energy-project/,"Battery storage","Relectrify will deploy up to 100 MWh of its AC1 Product at various customer sites in Australia to accelerate product commercialisation.
",$25m,$61.1m,"Relectrify Pty Ltd","Advancing Renewables Program",15/08/2025,Melbourne,,Current
"Plug and Play Asset Based Destination Charging Project",https://arena.gov.au/projects/plug-and-play-asset-based-destination-charging-project/,"Electric vehicles","Essential Energy will accelerate the deployment of up to 1,300 kerbside charging points by readying existing power poles for charger installation and installing new streetlight columns with built-in EV chargers.
",$2.33m,$6.01m,"Essential Energy","Driving the Nation Program",01/08/2025,"Port Macquarie","Wagners Cft Manufacturing Pty Ltd (Wagners) ",Current
"Fortescue Solar Innovation Hub",https://arena.gov.au/projects/fortescue-solar-innovation-hub/,"Large-scale solar","Pilbara Energy (Generation) Pty Ltd (Recipient), a subsidiary of Fortescue Ltd (Fortescue), will partner with ARENA and emerging OEM’s to identify, trial and deploy a range of technical and commercial innovations to drive down the levelised cost of energy (LCOE) of solar PV in the Pilbara. The Project will develop a portfolio of innovations seeking to demonstrate LCOE reduction opportunities, and accelerated pathways towards commercial viability and large-scale deployment (Innovation Projects).
",$45m,$500m,"Pilbara Energy (Generation) Pty Ltd ","Advancing Renewables Program",01/08/2025,"Western Australia",,Current
"Mondo - Regional Battery Energy Storage Solutions - Elevated",https://arena.gov.au/projects/mondo-regional-battery-energy-storage-solutions-elevated/,,"The Project is deploying 27 behind-the-meter batteries in regional Victoria.
",$4.13m,$5.47m,"Mondo Metering Pty Ltd ","Community Batteries Funding Round 1",15/07/2025,,"Yarra Energy Foundation",Current
"Calix - ZESTY Green Iron Demonstration Plant",https://arena.gov.au/projects/calix-zesty-green-iron-demonstration-plant/,"Renewables for industry","Development of a hydrogen direct reduced iron (HDRI) / hot briquetted iron (HBI) demonstration plant using Calix’s Zero Emissions Steel Technology (ZESTY).
",$44.88m,$89.93m,"Calix Ltd","Advancing Renewables Program",01/07/2025,,"ZESTY Technology Pty Ltd",Current
"Tindo Mawson Lakes Facility Upgrade",https://arena.gov.au/projects/tindo-mawson-lakes-facility-upgrade/,"Solar energy","Tindo will scale-up the production of solar photovoltaic (PV) modules at its existing Mawson Lakes module manufacturing facility. Tindo will sell the solar PV modules produced in connection with this Project to the domestic solar market with potential for export sales. The Recipient’s product is currently marketed as a premium product to a segment of the market.
",$34.48m,$35.81m,"Tindo Group Holdings Pty Ltd","Solar Sunshot",01/07/2025,"Mawson Lakes, South Australia",,Current
"SunDrive Technology Development",https://arena.gov.au/projects/sundrive-technology-development/,"Solar PV R&amp;D","SunDrive will mature and commercialise its core copper plating metallisation technology through the design and development of an initial Concept Tool and will refine SunDrive’s process chemistry and integrate it into the Commercial Tool, developed in partnership with leading global equipment suppliers (Project).
",$25.33m,$53.18m,"SunDrive Solar Pty Ltd","Advancing Renewables Program",01/07/2025,"Kurnell, New South Wales","Suzhou Maxwell Technologies Co LtdJiangsu Vistar Equipment Technology Co Ltd",Current
"Gnarwarre BESS Project",https://arena.gov.au/projects/gnarwarre-bess-project/,"Battery storage","FRV will deliver a 250MW / 500MWh Battery Energy Storage System (BESS) at Gnarwarre, Victoria that will be commissioned with grid-forming functionality enabled.
",$15m,$351m,"Gnarwarre BESS Asset Co Pty Ltd ",,01/07/2025,Victoria,,Current
"Lab 360 Solar - Daylight Photoluminescence Imaging Development",https://arena.gov.au/projects/lab-360-solar-daylight-photoluminescence-imaging-development/,"Solar PV R&amp;D","Lab360 is developing and trialling drone-based Daylight Photoluminescence imaging technology to support efficient, large-scale solar farm monitoring and advanced defect detection.
",$3.96m,$7.91m,"Lab 360 Solar Pty Ltd","Advancing Renewables Program",01/07/2025,Sydney,"Solar Farm Partner",Current
"Nextracker - 100MW Pilot",https://arena.gov.au/projects/nextracker-ojjo-100mw-pilot/,"Large-scale solar","Nextracker will deploy its NX Earth Truss foundation solution across multiple solar farms, including the Goulburn River Solar Farm in New South Wales.
The project will demonstrate automated, large-scale solar foundation installation, aiming to reduce construction time, labour, and project risks, while generating data and best practices to accelerate adoption of integrated tracker and foundation systems across the industry.
",$4.96m,$20.11m,"Nextracker Australia Pty Ltd","Advancing Renewables Program",01/07/2025,Goulburn,,Current
"NEM Wide Community Battery Program",https://arena.gov.au/projects/nem-wide-community-battery-program/,"Battery storage","The Recipient will deploy 16 behind-the-meter (BTM) community batteries with a minimum aggregate capacity of 5.9 MW / 12.8 MWh, across regional and metro areas in New South Wales and Victoria
",$6.82m,$13.67m,"Next Green Group Pty Ltd","Advancing Renewables Program",13/06/2025,"New South Wales, Victoria","Cleantech Energy Solutions Pty LtdMicrogrid Power Pty Ltd PtyNext Business Energy Pty Ltd ",Current
"Interoperability Steering Committee and CSIP-AUS Testing and Certification Development Study",https://arena.gov.au/projects/interoperability-steering-committee-and-csip-aus-testing-and-certification-development-study/,"Distributed energy resources","The Project will update and implement the DER interoperability standard, Common Smart Inverter Profile – Australia (CSIP-AUS), and create a CSIP-AUS reference implementation and test harness for national harmonisation.
",$1.34m,$2.72m,"Australian National University (ANU)","Advancing Renewables Program",06/06/2025,"Acton, Australian Capital Territory","Energy Networks Australia (ENA)   SA Power Networks (SAPN)    Clean Energy Council (CEC)    Australian Energy Market Operator (AEMO)    Australian Energy Regulator (AER)    Australian Energy Market Commission (AEMC)    Australian Energy Council (AEC)    Department of Climate Change, Energy, Environment and Water (DCCEEW)    Standards Australia Limited (SA) ",Current
"SA DEM Remote Area Energy Supply Project",https://arena.gov.au/projects/sa-dem-remote-area-energy-supply-project/,"Distributed energy resources","Deploying renewable energy microgrids in remote South Australian First Nations communities to improve the reliability and sustainability of energy supplies.
",$13m,$27.65m,"South Australia Department for Energy & Mining","Regional Microgrids Program",13/05/2025,"Oak Valley, Pipalyatjara, South Australia, Yalata","Pipalyatjara Community Incorporated Aboriginal CorporationYalata Community Council IncOak Valley (Maralinga) Aboriginal Corporation ",Current
"Project NeoSmelt",https://arena.gov.au/projects/project-neosmelt/,"Renewables for industry","Feasibility study for the development of a pilot facility to test the direct reduced iron &#8211; electric smelting furnace (DRI-ESF) route for lower-carbon(1) emissions steelmaking(2).
",$19.82m,$48.85m,BlueScope,"Powering the Regions Industrial Transformation Stream",01/05/2025,"Kwinana, Western Australia","BHP Rio Tinto Woodside Mitsui Iron Ore Development",Current
"Energus - Australian Silicon Study",https://arena.gov.au/projects/energus-australian-silicon-study/,"Solar PV R&amp;D","Energus will establish a consortium to conduct a feasibility study for a polysilicon (Poly-Si) production facility of 10 – 40 GW in capacity that produces 50,000 tonnes of Poly-Si per annum.
",$1.4m,$2.81m,Energus,"Solar Sunshot",01/05/2025,"Muswellbrook, New South Wales",,Current
"Luminous Robotics - Scale for a Solar Future, Deployment",https://arena.gov.au/projects/luminous-robotics-scale-for-a-solar-future-deployment/,"Large-scale solar","Luminous Robotics will pilot its proprietary LUMI autonomous, flexible robot for solar module installation at two utility-scale solar farm sites in NSW and VIC. The project aims to reduce solar photovoltaic (PV) levelised cost of energy (LCOE) by up to 6.2% and enhance installation efficiencies by 3.5 times compared to traditional manual installation methods, supporting ARENA’s 30-30-30 vision for Ultra Low Cost Solar.
",$4.62m,$9.25m,"Luminous Robotics","Advancing Renewables Program",01/05/2025,"Culcairn, Goorambat, Sydney","Equans Solar & Storage Australia Pty Ltd (Bouygues Group)  Neoen Australia Pty Ltd Engie Renewables Australia Pty  Ltd",Current
"Papulankutja Hybrid Energy Solution",https://arena.gov.au/projects/papulankutja-hybrid-energy-solution/,"Battery storage","The Blackstone power station rebuild will act as a pilot to test a scalable hybrid renewable energy solution to accommodate remote communities evolving power needs. 
",$3.68m,$12.8m,"Horizon Power","Regional Microgrids Program",30/04/2025,"Blackstone, Western Australia","Ngaanyatjarra Essential ServicesNgaanyatjarra Council ",Current
"Ekistica - Homeland Energy Service Delivery Model Project",https://arena.gov.au/projects/ekistica-homeland-energy-service-delivery-model-project/,"Battery storage","Development of a collaborative and coordinated least-cost, highest value model for energy service delivery in First Nations homeland communities.  
",$1.4m,$1.8m,"Ekistica ","Regional Microgrids Program",07/04/2025,"Alice Springs, Northern Territory","Northern Territory Government of Australia  National Indigenous Australians Agency  Northern Land Council  Central Land Council  ",Current
"Solquartz - Townsville Green Polysilicon Feasibility Study",https://arena.gov.au/projects/solquartz-townsville-green-polysilicon-feasibility-study/,"Solar PV R&amp;D","Solquartz will undertake a Feasibility Study for a 100,000 tpa polysilicon production facility close to Townsville, Queensland. The Facility would purify metallurgical silicon (mg-Si) into solar grade polysilicon (poly-Si), and the Project will consider the ‘Siemens process’ as the base case technology choice.
",$5m,$10m,"Solquartz Pty Ltd ","Solar Sunshot",01/04/2025,"Calcium, Queensland",,Current
"Stellar PV - Project Clean Wafers - Feasibility Study",https://arena.gov.au/projects/stellar-pv-project-clean-wafers-feasibility-study/,"Solar PV R&amp;D","Stellar PV will undertake a Feasibility Study for a 2 GW silicon ingot pulling and wafering facility close to Townsville, Queensland. The Facility would use procured polysilicon to produce silicon ingots using the Czochralski method and then convert the ingots to silicon wafers.
",$4.7m,$8.1m,"Stellar PV ",,01/04/2025,Townsville,,Current
"UQ Control Design for Hybrid Renewables Study",https://arena.gov.au/projects/uq-control-design-for-hybrid-renewables-study/,"Hybrid technologies","The University of Queensland will develop an expanded hardware testing platform to improve the design, commissioning, and operations of Hybrid Renewable Power Plants (HRPPs).
",$877k,$1.99m,"The University of Queensland","Advancing Renewables Program",21/03/2025,"Queensland, St Lucia","EPEC Group Pty LtdQueensland Electricity Transmission Corporation Ltd (Powerlink)Australian Energy Market Operator LtdSMA Australia Pty Ltd ",Current
"Delorean - SA1 Biomethane Upgrading Project",https://arena.gov.au/projects/delorean-sa1-biomethane-upgrading-project/,"Bioenergy / Energy from waste","The SA1 Biomethane Upgrading Project will process commercial &amp; industrial (C&amp;I) food waste into biomethane for injection into the gas network and biogenic CO2 for commercial use. 
",$6.08m,$32.83m,"Delorean Corporation Ltd","National Industrial Transformation Program",01/03/2025,,"Delorean Energy SA One Pty Ltd   Biogass Renewables Pty Ltd    Australian Gas Networks Limited    Tanarra Restructuring Partners Pty Ltd ",Current
"BluVein Electric Heavy Haulage Project",https://arena.gov.au/projects/bluvein-electric-heavy-haulage-project/,"Electric vehicles","The project will trial a rail and hammer dynamic charging mechanism for heavy haulage mining BEVs.
",$9.06m,$18.11m,"Bluvein Pty Ltd","Powering the Regions Industrial Transformation Stream",01/03/2025,"Luscombe, Queensland","Canada Mining Innovation Council Heidelberg Materials Australia Group JTMEC  Northern Star Resources  OLITEK  South32",Current
"EVX - ChargeKonnect Kerbside EV Charging Project",https://arena.gov.au/projects/evx-chargekonnect-kerbside-ev-charging-project/,"Electric vehicles","EVX Australia Pty Ltd (EVX) will accelerate the development, manufacturing, and installation of 250 public battery electric vehicle (BEV) dual-port charging units mounted on kerbside poles (pole-chargers), as well as coordinate real-time reporting and flexible tariff structures with 5 Distributed Network Service Providers (DNSPs), and a Retail Service Provider. The pole-chargers will be deployed across various local government areas (LGAs) in NSW, VIC, and SA.
",$2.43m,$5.05m,"EVX Australia Pty Ltd","Driving the Nation Program",01/02/2025,,"Wevolt Pty Ltd University of Technology Sydney Institute for Sustainable Futures (UTS ISF)  Ausgrid Essential Energy Endeavour Energy SA Power Networks CitiPower Pty Ltd Powercor Australia Ltd United Energy Distribution Ausnet Flow Power  The Bright Group Pty Ltd",Current
"Project Jupiter",https://arena.gov.au/projects/project-jupiter/,"Distributed energy resources","Project Jupiter is accelerating the integration of distributed energy resources (DER) – including rooftop solar, and customer and community batteries – at scale into Western Australia’s main energy system, the South West Interconnected System (SWIS), enabling households and businesses to participate in virtual power plants (VPPs) and the energy transition.
",$20.8m,$108.34m,"Electricity Networks Corporation (Western Power) ","Advancing Renewables Program",01/02/2025,Perth,"SynergyAustralian Energy Market Operator (AEMO)WA Department of Energy and Economic Diversification (DEED)",Current
"Viva Energy SAF Infrastructure Solutions for the Future",https://arena.gov.au/projects/viva-energy-saf-infrastructure-solutions-for-the-future/,"Bioenergy / Energy from waste","Viva Energy will recondition an existing fuel tank and associated distribution infrastructure at their Pinkenba terminal to supply sustainable aviation fuel (SAF) to Brisbane Airport; and develop a book and claim system enabling customers to claim the environmental benefits of SAF without necessarily purchasing the physical fuel.
",$2.39m,$4.94m,"Viva Energy Australia","Advancing Renewables Program",01/02/2025,"Pinkenba, Queensland","Brisbane Airport CorporationVirgin Australia",Current
"RELA Land Assessment Tool Project",https://arena.gov.au/projects/rela-land-assessment-tool-project/,"Solar energy","RELA will develop and rollout a software solution that provides assessments of the renewable energy potential of land through an online portal.
",$500k,$1.2m,"RELA Australia Pty Ltd","Advancing Renewables Program",01/02/2025,"Mudgee, New South Wales",,Current
"VSPC Advanced Cathode Powder Manufacturing Demonstration Project",https://arena.gov.au/projects/vspc-advanced-cathode-powder-manufacturing-demonstration-project/,"Battery storage","VSPC will commercialise its advanced cathode powder manufacturing process by constructing a 250 tonne per annum (tpa) demonstration facility.
",$30m,$60.01m,"VSPC Pty Ltd","Advancing Renewables Program",01/02/2025,Queensland,"Lycopodium Ltd",Current
"South32 Steam Electrification",https://arena.gov.au/projects/south32-steam-electrification/,"Renewables for industry","Prefeasibility study of options for partial steam electrification at Worsley Alumina refinery using electric boilers (E-Boiler) and mechanical vapour recompression (MVR). 
",$4.36m,$8.72m,"South32 Worsley Alumina Pty Ltd","Powering the Regions Industrial Transformation Stream",01/02/2025,"Allanson, Western Australia",,Current
"Thomas Foods Murray Bridge Carbon Neutral Processing Facility Study",https://arena.gov.au/projects/thomas-foods-murray-bridge-carbon-neutral-processing-facility-study/,"Renewables for industry","The Recipient will undertake a Study to investigate the suitability of an integrated renewable energy, wastewater and waste management solution at the Murray Bridge beef and future lamb processing facility at Pallamana, South Australia.
",$401k,$802k,"Thomas Foods International Murray Bridge Pty Ltd (ABN 34 085 672 457) (TFI)  ","Industrial Energy Transformation Studies (IETS) Program",01/02/2025,"South Australia","Veolia Recycling and Recovery Pty Ltd",Past
"emPowering SA",https://arena.gov.au/projects/empowering-sa/,"Battery storage","The South Australian Department for Energy and Mining (DEM) is deploying community batteries across South Australia to lower energy prices for more than 10,000 low-income households.
",$10.87m,$27.95m,"South Australian Department for Energy and Mining","Community Batteries Funding Round 1",01/02/2025,"South Australia",,Current
"Licella - Project Swift - SAF from Sugarcane Residues Feasibility Study",https://arena.gov.au/projects/licella-project-swift-saf-from-sugarcane-residues-feasibility-study/,"Bioenergy / Energy from waste","Licella will complete Pre&#8211;Front End Engineering Design (Pre-FEED) and FEED studies to assess the viability of establishing a biorefinery facility utilising its patented Cat-HTR™ (Catalytic Hydrothermal Reactor) hydrothermal liquefaction (HTL) technology to convert sugar mill residues to low carbon liquid fuels (LCLF), including sustainable aviation fuel (SAF). 
",$8m,$26.12m,"Licella Holdings Limited","Advancing Renewables Program",01/02/2025,"Bundaberg, Queensland","Isis Central Sugar Mill Co LtdShell Global Solutions International B.V.  ",Current
"Fulcrum3D - Demonstrating the Next Generation of Remote Sensing",https://arena.gov.au/projects/fulcrum3d-demonstrating-the-next-generation-of-remote-sensing/,"Wind energy","Fulcrum3D is demonstrating the ‘Fulcrum3D RAS’ – the next generation of remote sensing. This project includes validation of the RAS against a state-of-the-art 200-metre wind monitoring mast. The mast will subsequently be available to the renewable energy and environmental science communities as a ‘National Remote Sensing Validation Facility’.
",$937k,$1.87m,"Fulcrum 3D ","Advancing Renewables Program",28/01/2025,"Artarmon, New South Wales",,Current
"Horizon Power Regional WA Community Battery Deployment Project",https://arena.gov.au/projects/horizon-power-regional-wa-community-battery-deployment-project/,"Battery storage","The Project is deploying 10 front-of-the-meter batteries with a combined capacity of 1MW/2.5MWh across the large geographical footprint of Western Australia in Esperance, Exmouth, and Carnarvon.
",$3.95m,$10.25m,"Horizon Power","Community Batteries Funding Round 1",01/01/2025,"Western Australia",,Current
"Western Power, Community Battery",https://arena.gov.au/projects/western-power-community-battery/,"Battery storage","The Recipient will deploy 18 community batteries in Western Australia throughout the South West Interconnected System including 13 low-voltage and 5 medium-voltage batteries connected to the distribution network.
",$9.34m,$19.95m,"Electricity Networks Corporation","Advancing Renewables Program",24/12/2024,"Western Australia","Electricity Generation and Retail Corporation (Synergy)",Current
"Endeavour Energy Network Area Community Battery Deployment",https://arena.gov.au/projects/endeavour-energy-network-area-community-battery-deployment/,"Battery storage","The Project will deploy 32 front-of-the-meter community batteries across the Endeavour Energy distribution network, with a minimum capacity of 3.4MW/8MWh.
",$6.72m,$14.65m,"Endeavour Energy","Community Batteries Funding Round 1",24/12/2024,"New South Wales","EnergyAustralia Pty Ltd",Current
"Mondo Power, Melbourne Electrified Freight Hub",https://arena.gov.au/projects/mondo-power-melbourne-electrified-freight-hub/,"Electric vehicles","Mondo will design, build and operate a greenfield charging hub (the Mondo Charging Hub &#8211; Laverton North) consisting of ultra-fast charging infrastructure, enabling the deployment of an initial 20 heavy battery electric trucks under charging services agreements with truck operators.
",$12.3m,$27.68m,"Mondo Power","Driving the Nation Program",19/12/2024,"Laverton North, Victoria",,Current
"Energy Queensland - Community Batteries Project",https://arena.gov.au/projects/energy-queensland-community-batteries-project/,"Battery storage","Energy Queensland will deploy 69 low voltage connected batteries at locations across Brisbane and regional south-east Queensland.
",$14.03m,$20.35m,"Energex Limited and Ergon Energy Corporation Limited, Energy Queensland Limited Companies ","Community Batteries Funding Round 1",01/12/2024,"Brisbane, Queensland",,Current
"Alinta ' Loy Yang B 'Stage 1' Synchronous Condenser Project",https://arena.gov.au/projects/alinta-loy-yang-b-stage-1-synchronous-condenser-project/,"System security and reliability","The Loy Yang B Synchronous Condenser project is a first of a kind project that aims to repurpose LYB’s spare generator stator and rotor, and spare generator transformer to provide essential system services as the percentage of inverter-based resources increases and synchronous generation reduces in the NEM.
",$2.23m,$5.36m,"Alinta Energy Development Pty Ltd ","Advancing Renewables Program",01/12/2024,"Loy Yang, Traralgon, Victoria",,Current
"5B - Scaling Manufacturing and Accelerating Maverick Solution Development",https://arena.gov.au/projects/5b-scaling-manufacturing-and-accelerating-maverick-solution-development/,"Large-scale solar","5B aims to scale its Australian manufacturing capacity and accelerate automation of its pre-fabricated, rapidly deployed, energy dense Maverick solar technology.
",$46m,$67.93m,5B,"Solar Sunshot",01/12/2024,"Mascot, New South Wales",,Current
"Gelion Advanced Commercial Prototyping Centre",https://arena.gov.au/projects/gelion-advanced-commercial-prototyping-centre/,"Battery storage","Gelion will construct an Advanced Commercial Prototyping Centre (ACPC) to produce and test a new generation of lithium batteries with sulphur-cathodes and validate with partners.
",$4.81m,$9.62m,"Gelion Technologies Pty Ltd ","Advancing Renewables Program",01/12/2024,"Eveleigh, New South Wales",,Current
"Origin Energy - Backbone Charging Infrastructure Project",https://arena.gov.au/projects/origin-energy-backbone-charging-infrastructure-project/,"Electric vehicles","Origin is developing Australia’s first end-to-end building retrofit solution for backbone infrastructure, simplifying the process for customers living in apartment buildings, and unlocking BEV uptake across multiple states in Australia.
",$4.22m,$12.95m,"Origin Energy Electricity Limited (ABN 33 071 052 287) ","Advancing Renewables Program",08/11/2024,,"GreenFlux ",Current
"Toll Group - Project Truckvolt",https://arena.gov.au/projects/toll-group-project-truckvolt/,"Electric vehicles","Toll will deploy 28 Battery Electric Vehicle (BEV) trucks and enabling charging infrastructure across 10 distribution centres and customer sites nationwide.
",$9.02m,$34.92m,"Toll Transport Pty. Ltd.","Driving the Nation Program",04/11/2024,"New South Wales, Queensland, Western Australia","The Australian Industry Group RMIT Universit Woolworths Group Ltd CUB Pty Ltd Coca-Cola Europacific Partners Pty Ltd BlueScope Steel Ltd Origin Energy Ltd",Current
"Linfox - Heavy Truck Electrification Project",https://arena.gov.au/projects/linfox-heavy-truck-electrification-project/,"Electric vehicles","The Project will deploy 26 Volvo electric FM prime movers (44t GVM each), 25 chargers (from 60to 360kW) and enabling infrastructure at Linfox distribution centres in Laverton North (VIC), Adelaide Railhead (SA) and Willawong (QLD). The BEVs will service particular existing customers on primarily metropolitan and regional routes. 
",$19.63m,$50.18m,"Linfox Pty Ltd ","Driving the Nation Program",04/11/2024,"Adelaide Railhead, Laverton North, Willawong","Volvo Group Australia",Current
"Transport for NSW: Community Batteries Pilot Project",https://arena.gov.au/projects/transport-for-nsw-community-batteries-pilot-project/,"Battery storage","Installation of community batteries across 15 Transport sites, including commuter car parks, rail network support buildings, and electric bus depots.
",$8.32m,$17.51m,"Transport for NSW","Community Batteries Funding Round 1",01/11/2024,"New South Wales","Sydney TrainsTransport Asset Manager of NSW ",Current
"Graincorp - SAF Oilseed Crushing Facility Pre-Deployment Study",https://arena.gov.au/projects/graincorp-saf-oilseed-crushing-facility-pre-deployment-study/,"Bioenergy / Energy from waste","GrainCorp will undertake a Pre-Front End Engineering Design (Pre-FEED) and Front-End Engineer Design (FEED) study to establish a minimum 750ktpa oil seed crushing facility that would produce a minimum of 330ktpa of canola oil (Deployment Project) as a feedstock input to support downstream Sustainable Aviation Fuel (SAF) production.
",$6.06m,$19.77m,"GrainCorp Operations Ltd","Advancing Renewables Program",01/11/2024,"New South Wales, Sydney","Beca Pty Ltd",Current
"Ampol - Brisbane Renewable Fuels Pre-FEED Study",https://arena.gov.au/projects/ampol-brisbane-renewable-fuels-pre-feed-study/,"Bioenergy / Energy from waste","Ampol will conduct a pre-front end engineering design (Pre-FEED) study for the construction of a renewable fuels facility at the Lytton Refinery in Queensland that will have a minimum capacity of 450 ML per year, known as the Brisbane Renewable Fuels Project.
",$8m,$30.2m,"Ampol Australia Petroleum Pty Ltd ","Sustainable Aviation Fuel Funding Initiative",01/11/2024,"Lytton, Queensland",None,Past
"AnteoTech - Development of silicon anode lithium-ion battery technology&#8239;",https://arena.gov.au/projects/anteotech-development-of-silicon-anode-lithium-ion-battery-technology/,"Battery storage","AnteoTech will install electrode coating and testing equipment at its facility in Brisbane, to accelerate the commercialisation of its novel silicon anode technology. 
",$3.99m,$11.14m,"AnteoTech Ltd ","Advancing Renewables Program",29/10/2024,"Eight Mile Plains, Queensland",,Current
"UNSW - Project CICCADA - Consumer Energy Resources Integration, Compliance & Curtailment Assessment & Data Analysis",https://arena.gov.au/projects/unsw-project-ciccada-consumer-energy-resources-integration-compliance-and-curtailment-assessment-and-data-analysis/,"Distributed energy resources","UNSW will develop new and improved methodologies, tools and data guidelines to support the management of consumer energy resource (CER) integration challenges facing the National Electricity Market (NEM). The Project will focus on the compliance and curtailment behaviour of CER during normal operations and major power system disturbances, with consideration for new network configurations including dynamic operating envelopes (DOE) and emergency backstop mechanisms (EBM). The core goal of the Project is to explore a wide range of datasets, develop new algorithms and effective open-source tools, and create new knowledge to increase visibility and understanding of CER behaviour and impact on consumer value.
",$1.72m,$4.37m,"UNSW ","Advancing Renewables Program",29/10/2024,"Kensington, New South Wales","Australian Energy Market Operator (AEMO) Solar Analytics Pty Ltd  Energex  Ergon Energy ",Current
"Orkestra - Unlocking EV Charger Deployment",https://arena.gov.au/projects/orkestra-unlocking-ev-charger-deployment/,"Electric vehicles","Orkestra will develop and rollout battery electric vehicle (BEV) charger feasibility modelling software across three new EV-specific software modules, which Orkestra will incorporate into its existing feasibility software platform. The three new software modules will allow users to track charger financial performance, conduct feasibility analysis and optimise financial performance over time (the Project). The Project will provide tools for businesses to improve the financial performance of BEV chargers, which will in turn accelerate the rollout of cost-effective chargers and support the uptake and integration of BEVs into the grid.
",$2.77m,$5.54m,"Orkestra Technologies Pty Ltd","Driving the Nation Program",25/10/2024,Kensington,"Royal Automotive Club of Victoria (RACV)  AGL Energy Limited  EnergyAustralia Home Services Pty Ltd  CBRE Valuations Pty Lrd  Royal Automobile Association of South Australia (RAA) Inc",Current
"Hydro Tasmania Community Batteries Project",https://arena.gov.au/projects/hydro-tasmania-community-batteries-project/,"Battery storage","This project will deploy 39 behind-the-meter batteries across mainland Australia, which will be operated and optimised by Hydro Tasmania’s cutting edge Virtual Power Plant (VPP) platform.
",$11.37m,$32.5m,"Hydro Tasmania    ","Community Batteries Funding Round 1",02/10/2024,"Hobart, New South Wales, Queensland, South Australia, Tasmania, Victoria","University of Wollongong  Savant Energy Power Networks  LaSalle Investment Management  Energy Decarb Farming the Sky Collingwood Football Club Brisbane Lions Football Club Cricket Victoria RMGE Investments  Tweed Heads Bowls Club",Current
"TasNetworks - Community Battery Development",https://arena.gov.au/projects/tasnetworks-community-battery-development/,"Battery storage","The Project is deploying 6 front-of-the-meter batteries in the Tasmanian distribution network, ranging in size from 150kW to 250kW and will improve solar hosting capacity, provide peak demand management, and participate in the energy market.
",$3.34m,$4.58m,TasNetworks,"Community Batteries Funding Round 1",01/10/2024,Tasmania,TBC,Current
"Jet Zero Australia - FEED Study for Project Ulysses ATJ SAF Plant",https://arena.gov.au/projects/jet-zero-australia-feed-study-for-project-ulysses/,"Bioenergy / Energy from waste","The project involves completion of a Front-End Engineering Design (FEED) study for a commercial scale alcohol-to-jet (ATJ) low carbon liquid fuels production (LCLF) facility in Townsville, Queensland (Project Ulysses).
",$9m,$36.81m,"Ulysses Bioenergy Pty Ltd ","Sustainable Aviation Fuel Funding Initiative",01/09/2024,"Queensland, Townsville","Long Energy and Resources, LanzaJet, Technip Energies",Past
"Shell Energy - Community Hubs Project",https://arena.gov.au/projects/shell-energy-community-hubs-project/,"Battery storage","Shell Energy will deploy 10 behind-the-meter community batteries across various sites in NSW.
",$7.64m,$20.12m,"Shell Energy Retail Pty Ltd  ","Community Batteries Funding Round 1",01/09/2024,"New South Wales",,Current
"SA Power Networks EV Charging & Resilience Community Batteries",https://arena.gov.au/projects/sa-power-networks-ev-charging-resilience-community-batteries/,"Battery storage","The Recipient will deploy eight front-of-meter Community Batteries at network constrained regional locations within the SA Power Networks (SAPN) distribution network.
",$5.42m,$10.8m,"SA Power Networks","Community Batteries Funding Round 1",01/09/2024,"South Australia",None,Current
"GemLife Sustainable Community Battery Project",https://arena.gov.au/projects/gemlife-sustainable-community-battery-project/,"Battery storage","The Project is deploying 10 behind-the-meter batteries at a mix of 8 existing and greenfield over-50s communities across regional Queensland, NSW and Victoria.
",$4m,$13.58m,GemLife,"Community Batteries Funding Round 1",23/08/2024,"New South Wales, Queensland, Victoria","Prospecta UtilitiesEvo PowerHydro Tas",Current
"Brighte - Electrify 2515 Community Pilot",https://arena.gov.au/projects/electrify-2515-brighte-research-testbed-of-community-electrification-at-scale/,"Demand response","A testbed of community electrification at scale: Brighte, Rewiring Australia, and Endeavour Energy will aim to demonstrate the technical and economic feasibility of household electrification in a pilot project that will bring forward the electrification of 500 households, understanding network impacts and monitoring energy use across a concentrated network area centered on the 2515 postcode in Northern Illawarra, NSW. 
",$5.58m,$12.45m,"Brighte ","Advancing Renewables Program",15/08/2024,"Illawarra, New South Wales","Rewiring Australia  Endeavour Energy ",Current
"Wyndham City Council ' Local Council BEV Integration Project",https://arena.gov.au/projects/wyndham-city-council-local-council-bev-integration-project/,"Electric vehicles","Wyndham City Council is collaborating with Moonee Valley City Council, Brimbank City Council and the Western Alliance for Greenhouse Action (WAGA) to deliver this Fleet Transition Project. The Councils will procure, install, and operate a total of 55x AC charging ports and 1x mobile DC charger. All chargers on the Project will have Smart Charging Capability.
",$2.22m,$8.77m,"Wyndham City Council","Driving the Nation Program",02/08/2024,Victoria,"Brimbank City Council Moonee Valley City Council Western Alliance for Greenhouse Action (WAGA) auspiced by Brimbank City Council",Current
"Zenob&#275; - EV Delivery Truck Charging Facility",https://arena.gov.au/projects/zenobe-ev-delivery-truck-charging-facility/,"Electric vehicles","Zenobē will develop a Sydney-based greenfield battery electric vehicle (BEV) ‘off-site’ charging facility and demonstrate the commercial viability its electric vehicle as a service (EVaaS) business model. 
",$8.5m,$18.98m,"Zenobē Australia Pty Ltd ","Driving the Nation Program",19/07/2024,"Alexandria, New South Wales","Woolworths Group Limited ",Current
"Mars Petcare - Solar Thermal Plant",https://arena.gov.au/projects/mars-petcare-solar-thermal-plant/,"Concentrated solar thermal","On-site deployment at Mars Petcare Wodonga’s factory of an 18 MW parabolic trough concentrated solar thermal (CST) plant, which uses mirrors to concentrate sunlight to produce thermal energy, which is then stored as pressurised stream.  
",$17.2m,$39.3m,"Mars Australia Pty Ltd ","Advancing Renewables Program",03/06/2024,"Victoria, Wodonga",,Current
"PV Lighthouse - Accurate and Precise Solar Yield Modelling with SunSolve",https://arena.gov.au/projects/pv-lighthouse-accurate-and-precise-solar-yield-modelling-with-sunsolve/,"Solar energy","PV Lighthouse will expand its SunSolve modelling platform to increase the accuracy and precision of solar yield forecasts.
",$1.97m,$3.96m,"PV Lighthouse Pty. Ltd.","Advancing Renewables Program",01/06/2024,"Coledale, New South Wales",,Current
"AEMO ' CER Data Exchange Industry Co-Design",https://arena.gov.au/projects/aemo-cer-data-exchange-industry-co-design/,"Distributed energy resources","In partnership with AusNet Services, the Australian Energy Market Operator (AEMO) conducted a collaborative co-design process with industry for the first stage of the development of a national consumer energy resources data exchange (CER Data Exchange). The CER Data Exchange is a key enabler to a customer-centric, flexible and dynamic, and data-enabled electricity system. It is a crucial next step in CER Integration for the energy transition and the digital foundation for enabling exchange of CER data between organisations at scale.
",$1.22m,$2.46m,"Australian Energy Market Operator Limited (AEMO) ","Advancing Renewables Program",01/05/2024,"Melbourne, Victoria","Ausnet Electricity Services Pty Ltd (Ausnet) ",Past
"Quantem - Energy Efficiency and Electrification Feasibility Study",https://arena.gov.au/projects/quantem-energy-efficiency-and-electrification-feasibility-study/,"Renewables for industry","Feasibility study into energy efficiency and electrification projects at bulk liquid storage terminals in Queensland, Victoria and NSW. 
",$245k,$499k,"Terminals Pty Ltd. (ABN 87 000 348 407) trading as Quantem","Industrial Energy Transformation Studies (IETS) Program",01/05/2024,"New South Wales, Queensland, Victoria","The Trustee for Shell Energy Engineering Unit Trust  ",Past
"Barwon Region Water - Green Oxygen for Wastewater Treatment",https://arena.gov.au/projects/barwon-region-water-green-oxygen-for-wastewater-treatment-2/,"Hydrogen energy","Barwon Regional Water Corporation (BRWC) will design and trial the utilisation of oxygen (a byproduct of electrolysis) at its wastewater treatment plant (WWTP), the Northern Water Plant (NWP) sourced from Viva Energy’s 2.5 MW Nel electrolyser.
",$3m,$5.33m,"Barwon Region Water Corporation ","Advancing Renewables Program",01/05/2024,"Geelong, Victoria","Viva Energy Australia Pty LtdRoyal Melbourne Institute of Technology (RMIT)Intelligent Water Networks",Current
"SA Power Networks - Electrification and Demand Flexibility",https://arena.gov.au/projects/sa-power-networks-electrification-and-demand-flexibility/,"Demand response","The project will recruit a minimum of 500 households in South Australia to demonstrate the customer and industry benefits of demand flexibility and smart electric homes and identify levers to support their deployment at scale. 
",$6.22m,$13.83m,"SA Power Networks ","Advancing Renewables Program",19/04/2024,"South Australia","Government of South Australia, Department for Energy and Mining   RACE for 2030    Clipsal Cortex    MAC Trade Services    Amber Electric    EnergyAustralia    Plenti ",Current
"Amber - Automating EV Charging in line with Wholesale Pricing",https://arena.gov.au/projects/amber-automating-ev-charging-in-line-with-wholesale-pricing/,"Electric vehicles","​​Amber will develop a software solution to facilitate battery electric vehicle (BEV) smart charging and vehicle-to-grid (V2G) bi-directional charging in line with wholesale energy prices, unlocking more value for BEVs owners while accelerating the renewable energy transition.​
",$3.2m,$8.48m,"Amber Electric Pty Ltd ","Driving the Nation Program",01/04/2024,National,"enX Pty Ltd ",Current
"Australian Robotic Piling Deployment for Large Scale Solar&#8239;",https://arena.gov.au/projects/australian-robotic-piling-deployment-for-large-scale-solar/,"Large-scale solar","The Project is to pilot a first generation (Gen 1), and later, second generation (Gen 2) robot in Australia to automate the pile driving process associated with construction​ of​ large-scale solar farms.
",$1.3m,$2.66m,"Built Robotics Australia Pty Ltd","Advancing Renewables Program",01/04/2024,"Alberton, Pinkenba, Queensland",,Current
"Accelerating the commercialisation of the direct solar-to-hydrogen technology",https://arena.gov.au/projects/accelerating-the-commercialisation-of-the-direct-solar-to-hydrogen-technology/,"Hydrogen energy","The project aims to create a pathway to lower the cost of green hydrogen through the development and commercialisation of the direct solar-to-hydrogen technology.
",$2.25m,$7.52m,"Australian National University","Hydrogen Research and Development Funding Round",31/03/2024,"Australian Capital Territory","Fraunhofer Institute for Manufacturing Technology and Advanced Materials (Fraunhofer IFAM), CQSola Pty Ltd (CQSola), Lawrence Berkeley National Laboratory (LBNL), Fabrum Solutions Limited ",Current
"Advanced manufacturing alkaline electrolyser cell-stacks for green hydrogen",https://arena.gov.au/projects/advanced-manufacturing-alkaline-electrolyser-cell-stacks-for-affordable-and-scalable-green-hydrogen-production-project/,"Hydrogen energy","Through the project, the University of Sydney aims to decrease the cost and improve the scalability and efficiency of alkaline electrolysis.
",$2.24m,$5.88m,"The University of Sydney","Hydrogen Research and Development Funding Round",31/03/2024,"New South Wales","University of South Australia (UniSA), Swinburne University of Technology (Swinburne UoT), Monash University, entX Global Pty Ltd (entX), Hysata Pty Ltd (Hysata)",Current
"Mega-scale liquid H2 storage with super-insulated full-containment & zero-boil-off",https://arena.gov.au/projects/mega-scale-liquid-h2-storage-with-super-insulated-full-containment-and-zero-boil-off/,"Hydrogen energy","The Project will develop mega-scale liquid hydrogen storage systems integrated with zero-boil off and full-containment safety features and cryogenic capabilities.
",$3.08m,$6.56m,RMIT,"Hydrogen Research and Development Funding Round",31/03/2024,Victoria,"GenH2 Discover Hydrogen, Energy Evolution LLC, Omni Tanker Pty Ltd, Eta Space LLC, Rotork Australia Pty Ltd, University of Melbourne",Current
"Multiphase electrolysers for renewable ammonia production",https://arena.gov.au/projects/multiphase-electrolysers-for-renewable-ammonia-production/,"Hydrogen energy","Through a hybrid advanced oxidation and electrolyser process, UNSW aims to directly convert air and water into ammonia, and also transform waste NOx into ammonia.
",$1.87m,$7.18m,"University of New South Wales","Hydrogen Research and Development Funding Round",31/03/2024,"New South Wales","ARUP Pty Limited, Deloitte Touche Tohmatsu, Plasma Leap Technologies Pty Ltd, Clarke Energy (Australia) Pty Ltd, IP2IPO Australia Pty Ltd, Fraunhofer IST (International)",Current
"Solar-energy-driven modular floatable device for scalable green hydrogen production",https://arena.gov.au/projects/solar-energy-driven-modular-floatable-device-for-scalable-green-hydrogen-production-from-wastewater/,"Hydrogen energy","Royal Melbourne Institute of Technology will develop floating catalytic membrane devices that produce green hydrogen from solar energy and wastewater.
",$2m,$5.85m,"Royal Melbourne Institute of Technology (RMIT)","Hydrogen Research and Development Funding Round",31/03/2024,Victoria,"University of Technology Sydney, University of New South Wales, Clayton Hydrogen Technology Cluster Ltd, Beyond H2 Pty Ltd, Advanced Carbon Engineering Pty Ltd, South East Water Corporation",Current
"Hydrogen storage with ground-source energy utilisation",https://arena.gov.au/projects/hydrogen-storage-with-ground-source-energy-utilisation/,"Hydrogen energy","The project seeks to develop and commercialise a clathrate hydrate-based hydrogen storage (CHHS) system.
",$1.37m,$5.51m,"Australian National University","Hydrogen Research and Development Funding Round",31/03/2024,"Australian Capital Territory","Ardent Underground Pty Ltd (Ardent), Dimer Technologies Pty Ltd (Dimer), Stiebel Electron (Aust) Pty Ltd (Stiebel Eltron), University of Exeter, University of Bristol, Nanjing Normal University",Current
"Hydrogen export using a powder project",https://arena.gov.au/projects/hydrogen-export-using-a-powder-project/,"Hydrogen energy","Unlock hydrogen exports by transporting hydrogen in a stable powder form via a powder sodium borohydride (NaBH4), a hydrogen storage material which liberates hydrogen when exposed to water, creating a by-product, sodium borate (NaBO2).
",$5m,$16.47m,"Curtin University","Hydrogen Research and Development Funding Round",31/03/2024,"Western Australia","Velox Energy Materials",Current
"Cavendish - Efficient Scalable and Modular Ammonia to Hydrogen/Electricity Conversion System",https://arena.gov.au/projects/efficient-scalable-and-modular-ammonia-to-hydrogen-electricity-conversion-system-development-and-demonstration/,"Hydrogen energy","Developing efficient ammonia to electricity conversion system for sustainable energy generation, transport and storage.
",$1.63m,$3.98m,"Cavendish Renewable Technology Pty Ltd","Hydrogen Research and Development Funding Round",31/03/2024,Victoria,"Australian National University, Royal Melbourne Institute of Technology, Northwest University (USA), Emerson Australia Pty Ltd",Current
"High temperature, ultra-high efficiency capillary-fed electrolysis project",https://arena.gov.au/projects/high-temperature-ultra-high-efficiency-capillary-fed-electrolysis-project/,"Hydrogen energy","Hysata will develop and commercialise a fast-wicking, porous, inter-electrode separator for its capillary-fed electrolyser (CFE) which will enable operation at elevated temperatures, increasing hydrogen production output while maintaining high efficiency.
",$2.97m,$5.94m,"Hysata Pty Ltd","Hydrogen Research and Development Funding Round",31/03/2024,"New South Wales","The University of Wollongong (UoW), Deakin University, Colorado School of Mines, Insumos Tecnicos Industriales",Current
"Scale up & demonstration of next-generation CSIRO axial flow electrolyser",https://arena.gov.au/projects/scale-up-and-demonstration-of-next-generation-csiro-axial-flow-electrolyser-for-green-hydrogen-production/,"Hydrogen energy","Fortescue aims to develop and scale the CSIRO patented axial flow electrolyser, targeting low cost, reduced energy consumption and potentially higher pressures relative to current commercially available alkaline electrolyser technologies.
",$4.94m,$14.32m,"MIH2 Pty Ltd","Hydrogen Research and Development Funding Round",31/03/2024,Victoria,"Commonwealth Scientific and Industrial Research Organisation (CSIRO), Australian Fortescue Future Industries (AFFI)",Current
"Lowering the cost of proton exchange water electrolysis systems",https://arena.gov.au/projects/lowering-the-cost-of-proton-exchange-water-electrolysis-systems/,"Hydrogen energy","The Project will develop noble-metal-free catalysts, in addition to high-conductivity membranes and porous transport layers for reduced cost pure water and saline/seawater hydrogen production using proton exchange membrane electrolysers.
",$2.29m,$7.21m,"Monash University","Hydrogen Research and Development Funding Round",31/03/2024,Victoria,"The University of Sydney, Commonwealth Scientific and Industrial Research Organisation (CSIRO), Woodside Energy Ltd, Ixom Operations Pty Ltd, Endua Pty Ltd",Current
"Future Energy Exports - development & demonstration of hydrogen liquefaction",https://arena.gov.au/projects/future-energy-exports-development-and-demonstration-of-safe-efficient-hydrogen-liquefaction-through-optimised-refrigerants-and-plant-design/,"Hydrogen energy","This project targets the development of cost-effective, safe hydrogen liquefaction for domestic and global supply chains.
",$2.1m,$6.34m,"Future Energy Exports CRC Limited","Hydrogen Research and Development Funding Round",31/03/2024,"Western Australia","The University of Melbourne, The University of Western Australia",Current
"Edify - Green Hydrogen Project",https://arena.gov.au/projects/edify-green-hydrogen-project/,"Hydrogen energy","Edify Green Hydrogen Project (EGH2) (the Project). EGH2 will be a 17.6 MW demonstration green hydrogen production facility with integrated 21MW solar PV renewable energy generation and a 6MW battery energy storage system (BESS) within the Lansdown Eco-Industrial Precinct (LEIP), approx. 40km south of Townsville.
",$1.27m,$2.61m,"Edify Energy, Siemens Energy Global GmbH","German-Australian Hydrogen Innovation and Technology Incubator (HyGATE)",26/03/2024,Woodstock,,Past
"CSIRO - low temperature agglomeration process for Australian iron ores",https://arena.gov.au/projects/csiro-low-temperature-agglomeration-process-for-australian-iron-ores/,"Renewables for industry","CSIRO will accelerate development of a novel iron ore agglomeration method designed to operate at lower temperature while maintaining the desired physical and metallurgical agglomerate properties. The technology is known as the Lime Magnetite Pellet (LMP) process. 
",$2.63m,$5.27m,"Commonwealth Scientific and Industrial Research Organisation (CSIRO) ","Iron and Steel Research and Development Funding Round",01/03/2024,"Clayton, Hawthorn, Victoria","Grange ResourcesRoy HillSwinburne University of Technology ",Current
"Macquarie University - upcycling of steelmaking slag for material reuse project",https://arena.gov.au/projects/macquarie-university-upcycling-of-steelmaking-slag-for-material-reuse-project/,"Renewables for industry","Macquarie University aims to develop a technology for separating high value components from steelmaking furnace slag for reuse.   
",$1.5m,$7.17m,"Macquarie University ","Iron and Steel Research and Development Funding Round",01/03/2024,"New South Wales, North Ryde","The University of QueenslandHamersley Iron ",Current
"Fortescue - low temperature direct electrochemical reduction for zero emissions iron",https://arena.gov.au/projects/fortescue-low-temperature-direct-electrochemical-reduction-for-zero-emissions-iron-project/,"Renewables for industry","Fortescue intends to develop a low-temperature direct electrochemical reduction (DER) technology to reduce iron ore into iron metal. The technology is a solid-state slurry electrolyser with an alkaline electrolyte designed to use intermittent renewable energy. Fortescue is partnering with Deakin University and Curtin University to deliver the project. 
",$5m,$42.57m,MIH2,"Iron and Steel Research and Development Funding Round",01/03/2024,"Balcatta, Western Australia","Deakin UniversityCurtin University ",Past
"UNSW - blast furnace innovations: sustainable, low-carbon ironmaking project",https://arena.gov.au/projects/unsw-blast-furnace-innovations-sustainable/,"Renewables for industry","The Shen Lab of the University of New South Wales will lead the project to develop an innovative and highly-viable Renewable Injections-Sustainable Burdens (RISB) process for near-term-achievable blast furnace ironmaking decarbonisation. 
",$4.4m,$18.07m,"University of New South Wales ","Iron and Steel Research and Development Funding Round",01/03/2024,"Kensington, New South Wales","Rio Tinto Bluescope Steel (AIS) The University of Newcastle  The University of Queensland  University of Technology Sydney  Cleantech Energy Australia   JCED Australia   Australian Coal Research  ArcelorMittal France  Baowu Steel, China  Sinosteel, China  Northeastern University, China ",Current
"HILT CRC - upgrading iron ore for DRI production using seawater",https://arena.gov.au/projects/hilt-crc-upgrading-iron-ore-for-dri-production-using-seawater/,"Renewables for industry","HILT CRC will lead the development of a scalable hydrometallurgical caustic leaching process to upgrade iron ore using the reagents derived from seawater reverse osmosis (RO) brines.  
",$1.43m,$5.72m,"HILT CRC  ","Iron and Steel Research and Development Funding Round",01/03/2024,"Adelaide, South Australia","Curtin University   Fortescue  Roy Hill  The University of Adelaide   Minerals Research Institute of Western Australia    BG&E Resources  Proxa Australia ",Current
"ANU ' De-risking large-scale Australian fine-ore hydrogen ironmaking",https://arena.gov.au/projects/anu-de-risking-large-scale-australian-fine-ore-hydrogen-ironmaking/,"Renewables for industry","This project seeks to de-risk key aspects of hydrogen direct reduced ironmaking as applied to Australian Pilbara ores via work on fluidised bed reactors and reactor kinetics, alternative ores, briquetting and a novel smelting process. 
",$4.82m,$13.69m,"Australian National University  (ANU)","Iron and Steel Research and Development Funding Round",01/03/2024,"Acton, Australian Capital Territory","Swinburne University of Technology The University of Newcastle  HILT CRC Limited   FMG Procurement Services Pty Ltd   Grange Resources (Tasmania) Pty Ltd   Roy Hill Holdings Pty Ltd   Primetals Technologies Austria GmbH  ",Current
"The University of Wollongong - Pilbara iron ores in an electric smelting furnace process",https://arena.gov.au/projects/the-university-of-wollongong-australian-pilbara-iron-ores-in-an-electric-smelting-furnace-process/,"Renewables for industry","Comparative investigation of metallurgical performances of direct-reduced Pilbara ore products in electric smelting furnaces using high&#8211;temperature experimental and computational modelling. 
",$2.03m,$4.24m,"The University of Wollongong ","Iron and Steel Research and Development Funding Round",01/03/2024,"New South Wales, Wollongong","BlueScope Steel",Current
"The University of Newcastle, electric smelting of hematite-goethite hydrogen DRI",https://arena.gov.au/projects/the-university-of-newcastle-electric-smelting-of-australian-hematite-goethite-hydrogen/,"Renewables for industry","The University of Newcastle project aims to further develop the hydrogen Direct Reduced Iron – Electric Smelting Furnace process route for production of low carbon iron from lower grade Australian iron ores. 
",$2.94m,$5.9m,"University of Newcastle ","Iron and Steel Research and Development Funding Round",01/03/2024,"Callaghan, New South Wales","BHP Innovation Pty Ltd (BHP)  RWTH Aachen University, Germany (RWTH Aachen)  Professor Johannes Schenk, Montan University Leoben, Austria ",Current
"Jupiter Ionics - capital cost reduction in electrochemical ammonia synthesis",https://arena.gov.au/projects/jupiter-ionics-capital-cost-reduction-in-electrochemical-ammonia-synthesis/,"Hydrogen energy","The project seeks to develop innovative technologies that can reduce the capital cost of electrochemical synthesis of green ammonia. 
",$2.55m,$6.47m,"Jupiter Ionics","Hydrogen Research and Development Funding Round",01/03/2024,"Clayton, Victoria","Monash University ",Current
"Birdwood Load Flexibility Report Card Platform",https://arena.gov.au/projects/birdwood-load-flexibility-report-card-platform/,"Demand response","Birdwood Business Energy Pty Ltd (Birdwood) partnered with the Australian National University (ANU), the Energy Efficiency Council (EEC) and delivery partners to deliver a Flexibility Report Card Platform (FRCP) that informs commercial and industrial (C&amp;I) businesses of potential flexible load opportunities within their sites (the Project).  
During the Project’s life, falling battery costs and new subsidies meant battery storage became the preferred pathway for SME flexibility, overtaking standalone flexible load assessment.as proposed through the FRCP. This led to Mutual Termination of the Project.
&nbsp;
",$943k,$2.58m,"Birdwood Business Energy Pty Ltd ","Advancing Renewables Program",01/03/2024,National,"Australian National UniversityEnergy Efficiency Council Inc ",Past
"United Energy, CitiPower and Powercor - Flexible Services Trial",https://arena.gov.au/projects/united-energy-citipower-and-powercor-flexible-services-trial/,"Demand response","United Energy will demonstrate how distribution network service providers (DNSPs) can use controlled hot water loads and solar inverters to manage minimum system demand through its Flexible Services Trial.
Flexible solar export will also be explored, in addition the investigation and identification of functional requirements of a Low Voltage Distributed Energy Resources Management System to help enrol and manage customer devices at scale.
",$3.54m,$8.09m,"United Energy Distribution Pty Ltd ","Advancing Renewables Program",01/03/2024,"Mount Waverly, Victoria","CKI Utilities Development Limited & Others trading as South    Australia Power Networks      CitiPower Pty Ltd       Powercor Australia Ltd       Quantum Market Research (Aust) Pty. Ltd. ",Current
"University of Wollongong - Australian Pilbara Iron Ores in an Electric Smelting Furnace Process",https://arena.gov.au/projects/university-of-wollongong-australian-pilbara-iron-ores-in-an-electric-smelting-furnace-process/,"Hydrogen energy","Comparative investigation of metallurgical performances of direct-reduced Pilbara ore products in electric smelting furnaces using high&#8211;temperature experimental and computational modelling. 
",$2.03m,$4.24m,"The University of Wollongong","Iron and Steel Research and Development Funding Round",01/03/2024,"New South Wales, Wollongong","BlueScope Steel (AIS) Pty Ltd ",Current
"AGL Energy - Liddell Large Scale Battery with advanced inverters; Deployment Project",https://arena.gov.au/projects/agl-liddell-large-scale-battery-with-advanced-inverters-deployment-project/,"Battery storage","The project involves the construction and operation of a 500 MW / 1000 MWh battery with advanced inverters at the retired Liddell Power Station in Muswellbrook, New South Wales.
",$35m,$694.68m,"AGL Energy Limited ","Advancing Renewables Program",01/03/2024,"New South Wales",None,Current
"CAPA Intelligence ' Cyber Risk Study",https://arena.gov.au/projects/capa-intelligence-cyber-risk-study/,"Distributed energy resources","A desktop study and operational pilot to identify, prioritise and help mitigate vulnerabilities of distributed energy resources (DER) with respect to cyber security.
",$1.11m,$2.85m,"CAPA Intelligence Pty Ltd ","Advancing Renewables Program",01/03/2024,"Collingwood, Victoria","Climate Tech AssemblyAustralian Energy Market Operator (AEMO)Department of Climate Change, Energy, the Environment and Water (DCCEEW)Australian National University",Past
"Ausgrid - Co-located Community Battery Program",https://arena.gov.au/projects/ausgrid-co-located-community-battery-program/,"Battery storage","The Project is deploying 46 front-of-the-meter community batteries on the Ausgrid network, comprising ground and pole-mounted batteries.
",$12.6m,$315m,Ausgrid,"Community Batteries Funding Round 1",01/03/2024,"New South Wales","Energy AustraliaOrigin",Current
"George Weston Foods - Feasibility Study into Onsite Thermal Systems",https://arena.gov.au/projects/george-weston-foods-feasibility-study-into-onsite-thermal-systems/,"Renewables for industry","George Weston Foods Limited (GWF) evaluated the feasibility of modernising the refrigeration infrastructure at GWF’s Don Smallgoods facility located in Castlemaine VIC, with the aim of incorporating heat recovery for use in hot water and other process heating uses. 
",$243k,$534k,"George Weston Foods Limited ","Industrial Energy Transformation Studies (IETS) Program",26/02/2024,"Castlemaine, Victoria",,Past
"Beston - energy efficiency and electrification",https://arena.gov.au/projects/beston-energy-efficiency-and-electrification/,"Renewables for industry","Beston Global Food Company planned a feasibility study into site wide energy efficiency and electrification technologies for decarbonising process heat at its dairy foods facility in Jervois, South Australia.
",$0k,$410k,"Beston Global Food Company Limited ","Industrial Energy Transformation Studies (IETS) Program",02/02/2024,"Jervois, South Australia","EfficientSee Pty Ltd (EfficientSee) Helmont Energy Pty Ltd. (Helmont)",Past
"Accelerating the Local Government Transition to BEVs in Western Australia",https://arena.gov.au/projects/accelerating-the-local-government-transition-to-bevs-in-western-australia/,"Electric vehicles","WALGA will coordinate the purchase and installation of 105 units of charging infrastructure on behalf of 22 Local Governments (LGs) in Western Australia, the Local Governments will purchase 129 light battery electric vehicles (BEVs). 
",$3.51m,$12.19m,"Western Australian Local Government Association (WALGA) ","Driving the Nation Program",01/02/2024,"Western Australia","The State of Western Australia and multiple local councils",Current
"Lochard Energy H2RESTORE Feasibility Study",https://arena.gov.au/projects/lochard-energy-h2restore-feasibility-study/,"Hydrogen energy","Lochard Energy are undertaking a feasibility study that will investigate the commercial and technical viability of storing renewable hydrogen underground in existing gas reservoirs in Southwest Victoria. 
",$2m,$6.27m,"Lochard Energy (Iona Operations) Pty Ltd ","Advancing Renewables Program",01/02/2024,"Melbourne, Victoria","Commonwealth Scientific and Industrial Research Organisation (CSIRO), Worley Services Pty Ltd (Worley), Schlumberger Australia Pty Ltd (SLB) ",Past
"Origin Energy Mortlake Power Station Battery",https://arena.gov.au/projects/origin-energy-mortlake-power-station-battery/,"Battery storage","Origin will construct a 300 MW / 650 MWh battery with advanced inverters at Mortlake Power Station in Mortlake, Victoria. 
",$24m,$417m,"Origin Energy Power Limited ","Advancing Renewables Program",01/02/2024,"Mortlake, Victoria",,Current
"GridWise - Dynamic Model Validation",https://arena.gov.au/projects/gridwise-dynamic-model-validation/,"Solar energy","The GridWise Dynamic Model Validation aimed to create a standardised, online assessment tool (DMV Tool) for grid connection applicants to pre-screen their technical submissions and project models prior to submission to AEMO and Network Service Providers (NSP).
",$337k,$800k,"GridWise Energy Solutions ","Advancing Renewables Program",01/02/2024,"Melbourne, Victoria","TransGridAusNet Services  Coleman Laboratories ",Past
"ANC - Last Mile Delivery EV",https://arena.gov.au/projects/anc-last-mile-delivery-ev/,"Electric vehicles","The Project will deploy and operate battery electric vehicles (BEVs) and the install chargers, as well as deliver targeted financial incentives, training to prospective Owner-Drivers, and the implementation and analysis of commercial revenue streams capable of reducing the total cost of ownership gap between Internal Combustion Engine (ICE) vehicles and BEVs. 
",$12.82m,$36.83m,"Fleets Flyers Pty Ltd (ANC)","Driving the Nation Program",01/02/2024,"Bella Vista, New South Wales","CarBon Leasing & Rentals Pty Ltd (CarBon)Origin Energy Electricity Limited (Origin Energy)Leggo Studio Pty Ltd (Spotlumos Technology)Atecco - LDV AustraliaJAC Motors ",Current
"Yolarno - Feasibility Study into Resource Recovery Facility",https://arena.gov.au/projects/yolarno-feasibility-study-into-resource-recovery-facility/,,"Undertake a study for a biomass processing plant for the management of wastewater sludge and organic solid waste. 
",$148k,$311k,"Yolarno Pty Ltd ","Industrial Energy Transformation Studies (IETS) Program",01/02/2024,"Inverell, New South Wales","Tessele Consultants Pty Ltd    Australian Meat Processor Corporation Ltd  ",Past
"Brown Family Wine Group - Electrification and Thermal Energy Feasibility Study",https://arena.gov.au/projects/brown-family-wine-group-electrification-and-thermal-energy-feasibility-study/,"Renewables for industry","Brown Family Wine Group has completed a feasibility study to identify low emission and energy efficient technologies that will help the company achieve its target of a 50% reduction in Scope 1 and Scope 2 emissions by 2030.
",$116k,$233k,"Brown Family Wine Group","Industrial Energy Transformation Studies (IETS) Program",01/02/2024,"Milawa, Victoria","Shell Energy Engineering Pty Ltd",Past
"Topco Investments - Ingleburn and Yatala Heat Energy Recovery Feasibility Study",https://arena.gov.au/projects/topco-investments-ingleburn-and-yatala-heat-energy-recovery-feasibility-study/,"Renewables for industry","Feasibility Study to develop engineering solutions and business case to recover heat from manufacturing processes and re-use. 
",$250k,$501k,"Topco Investments Australia Pty Ltd ","Industrial Energy Transformation Studies (IETS) Program",30/01/2024,National,"Harris Process Engineering Pty Ltd ",Past
"Rigid and Prime Mover Truck Electrification Project",https://arena.gov.au/projects/rigid-and-prime-mover-truck-electrification-project/,"Electric vehicles","Centurion is seeking to deploy 30 battery electric vehicle (BEV) trucks and related enabling infrastructure at its largest depot at Hazelmere, Western Australia. 
",$15.8m,$36.4m,"Centurion Transport ","Driving the Nation Program",29/01/2024,"Hazelmere, Western Australia","CFC Group, Daimler Truck, BP Australia, University of Western Australia ",Current
"AEMO - Accelerating the Engineering Roadmap",https://arena.gov.au/projects/aemo-accelerating-the-engineering-roadmap/,"System security and reliability","AEMO is accelerating its Engineering Roadmap which seeks to advance operational capability for the National Electricity Market (NEM) to operate with 100% renewables​. 
",$15m,$42.96m,AEMO,"Advancing Renewables Program",01/01/2024,"Melbourne, Victoria"," ",Past
"Europcar Electric Vehicle Infrastructure Project",https://arena.gov.au/projects/europcar-electric-vehicle-infrastructure-project/,"Electric vehicles","CLA Trading Pty Ltd trading as Europcar (Europcar) will install 256 electric vehicle chargers to support the deployment of a minimum of 3,093 passenger Battery Electric Vehicles (BEVs) in its rental vehicle fleet across at least 41 locations Australia-wide.  
",$4.76m,$110.63m,"CLA Trading Pty Ltd trading as Europcar ","Driving the Nation Program",13/12/2023,Victoria,"Ampcharge Pty Ltd ",Current
"GWMWater - Feasibility Study into Energy Optimisation of Water Network",https://arena.gov.au/projects/gwmwater-feasibility-study-into-energy-optimisation-of-water-network/,"Demand response","Grampians Wimmera Mallee Water Corporation (GWM Water) will complete a feasibility study into optimising system operations across its 40km long Dimboola-to-Nhill urban water supply pipeline in Victoria. The Study will involve designing and testing a pilot program using software to strategically schedule pumping activities and optimise energy efficiency through reduced friction losses across the Network. 
",$118k,$235k,"Grampians Wimmera Mallee Water Corporation ","Industrial Energy Transformation Studies (IETS) Program",12/12/2023,"Horsham, Victoria",,Past
"Neoen Victorian Big Battery (Moorabool) Retrofit",https://arena.gov.au/projects/neoen-victorian-big-battery-moorabool/,"Battery storage","Neoen will procure the retrofit of advanced inverters (Grid-Forming Capability) onto its Victorian Big Battery (VBB). The VBB is a 300 MW / 450 MWh Tesla battery located at the Moorabool terminal station in Victoria. 
",$5.72m,$5.9m,"Victorian Big Battery HoldCo Pty Ltd","Advancing Renewables Program",01/12/2023,"Moorabool, Victoria","Tesla Motors Australia, Pty Ltd ",Past
"Neoen Big Battery (Blyth) Deployment Project",https://arena.gov.au/projects/neoen-big-battery-blyth-deployment-project/,"Battery storage",,$17m,$337.45m,"Victorian Big Battery HoldCo Pty Ltd (ABN 73 644 551 940) ","Advancing Renewables Program",01/12/2023,"Blyth, South Australia",,Current
"Neoen Big Battery (Western Downs) Deployment Project",https://arena.gov.au/projects/neoen-big-battery-western-downs-deployment-project/,"Battery storage","Neoen will procure the construction of a battery with a minimum size of 200 MW / 400 MWh with advanced inverters at Western Downs in Queensland.  
",$21m,$243.88m,"Victorian Big Battery HoldCo Pty Ltd","Advancing Renewables Program",01/12/2023,"Queensland, Western Downs",,Current
"Aurizon Battery Electric Tender Demonstration",https://arena.gov.au/projects/aurizon-battery-electric-tender-demonstration/,"Electric vehicles","Aurizon will develop a 1.8 MWh lithium iron phosphate (LFP) prototype battery electric tender (BET) to power a modified existing 2300 class diesel-electric locomotive (DEL) and develop and install associated charging infrastructure. 
",$9.41m,$18.81m,"Aurizon Operations Limited ","Advancing Renewables Program",01/12/2023,"Fortitude Valley, Queensland","Alta Battery Technology Pty Ltd ",Current
"East Kimberley Clean Energy Project - Stage 1, Feasibility Study",https://arena.gov.au/projects/east-kimberley-clean-energy-project/,"Hydrogen energy","The East Kimberley Clean Energy Project will undertake Stage 1 of a feasibility study for the development of a large-scale renewable hydrogen and ammonia production facility in East Kimberley, Western Australia.
",$1.67m,$3.33m,"Aboriginal Clean Energy Partnership (ACEP)","Advancing Renewables Program",01/12/2023,"Kununurra, Western Australia","Balanggarra Ventures, MG Corporation, Kimberley Land Council, Pollination. ",Past
"Long Duration Energy Storage Trials in Remote Microgrids",https://arena.gov.au/projects/long-duration-energy-storage-trials-in-remote-microgrids/,"Battery storage","Commission and operate two novel long duration energy storage (LDES) technologies. 
",$2.85m,$5.69m,"Regional Power Corporation ","Regional Australia Microgrid Pilots Program",01/12/2023,"Carnarvon, Nullagine, Western Australia","BASF AustraliaEnerVenue Inc",Current
"Port Augusta Solar Methanol Project",https://arena.gov.au/projects/port-augusta-solar-methanol-project/,"Concentrated solar thermal","The Recipient will develop, construct and operate an integrated solar methanol production facility at Port Augusta in South Australia, which will produce up to 20 tonnes of methanol per day. 
",$19.48m,$89.76m,"Vast Renewables Ltd","Advancing Renewables Program",01/12/2023,"Port Augusta, South Australia","Vast Renewables Limited Vast Solar 1 Pty. Ltd  Mabanaft GmbH & Co. KG  Fichtner GmbH & Co. KG and Fichtner Australia Pty. Ltd  Calix Limited  SiliconAurora Pty Ltd  Deutsches Zentrum f&uuml;r Luft-und Raumfahrt  Australian Solar Thermal Research Institute  BSE Methanol GmbH ",Current
"Parmelia Green Hydrogen Project Feasibility Study",https://arena.gov.au/projects/parmelia-green-hydrogen-project-feasibility-study/,"Hydrogen energy","APA and WesCEF are undertaking a feasibility study to assess the viability of large-scale production and transportation of renewable hydrogen to WesCEF’s ammonia production facilities at the Kwinana Industrial Area south of Perth, via the southern section of APA’s existing Parmelia Gas Pipeline (PGP).  
",$1.33m,$3.46m,"APA Group ","Advancing Renewables Program",09/11/2023,"Pinjarra, Western Australia","Wesfarmers Chemicals, Energy & Fertilisers (WesCEF) ",Past
"Patrick Terminals - BEV Terminal Trucks at Fremantle Port",https://arena.gov.au/projects/patrick-terminals-bev-terminal-trucks-at-fremantle-port/,"Electric vehicles","Patrick Terminals (Patrick) will deploy 9 battery electric vehicle (BEV) terminal trucks (TTs) and associated fast charging infrastructure to replace 8 diesel equivalents at the Port of Fremantle Port in Western Australia (WA).  
",$2.54m,$7m,"Patrick Stevedores Operations No 2 Pty Ltd (Patrick Terminals) ","Driving the Nation Program",01/11/2023,"Fremantle Port, Western Australia",,Current
"ATCO - Scale H2 Feasibility Study",https://arena.gov.au/projects/atco-scale-h2-feasibility-study/,"Hydrogen energy","The project involves undertaking a feasibility study into the deployment of a 1 GW hydrogen production facility and 800 ktpa ammonia facility located in the Illawarra region of New South Wales, for export to Germany. 
",$800k,$2.68m,ATCO,"Advancing Renewables Program",01/11/2023,"Perth, Western Australia","University of New South Wales&#8239; ",Current
"JET Charge Charging as a Service Project",https://arena.gov.au/projects/jet-charge-charging-as-a-service-project/,,"JET Charge is seeking to demonstrate a full-service charging solution and unlock fleet electrification at scale. 
",$12.02m,$24.94m,"JET Charge Pty. Ltd ","Driving the Nation Program",03/10/2023,"Port Melbourne, Victoria","University of Technology Sydney ",Current
"AGL Dynamic Pricing Load Flex Trial",https://arena.gov.au/projects/agl-dynamic-pricing-load-flex-trial/,"Demand response","AGL will trial the use of a price intensity forecast to dynamically manage flexible commercial and industrial loads to maximise the utilisation of renewables in the National Energy Market (NEM) and minimise costs. 
",$864k,$1.7m,"AGL Energy Services Pty Limited ","Advancing Renewables Program",02/10/2023,"New South Wales, Sydney","Lineage AUS TRS Pty Ltd, Australia Pacific Airports Corporation Limited, Major Water Utility, Major Supermarket Chain ",Past
"EnergyLab: Deployment of Entrepreneurial Support for the Cleantech Start-up Ecosystem",https://arena.gov.au/projects/energylab-deployment-of-entrepreneurial-support-for-the-cleantech-start-up-ecosystem/,"Battery storage","The grant will be used to deliver the ‘Entrepreneurial Support for the Cleantech Startup Ecosystem’ project.
",$1.64m,$2.34m,"THE ENERGY LABORATORY LIMITED","Advancing Renewables Program",01/10/2023,"New South Wales, Sydney","University of Technology Sydney (UTS),  Impact Ventures Partners Pty. Limited, Endeavour Energy Network Operator Partnership, Amber Electric Pty Ltd, Aurora Energy Pty Ltd, Tasmanian Networks Pty Ltd, Fotowatio Renewable Ventures S.L., Australian Energy Market Operator Limited, CalCEF Innovations dba New Energy Nexus, FCW Lawyers Pty Ltd, KPMG Australia Pty Limited",Current
"Sustainable transport in tourism",https://arena.gov.au/projects/tropic-wings-battery-electric-supply-arena/,"Battery storage","As a tourism business operating heavy duty passenger vehicles in a regional area, Tropic Wings is transiting to BEVs operating entirely on renewable energy.    
",$4.76m,$10.24m,"Tropic Wings Pty Ltd Tropic Wings Pty Ltd (ACN 081 210 602) as the Trustee for the Tropic Wings Trust (ABN 22 868 241 095)  ","Advancing Renewables Program",01/09/2023,"Bungalow, Kuranda, Queensland","Electric Vehicle Council of Australia Limited, Vehicle Dealers International Pty Ltd and EnergyAustralia Home Services Pty Ltd  ",Past
"Raygen - Solar Power Plant Two: Phase 1",https://arena.gov.au/projects/solar-power-plant-two-phase-1/,"Concentrated solar thermal","RayGen is investing in scaling its business to deliver utility-scale renewable power plants across several sites in Australia.
",$27.04m,$66.93m,"RayGen Resources Pty Ltd","Advancing Renewables Program",31/08/2023,Victoria,"Robert Bosch (Australia) Pty Ltd, AZUR SPACE Solar Power GmbH, Worley Services Pty Ltd",Current
"G & K O&rsquo;Connor - Closing the Loop on Red Meat Processing Energy and Emissions",https://arena.gov.au/projects/g-k-oconnor-closing-the-loop-on-red-meat-processing-energy-and-emissions/,"Renewables for industry","G&amp;K O’Connor will undertaking a feasibility study to reduce energy usage at their co-located abattoir, rendering, and wastewater treatment plant in Pakenham, Victoria. 
",$400k,$884k,"G. & K. O’Connor Pty Ltd  ","Industrial Energy Transformation Studies (IETS) Program",01/08/2023,"Pakenham, Victoria","Australian Meat Processor Corporation (AMPC) ",Past
"Commercialisation of SunDrive Copper Metallisation",https://arena.gov.au/projects/commercialisation-of-sundrive-copper-metallisation/,"Solar energy","Building on the successes of their previous ARENA-funded project, (SunDrive Copper Metallisation Demonstration), SunDrive will expand its solar photovoltaic (PV) cell metallisation technology from a prototype lab scale capacity to a 100+ MW/yr commercial-scale demonstration line located in Kurnell, NSW.  
",$11m,$33.64m,"Sundrive Solar ","Advancing Renewables Program",24/07/2023,"Kurnell, New South Wales",,Past
"Intellihub Demand Flexibility Platform Project",https://arena.gov.au/projects/intellihub-demand-flexibility-platform-project/,"Demand response","Intellihub is developing digital infrastructure for virtual power plants (VPPs) in the form of a demand flexibility platform to enable orchestration of over 500MW of consumer devices.   
",$9.75m,$22.01m,"Intellihub Australia ","Demand Response Round",19/07/2023,"New South Wales, Sydney","GreenSync  ",Past
"AMSL Aero, Project Vertiia ' A Renewable Hydrogen Air Transport System",https://arena.gov.au/projects/amsl-aero-project-vertiia-a-renewable-hydrogen-air-transport-system/,"Hydrogen energy","AMSL Aero will develop a renewable hydrogen powered electric vertical take-off and landing (eVTOL) transport system (Vertiia). The project involves constructing a prototype aircraft, flight test demonstrations and navigating the pathway to certification with the Civil Aviation Safety Authority (CASA) for hydrogen&#8211;powered aircrafts.  
",$5.43m,$10.86m,"AMSL Aero Pty Ltd ","Advancing Renewables Program",03/07/2023,"New South Wales",,Past
"Opal Australia Paper - Latrobe Valley Aquaculture Geothermal Heating Study",https://arena.gov.au/projects/opal-australia-paper-latrobe-valley-aquaculture-geothermal-heating-study/,"Geothermal energy","Opal will complete a feasibility study for the use of a closed loop geothermal heating system to provide process heat at a proposed Recirculating Aquaculture System barramundi grow-out facility that will be located adjacent to the Maryvale Paper Mill in the Latrobe Valley, Victoria.  
",$111k,$232k,"Opal ","Industrial Energy Transformation Studies (IETS) Program",03/07/2023,"Maryvale, Victoria",,Past
"Hysata Capillary-fed&rsquo; Electrolyser Commercial-Scale Demonstration Project",https://arena.gov.au/projects/hysata-capillary-fed-electrolyser-commercial-scale-demonstration-project/,"Hydrogen energy","The project will develop, build, and demonstrate an efficient, capillary-fed water electrolyser and balance-of-plant at commercial ~1 MW. The system will be validated at Hysata’s Port Kembla facility.
",$20.85m,$44.5m,"Hysata Pty Ltd","Advancing Renewables Program",01/07/2023,"New South Wales, Port Kembla",None,Current
"Yarwun Hydrogen Calcination Pilot Demonstration Program",https://arena.gov.au/projects/yarwun-hydrogen-calcination-pilot-demonstration-program/,"Hydrogen energy","Rio Tinto and Summit Hydrogen Gladstone (SHG), a subsidiary of Sumitomo Corporation, will jointly deliver a project that will demonstrate the production of hydrogen and operation of hydrogen fuelled calcination for process heating at Rio Tinto’s Yarwun alumina refinery.
",$32.1m,$111.13m,"Rio Tinto Aluminium Limited, Summit Hydrogen Gladstone","Advancing Renewables Program",14/06/2023,"Gladstone, Queensland","RTA Yarwun",Current
"Hysata - High-Efficiency &lsquo;Capillary-fed&rsquo; Electrolyser Pilot Project",https://arena.gov.au/projects/high-efficiency-capillary-fed-electrolyser-pilot-project/,"Hydrogen energy","The project will develop, build, and demonstrate an efficient, capillary-fed water electrolyser and balance-of-plant at 200 kW scale. 
",$8.98m,$19.95m,"Hysata Pty Ltd ","Advancing Renewables Program",01/06/2023,"New South Wales, Port Kembla","Fraunhofer-Gesellschaft zur F&ouml;rderung der angewandten Forschung e.V. (as represented by:  Fraunhofer Institute for Production Technology (IPT), Fraunhofer Institute for Manufacturing Technology and Applied Materials Research (IFAM), Fraunhofer Institute for Laser Technology (ILT)); Forschungszentrum J&uuml;lich, Institut f&uuml;r Energie- und Klimaforschung, Elektrochemische Verfahrenstechnik (IEK-14/8); Alantum Europe GmbH; Messkonzept GmbH; and VAF GmbH ",Current
"Monash Grid Oscillation Project (Study and Software Development)",https://arena.gov.au/projects/monash-grid-oscillation-project-study-and-software-development/,"System security and reliability","The Project will investigate oscillatory issues in Australia’s national grid and develop tools to identify the root causes of instability and help identify potential solutions.  
",$500k,$1.33m,"Monash University ","Advancing Renewables Program",01/06/2023,"Clayton, Victoria","AEMO and Powerlink ",Past
"Central Queensland Hydrogen (CQ-H2) Project FEED study",https://arena.gov.au/projects/central-queensland-hydrogen-cq-h2-project-feed-study/,"Hydrogen energy","Stanwell Corporation has formed a consortium with several overseas corporations to deliver a front-end engineering and design (FEED) study for the development of a large-scale renewable hydrogen production, liquefaction facility, and ammonia synthesis plant in Gladstone, QLD.
",$20m,$125.27m,"Stanwell Corporation Limited ","Advancing Renewables Program",01/06/2023,"Gladstone, Queensland","Iwatani Corporation, Marubeni Corporation & Keppel Energy Ventures PteAustralian chemicals manufacturer Incitec Pivot Limited signed a Memorandum of Understanding in September 2024 with the intent to join the CQ-H2 consortium in support of renewable ammonia development. ",Past
"Enel X Commercial Refrigeration Flexible Demand Project",https://arena.gov.au/projects/enel-x-commercial-refrigeration-flexible-demand-project/,"Demand response","The project seeks to demonstrate and maximise the flexible demand potential of commercial refrigeration at retail stores and refrigerated warehouses.
",$3.68m,$9.25m,"Enel X Australia","Advancing Renewables Program",31/05/2023,"Melbourne, Victoria",,Current
"Logan City, food and garden organics (FOGO) feasibility study",https://arena.gov.au/projects/logan-city-food-and-garden-organics-fogo-feasibility-study/,"Bioenergy / Energy from waste","Logan City Council completed a feasibility study for the collection and processing of municipal food and garden organics (FOGO) at its existing Loganholme Wastewater Treatment Plant (WWTP).  
",$292k,$648k,"Logan City Council ","Industrial Energy Transformation Studies (IETS) Program",01/05/2023,"Logan City, Queensland",,Past
"APVI Silicon to Solar Study",https://arena.gov.au/projects/apvi-silicon-to-solar-study/,"Solar energy","The project will examine manufacturing opportunities across the solar PV supply chain in Australia from polysilicon, through wafers, cells and modules.
",$541k,$1.12m,"Australian PV Institute (APVI)","Advancing Renewables Program",26/04/2023,"Kensington, New South Wales","5B, AGL, Aspiradac, Australian Centre for Advanced Photovoltaics (ACAP), Deloitte, Energus, Siemens, SunDrive, Tindo, Bright Dimension, ITP Renewables ",Past
"Hydrogen Park Murray Valley Facility",https://arena.gov.au/projects/hydrogen-park-murray-valley-facility/,"Hydrogen energy","The project involves the development of a 10 MW electrolyser to produce renewable hydrogen for initial use of gas-blending into the Albury-Wodonga Gas Network with the electrolyser ideally located for other end uses as the hydrogen market matures.
",$36.1m,$65.46m,"Australian Gas Infrastructure Group","Advancing Renewables Program",06/04/2023,"Victoria, Wodonga","Department of Energy, Environment and Climate Action (Victorian Government), Longi Hydrogen, Energy Australia, Powernet, Valmec, GPA Engineering",Current
"Smart CER Consumer Uptake Tool",https://arena.gov.au/projects/smart-cer-consumer-uptake-tool/,"Distributed energy resources","This project aimed to develop an online consumer Smart Energy Tool providing households with an economic assessment of Distributed Energy Resource options, including Flexible Demand value. The tool aimed to drive household participation in 1MW Flexible Demand capacity through the active control of 1000 smart hot water systems.
",$922k,$2.73m,"Solar Analytics","Advancing Renewables Program",04/04/2023,"New South Wales, Redfern","Solar Thermal Australia, The University of New South Wales ",Past
"Vast Solar Port Augusta Concentrated Solar Thermal Power Project",https://arena.gov.au/projects/vast-solar-port-augusta-concentrated-solar-thermal-power-project/,"Solar energy","The Vast Solar Port Augusta Concentrated Solar Thermal Power Project involves the development, construction and operation of a 30 MW / 288 MWh Concentrated Solar Thermal Power (CSP) plant at Port Augusta, South Australia.
",$65m,$203m,"Vast Solar","Advancing Renewables Program",27/01/2023,"Port Augusta, South Australia",None,Current
"Daytime Inspection Solutions for Advanced Operation & Solar Farm Maintenance",https://arena.gov.au/projects/daytime-inspection-solutions-for-advanced-operation-solar-farm-maintenance/,"Solar energy","The project aims to develop advanced daytime inspection methods and systems that combine innovative outdoor photoluminescence (PL) imaging techniques with conventional imaging techniques for a comprehensive quality assessment of solar farms.
",$2.85m,$9.15m,"The University of New South Wales ","Ultra Low Cost Solar PV Research and Development Round",28/12/2022,"Kensington, New South Wales","5B, Magon Engineering, Murdoch University, ScanPro, SMA, Solar Vision Technologies, Wirsol, GAF Standard Industries, Ariel Re Syndicate of Lloyds ",Current
"SA Power Networks Market Active Solar Trial",https://arena.gov.au/projects/sa-power-networks-market-active-solar-trial/,"Demand response","SA Power Networks (SAPN), together with Project Participants AGL Energy (AGL) and Simply Energy, will deliver the Trial which aims to demonstrate how distributed network service provider (DNSP) dynamic operating envelopes (DOEs) can act in concert with retailer-initiated schemes that actively manage the output of a customer’s solar inverter in response to market price signals.
",$1.01m,$2.12m,"SA Power Networks","Advancing Renewables Program",21/12/2022,"Keswick, South Australia","AGL, Simply Energy ",Current
"Rear-Junction P-Type PERC/TOPCon Hybrid Solar Cells (RJ-PERP) Project",https://arena.gov.au/projects/rear-junction-p-type-perc-topcon-hybrid-solar-cells-rj-perp-project/,"Solar energy","The project aims to improve the individual efficiencies of current Passivated Emitter and Rear Cell (PERC) and Tunnel Oxide Passivated Contact (TOPCon) cells by combining them into a novel technology called Rear-Junction p-type PERC/TOPCon Hybrid Solar Cells (RJ-PERP).
",$3.74m,$14.83m,"The University of New South Wales","Ultra Low Cost Solar PV Research and Development Round",05/12/2022,"Kensington, New South Wales","Tindo Operations, Canadian Solar,  DAS Solar, Risen Energy, Trina Solar, Toyo Aluminium",Current
"Low-Cost and Sustainable PV Systems for the Terawatt Scale",https://arena.gov.au/projects/low-cost-and-sustainable-pv-systems-for-the-terawatt-scale/,"Solar energy","The project will explore cost and environmental limitations, opportunities using Life Cycle Analysis (LCA), and undertake yield modelling and Levelised Cost of Energy (LCOE) modelling for a range of key photovoltaic (PV) system materials including polysilicon, glass, aluminium, copper, steel, and concrete.
",$2.42m,$6.51m,"The University of New South Wales","Ultra Low Cost Solar PV Research and Development Round",05/12/2022,"Kensington, New South Wales","National Renewable Energy Laboratory (NREL), YonzTechnology, 5B Australia, Sundrive Solar, Yingli Solar, Ideematec Australia, Trina Solar",Current
"Silver-Lean Screen Printing for Sustainable Low-Cost Industrial PV Manufacturing",https://arena.gov.au/projects/silver-lean-screen-printing-for-sustainable-low-cost-industrial-pv-manufacturing/,"Solar energy","This project will reduce silver consumption of mass-produced silicon solar cells through a novel-screen printing metallisation technique.
",$3.36m,$17.27m,"The University of New South Wales","Ultra Low Cost Solar PV Research and Development Round",05/12/2022,"Kensington, New South Wales","TNO Netherlands, Trina Solar, Suzhou Talesun Solar Technologies, Jolywood Fusion, Akcome, Osaka University Toyo Aluminium Semiconductor Joint Research Laboratory",Current
"Efficient & Stable Chalcogenide-Si Tandem Cells: Integrating PV Technologies",https://arena.gov.au/projects/efficient-stable-chalcogenide-si-tandem-cells-integrating-pv-technologies/,"Solar energy","The project will develop chalcogenide/silicon (Si) tandem photovoltaic (PV) technology and support its pathway towards commercialisation by integrating already commercialised chalcogenide thin-film PV technologies and Si PV technologies to demonstrate highly efficient and stable tandem cell designs.
",$3.08m,$11.55m,"The University of New South Wales","Ultra Low Cost Solar PV Research and Development Round",05/12/2022,"Kensington, New South Wales","Australian National University (ANU), The University of Alabama (UA), Institute for Materials Research in MicroElectronics (IMOMEO), National Institute of Advanced Industrial Science and Technology (AIST), Midsummer, Jinko Solar, Longi, Trina Solar",Current
"Depot of the Future Vehicle Electrification Project",https://arena.gov.au/projects/depot-of-the-future-vehicle-electrification-project/,"Electric vehicles","The Depot of the Future Vehicle Electrification Project involves the Recipient procuring and deploying 60 heavy battery electric vehicles (BEVs) (classified as light and medium rigid vehicles), the associated deport charging infrastructure and a battery energy storage system (BESS) at the Recipient’s Bungarribee depot in Sydney.
",$20.06m,$42.16m,"Team Global Express Pty Ltd (formerly IPEC Pty)","Future Fuels Program",05/12/2022,"New South Wales, Sydney","Volvo Group Australia, Daimler Truck Australia Pacific, JetCharge, MTA Energy ",Current
"Machine Learning Applications for Utility-Scale PV",https://arena.gov.au/projects/machine-learning-applications-for-utility-scale-pv/,"Solar energy","The project aims to develop a commercial monitoring system for solar photovoltaic (PV) plants, capable of investigating module and system degradation as well as prediction soiling rates. UNSW will develop machine learning algorithms from historical data provided by its project participants to optimise operations and maintenance (O&amp;M) strategies.
",$2.58m,$10.32m,"The University of New South Wales","Ultra Low Cost Solar PV Research and Development Round",05/12/2022,"Kensington, New South Wales","ANU, Sun Cable, Spark Renewables, Neoen, Wirsol, Lightsource, Jinko Solar, Meritech Data ",Current
"Commercialising Si Perovskite Tandem in Australia",https://arena.gov.au/projects/commercialising-si-perovskite-tandem-in-australia/,"Solar energy","The University of Sydney, in partnership with SunDrive, aims to improve the commercial viabilities of silicon-perovskite (Si-perovskite) tandem solar cell technologies, including the development of high-efficiency Si-perovskite cells and modules, and low-cost fabrication technologies for Si-perovskite modules with high-durability.
",$2.78m,$8.65m,"The University of Sydney","Ultra Low Cost Solar PV Research and Development Round",05/12/2022,"Camperdown, New South Wales","SunDrive Solar",Current
"Next Generation Silicon Solar Cells Above 26% Efficiency in Mass Production",https://arena.gov.au/projects/next-generation-silicon-solar-cells-above-26-efficiency-in-mass-production/,"Solar energy","This project will develop the next generation of high efficiency silicon solar cells, with advanced electrical contacts based on doped poly-silicon layers, aiming to achieve efficiencies above 26 per cent in mass production.
",$2.7m,$11.25m,"The Australian National University","Ultra Low Cost Solar PV Research and Development Round",02/12/2022,"Australian Capital Territory, Canberra","The University of Melbourne, PV Lab Australia, Jinko Solar, CAMECA ",Current
"Cost-effective Si/Perovskite Tandem Modules on Passivating Contact Si Cells",https://arena.gov.au/projects/cost-effective-si-perovskite-tandem-modules-on-passivating-contact-si-cells/,"Solar energy","The Cost-effective Si/Perovskite Tandem Modules on Passivating Contact Si Cells project will progress monolithic silicon-perovskite tandem (SPT) technology through the development of high-performing, industrially viable polysilicon sub-cells as well as efficient, scalable and stable perovskite sub-cells for SPTs, before being tested on Jinko Solar&#8217;s pilot production line with aims to achieve a module production capacity of 100MW/year.
",$4.3m,$19.01m,"The Australian National University ","Ultra Low Cost Solar PV Research and Development Round",02/12/2022,"Australian Capital Territory, Canberra","The University of New South Wales (UNSW), The University of Melbourne, JinkoSolar Holding",Current
"Low-Cost Integration of On-Site Solar PV for Large-Scale Industrial Heat Supply",https://arena.gov.au/projects/low-cost-integration-of-on-site-solar-photovoltaic-pv-for-large-scale-industrial-heat-supply/,"Solar energy","The Low-Cost Integration of On-Site Solar PV for Large-Scale Industrial Heat Supply project will identify and develop a method to reduce the balance-of-system (BOS) costs of solar photovoltaic (PV) energy as applied to industrial heating at more than 150°C, which is responsible for approximately 11.3 per cent of Australian emissions.
",$2.35m,$7.01m,"The Australian National University (ANU) ","Ultra Low Cost Solar PV Research and Development Round",02/12/2022,"Australian Capital Territory, Canberra","Royal Melbourne Institute of Technology (RMIT), FMG Procurement Services, Visy Industries Australia,  Graphite Energy",Current
"High-Throughput Inspection Methods for High-Efficiency Multijunction Solar Cells",https://arena.gov.au/projects/high-throughput-inspection-methods-for-high-efficiency-multijunction-solar-cells/,"Solar energy","The project aims to develop a series of novel, high-throughput inspection techniques including images of essential electrical parameters and contactless measurements of the current-voltage characteristics using injection-dependent photoluminescence (PL) for the mass production of multijunction solar cells.
",$2.73m,$8.04m,"The University of New South Wales","Ultra Low Cost Solar PV Research and Development Round",30/11/2022,"Kensington, New South Wales","ANU, Raygen, Greatcell, Caelux Corporation ",Current
"Low-Cost >30% Efficient Silicon Photovoltaic Solar Cells Achieved Through Singlet Fission",https://arena.gov.au/projects/low-cost-30-efficient-silicon-photovoltaic-solar-cells-achieved-through-singlet-fission/,"Solar energy","The project aims to improve the efficiency of silicon solar cells through integration of a molecular singlet fission layer.
",$4.83m,$14.62m,"The University of New South Wales","Ultra Low Cost Solar PV Research and Development Round",30/11/2022,"Kensington, New South Wales","Jinengy, DAS Solar, CSI Solar, Risen Energy, Jinko Solar, JA Solar, Jolywood, Leadmicro ",Current
"Optimal O&M-Strategy and LCOE-Modelling for Ground-Mounted PV",https://arena.gov.au/projects/optimal-om-strategy-and-lcoe-modelling-for-ground-mounted-pv/,"Solar energy","The project aims to develop advanced yield and financial modelling methods from first principles to improve the precision of predicted performance of utility-scale solar photovoltaic (PV) plants. In addition, the project will study the operations and maintenance (O&amp;M) requirements of ground-mounted racking systems, focusing on significantly reducing cost and environmental impact.
",$3.75m,$16.37m,"The University of New South Wales","Ultra Low Cost Solar PV Research and Development Round",30/11/2022,"Kensington, New South Wales","5B, PV Lighthouse, Sun Cable ",Current
"Origin Accelerate EV Fleet Program",https://arena.gov.au/projects/origin-accelerate-ev-fleet-program/,"Electric vehicles","The project involves the Recipient facilitating the uptake of 1,000 battery electric vehicles (BEVs) by businesses and installation of 1,000 smart chargers – at least 1 charger for each BEV.
",$6.17m,$12.76m,"Origin Energy","Future Fuels Fund (Round 1)",30/11/2022,"Australian Capital Territory, New South Wales, Sydney","Custom Fleet",Past
"Gibson Island Renewable Ammonia Project FEED Study",https://arena.gov.au/projects/gibson-island-renewable-ammonia-project-feed-study/,"Hydrogen energy","Fortescue Future Industries and Incitec Fertilisers Operations undertook a joint front-end engineering and design (FEED) study for the development of a large-scale renewable hydrogen production facility to decarbonise the existing Gibson Island ammonia plant.
",$13.66m,$55m,"Gibson Island H2 (Fortescue Future Industries Pty Ltd (FFI) as lead sponsor) ","Advancing Renewables Program",07/11/2022,"Brisbane, Queensland","Incitec Fertilisers Operations",Past
"Calix Zero Emissions Steel Technology (ZESTY) pre-FEED / FEED Study",https://arena.gov.au/projects/calix-zero-emissions-steel-technology-zesty-pre-feed-feed-study/,"Renewables for industry","The Project delivered a pre-Front-End Engineering and Design (pre-FEED) and FEED study for a 30,000 tonnes per annum hydrogen-direct reduced iron (H-DRI) commercial demonstration plant using Calix’s Zero Emissions Steel Technology (ZESTY) process.
",$947k,$1.96m,Calix,"Advancing Renewables Program",07/11/2022,"Bacchus Marsh, Victoria",None,Past
"PLUS ES South Australia Demand Flexibility Trial",https://arena.gov.au/projects/plus-es-south-australia-demand-flexibility-trial/,"Demand response","The aim of this project was for the recipient – together with project participants, AGL and the University of New South Wales – to undertake a trial in the SA Power Networks area, to utilise up to 20,000 existing smart meters to dynamically orchestrate hot water (HW) load.
",$2.52m,$5.04m,"PLUS ES","Advancing Renewables Program",21/10/2022,"Haymarket, New South Wales","AGL, UNSW ",Past
"Robust Methods for Harmonics Compliance Study",https://arena.gov.au/projects/robust-methods-for-harmonics-compliance-study/,"System security and reliability","The Robust Methods for Harmonics Compliance Study aims to develop a robust methodology for the harmonic compliance assessment processes.
",$1.04m,$2.28m,"The University of Wollongong","Advancing Renewables Program",18/10/2022,"New South Wales, Wollongong","Ausgrid, Electric Power Consulting, Energy Queensland, Enerparc, Neoen, Powercor, Powerlink, SA Power Networks, SMA, TasNetworks, TransGrid, Vestas",Past
"AGL Thermal Storage at Torrens Island Power Station B Feasibility Study",https://arena.gov.au/projects/agl-thermal-storage-at-torrens-island-power-station-b-feasibility-study/,"Geothermal energy","The AGL Thermal Storage at Torrens Island Power Station B Feasibility Study will assess the feasibility of integrating thermal energy storage (TES) into the Torrens Island B Power Station located in South Australia.
",$423k,$1.01m,"AGL Energy","Advancing Renewables Program",14/10/2022,"Port Adelaide, South Australia","Kraftblock GmbH, MGA Thermal",Past
"Yuri Renewable Hydrogen to Ammonia Project",https://arena.gov.au/projects/yuri-renewable-hydrogen-to-ammonia-project/,"Battery storage","The Yuri Renewable Hydrogen to Ammonia Project will deploy a 10 MW electrolyser powered by 18 MW of solar PV and supported by an 8 MW battery energy storage system, to generate renewable hydrogen to produce renewable ammonia at Yara Pilbara Fertilisers’ neighbouring liquid ammonia plant in Karratha, Western Australia.
",$47.5m,$87.13m,"Yuri SPV, ENGIE (lead sponsor)","Advancing Renewables Program",14/09/2022,"Karratha, Western Australia","Yara Pilbara Fertilisers, Department of Jobs, Tourism, Science and Innovation (WA Government), The consortium of T.EN Australia and New Zealand, Monford Group",Current
"Infravision Next Generation Line Monitoring System Demonstration",https://arena.gov.au/projects/infravision-next-generation-line-monitoring-system-demonstration/,"System security and reliability","The Project involved the development, real-world testing and continuous refinement of a combined hardware and software system​ that provides real time status of a transmission line ​enabling ​accurate calculation of a ​dynamic line rating (DLR) for a transmission line.
",$732k,$1.78m,Infravision,"Advancing Renewables Program",26/08/2022,"Camperdown, New South Wales",Transgrid,Past
"Hydrostor - Broken Hill Advanced Compressed Air Energy Storage Demonstration",https://arena.gov.au/projects/hydrostor-broken-hill-advanced-compressed-air-energy-storage-demonstration/,"System security and reliability","The Recipient will co-locate a 200 MW / 1600 MWh (8 hour duration) Advanced Compressed Air Energy Storage (A-CAES) project in an existing mine in Broken Hill, NSW
",$45m,$652.26m,"A-CAES NSW Pty Ltd ","Advancing Renewables Program",01/08/2022,"Broken Hill and Nyngan, New South Wales","Hydrostor Australia Holding Pty Ltd ",Current
"Shell Energy Smart Energy Hubs Deployment Project",https://arena.gov.au/projects/shell-energy-smart-energy-hubs-deployment-project/,"Demand response","The Shell Energy Smart Energy Hubs Deployment Project will implement Smart Energy Hubs throughout Queensland, New South Wales, and Victoria across 40 commercial and industrial (C&amp;I) customer sites to demonstrate new flexible demand capacity of 21.5 MW.
",$9.1m,$31.55m,"Shell Energy Retail","Advancing Renewables Program",15/07/2022,"Brisbane, Queensland",None,Past
"Spinifex Offshore Wind Farm Phase 1 Development Activities",https://arena.gov.au/projects/spinifex-offshore-wind-farm-phase-1-development-activities/,"Renewables for industry","Spinifex (a 100% owned subsidiary of Alinta Energy) completed a wind resource assessment and initial development activities to improve understanding of the commercial viability of a 1,000 MW offshore wind farm off the coast of Portland, Victoria. Subject to agreement with Alcoa Portland Aluminium, Spinifex proposed to supply energy to the smelter operations and/or to the National Electricity Market (NEM) via the existing 500kV transmission network from the smelter substation.
",$1.5m,$3.55m,"Spinifex Offshore Wind Farm","Advancing Renewables Program",07/06/2022,Victoria,"Alinta Energy, Alcoa Portland Aluminium",Past
"Darlington Point Energy Storage System",https://arena.gov.au/projects/darlington-point-energy-storage-system/,"Battery storage","The Darlington Point Energy Storage System project is a new 25 MW / 50 MWh large scale battery storage system (LSBS) connected to Transgrid’s 132kV Darlington Point Substation in New South Wales.
",$6.6m,$32.34m,"Edify Energy (operating as DPESS DevCo)","Advancing Renewables Program",01/06/2022,"Darlington Point, New South Wales","NSW Government Department of Primary Industries and Energy",Current
"MGA Thermal Energy Storage Project",https://arena.gov.au/projects/mga-thermal-energy-storage-project/,"Geothermal energy","The MGA Thermal Energy Storage Project will design, manufacture and operate a 0.5 MWth / 5 MWhth demonstration-scale thermal energy storage (TES) system using MGA Thermal’s proprietary Miscibility Gap Alloy (MGA) technology.
",$3.75m,$13.77m,"MGA Thermal","Advancing Renewables Program",05/05/2022,"New South Wales","Varley Holdings  ",Past
"Port Kembla Steelworks Renewables & Emissions Reduction Study",https://arena.gov.au/projects/port-kembla-steelworks-renewables-emissions-reduction-study/,"Hydrogen energy","The Port Kembla Steelworks Renewables &amp; Emissions Reduction Study will investigate the technical and economic feasibility of renewable energy and decarbonisation technology pathways that have the potential to decarbonise the steelmaking process at the Port Kembla Steel Works (PKSW).
",$925k,$1.86m,"Bluescope Steel","Advancing Renewables Program",04/04/2022,"New South Wales","The University of Wollongong, Future Fuels CRC",Past
"Alcoa - Renewable Powered Electric Calcination Pilot",https://arena.gov.au/projects/alcoa-renewable-powered-electric-calcination-pilot/,"Renewables for industry","The Alcoa Calcination Pilot will trial technology that would electrify the calcining process to demonstrate the technical and commercial feasibility of using electric calciners powered by renewable energy to support decarbonisation of the alumina refining process.
",$8.62m,$19.66m,Alcoa,"Advancing Renewables Program",31/03/2022,"Oakley, Western Australia","CSIRO ",Current
"Monash University Integrating Energy Storage into the NEM Study",https://arena.gov.au/projects/monash-university-integrating-energy-storage-into-the-nem-study/,"Renewables for industry","The Monash University Integrating Energy Storage into the NEM Study will investigate Australian electricity markets with an aim to design efficient incentives for energy storage investors and operators.
",$495k,$1.18m,"Monash University","Advancing Renewables Program",02/03/2022,"Clayton, Victoria","Australian Energy Market Commission (AEMC), Power Systems Consultants Australia (PSC)",Past
"New Energies Service Station Geelong Demonstration Project",https://arena.gov.au/projects/new-energies-service-station-geelong-demonstration-project/,"Hydrogen energy","Viva Energy will develop, build and operate a fuel cell electric vehicle (FCEV) hydrogen refuelling station located in Geelong, Victoria, to support the uptake of hydrogen FCEVs in heavy fleets.  
",$34m,$61.2m,"Viva Energy Australia","Advancing Renewables Program",28/02/2022,"Geelong, Victoria","Toll Transport, ComfortDelGro Corporation Australi, Cleanaway Operations, Barwon Region Water Corporation",Current
"Hardwick Meatworks Heat Pump Installation and Power Upgrade Demonstration",https://arena.gov.au/projects/hardwick-meatworks-heat-pump-installation-and-power-upgrade-demonstration/,"Renewables for industry","Hardwick Processors installed a 1 MW (thermal) high lift heat pump at the Hardwick Meat Works meat processing plant in Kyneton, Victoria.
",$838k,$2.58m,"Hardwick Processors Proprietary Limited","Advancing Renewables Program",28/02/2022,"Kyneton, Victoria","Energy and Thermal Services, EPS Consultants ",Past
"University of Queensland Platform for Solar Farm Pre-Commissioning",https://arena.gov.au/projects/university-of-queensland-platform-for-solar-farm-pre-commissioning/,"Solar energy","The University of Queensland will develop a testing platform to improve the commissioning process for large-scale inverter-based generators such as wind, solar and batteries.
",$498k,$1.46m,"The University of Queensland","Advancing Renewables Program",10/01/2022,Queensland,"EPEC Group",Past
"Intellihub Street Power Pole EV Charger with Grid Integration",https://arena.gov.au/projects/intellihub-street-power-pole-ev-charger-with-grid-integration/,"Renewables for industry","The Intellihub Street Power Pole EV Charger with Grid Integration project aims to develop a technical, regulatory and commercial blueprint for industry, councils and network providers to roll out on-street electric vehicle (EV) charging using existing power pole infrastructure.
",$871k,$2.04m,"Intellihub Australia","Advancing Renewables Program",23/12/2021,"Alexandria, New South Wales","Withywindle Nominees, Origin Energy Electricity, Schneider Electric (Australia)",Past
"5B Maverick Solar PV Automated Assembly & Deployment",https://arena.gov.au/projects/5b-maverick-solar-pv-automated-assembly-deployment/,"Solar energy","The 5B Maverick Solar PV Automated Assembly &amp; Deployment will design and demonstrate a high volume, scalable and predominantly automated solar PV manufacturing, assembly and deployment process line of 5B Maverick technology.
",$14m,$33.39m,"5B Holdings","Advancing Renewables Program",14/12/2021,"Mascot, New South Wales",None,Past
"The Port of Newcastle Hydrogen Hub Feasibility Study",https://arena.gov.au/projects/the-port-of-newcastle-hydrogen-hub-feasibility-study/,"Hydrogen energy","The Port of Newcastle Hydrogen Hub Feasibility Study investigated the technical and commercial viability of renewable hydrogen and ammonia production facilities at the Port of Newcastle, New South Wales. The project planned to develop a vision for the scale up of a green hydrogen industry in the Hunter Valley by working with key project partners to develop hydrogen mobility projects, to decarbonise gas infrastructure and to develop the export market.
",$241k,$3m,"Macquarie Group’s Green Investment Group, Port of Newcastle","Advancing Renewables Program",05/11/2021,"New South Wales, Newcastle","Lake Macquarie City Council, Idemitsu Renewable Developments Australia, Snowy Hydro, Jemena Gas Networks (NSW), Keolis Downer, Macquarie Agriculture ",Past
"Yanderra Shallow Geothermal Solar Systems Demonstration Project",https://arena.gov.au/projects/yanderra-shallow-geothermal-solar-systems-demonstration-project/,"Geothermal energy","The Yanderra Shallow Geothermal Solar Systems Demonstration Project will demonstrate a full scale and operational hybrid geothermal system that incorporates solar PV, ground-source heat pumps and liquefied petroleum gas (LPG) as a standby, at a poultry farm at Yanderra, NSW.
",$318k,$711k,"Ground Source Systems","Advancing Renewables Program",05/11/2021,"New South Wales, Yanderra","University of Melbourne, Fourth Element Energy",Past
"Renewable Hydrogen Demonstration for Heavy Transport",https://arena.gov.au/projects/renewable-hydrogen-demonstration-for-heavy-transport/,"Hydrogen energy","Phase 1 of the SunHQ hydrogen hub (SunHQ) Renewable Hydrogen Demonstration for Heavy Transport project will deploy a 1 MW PEM electrolyser that will produce renewable hydrogen to fuel five ultra-heavy 140 tonne rated fuel cell electric trucks.
",$3.02m,$12.97m,"Ark Energy","Advancing Renewables Program",01/11/2021,"Queensland, Stuart","Sun Metals Corporation, Townsville Logistics",Past
"EleXsys DER Hosting Capacity Demonstration",https://arena.gov.au/projects/elexsys-der-hosting-capacity-demonstration/,"Distributed energy resources","The EleXsys DER Hosting Capacity Demonstration will demonstrate the potential for Planet Ark Power’s dSTATCOM device, called the eleXsys, to increase distributed energy resource (DER) hosting capacity on low voltage distribution feeders in south-east Queensland.
",$451k,$1.92m,"Elexsys Energy","Advancing Renewables Program",20/10/2021,"Parkinson, Queensland","Energy Queensland",Past
"AGL Broken Hill Grid-Forming Battery",https://arena.gov.au/projects/agl-broken-hill-grid-forming-battery/,"Battery storage","This AGL Broken Hill Grid-Forming Battery aims to demonstrate the potential of large-scale battery storage (LSBS) with grid-forming inverters to improve system strength in weak grid areas, while also providing market services.
",$14.83m,$39.4m,"AGL Energy","Advancing Renewables Program",04/09/2021,"New South Wales","University of New South Wales ",Past
"Next Generation Electric Bus Depot",https://arena.gov.au/projects/next-generation-electric-bus-depot/,"Battery storage","The Next Generation Electric Bus Depot, by Transgrid and Zenobe Energy, delivered an electric bus depot showcasing 40 electric buses coupled with smart charging software, on-site solar PV and battery storage in Sydney’s inner west. 
",$5m,$37.21m,"Zenobe Australia","Advancing Renewables Program",31/08/2021,"Leichhardt, New South Wales","Transgrid, Transit Systems ",Past
"Project Converge ACT Distributed Energy Resources Demonstration Pilot",https://arena.gov.au/projects/project-converge-act-distributed-energy-resources-demonstration-pilot/,"Distributed energy resources","The Project Converge ACT Distributed Energy Resources Demonstration Pilot aims to demonstrate new distributed energy resources (DER) orchestration capabilities known as ‘Shaped Operating Envelopes’ which will allow Distribution Network Service Providers (DNSPs) to improve network congestion management, minimise network expenditure and improve DER market bidding into energy and ancillary service markets.
",$2.85m,$8.4m,"Icon Distribution Investments and Jemena Networks (ACT) (Evoenergy)","Advancing Renewables Program",24/08/2021,"Australian Capital Territory, Greenway","Evoenergy, Australian National University, Zeppelin Bend, ACT Government - Environment, Planning and Sustainable Development Directorate",Past
"Stanwell Central Queensland Hydrogen Project Feasibility Study",https://arena.gov.au/projects/stanwell-central-queensland-hydrogen-project-feasibility-study/,"Hydrogen energy","The Stanwell Central Queensland Hydrogen Project Feasibility Study will investigate the technical and commercial viability of a proposed green hydrogen export project to be located at Gladstone, Queensland.
",$2.16m,$10.49m,"Stanwell Corporation","Advancing Renewables Program",05/08/2021,"Gladstone, Queensland","APA Group - APT Management Services, Iwatani Corporation, Kansai Electric Power Company (KEPCO), Kawasaki Heavy Industries, Marubeni Corporation, The Japanese Ministry of Economy, Trade and Industry (METI)",Past
"AEMO Connections Tool Project",https://arena.gov.au/projects/aemo-connections-tool-project/,"System security and reliability","This project will leverage a new high-speed simulator that AEMO is currently developing to implement a Next Generation Connections Tool (the Connections Tool).
",$2.22m,$4.26m,AEMO,"Advancing Renewables Program",29/07/2021,"New South Wales, Sydney",None,Past
"Western Australia Distributed Energy Resources Orchestration Pilot (Project Symphony)",https://arena.gov.au/projects/western-australia-distributed-energy-resources-orchestration-pilot/,"Distributed energy resources","The Western Australia Distributed Energy Resources Orchestration Pilot is piloting the orchestration of customer-owned distributed energy resources (DER) such as rooftop solar, batteries and major appliances to participate in a future energy market.
",$8.55m,$35.44m,"Electricity Networks Corporation (Western Power)","Advancing Renewables Program",02/07/2021,"Perth, Western Australia","Electricity Generation and Retail Corporation (Synergy), AEMO, University of Technology Sydney, University of Western Australia, University of Tasmania ",Past
"Evie Networks Future Fuels Public Fast Charging",https://arena.gov.au/projects/evie-networks-future-fuels-public-fast-charging/,"Electric vehicles","The Evie Networks Future Fuels Public Fast Charging project working with project partners Tritium and ActewAGL (ACT), has delivered 140 fast charging stations across eight regions in Australia. Several of these sites allowed for amalgamation of nearby site locations to provide more of a charging hub rather than an isolated site. The amalgamated site were part of the reason these charging stations provide over 21,000kW of charging capacity around Australia.
",$8.85m,$34.15m,"Evie Networks","Future Fuels Fund (Round 1)",01/06/2021,"Australian Capital Territory, New South Wales, Northern Territory, Queensland, South Australia, Tasmania, Victoria, Western Australia","ActewAGL (ACT only) ",Past
"ENGIE Future Fuels Public Fast Charging",https://arena.gov.au/projects/engie-future-fuels-public-fast-charging/,"Electric vehicles","Across Melbourne, Brisbane, Sydney and Adelaide, the Exploren program delivered 55 fast-charging sites with a combined 11.15 MW of installed capacity and 173 charging ports, significantly expanding public access to high-powered EV charging.
The projects increased charger availability in major metropolitan areas, lifted the proportion of residents within 10km of a high-powered charger, and demonstrated strong network performance with high reliability.
While Sydney delivered fewer sites than originally planned due to market competition, Melbourne and Brisbane exceeded their capacity targets, helping the overall program reach aggregate outcome goals.
",$6.85m,$23.01m,"Exploren - EVE Assets","Future Fuels Fund (Round 1)",01/06/2021,"New South Wales, Queensland, South Australia, Victoria","JET Charge, EVSE  ",Past
"Ampol Addressing Blackspots Fast Charging",https://arena.gov.au/projects/ampol-addressing-blackspots-fast-charging-project/,"Electric vehicles","The Ampol Addressing Blackspots Fast Charging project will leverage its branded retail network nationally to deliver over 100 fast charging stations across four regions in Australia.
",$7.05m,$26.81m,"Ampol Australia Petroleum","Future Fuels Fund (Round 1)",01/06/2021,"New South Wales, Queensland, Victoria, Western Australia",None,Past
"NRMA - Future Fuels Public Fast Charging",https://arena.gov.au/projects/chargefox-future-fuels-public-fast-charging-project/,"Electric vehicles","The NRMA (formerly Chargefox) Future Fuels Public Fast Charging project will deliver 16 fast charging stations across Adelaide and Perth.
",$1.4m,$3.77m,NRMA,"Future Fuels Fund (Round 1)",01/06/2021,"South Australia, Western Australia",None,Past
"Hobart Electric Highway Tasmania Fast Charger Network",https://arena.gov.au/projects/hobart-electric-highway-tasmania-fast-charger-network-project/,"Electric vehicles","Electric Highway Tasmania (EHT), worked with project partners Chargefox and Kingborough Council, to deliver 5 electric vehicle (EV) fast charging stations in Hobart.
",$400k,$1.05m,"Electric Highway Tasmania (EHT)","Future Fuels Fund (Round 1)",01/06/2021,Tasmania,"Chargefox, Kingborough Council  ",Past
"Kidston Pumped Hydro Energy Storage",https://arena.gov.au/projects/kidston-pumped-hydro-energy-storage/,"Hydropower / Pumped Hydro Energy Storage","The Genex Kidston Pumped Hydro Energy Storage (PHES) project will develop a pumped hydro energy storage facility to produce approximately 250MW / 2,000MWh of dispatchable (baseload) power for export to the electricity grid.
",$47m,$777m,"Kidston Hydro Project Co","Advancing Renewables Program",01/04/2021,"Lyndhurst, Queensland","McConnell Dowell and John Holland, EnergyAustralia, Northern Australia Infrastructure Fund, J-Power",Current
"RayGen Solar Power Plant Demonstration",https://arena.gov.au/projects/raygen-solar-power-plant-demonstration/,"Concentrated solar thermal","The RayGen Solar Power Plant Demonstration demonstrated and validated the performance and cost of RayGen’s innovative solar-plus-storage technology
",$15m,$30m,"RayGen Resources","Advancing Renewables Program",25/03/2021,"Carwarp, Victoria","AGL ",Past
"Rio Tinto Pacific Operations Hydrogen Program",https://arena.gov.au/projects/rio-tinto-pacific-operations-hydrogen-program/,"Hydrogen energy","The Rio Tinto Pacific Operations Hydrogen Program is a technical feasibility study investigating the use of renewable hydrogen to partially decarbonise alumina refining at Rio Tinto’s Yarwun alumina refinery in Gladstone, Queensland.
",$579k,$1.16m,"Rio Tinto Aluminium Limited","Advancing Renewables Program",25/03/2021,"Queensland, Yarwun",None,Past
"Australian Energy Council Double-Sided Causer Pays Study",https://arena.gov.au/projects/australian-energy-council-double-sided-causer-pays-study/,"System security and reliability","This project is a desktop study of double-sided causer pays (DSCP) as a long-term incentive mechanism to improve frequency control.
",$164k,$414k," Australian Energy Council","Advancing Renewables Program",23/03/2021,Victoria,"Infigen Energy, CS Energy",Past
"United Energy Low Voltage Battery Trial",https://arena.gov.au/projects/united-energy-low-voltage-battery-trial/,"Battery storage","The United Energy Low Voltage Battery Trial investigated the technical and commercial feasibility of using pole-mounted batteries connected to the low voltage (LV) network to manage constraints and increase the hosting capacity of renewables.
",$4m,$14.35m,"United Energy","Advancing Renewables Program",01/03/2021,"Mount Waverly, Victoria","Simply Energy",Past
"Canadian Solar Connection Studies at Carwarp Solar Farm",https://arena.gov.au/projects/canadian-solar-connection-studies-at-carwarp-solar-farm/,"Battery storage","Canadian Solar will undertake studies to determine the feasibility of using grid forming inverters to address grid connection challenges in Western Victoria at the proposed 150 MW Carwarp Solar Farm.
",$270k,$615k,"Canadian Solar","Advancing Renewables Program",22/02/2021,"Carwarp, Victoria",None,Past
"Mechanical Vapour Recompression for Low Carbon Alumina Refining",https://arena.gov.au/projects/mechanical-vapour-recompression-for-low-carbon-alumina-refining/,"Renewables for industry","The Alcoa Mechanical Vapour Recompression (MVR) for Low Carbon Alumina Refining project will seek to demonstrate the feasibility of integrating MVR, powered by renewable energy, to electrify steam production in the alumina refining process thus displacing fossil fuelled boiler steam. Alumina is the feedstock for aluminium production.
",$0k,$28.21m,"Alcoa of Australia Limited","Advancing Renewables Program",18/01/2021,"Wagerup, Western Australia",,Past
"Centennial Pumped Hydro Energy Storage",https://arena.gov.au/projects/centennial-pumped-hydro-energy-storage/,"Hydropower / Pumped Hydro Energy Storage","The Centennial Pumped Hydro Energy Storage project will perform a series of technical studies and trials for the potential deployment of a nominal 600 MW pumped hydro energy storage (PHES) system using underground coal mining voids.
",$364k,$1.46m,"Centennial Coal Company","Advancing Renewables Program",07/01/2021,"Fassifern, New South Wales","NSW Government, Byrnes Geotechnical, University of Newcastle, GHD",Past
"Project MATCH",https://arena.gov.au/projects/project-match/,"Distributed energy resources","This project aimed to better understand the behaviour of distributed energy resources (DER) as it relates to power system security. The University of New South Wales conducted a study to investigate DER behaviour during power system disturbances. 
",$981k,$2.19m,"University of New South Wales","Advancing Renewables Program",01/01/2021,"Kensington, New South Wales","AEMO, Solar Analytics",Past
"Australian Industry ETI Delivery Stage Project",https://arena.gov.au/projects/australian-industry-eti-delivery-stage-project/,"Renewables for industry","The Australian Industry ETI (Energy Transitions Initiative) Delivery Stage Project aims to accelerate action by Australian industry towards net zero emissions in hard-to-abate sectors by 2050, while managing the transition to thrive in a decarbonised global economy.
",$2m,$4m,"Monash University (ClimateWorks Australia)","Advancing Renewables Program",01/01/2021,"Melbourne, Victoria","Climate-KIC Australia, Rocky Mountain Institute, CSIRO, Energy Transitions Commission, Bloomberg NEF",Past
"Jemena Dynamic Electric Vehicle Charging Trial",https://arena.gov.au/projects/jemena-dynamic-electric-vehicle-charging-trial/,"Electric vehicles","This Jemena Dynamic Electric Vehicle Charging Trial is a residential electric vehicle trial involving 176 EVs in the ACT, Victoria &amp; Tasmania.
",$1.55m,$3.38m,"Jemena Electricity Networks","Advancing Renewables Program",23/12/2020,"Australian Capital Territory, Tasmania, Victoria","AusNet Services, Evoenergy, Jet Charge, Tasmanian Networks (TasNetworks), United Energy",Past
"DER 2.0: Customer Focused Design for DER Participation",https://arena.gov.au/projects/der-2-0-customer-focused-design-for-der-participation/,"Distributed energy resources","This project aims to understand how customers can be used to reshape Distributed Energy Resources (DER) orchestration program design to increase participation.
",$446k,$943k,UPowr,"Advancing Renewables Program",22/12/2020,"New South Wales, Victoria",None,Past
"Relectrify Second-Life Battery Trial",https://arena.gov.au/projects/relectrify-second-life-battery-trial/,"Battery storage","The Relectrify Second-Life Battery Trial developed and demonstrated a second-life battery product which showcases Relectrify’s advanced Battery Management System and inverter solution (BMS+Inverter).
",$285k,$3.07m,"Relectrify Holdings","Advancing Renewables Program",21/12/2020,"Melbourne, Victoria","None  ",Past
"Project SHIELD - Synchronising Heterogeneous Information to Evaluate Limits for DNSP",https://arena.gov.au/projects/project-shield/,"Distributed energy resources","Project SHIELD sought to develop software aggregating data from a range of sources to help distribution network service providers (DNSPs) manage distributed energy resources (DER) in low voltage networks.
",$2.1m,$4.77m,"Redback Operations Pty Ltd trading as Luceo Energy","Advancing Renewables Program",21/12/2020,"New South Wales, Queensland","The University of Queensland, Energy Queensland, Essential Energy, GridQube",Past
"Metro Advertising Revenue Funded Electric Vehicle Charging Trial",https://arena.gov.au/projects/metro-advertising-revenue-funded-electric-vehicle-charging-trial/,"Electric vehicles","The Metro Advertising Revenue Funded Electric Vehicle Charging Trial will deploy 21 of Jolt’s Electric Vehicle (EV) charging and advertising panels in car parks and public spaces in Campbelltown City Council, Charles Sturt Council, Marion Council and Port Adelaide Enfield Council Adelaide, South Australia.
",$984k,$2m,"Jolt Charge","Advancing Renewables Program",13/12/2020,"Adelaide, South Australia",None,Past
"Co-located Vanadium Flow Battery Storage and Solar",https://arena.gov.au/projects/co-located-vanadium-flow-battery-storage-and-solar/,"Battery storage","The Co-located Vanadium Flow Battery Storage and Solar project by Yadlamalka Energy is an innovative renewable energy project comprising of a grid connected vanadium flow battery storage system (VFB) alongside solar PV, a first of its kind in Australia, and aims to demonstrate the technical and commercial viability of VFB to provide energy and frequency control ancillary services (FCAS).
",$5.69m,$23.29m,"Yadlamalka Energy","Advancing Renewables Program",23/11/2020,"Neuroodla, South Australia","Invinity Energy Systems, Habitat Energy ",Past
"AGL Electric Vehicle Orchestration Trial",https://arena.gov.au/projects/agl-electric-vehicle-orchestration-trial/,"Battery storage","The AGL Electric Vehicle Orchestration Trial project is a large-scale electric vehicle (EV) charging orchestration trial comprising 300 EVs across Queensland, New South Wales, Victoria and South Australia.
",$2.33m,$7.69m,"AGL Energy Services","Advancing Renewables Program",17/11/2020,"New South Wales, Queensland, South Australia, Victoria",None,Past
"Resilient Wind Energy for Telecommunication Sites",https://arena.gov.au/projects/resilient-wind-energy-for-telecommunication-sites/,"Wind energy","The project will deploy 11 innovative small wind turbine systems, including 10 at off-grid telecommunications sites across Australia.
",$341k,$971k,"Diffuse Energy","Advancing Renewables Program",11/11/2020,"New South Wales, Williamtown","Positive Off-Grid Solutions, Vertical Telecoms, The University of Newcastle",Past
"Horizon Power Denham Hydrogen Demonstration",https://arena.gov.au/projects/horizon-power-denham-hydrogen-demonstration/,"Hydrogen energy","The Horizon Power Denham Hydrogen Demonstration project will demonstrate the ability to incorporate renewable hydrogen into a microgrid with solar and diesel in Denham, Western Australia.
",$2.57m,$8.9m,"Horizon Power","Advancing Renewables Program",05/11/2020,"Denham, Western Australia",None,Past
"Malabar Biomethane Injection Project",https://arena.gov.au/projects/malabar-biomethane-injection-project/,"Bioenergy / Energy from waste","The Malabar Biomethane Injection Project will demonstrate the process of upgrading biogas produced from the anaerobic digestion process at Sydney Water’s Malabar wastewater treatment plant to biomethane for injection into the gas distribution network.
",$5.9m,$12.86m,"Jemena Limited","Advancing Renewables Program",04/11/2020,"Malabar, New South Wales","Sydney Water Corporation",Past
"Brimbank Aquatic and Wellness Centre Integrated Energy System",https://arena.gov.au/projects/brimbank-aquatic-and-wellness-centre-integrated-energy-system/,"Renewables in buildings","The Brimbank Aquatic and Wellness Centre Integrated Energy System project is a carbon neutral, renewable energy powered aquatic centre in western Melbourne. 
Need
Municipal aquatic centres are the highest energy consuming and greenhouse gas emitting facilities managed by councils. Heating, ventilation and cooling (HVAC) is typically the largest component of energy use at these sites, which have historically relied upon both electricity and natural gas as fuel sources.
Brimbank City Council, along with many other councils across Australia, are adopting commitments to reach net zero emissions by 2030 or sooner. Under these commitments, the use of natural gas and fossil-fuel sourced power to run council facilities is no longer tenable.
To transition away from gas, councils are looking to convert their facilities to an ‘all-electric’ equipment model, which can use greater amounts of on-site renewable energy and source any residual power needs from off-site renewable energy facilities (through power purchase agreements).
The main all-electric alternative to gas heating in aquatic centres is heat-pump technology. This technology can provide both heating and cooling. Heat pump use in cooler climates (such as Victoria and Tasmania) has been technically challenging during cooler months when the performance of air-source heat pumps decline.
",$1.53m,$8.1m,"Brimbank City Council","Advancing Renewables Program",27/10/2020,"Keilor Downs, Victoria","None  ",Past
"TransGrid Wallgrove Battery",https://arena.gov.au/projects/transgrid-wallgrove-battery/,"Battery storage","The TransGrid Wallgrove Battery will build, test and operate a 50 MW / 75 MWh lithium-ion battery at the Wallgrove substation in western Sydney. The project will use Tesla batteries and demonstrate its innovative synthetic inertia product known as “Virtual Machine Mode”. TransGrid has entered into an agreement with Infigen for use of the 50MW / 75MWh battery for market services.
",$10.14m,$65.46m,TransGrid,"Advancing Renewables Program",02/10/2020,"New South Wales, Wallgrove","Tesla Motors Australia, Infigen Energy ",Past
"Next-Gen Selective-Emitters for Commercial PERC and TOPCon Solar Panels",https://arena.gov.au/projects/next-gen-selective-emitters-for-commercial-perc-and-topcon-solar-panels/,"Solar energy","This project aims to improve the cost-effectiveness of current mass-market solar panels (PERC and TOPCon) by improving cell efficiencies.
",$1.23m,$4.66m,"University of New South Wales","Addressing Solar PV End-of-Life Issues and Lowering Solar PV Cost",19/09/2020,"Kensington, New South Wales","Suzhou Talesun Solar Technologies Co., Ltd Trina Solar Ltd",Past
"Electrically-Enhanced Recycling Process for EoL Si PV-Cells",https://arena.gov.au/projects/electrically-enhanced-recycling-process-for-eol-si-pv-cells/,"Solar energy","The project will develop a high-temperature metal extraction (pyrometallurgical) process that allows high volume and throughput recycling of end-of-life (EOL) silicon (Si) solar PV cells.
",$454k,$1m,"Swinburne University of Technology","Addressing Solar PV End-of-Life Issues and Lowering Solar PV Cost",18/09/2020,"Hawthorn, Victoria","CSIRO, Upala, Environstream Australia",Past
"Efficient, Low-Cost, Eco-Friendly Solar PV Recycling Technology",https://arena.gov.au/projects/efficient-low-cost-eco-friendly-solar-pv-recycling-technology/,"Solar energy","This project will develop a highly efficient and low-cost recycling system to recover valuable metals and silicon from end-of-life photovoltaic panels.
",$1.36m,$7.23m,"University of New South Wales","Addressing Solar PV End-of-Life Issues and Lowering Solar PV Cost",18/09/2020,"Kensington, New South Wales","Azure Mining Technology, GrapheneX, Visy Recycling Australia, Providences Assets, JinkoSolar, Trina Solar, Central South University, DuPont, Research and Development Center China, Silicon Corporation (ENFI Group)",Past
"Closed-Loop Recycling and Remanufacturing EoL Solar PV",https://arena.gov.au/projects/closed-loop-recycling-and-remanufacturing-eol-solar-pv/,"Solar energy","Developing economically-viable technologies to recycle solar modules and reuse recycled materials to remanufacture &#8220;new&#8221; PV modules.
",$1.56m,$6.05m,"University of New South Wales","Addressing Solar PV End-of-Life Issues and Lowering Solar PV Cost",18/09/2020,"Kensington, New South Wales","LONGi Green Energy Technology, Sino-American Silicon Products, PVTECH Global, Korean Institute of Energy Research",Past
"Durable Silicon Perovskite Tandem Photovoltaics",https://arena.gov.au/projects/durable-silicon-perovskite-tandem-photovoltaics/,"Solar energy","This project aims to improve the durability of perovskites for silicon (Si)-perovskite tandem photovoltaics for the technology to be cost effective.
",$987k,$2.63m,"University of Sydney","Addressing Solar PV End-of-Life Issues and Lowering Solar PV Cost",18/09/2020,"Camperdown, New South Wales","Australian National University, Macquarie University, University of New South Wales, AGP America S.A",Past
"Triple Junction Silicon Perovskite Tandem Photovoltaics",https://arena.gov.au/projects/triple-junction-silicon-perovskite-tandem-photovoltaics/,"Solar energy","This project aims to demonstrate high efficiency triple-junction silicon (Si)-perovskite-perovskite solar cells and conduct techno-economic-analysis identifying research directions for cell design and material choice.
",$1.49m,$3.89m,"University of Sydney","Advancing Renewables Program",18/09/2020,"Camperdown, New South Wales","Australian National University, Macquarie University, University of New South Wales, Shenzhen Heiking PV Technology Pty Ltd",Past
"Antimony Chalcogenide: Top Cell Alternative for Silicon Tandem Cells",https://arena.gov.au/projects/antimony-chalcogenide-top-cell-alternative-for-silicon-tandem-cells/,"Solar energy","This project aims to reduce the cost of silicon (Si) based tandem solar cells by developing an earth-abundant, restriction of hazardous substances (RoHS)-compliant antimony chalcogenide top cell.
",$693k,$2.91m,"University of New South Wales","Research and Development",18/09/2020,"Kensington, New South Wales","University of Science and Technology of China, Eastern China Normal University, Open Instrument, California Technology Centre, First Solar, The University of Alabama, Jinko Solar Holding, Daeyeon C&I Co.",Past
"Vapour Deposited Passivating Contacts for High Efficiency Silicon Solar Cells",https://arena.gov.au/projects/vapour-deposited-passivating-contacts-for-high-efficiency-silicon-solar-cells/,"Solar energy","This project commercialises an ANU-patented technology enabling simpler, safer and cheaper fabrication of next-generation silicon solar cells.
",$404k,$1.2m,"Australian National University","Addressing Solar PV End-of-Life Issues and Lowering Solar PV Cost",18/09/2020,"Australian Capital Territory, Canberra","Swiss Center for Electronics and Microtechnology (CSEM)",Past
"Substitution of Niche-Market PV Production Tools with Cost-Effective Consumer-Electronics",https://arena.gov.au/projects/substitution-of-niche-market-pv-production-tools-with-cost-effective-consumer-electronics/,"Solar energy","This project aims to reduce the cost of solar photovoltaic (PV) manufacturing by using low-cost consumer electronics as drop-in replacements to optimise conventional production line tools.
",$420k,$1.62m,"Macquarie University","Addressing Solar PV End-of-Life Issues and Lowering Solar PV Cost",18/09/2020,"Macquarie Park, New South Wales","University of New South Wales, Soleritas, Hanwha Q Cells GmbH",Past
"Monolithic Si/Perovskite Tandem Solar Cell: Towards High-Efficiency at Low-Cost",https://arena.gov.au/projects/monolithic-si-perovskite-tandem-solar-cell-towards-high-efficiency-at-low-cost/,"Solar energy","This project will develop innovative concepts and advanced designs towards commercially-viable silicon/perovskite tandem solar cells.
",$1.13m,$4.11m,"The Australian National University","Addressing Solar PV End-of-Life Issues and Lowering Solar PV Cost",18/09/2020,"Australian Capital Territory, Canberra","University of Melbourne, Risen Energy, King Abdullah University of Science and Technology, Swiss Federal Institute of Technology Lausanne",Past
"Heterocontact-Polysilicon Hybrid Interdigitated Back Contact Solar Cells",https://arena.gov.au/projects/heterocontact-polysilicon-hybrid-interdigitated-back-contact-solar-cells/,"Solar energy","The project aims to develop Heterocontact-Polysilicon Hybrid interdigitated back contact (IBC) solar cells with efficiency of 24% and above.
",$507k,$1.59m,"The Australian National University","Addressing Solar PV End-of-Life Issues and Lowering Solar PV Cost",18/09/2020,"Australian Capital Territory, Canberra","Jinko Solar",Past
"Reduced Solar Module Temperature",https://arena.gov.au/projects/reduced-solar-module-temperature/,"Solar energy","The Reduced Solar Module Temperature will demonstrate methods to change solar panel design to lower operating temperatures in the field. Lower operating temperatures will lead to increased power output and improve system lifetime.
",$1.76m,$5.8m,"University of New South Wales","Addressing Solar PV End-of-Life Issues and Lowering Solar PV Cost",18/09/2020,"New South Wales, Sydney","5B Australia, YCGC, 3M Electrical Markets Division, Flat Grass Group, Canadian Solar, JA Solar, Jinko Solar, Longi Solar Technology",Past
"Lower Solar PV Cost by a Combination of Luminescence Images and Machine-Learning",https://arena.gov.au/projects/lower-solar-pv-cost-by-a-combination-of-luminescence-images-and-machine-learning/,"Solar energy","This project aims to develop machine learning algorithms to manufacture solar cells cheaper and with less manufacturer faults.
",$694k,$2.81m,"University of New South Wales","Addressing Solar PV End-of-Life Issues and Lowering Solar PV Cost",18/09/2020,"Kensington, New South Wales","BT Imaging, Jinko Solar",Past
"Stable Perovskite Modules Under Real-World Conditions",https://arena.gov.au/projects/stable-perovskite-modules-under-real-world-conditions/,"Solar energy","This project aims to improve the durability and reliability of perovskite solar modules under partial shading conditions.
",$735k,$2.12m,"The Australian National University","Addressing Solar PV End-of-Life Issues and Lowering Solar PV Cost",18/09/2020,"Australian Capital Territory, Canberra","&Eacute;cole Polytechnique F&eacute;d&eacute;rale de Lausanne",Past
"Multifunctional Dielectric Layers Enabling Production of High-Efficiency Solar Cells",https://arena.gov.au/projects/multifunctional-dielectric-layers-enabling-production-of-high-efficiency-solar-cells/,"Solar energy","This project will investigate the use of novel multifunctional dielectric layers to simplify processing of high-efficiency silicon solar cells.
",$455k,$1.28m,"The Australian National University","Addressing Solar PV End-of-Life Issues and Lowering Solar PV Cost",18/09/2020,"Australian Capital Territory, Canberra","Eindhoven University of Technology (Netherlands), SunPower Corporation (USA)",Past
"New Materials-Singlet Fission Enhanced Silicon Solar Cells",https://arena.gov.au/projects/new-materials-singlet-fission-enhanced-silicon-solar-cells/,"Solar energy","The project aims to demonstrate effective use of high energy photons to improve solar cell efficiency by using multiple exciton generation (MEG).
",$1.29m,$2.92m,"The University of Melbourne","Addressing Solar PV End-of-Life Issues and Lowering Solar PV Cost",18/09/2020,"Parkville, Victoria","The University of Queensland, The Australian National University",Past
"Tesla Virtual Power Plant",https://arena.gov.au/projects/tesla-virtual-power-plant/,"Battery storage","With the support of the South Australian Government, Tesla and electricity retailer Energy Locals are developing South Australia’s Virtual Power Plant (SA VPP) &#8211; a network of potentially 50,000 solar and Tesla Powerwall home battery systems across South Australia forming the world’s largest VPP.
",$8.2m,$64.17m,"Tesla Motors Australia","Advancing Renewables Program",25/08/2020,"South Australia","Energy Locals, SA Power Networks, Clean Energy Finance Corporation (CEFC), Government of South Australia, South Australian Housing Trust",Past
"AEMO - Project EDGE (Energy Demand and Generation Exchange)",https://arena.gov.au/projects/project-edge-energy-demand-and-generation-exchange/,"System security and reliability","Project EDGE (Energy Demand and Generation Exchange) was a multi- year, 320+ premises project to demonstrate an off-market, proof-of-concept Distributed Energy Resource (DER) Marketplace that would efficiently operate DER to provide both wholesale and local network services within the constraints of a specific area of the power distribution grid.
",$12.92m,$28.03m,"Australian Energy Market Operator Limited (AEMO)","Advancing Renewables Program",03/08/2020,"Melbourne, Victoria","Ausnet Electricity Services, Mondo Power, University of Melbourne",Past
"Alice Springs Future Grid Project",https://arena.gov.au/projects/alice-springs-future-grid-project/,"Solar energy","The Alice Springs Future Grid project focused on addressing barriers to further renewable energy penetration in the local electricity network. 
",$2.17m,$10.23m,"Desert Knowledge Research Institute","Advancing Renewables Program",31/07/2020,"Alice Springs, Northern Territory","Desert Knowledge Australia, Power and Water Corporation, Ekistica, Power Generation Corporation t/a Territory Generation, CSIRO, Arid Lands Environment Centre Inc, Power Retail Corporation t/a Jacana Energy",Past
"Origin Energy Electric Vehicles Smart Charging Trial",https://arena.gov.au/projects/origin-energy-electric-vehicles-smart-charging-trial/,"Electric vehicles","A large-scale trial to demonstrate the use of smart chargers to manage residential and fleet electric vehicle (EV) charging.
",$838k,$2.92m,"Origin Energy Ltd","Advancing Renewables Program",28/07/2020,"Australian Capital Territory, New South Wales, Queensland, South Australia, Victoria","United Energy Distribution, Ausgrid Operator Partnership, Nissan Motor Co. (Australia),  Hyundai Motor Company Australia, Custom Service Leasing, Schneider Electric (Australia), GreenFlux Assets B.V",Past
"SA Power Networks Flexible Exports for Solar PV Trial",https://arena.gov.au/projects/sa-power-networks-flexible-exports-for-solar-pv-trial/,"Solar energy","This SA Power Networks Flexible Exports for Solar PV Trial project aims to produce a flexible connection option for solar PV systems, so customers don’t have to limit electricity export to permanent zero or near-zero in congested areas.
",$2.08m,$4.84m,"SA Power Networks","Advancing Renewables Program",01/07/2020,"Richmond, South Australia","AusNet Services, SwitchDin, Fronius, SMA, SolarEdge",Past
"Central West NSW Energy Zone Detailed Scoping Study",https://arena.gov.au/projects/central-west-nsw-energy-zone-detailed-scoping-study/,"System security and reliability","TransGrid will conduct a detailed feasibility study to develop Australia’s first Renewable Energy Zone (REZ) in Central-West Orana, New South Wales (NSW).
",$5m,$16.22m,TransGrid,"Advancing Renewables Program",23/06/2020,"Central-West Orana, New South Wales","NSW Department of Planning, Industry and Environment",Past
"Stability Enhancing Measures for Weak Grids Study",https://arena.gov.au/projects/stability-enhancing-measures-for-weak-grids/,"System security and reliability","Researchers at Monash University will conduct a desktop study to explore issues and strategies associated with connecting inverter-connected plants such as batteries, solar, and wind into weak electricity grids.
",$559k,$1.36m,"Monash University","Advancing Renewables Program",18/06/2020,"Clayton, Victoria","AusNet Services, AEMO, ABB Australia",Past
"Realising Electric Vehicle-to-Grid Services",https://arena.gov.au/projects/realising-electric-vehicle-to-grid-services/,"Electric vehicles","The Realising Electric Vehicle-to-Grid Services project seeks to unlock the full economic and grid benefits of vehicle-to-grid (V2G) services in Australia.
",$2.73m,$7.22m,"Icon Retail Investments LimitedAGL ACT Retail Investments (trading as ActewAGL Retail)","Advancing Renewables Program",16/06/2020,"Australian Capital Territory, Civic","Australian National University, The ACT Government, SG Fleet Australia, JET Charge, Nissan Motor Co. (Australia), Icon Distribution Investments Limited, Jemena Networks (ACT) (as Evoenergy)",Past
"Project GERI Feasibility Study",https://arena.gov.au/projects/project-geri-feasibility-study/,"Hydrogen energy","The Geraldton Export-Scale Renewable Investment (GERI) Feasibility Study will explore the potential for developing a green hydrogen and ammonia production supply chain.
",$1.58m,$4.29m,"BP Australia Pty Ltd","Advancing Renewables Program",15/04/2020,"Geraldton, Western Australia","GHD Group Limited",Past
"Gridded Renewables Nowcasting Demonstration over South Australia",https://arena.gov.au/projects/gridded-renewables-nowcasting-demonstration-over-south-australia/,"System security and reliability","Solcast will develop a proof of concept demonstration of a forecasting tool which will track and predict renewable energy output over South Australia in real time.
",$994k,$2.91m,"Solar and Storage Modelling Pty Ltd","Advancing Renewables Program",30/03/2020,"South Australia","AEMO, The Weather Company, Energy Australia, SA Power Networks and TESLA Asia Pacific",Past
"Impact and Management of Harmonic Distortion for Large Renewable Generators",https://arena.gov.au/projects/impact-and-management-of-harmonic-distortion-for-large-renewable-generators/,"System security and reliability","This project will investigate the impact and management of harmonic distortion at large renewable energy farms.
",$146k,$304k,"The University of Wollongong","Advancing Renewables Program",30/03/2020,"New South Wales, Wollongong","Edify Energy, ElectraNet, Essential Energy, Neoen Australia, RES Australia, Endeavour Energy, Transgrid, Vestas",Past
"Energy from Waste Through Pyrolysis",https://arena.gov.au/projects/energy-from-waste-through-pyrolysis/,"Bioenergy / Energy from waste","The project involves the design, build and operation of a 1.5 tonne/hour pre-commercial demonstration energy-from-waste (EfW) plant located in the Shire of Collie in Western Australia.
",$4.3m,$9.8m,Renergi,"Advancing Renewables Program",30/03/2020,"Western Australia","Shire of Collie, South West Development Commission",Past
"SunDrive Copper Metallisation Demonstration",https://arena.gov.au/projects/sundrive-copper-metallisation-demonstration/,"Solar energy","The SunDrive Copper Metallisation Demonstration project aims to progress SunDrive’s copper electrochemical solar cell technology to the next stage of commercialisation.
",$3m,$9m,"SunDrive Solar (SunDrive)","Advancing Renewables Program",23/03/2020,"New South Wales, Wollongong",None,Past
"APA Renewable Methane Demonstration Project",https://arena.gov.au/projects/apa-renewable-methane-demonstration-project/,"Hydrogen energy","APA Group (APA) will build a modular renewable methane production demonstration plant at their Wallumbilla Gas hub near Roma in Queensland.
",$1.1m,$2.26m,"APT Facility Management","Advancing Renewables Program",20/03/2020,"Queensland, Roma","Southern Green Gas ",Past
"Reactive Technologies - System Inertia Measurement Demonstration",https://arena.gov.au/projects/reactive-technologies-system-inertia-measurement-demonstration/,"System security and reliability","Reactive Technologies will demonstrate and measure its inertia measurement technology (Grid-Sonar™) on the Australian power system.
",$1.43m,$3.07m,"Reactive Technologies","Advancing Renewables Program",17/03/2020,"Moorabool, Victoria","Australian Energy Market Operator (AEMO), Neoen, Department of Environment, Land, Water and Planning (Victorian Government), Melbourne Energy Institute",Past
"The Hazer Process: Commercial Demonstration Plant",https://arena.gov.au/projects/the-hazer-process-commercial-demonstration-plant/,"Hydrogen energy","The Hazer Commercial Demonstration Plant will demonstrate Hazer’s proprietary hydrogen production technology, which converts biogas from sewage treatment into hydrogen and graphite.
",$9.41m,$22.57m,"Hazer Group","Advancing Renewables Program",13/03/2020,"Munster, Western Australia",None,Current
"Stanwell Hydrogen Electrolysis Deployment Feasibility Study",https://arena.gov.au/projects/stanwell-hydrogen-electrolysis-deployment-feasibility-study/,"Hydrogen energy","Stanwell is investigating the feasibility of a large (10 MW or bigger) hydrogen electrolysis demonstration plant at Stanwell Power Station, near Rockhampton in Queensland.
",$913k,$3.65m,"Stanwell Corporation Limited","Advancing Renewables Program",13/03/2020,"Queensland, Rockhampton","Advisian, Deloitte Financial Advisory",Past
"Industry ETI Establishment Phase",https://arena.gov.au/projects/industry-eti-establishment-phase/,"Renewables for industry","The project aims to design and establish the foundations for the Australian Industry Energy Transitions Initiative (ETI), which supports Australian industry to develop pathways and actions to help critical supply chains reduce their emissions .
",$300k,$794k,"Monash University (ClimateWorks Australia)","Advancing Renewables Program",06/03/2020,"Melbourne, Victoria","Climate-KIC Australia Ltd, Rocky Mountain Institute, CSIRO Energy Transitions Commission",Past
"Renewable Energy for Process Heat Opportunity Study",https://arena.gov.au/projects/renewable-energy-for-process-heat-opportunity-study/,"Bioenergy / Energy from waste","This Renewable Energy for Process Heat Opportunity Study aims to accelerate the adoption of renewable energy in industrial and commercial process heating.
",$473k,$949k,"Australian Alliance for Energy Productivity Limited and Climate-KIC Australia Limited","Advancing Renewables Program",09/02/2020,"New South Wales, South Australia, Tasmania, Victoria","Sustainability Victoria, Office of Environment and Heritage NSW",Past
"Yara Pilbara Renewable Ammonia Feasibility Study",https://arena.gov.au/projects/yara-pilbara-renewable-ammonia-feasibility-study/,"Hydrogen energy","The Yara Pilbara Renewable Ammonia Feasibility Study is for a demonstration-scale renewable hydrogen and renewable ammonia production and export facility on the Burrup Peninsula, Western Australia.
",$944k,$3.64m,"Yara Pilbara Fertilisers Pty Ltd","Advancing Renewables Program",24/01/2020,"Murujuga, Western Australia","Engie Services Australia",Past
"TransGrid New England Renewable Energy Zone",https://arena.gov.au/projects/transgrid-new-england-renewable-energy-zone/,"Solar energy","TransGrid Services (TGS) will assess the feasibility of developing a New England Energy Zone in New South Wales (NSW). This project will focus on identifying a new commercial model to encourage transmission infrastructure development and connect new renewable energy projects in NSW.
",$995k,$3.44m,"TransGrid Services Pty Limited (TGS)","Advancing Renewables Program",17/01/2020,"New England, New South Wales",None,Past
"Renewable Energy Hub Marketplace",https://arena.gov.au/projects/renewable-energy-hub-marketplace/,"Renewables for industry","The Renewable Energy Hub Marketplace project will develop new hedge contracts designed for clean energy technologies and host them on a digital firming marketplace.
",$845k,$1.72m,"Renewable Energy Hub","Advancing Renewables Program",16/01/2020,"Melbourne, Victoria","Marchment Hill Consulting Pty Ltd",Past
"Short Term Off-River Energy Storage Stage 2 (STORES 2)",https://arena.gov.au/projects/short-term-off-river-energy-storage-stage-2-stores-2/,"Hydropower / Pumped Hydro Energy Storage","The Australian National University (ANU) will produce a comprehensive atlas of potential pumped hydro energy storage (PHES) development sites in Australia to increase variable wind and solar generation.
",$308k,$840k,"The Australian National University","Advancing Renewables Program",14/01/2020,"Australian Capital Territory",None,Past
"Renewable Energy for Process Heat Opportunity Study Phase 2",https://arena.gov.au/projects/renewable-energy-for-process-heat-opportunity-study-phase-2/,"Renewables for industry","The Renewable Energy for Process Heat Opportunity Study Phase 2 aims to accelerate the adoption of renewable energy in industrial and commercial process heating. This project builds upon previous work funded by ARENA under the Renewable Energy for Process Heat Opportunity Study.
",$482k,$879k,"Australian Alliance for Energy Productivity Limited ","Advancing Renewables Program",01/01/2020,"New South Wales","Climate-KIC Australia Limited, Sustainability Victoria, Department of Planning, Industry and Environment (NSW)",Past
"Solar Power Plant Phase 1",https://arena.gov.au/projects/solar-power-plant-phase-1/,"Concentrated solar thermal","The Solar Power Plant Phase 1 project aims to develop and commercialise a utility-scale solar and storage technology in Australia.
",$3m,$6m,"Raygen Resources Pty Ltd","Advancing Renewables Program",01/01/2020,"Blackburn, Victoria","GHD Pty Ltd, AGL Energy Services Pty Ltd",Past
"Australian Hydrogen Centre",https://arena.gov.au/projects/australian-hydrogen-centre/,"Hydrogen energy","The Australian Hydrogen Centre will assess the feasibility of blending renewable hydrogen into gas distribution networks in Victoria and South Australia.
",$1.28m,$4.15m,"Australian Gas Networks Limited","Advancing Renewables Program",23/12/2019,"South Australia, Victoria","Department for Energy and Mining, Department of Environment, Land, Water and Planning, AusNet Services, Engie Energy Services, Neoen Australia  ",Past
"Energy Freedom Solar Electric Vehicle Pilot",https://arena.gov.au/projects/energy-freedom-solar-electric-vehicle-pilot/,"Electric vehicles","The Energy Freedom Solar Electric Vehicle Pilot developed by Applied Electric Vehicles Pty Ltd (AEV) will produce a lightweight, energy efficient, autonomous electric vehicle (EV) that will incorporate a solar photovoltaic (PV) roof and lithium-ion battery system.
",$2m,$7.65m,"Applied Electric Vehicles (AEV)","Advancing Renewables Program",20/12/2019,"Bayswater North, Victoria",None,Past
"Allume Rooftop Solar Salvation Army Pilot Demonstration",https://arena.gov.au/projects/allume-rooftop-solar-salvation-army-pilot-demonstration/,"Solar energy","Allume Energy will further develop the ‘SolShare’ to enable The Salvation Army (TSA) to on-sell excess solar energy to other, separately metered tenancies in their building.
",$220k,$1.03m,"Allume Energy Pty Ltd","Advancing Renewables Program",20/12/2019,Tasmania,"Green Peak Energy Pty Ltd, I Want Energy Pty Ltd, Improv Pty Ltd",Past
"Advancing Renewables in the Manufacturing Sector",https://arena.gov.au/projects/advancing-renewables-in-the-manufacturing-sector/,"Renewables for industry","The Advancing Renewables Manufacturing Sector project will help Queensland manufacturers improve their energy productivity, reduce emissions and drive sector improvements through energy assessments, a web-based portal, knowledge sharing and public forums.
",$250k,$600k,"Shell Energy","Advancing Renewables Program",20/12/2019,"Brisbane, Queensland","Queensland Department of State Development, Manufacturing, Infrastructure and Planning The Australian Industry Group",Past
"Rheem Active Hot Water Control",https://arena.gov.au/projects/rheem-active-hot-water-control/,"Distributed energy resources","The Rheem Active Hot Water Control project aims to demonstrate active control over residential hot water systems in South Australia.
",$734k,$3.7m,"Rheem Australia","Advancing Renewables Program",20/12/2019,"South Australia","Combined Energy Technologies, Marchment Hill Consulting, SA Power Networks, Simply Energy ",Past
"Hornsdale Power Reserve Upgrade",https://arena.gov.au/projects/hornsdale-power-reserve-upgrade/,"Battery storage","The Hornsdale Power Reserve Upgrade project involves a 50 MW / 64.5 MWh expansion of the Hornsdale Power Reserve, showcasing the additional benefits grid-scale batteries can provide to the National Electricity Market and Australian consumers.
",$8m,$71m,"Neoen Australia","Advancing Renewables Program",19/12/2019,"Hornsdale, South Australia",Tesla,Current
"Frasers Property Net Zero Energy Demand Homes",https://arena.gov.au/projects/net-zero-energy-demand-homes/,"Distributed energy resources","Frasers Property Australia will build 51 medium density energy efficient homes to demonstrate the feasibility of achieving zero energy demand homes at scale.
",$708k,$1.41m,"Frasers Property Australia","Advancing Renewables Program",18/12/2019,"Liverpool, New South Wales",None,Past
"Clean Energy Startup Support Programs",https://arena.gov.au/projects/clean-energy-startup-support-programs/,"Renewables for industry","The Clean Energy Startup Support Programs project will launch four programs designed to accelerate the progress of entrepreneurs deploying renewable energy and complementary technologies.
",$480k,$1.19m,"EnergyLab Australia ","Advancing Renewables Program",16/12/2019,"New South Wales, Queensland, Victoria","Origin Energy Retail, Powerlink, AusNet Services, University of Technology Sydney, Clean Energy Finance Corporation",Past
"Photothermal Absorption Spectrometer for Cost Reduction in PV Materials",https://arena.gov.au/projects/photothermal-absorption-spectrometer-for-cost-reduction-in-pv-materials/,"Solar energy","The Photothermal absorption spectrometer for cost reduction in PV materials project will accelerate solar photovoltaic (PV) research by commercialising an ultra-sensitive tool to measure contamination levels of advanced PV materials.
",$100k,$364k,"University of New South Wales","Commercialisation of R&D Funding Initiative Pilot",13/12/2019,"Kensington, New South Wales","Open Instruments",Past
"Displacement of Gas by Thermal Energy Storage",https://arena.gov.au/projects/displacement-of-gas-by-thermal-energy-storage/,"Renewables for industry","The Displacement of gas by thermal energy storage project aims to demonstrate a scalable system that can displace gas use for process heating using energy from renewable resources and thermal energy storage.
",$103k,$229k,"University of South Australia","Commercialisation of R&D Funding Initiative Pilot",12/12/2019,"Mawson Lakes, South Australia",None,Past
"Photoluminescence Imaging Tool",https://arena.gov.au/projects/photoluminescence-imaging-tool/,"Large-scale solar","The Photoluminescence Imaging Tool project will develop a prototype of a commercial photoluminescence imaging tool to monitor and diagnose the performance of solar modules located on site.
",$100k,$462k,"University of New South Wales","Commercialisation of R&D Funding Initiative Pilot",12/12/2019,"Kensington, New South Wales","PV Evolution Labs (USA)",Past
"Building Integrated Photovoltaics (BIPV) Enabler",https://arena.gov.au/projects/building-integrated-photovoltaics-bipv-enabler/,"Renewables in buildings","The Building Integrated Photovoltaics (BIPV) Enabler project will develop a user friendly platform that integrates product, regulation, technical, economic and construction data to create a leading Building Integrated Photovoltaics (BIPV) solution.
",$100k,$320k,"Royal Melbourne Institute of Technology (RMIT)","Commercialisation of R&D Funding Initiative Pilot",05/12/2019,"Melbourne, Victoria","City of Greater Bendigo, International Energy Agency PV Power System (IEA PVPS) Task 15 BIPV, Energus, International Building Performance Simulation Association, Smart Energy Council, Australian PV Institute, Aurecon, Norman Disney & Young",Past
"Pilot Project to Trial Solar F2D2",https://arena.gov.au/projects/pilot-project-to-trial-solar-f2d2/,"Large-scale solar","The Pilot Project to Trial Solar F2D2 project aims to trial a new, advanced solar farm diagnostics and reliability enhancement tool &#8211; Solar Farm Fault Detection and Diagnosis (Solar F2D2).
",$95k,$293k,"The University of Queensland","Commercialisation of R&D Funding Initiative Pilot",29/11/2019,"Lawes, Queensland","Weidmuller Australia",Past
"Affordable Heating and Cooling Innovation Hub (iHub)",https://arena.gov.au/projects/affordable-heating-and-cooling-innovation-hub-ihub/,"Demand response","The Affordable Heating and Cooling Innovation Hub (iHub) project aims to demonstrate how renewable energy technology can be optimally integrated with heating, ventilation, air-conditioning and refrigeration (HVAC&amp;R) equipment in commercial buildings.
",$6.48m,$16.72m,"The Australian Institute of Refrigeration, Air Conditioning and Heating","Advancing Renewables Program",19/11/2019,"Melbourne, Victoria","Commonwealth Scientific and Industrial Research Organisation, Queensland University of Technology, University of Melbourne, The University of Wollongong",Past
"Mirvac Net Zero Energy Homes",https://arena.gov.au/projects/net-zero-energy-homes/,"Renewables in buildings","The Net Zero Energy Homes project will see Mirvac complete the design, marketing, sales and construction of a ‘net zero energy’ housing estate in the Melbourne suburb of Altona North.
",$784k,$2.05m,"Mirvac Victoria Pty Ltd","Advancing Renewables Program",13/11/2019,"Altona, Victoria",None,Past
"BT Imaging LIS-M1 Solar Module Inspection System",https://arena.gov.au/projects/bt-imaging-lis-m1-solar-module-inspection-system/,"Solar energy","This project aims to take BT Imaging’s LIS-M1 solar module inspection technology from a prototype to a large-scale trial, with prospects for commercial deployment.
",$999k,$2.71m,"BT Imaging","Advancing Renewables Program",08/11/2019,"Alexandria, Melbourne, New South Wales, Victoria, Waterloo","Octopus BT Imaging, Octopus Investments, 5B PV, Evolution Labs",Past
"OMPS New England PHES Benefits Study",https://arena.gov.au/projects/omps-new-england-phes-benefits-study/,"Hydropower / Pumped Hydro Energy Storage","The Oven Mountain Pumped Hydro Energy Storage (OMPS PHES) project will undertake a study analysing the benefits of a 600 megawatt (MW) ‘off-river’ PHES facility in the New England Renewable Energy Zone (REZ), with up to 12 hours storage.
",$666k,$1.94m,"OMPS Pty Ltd","Advancing Renewables Program",31/10/2019,"New South Wales","Alinta Energy ",Past
"Bright Thinkers Power Station",https://arena.gov.au/projects/bright-thinkers-power-station/,"Solar energy","This Bright Thinkers Power Station project will develop and construct a 1.7 MW industrial rooftop solar PV system to demonstrate the Bright Thinkers Power Station (BTPS) concept.
",$496k,$2.62m,"BTPS 1 Pty Ltd","Advancing Renewables Program",22/10/2019,"Keeps Creek, New South Wales","Epho Pty Ltd",Past
"My Energy Marketplace",https://arena.gov.au/projects/wattwatchers-my-energy-marketplace/,"Distributed energy resources","Wattwatchers aims to build, operate and deploy the ‘My Energy Marketplace’ or MEM, a consumer-facing energy data platform, designed to securely collect, process and productise vast amounts of energy data.
",$2.7m,$8.24m,"Energy Saving Networks Group Pty Ltd t/a Wattwatchers Digital Energy","Advancing Renewables Program",22/10/2019,"New South Wales, St Leonards","Australian National University (ANU), Accurassi (Knowledge-Global Pty Ltd), Cogniss (2and2 Pty Ltd), Solar Schools (iWeb Solutions Pty Ltd)",Past
"APA Fortescue Solar Gas Hybrid Project",https://arena.gov.au/projects/alinta-fortescue-solar-gas-hybrid-project/,"Battery storage","The APA Fortescue Solar Gas Hybrid Project will be developed, owned and operated by APA. The facility consists of 60 MW AC solar PV integrated with a 35 MW battery storage facility at the Newman gas-fired power station in the Pilbara region of WA.
Alinta completed the construction of the project, achieving practical completion in November 2021.
On 1 November 2023, APA Group Limited (APA) acquired Alinta’s Pilbara Energy Operations which included power generation and transmission assets in Port Hedland, Newman and included the Chichester Solar Gas Hybrid project.
",$24.2m,$208.3m,"Alinta Energy","Advancing Renewables Program",17/10/2019,"Mount Sheila, Western Australia",None,Current
"Capacity Improvement and Flow Balancing of CST Heating/Cooling System",https://arena.gov.au/projects/capacity-improvement-and-flow-balancing-of-rooftop-cst-heating-cooling-system/,"Concentrated solar thermal","The project will modify Echuca Regional Health’s (ERH) existing rooftop concentrated solar thermal (CST) system to extract and utilise significantly more solar energy, more often, and to lower the cost of operating its cooling service.
",$136k,$258k,"Echuca Regional Health","Advancing Renewables Program",02/10/2019,"Echuca, Victoria",None,Past
"Feasibility Study for a Green Hydrogen and Ammonia Project",https://arena.gov.au/projects/feasibility-study-for-a-green-hydrogen-and-ammonia-project/,"Hydrogen energy","The Feasibility Study for a Green Hydrogen and Ammonia Project is a study by Queensland Nitrates (QNP), Neoen and Advisian (as part of the Worley Group) of using green hydrogen to produce ammonia at QNP’s existing manufacturing plant in Queensland.
",$1.62m,$2.89m,"Queensland Nitrates Pty Ltd","Advancing Renewables Program",23/09/2019,"Moura, Queensland","Neoen Australia Pty Ltd, Advisian Pty Ltd (part of the Worley Group)",Past
"DER Integration and Automation Project",https://arena.gov.au/projects/der-integration-and-automation-project/,"Distributed energy resources","The DER Integration and Automation Project project will demonstrate how collaboration between a Distributed Energy Resources Management System (DERMS) and the GreenSync Decentralised Energy Exchange (deX) platform can unlock existing network hosting capacity to enable consumers to gain more value from their energy assets (such as solar, batteries and electric vehicles).
",$2.05m,$4.11m,Evoenergy,"Advancing Renewables Program",19/09/2019,"Australian Capital Territory","GreenSync, Schneider Electric, Withywindle, SA Power Networks, Energy Queensland Limited",Past
"Advancing Renewables with PCM Thermal Energy Storage",https://arena.gov.au/projects/advancing-renewables-with-pcm-thermal-energy-storage/,"Renewables for industry","The Advancing Renewables with PCM Thermal Energy Storage project aims to demonstrate the technical and economic value of thermal energy storage using phase change material (PCM) and renewable energy optimisation in commercial and industrial heating, ventilation, air conditioning and refrigeration (HVAC-R).
",$1.96m,$4.95m,"Glaciem Cooling Technologies Pty Ltd","Advancing Renewables Program",18/09/2019,"Barossa Valley, Nairne, Queensland, South Australia, Townsville","Montague Orchards, Reef HQ Aquarium, Pernod Ricard Winemakers Pty Ltd, University of South Australia",Past
"Scaling Up Environmental Upgrade Agreements Across Australia",https://arena.gov.au/projects/scaling-up-environmental-upgrade-agreements-across-australia/,"Renewables in buildings","The Scaling up Environmental Upgrade Agreements Across Australia project will see the Better Building Finance program expand into NSW and SA to assist councils and businesses become more sustainable.
",$725k,$1.86m,"Sustainable Melbourne Fund","Advancing Renewables Program",09/09/2019,"Melbourne, Victoria",None,Current
"East Rockingham Waste to Energy",https://arena.gov.au/projects/east-rockingham-waste-to-energy/,"Bioenergy / Energy from waste","The East Rockingham Waste to Energy project will process up to 330,000 tonnes of residual waste per annum and recover energy to produce 28.9 MW of power.
",$18m,$510.8m,"Tribe Infrastructure, New Energy Corporation, HZI","Advancing Renewables Program",23/08/2019,"Perth, Western Australia","Acciona, Suez",Current
"Powerlink Cost-Effective System Strength Study",https://arena.gov.au/projects/powerlink-cost-effective-system-strength-study/,"System security and reliability","The Powerlink Cost-Effective System Strength Study will promote increased awareness of system strength and measures that can be used to manage it, including centralised and coordinated solutions.
",$491k,$922k,Powerlink,"Advancing Renewables Program",06/08/2019,"Queensland, Virginia","Sun Metals Corporation, Pacific Hydro, GHD",Past
"Logan City Biosolids Gasification Project",https://arena.gov.au/projects/logan-city-biosolids-gasification-project/,"Bioenergy / Energy from waste","The Logan City Biosolids Gasification Project is an Australian first initiative that demonstrates how sewage sludge can be transformed into energy.
",$6.22m,$17.28m,"Logan City Council","Advancing Renewables Program",19/07/2019,"Loganholme, Queensland","Downer Utilities, WSP Australia, Cardno (QLD), Pyrocal",Current
"Battery of the Nation Future State NEM Analysis (Stage 2)",https://arena.gov.au/projects/battery-of-the-nation-future-state-nem-analysis-stage-2/,"Hydropower / Pumped Hydro Energy Storage","Hydro Tasmania’s Stage 2 analysis of the future energy market provides perspective on the technical and economic models and frameworks that underpin the Battery of the Nation opportunity.
",$500k,$2m,"Hydro-Electric Corporation","Advancing Renewables Program",19/07/2019,Tasmania,None,Past
"Renewable Green Hydrogen Feasibility",https://arena.gov.au/projects/renewable-green-hydrogen-feasibility/,"Hydrogen energy","The Feasibility of Renewable Green Hydrogen project will conduct and assess the feasibility of producing renewable green hydrogen and ammonia at Dyno Nobel’s existing facility in Moranbah, Queensland.
",$980k,$2.97m,"Dyno Nobel Moranbah Pty Ltd","Advancing Renewables Program",27/06/2019,"Moranbah, Queensland","Incitec Pivot Limited",Past
"Agnew Renewable Energy Microgrid",https://arena.gov.au/projects/agnew-renewable-energy-microgrid/,"Battery storage","A Western Australian gold mine will be the first Australian mine to be powered by a wind, solar, battery and gas microgrid.
",$13.5m,$111.6m,"Agnew Gold Mining Company Pty Ltd","Advancing Renewables Program",11/06/2019,"Leinster, Western Australia","Energy Developments Limited, Goldwind, Juwi, Cummins",Past
"Solar PV Module Design",https://arena.gov.au/projects/solar-pv-module-design/,"Solar energy","The Solar PV Module Design project aims to design a solar PV module that lowers operating temperatures, increases power output and improves a system’s lifespan to further increase solar’s competitiveness.
",$285k,$809k,"The University of New South Wales","Advancing Renewables Program",05/06/2019,"New South Wales, Sydney","3M Company, 5B Solar ",Past
"Module Design for Lower Field Operating Temperature & Improved Yield Study",https://arena.gov.au/projects/module-design-for-lower-field-operating-temperature-improved-yield-study/,"Solar energy","This project aims to design a solar PV module that lowers operating temperatures, increases power output and improves a system’s lifespan to further increase solar’s competitiveness.
",$285k,$809k,"The University of New South Wales","Advancing Renewables Program",05/06/2019,"Kensington, New South Wales","3M Company, 5B Solar",Past
"United Energy Voltage Controlled Frequency Regulation System",https://arena.gov.au/projects/united-energy-voltage-controlled-frequency-regulation-system/,"System security and reliability","The United Energy Voltage Controlled Frequency Regulation System will test United Energy’s Dynamic Voltage Management System capability to deliver Frequency Control Ancillary Services (FCAS) to the Australian Energy Market Operator (AEMO) and the National Electricity Market (NEM)
",$900k,$1.4m,"United Energy Distribution Pty Ltd","Advancing Renewables Program",31/05/2019,Victoria,None,Past
"National Ultrafast EV Charging Infrastructure Network",https://arena.gov.au/projects/national-ultrafast-ev-charging-infrastructure-network/,"Electric vehicles","The National Ultrafast EV Charging Infrastructure Network project by Evie Networks will be deploying Australia’s largest ultra-fast charging infrastructure network. This project will play a significant role in improving Australia’s electric vehicle (EV) readiness by removing driver range anxiety, which is one of the major barriers that limits the adoption of EVs.
",$15m,$50.2m,"Fast Cities Australia Pty Ltd (trading as Evie Networks)","Advancing Renewables Program",28/05/2019,"National, Queensland","St Baker Energy Innovation Fund",Current
"National Energy Simulator Feasibility Study",https://arena.gov.au/projects/national-energy-simulator-feasibility-study/,"System security and reliability","The Australian Energy Market Operator (AEMO), in collaboration with the Commonwealth Scientific and Industrial Research Organisation (CSIRO), is undertaking the National Energy Simulator Feasibility Study to develop a first-in-class, cross-domain, and highly detailed simulation system of Australia’s energy systems.
",$500k,$1.71m,"Australian Energy Market Operator (AEMO)","Advancing Renewables Program",24/05/2019,"Melbourne, Victoria","Commonwealth Scientific and Industrial Research Organisation (CSIRO)",Past
"Renewable Hydrogen Production and Refuelling Project",https://arena.gov.au/projects/renewable-hydrogen-production-and-refuelling-project/,"Hydrogen energy","The Renewable Hydrogen Production and Refuelling Project aims to demonstrate renewable hydrogen production at a commercially viable scale, and help progress the commercialisation of hydrogen for vehicle transport in Australia.
",$1.14m,$4.93m,"BOC Limited","Advancing Renewables Program",01/05/2019,"Pinkenba, Queensland","ITM Power, Queensland University of Technology, Hyundai Motor Company Australia  ",Past
"Commercialisation of Renewable Crude Oil Production",https://arena.gov.au/projects/commercialisation-of-renewable-crude-oil-production/,"Bioenergy / Energy from waste","Southern Oil Refining Pty Ltd aims to build and operate a demonstration scale hydrothermal liquefaction (HTL) reactor to produce crude oil from biosolids (a by-product of treated wastewater) that will be capable of scaling up to commercial scale. The renewable crude oil will be upgraded to renewable diesel (and potentially jet fuel) using the existing facilities at the Northern Oil Refining facility in Gladstone, Queensland.
",$4m,$12.29m,"Southern Oil Refining Pty Ltd","Advancing Renewables Program",23/04/2019,"Gladstone, Queensland","Melbourne Water Corporation, Queensland Urban Utilities",Past
"AEMO Virtual Power Plant Demonstrations",https://arena.gov.au/projects/aemo-virtual-power-plant-demonstrations/,"Distributed energy resources","A Virtual Power Plant (VPP) broadly refers to a group of resources that are coordinated using software and communications technology to deliver services traditionally performed by a conventional power plant. In Australia, grid-connected VPPs focus on coordinating rooftop photovoltaic (PV), battery storage and controllable load devices.
",$3.46m,$7.07m,"Australian Energy Market Operator Limited","Advancing Renewables Program",29/03/2019,Victoria,None,Past
"Decentralised Energy Exchange (deX) Program",https://arena.gov.au/projects/decentralised-energy-exchange/,"Distributed energy resources","GreenSync’s Decentralised Energy Exchange (deX) is a market-enabling digital platform that aims to provide electricity networks with better coordination and control of the increasing volume of distributed energy resources (DER) in the electricity grid. deX also aims to enable consumers to get more value from their energy assets (such as solar, batteries and electric vehicles), by being rewarded for participating in grid services.
",$8.31m,$17.27m,"GreenSync Pty Ltd","Advancing Renewables Program",26/03/2019,Victoria,None,Past
"UniWave200 King Island Project - Wave Swell",https://arena.gov.au/projects/uniwave200-king-island-project-wave-swell/,"Ocean energy","The UniWave200 King Island Project included the design, construction, deployment, installation and operation of the UniWave200, a 200KW wave energy converter near Grassy Harbour on King Island, Tasmania.
",$4.03m,$19.37m,"Wave Swell Energy","Advancing Renewables Program",26/03/2019,"King Island, Tasmania",None,Past
"Intermittent Dynamic Electrowinning Using Renewable Energy",https://arena.gov.au/projects/intermittent-dynamic-electrowinning/,"Off grid","Element 25’s (E25) Pilot studies for Intermittent Dynamic Electrowinning (IDE) Using Renewable Energy Project will examine the viability of using renewable energy to power E25’s Butcherbird metal production process in Western Australia.
",$266k,$756k,"Element 25 Limited","Advancing Renewables Program",22/03/2019,"Kumarina, Western Australia",None,Past
"Lake Bonney Stages 2/3",https://arena.gov.au/projects/lake-bonney-stages-2-3/,"Wind energy","This Lake Bonney Stages 2/3 project introduces a short-term wind production forecasting product into the Australian market from Vestas, Australia’s largest wind energy solution provider, and its wholly owned subsidiary Utopus Insights, an energy analytics provider with 15 years of experience in energy software solutions.
",$405k,$1.1m,"Vestas - Australian Wind Technology Pty Ltd","Advancing Renewables Program",19/03/2019,"German Flat, South Australia","Infigen Energy Services Pty Limited, Utopus Insights, Inc.\",Past
"Solar Power Ensemble Forecaster",https://arena.gov.au/projects/solar-power-ensemble-forecaster/,"Solar energy","Accurately forecasting the output of grid connected solar systems is critical to increasing the overall penetration of solar and renewables on the electrical network. This is important for the stability and management of the electrical system as a whole.
",$1.24m,$3.37m,"Industrial Monitoring & Control (IMC)","Advancing Renewables Program",15/03/2019,"New South Wales, Queensland, Victoria","University of South Australia Centre for Industrial and Applied Mathematics, University of New South Wales, CSIRO",Past
"Ararat Wind Farm",https://arena.gov.au/projects/ararat-wind-farm/,"Wind energy","Forecasts for wind generators operating in the National Electricity Market (NEM) have historically been provided by the Australian Wind Energy Forecasting System (AWEFS).
",$270k,$541k,"DNV GL Australia Pty Ltd","Advancing Renewables Program",14/03/2019,"Victoria, Warrak","Ararat Wind Farm, RES Australia",Past
"Using Upstream LIDAR Measurements",https://arena.gov.au/projects/using-upstream-lidar-measurements-to-improve-the-accuracy-of-5-minute-ahead-wind-forecasts/,"Wind energy","In this Using Upstream LIDAR Measurements project, Windlab will use upstream LIDAR wind profile measurements to augment (supervisory control and data acquisition) SCADA information currently provided to the machine learning algorithms used in 5-minute-ahead wind forecasts.
",$393k,$813k,"Windlab Limited","Advancing Renewables Program",12/03/2019,"Hughenden, Queensland",None,Past
"Charge Together Phase 2",https://arena.gov.au/projects/charge-together-phase-2/,"Electric vehicles","Evenergi’s Charge Together &#8211; Phase 2 project will develop an online platform to help businesses and consumers make informed choices about electric vehicles (EVs), and assist electricity networks to plan for the potential impact of EVs.
",$469k,$1.27m,Evenergi,"Advancing Renewables Program",11/03/2019,"New South Wales, Sydney","Ausgrid, NSW Government, NRMA and South Australian Government",Past
"Lastek Measurement Guidelines for Tandem Solar Cells Project",https://arena.gov.au/projects/lastek-measurement-guidelines-for-tandem-solar-cells/,"Solar energy","The Lastek Measurement Guidelines for Tandem Solar Cells Project develops equipment and procedures to accurately measure the performance of multi-junction (tandem) solar cells. It creates new Australian capability to support growth in tandem solar cell research, which is expected to underpin the next wave of performance improvements for solar PV.
",$732k,$1.61m,"Lastek Pty Ltd","Advancing Renewables Program",26/02/2019,"New South Wales, South Australia",CSIRO,Past
"Toyota Ecopark Hydrogen Demonstration",https://arena.gov.au/projects/toyota-ecopark-hydrogen-demonstration/,"Hydrogen energy","The Toyota Ecopark Hydrogen Demonstration project transformed part of Toyota Australia’s decommissioned car manufacturing plant in Altona (VIC) into a renewable energy hub to produce renewable hydrogen for both stationary energy and transport energy uses.
The project demonstrated the technical and economic feasibility of producing, storing, and using hydrogen sourced from renewable powered electrolysis.
",$3.28m,$7.95m,"Toyota Motor Corporation Australia Limited","Advancing Renewables Program",20/02/2019,"Altona, Victoria",,Past
"REALM: Renewable Energy and Load Management",https://arena.gov.au/projects/realm-renewable-energy-load-management-businesses/,"Renewables for industry","REALM is a feasibility study which demonstrates how optimally integrating on-site renewables, storage and energy productivity can reduce business costs and emissions, while simultaneously supporting the network.
",$428k,$868k,"Institute for Sustainable Futures","Advancing Renewables Program",19/02/2019,"New South Wales, Queensland, South Australia, Victoria","Australian Alliance for Energy Productivity, Schneider Electric",Past
"Wind Forecasting for the NEM",https://arena.gov.au/projects/wind-forecasting-nem/,"Wind energy","Fulcrum3D’s wind forecasting for the NEM project aims to reduce uncertainty in wind power generation by providing the Australian Energy Market Operator (AEMO) with high accuracy, short-term wind power forecasts. The project will utilise a turbine agnostic wind forecasting model with distributed sensors.
",$493k,$911k,"Fulcrum3D Pty Ltd","Advancing Renewables Program",07/02/2019,"New South Wales, South Australia, Victoria","Pacific Hydro Pty Ltd",Past
"evolve DER Project",https://arena.gov.au/projects/evolve-der-project/,"Distributed energy resources","The evolve DER project aims to increase the network hosting capacity of distributed energy resources (DER) by maximising their participation in energy, ancillary and network service markets, while ensuring the secure technical limits of the electricity networks are not breached.
",$4.29m,$12.94m,"Zeppelin Bend Pty Ltd ","Advancing Renewables Program",04/02/2019,"Australian Capital Territory, New South Wales, Queensland","The ANU, Energy Queensland, Ergon Energy, Energex, Essential Energy, Endeavour Energy, Ausgrid, Reposit Power, Evergen, Redback Technologies, SwitchDIn, NSW Government",Past
"Aeolius Wind Forecasting Project",https://arena.gov.au/projects/aeolius-wind-forecasting-project/,"Wind energy","The Aeolius Wind Forecasting Project led by Aeolius Wind Systems Pty Ltd aims to demonstrate two innovative and complementary energy forecasting technologies for use in the National Electricity Market (NEM).
",$1.89m,$4.96m,"Aeolius Wind Systems","Advancing Renewables Program",31/01/2019,"MacArthur, Victoria","AGL Energy Ltd, Curtin University, Adelaide University",Current
"Proa Analytics Solar Forecasts",https://arena.gov.au/projects/proa-analytics-solar-forecasts/,"Solar energy","The Innovative Optimally Combined Solar Forecasts project recognises that power output of a solar farm fluctuates due to cloud motion over the site.
",$728k,$1.39m,"Proa Analytics Pty Ltd","Advancing Renewables Program",21/01/2019,"Queensland, Victoria","Sieltec Canarias, Oakey 1 Asset Company Pty Ltd, Genex Power Limited",Past
"Wind Forecasting Demonstration Project",https://arena.gov.au/projects/wind-forecasting-demonstration-project/,"Wind energy","Meridian Energy Australia (MEA) and the University of Melbourne are developing innovative techniques to improve 5 minute ahead, Unconstrained Intermittent Generation Forecasts (UIGF) for the Australian Energy Market Operator (AEMO).
",$2.18m,$5.52m,"Meridian Energy Australia","Advancing Renewables Program",17/01/2019,"South Australia, Victoria","University of Melbourne",Past
"Advanced VPP Grid Integration",https://arena.gov.au/projects/advanced-vpp-grid-integration/,"Distributed energy resources","The Advanced VPP Grid Integration project aims to show how higher levels of energy exports to the grid from customer solar and battery systems can be enabled through dynamic, rather than fixed, export limits, and to test the value this can create for customers and Virtual Power Plant (VPP) operators.
",$1.03m,$2.48m,"SA Power Networks","Advancing Renewables Program",15/01/2019,"South Australia","Tesla Motors Australia, CSIRO",Past
"Enhanced Reliability Through Short Time Resolution Data",https://arena.gov.au/projects/enhanced-reliability-through-short-time-resolution-data-around-voltage-disturbances/,"Distributed energy resources","Increased penetration of distributed energy resources (DER) are leaving power system operations vulnerable to the operating behaviour of a multitude of diverse, distributed generators.
",$491k,$1.28m,"Solar Analytics","Advancing Renewables Program",09/01/2019,"New South Wales",None,Past
"Smart Hot Water System",https://arena.gov.au/projects/smart-hot-water-system/,"Distributed energy resources","The Smart Hot Water System project aims to prove that a fleet of systems can be centrally controlled to manage reverse power flows into the grid and improve power system reliability.
",$40k,$61k,"Royal Automobile Club of Victoria (RACV)","Advancing Renewables Program",09/01/2019,Victoria,"Reposit Power, WheezyTech, Wilson Industries, Citipower, Powercor Australia, United Energy Distribution",Past
"Community Models for Deploying and Operating DER",https://arena.gov.au/projects/community-models-for-deploying-and-operating-distributed-energy-resources/,"Distributed energy resources","The increasing prevalence of behind­-the­-meter solar generation and battery storage is often motivated by high network tariffs, which discourage the transport of energy between generation, storage and load assets that are not co-­located.
",$498k,$1.37m,"The Australian National University","Advancing Renewables Program",09/01/2019,"Australian Capital Territory, Queensland, Tasmania, Victoria","Energy Consumers Australia, Energy Networks Association, Enova Community Energy, RePower, Shoalhaven, TasNetworks, Thinking In Colours, Totally Renewable Yackandandah, Evoenergy",Past
"Solar Farm Solutions & the Australian Energy Sector",https://arena.gov.au/projects/solcast-nowcasting-solutions-for-solar-farms/,"Solar energy","The Solar Farm Solutions &amp; the Australian Energy Sector project aims to operationalise, deploy and improve self-forecasting technology for up to eight Australian solar farms and to submit dispatch forecasts to the Australian Energy Market Operator (AEMO) to reduce costs to large-scale solar farms.
",$781k,$2.57m,"Solar and Storage Modelling Pty Ltd","Advancing Renewables Program",09/01/2019,"New South Wales, Queensland, South Australia, Victoria","Wirsol, Oakey 1 Asset Company Pty Ltd, Neoen Australia, Foresight Group, First Solar, EnergyAustralia, Edify Energy, FRV, Dispatch Solutions, CWP Renewables",Past
"Optimal DER Scheduling for Frequency Stability",https://arena.gov.au/projects/optimal-der-scheduling-for-frequency-stability-study/,"Distributed energy resources","This Optimal DER Scheduling for Frequency Stability study will investigate how to optimally schedule distributed energy resources (DER) to provide low-cost frequency stability services within distribution network constraints and while respecting the motivations and primary functionality desired by DER owners (i.e. reduced cost, independence etc.)
",$527k,$1.71m,"The University of Tasmania","Advancing Renewables Program",07/01/2019,Tasmania,"The ANU, TasNetworks, Powerlink Queensland, Technische Universitat Berlin",Past
"Advanced Planning of PV-Rich Distribution Networks Study",https://arena.gov.au/projects/advanced-planning-of-pv-rich-distribution-networks-study/,"Distributed energy resources","This project will develop analytical techniques to assess residential solar PV hosting capacity of electricity distribution networks by leveraging existing network and customer data. This project will also produce planning recommendations to increase solar PV hosting capacity using non-traditional solutions that exploit the capabilities of PV inverters, voltage regulation devices, and battery energy storage systems.
",$203k,$497k,"University of Melbourne","Advancing Renewables Program",07/01/2019,Victoria,Ausnet,Past
"Hydrostor Angas A-CAES Project",https://arena.gov.au/projects/hydrostor-angas-a-caes-project/,"Hydropower / Pumped Hydro Energy Storage","The Hydrostor Angas A-CAES Project is Australia’s first Advanced Compressed Air Energy Storage (A-CAES) facility.
",$0k,$33m,"Hydrostor Australia Pty Ltd.","Advancing Renewables Program",07/01/2019,"South Australia",None,Past
"Advanced Energy Resources Wind, Solar and Battery Project",https://arena.gov.au/projects/advanced-energy-resources-wind-solar-and-battery-project/,"Battery storage","Second-hand wind turbines, solar and a battery will combine to power a remote mine in Western Australia.
",$2.93m,$12.17m,"PGWF Pty Ltd","Advancing Renewables Program",07/01/2019,"Port Gregory, Western Australia","Advanced Energy Resources Pty Ltd",Current
"Demonstration of Three Dynamic Grid-Side Technologies",https://arena.gov.au/projects/demonstration-of-three-dynamic-grid-side-technologies/,"Distributed energy resources","The Demonstration of Three Dynamic Grid-Side Technologies project aims to roll out three novel technologies and intelligent control systems to understand and demonstrate their ability to increase the uptake of distributed energy resources (DER) at the neighbourhood level, safely and cost-effectively.
",$1.06m,$2.12m,"Jemena Electricity Networks (Vic)","Advancing Renewables Program",04/01/2019,Victoria,"AusNet Services, University of NSW, State Grid International Development Co.",Past
"Distributed Energy Resources Hosting Capacity Study",https://arena.gov.au/projects/distributed-energy-resources-hosting-capacity-study/,"Distributed energy resources","The project aims to demonstrate the issues faced by Australian distribution networks in maintaining security and quality of supply in the context of increasing distributed energy resource (DER) penetration.
",$164k,$353k,"Powercor Australia Ltd","Advancing Renewables Program",20/12/2018,"Melbourne, Victoria","ENEA Australia",Past
"Conversion of Remote Crude Oil Beam Pumps to Solar & Battery",https://arena.gov.au/projects/conversion-of-remote-crude-oil-beam-pumps/,"Solar energy","Santos’ trial project will convert 56 crude oil beam pumps, which are engine powered to 100 per cent renewable solar photovoltaic (PV) and battery storage systems.
",$4.2m,$16.05m,"Santos Limited","Advancing Renewables Program",14/12/2018,"Queensland, South Australia",None,Past
"National Low-Voltage Feeder Taxonomy Study",https://arena.gov.au/projects/national-low-voltage-feeder-taxonomy-study/,"Distributed energy resources","The National Low-Voltage Feeder Taxonomy Study aims to produce the first national low-voltage network taxonomy that outlines the real-world characteristics of the distribution system.
",$485k,$2.7m,CSIRO,"Advancing Renewables Program",14/12/2018,"New South Wales, Newcastle","Energy Networks Australia, Ausgrid, AusNet Electricity Services, Western Power, Endeavour Energy, Energy Queensland, Essential Energy, Horizon Power, SA Power Networks, TasNetworks",Past
"Dynamic Limits DER Feasibility Study",https://arena.gov.au/projects/dynamic-limits-der-feasibility-study/,"Distributed energy resources","The Dynamic Limits DER Feasibility Study will explore implementing dynamic distributed energy resources (DER) export limits to better manage voltage and thermal constraints on the electricity network.
",$292k,$798k,"Dynamic Limits Pty Ltd","Advancing Renewables Program",12/12/2018,"New South Wales, South Australia","UniSA, SAGE Automation, Opto22",Past
"Gullen Range Wind Farm Field Study",https://arena.gov.au/projects/gullen-range-wind-farm-field-study/,"System security and reliability","Goldwind successfully installed and tested the Inertia-Based Fast Frequency Response (IBFFR) on 10 wind turbines at Gullen Range Wind Farm in NSW, supported by the wind farm’s owner BJCE Australia.
",$271k,$573k,"Goldwind Australia","Advancing Renewables Program",12/12/2018,"Bannister, New South Wales",None,Past
"Pricing and Integration of Distributed Energy Resources",https://arena.gov.au/projects/pricing-and-integration-of-distributed-energy-resources-study/,"Distributed energy resources","The project examines a way to value &amp; provide pricing and integration for distributed energy resources services within network and customer sites. This includes direct customer DER, aggregation of DER, wholesale market integration of DER, and the use of DER for ancillary services and reserves.
",$207k,$569k,"Oakley Greenwood Pty Ltd","Advancing Renewables Program",06/12/2018,Queensland,"Australian Energy Council Limited, Australian Energy Market Operation Limited, Energy Consumers Australia Limited, Total Environment Centre Inc, Enel X (formally EnerNOC), OC Energy, GreenSync",Past
"Indra Monash Smart City",https://arena.gov.au/projects/indra-monash-smart-city/,"Distributed energy resources","The Indra Monash Smart City will demonstrate how smart and renewable technologies can be integrated at the Monash University Clayton embedded network to maintain power quality and test market driven responses and business models.
",$2.97m,$7.17m,"Indra Australia Pty Limited","Advancing Renewables Program",24/11/2018,"Clayton, Victoria",None,Past
"Residential Heat Pump Study",https://arena.gov.au/projects/residential-heat-pump-study/,"Geothermal energy","The Residential Heat Pump Study is a three-year study on the commercial-scale demonstration of renewable (thermal energy) ground source heat pumps (GSHPs). Based in the Fairwater master-planned residential community in Western Sydney, the project seeks to establish the business case for industry-wide adoption of using GSHPs to provide residential heating and cooling in greenfield developments.
",$500k,$1.64m,"Climate-KIC Australia","Advancing Renewables Program",12/11/2018,"Blacktown, New South Wales","Presync, Frasers, New South Wales Office of Environment and Heritage, University of Technology Sydney, Curtin University, Wattwatchers, Green Building Council of Australia",Past
"Accelerating the Growth Development of Energy Monitoring",https://arena.gov.au/projects/accelerating-the-growth-development-of-energy-monitoring/,"Renewables for industry","This project will deploy technologies to accelerate the growth of energy monitoring for households and small businesses with rooftop solar.
",$160k,$23.09m,"Solar Analytics","Advancing Renewables Program",05/11/2018,"New South Wales, Redfern",None,Past
"Application of Advanced Short Term Power Generation Forecasting",https://arena.gov.au/projects/advanced-short-term-power-generation/,"Solar energy","Sustainably integrating wind and solar power into the national electricity grid requires precise forecasting of power output from wind and solar farms.
",$499k,$999k,"Advisian Pty Ltd","Advancing Renewables Program",01/11/2018,Queensland,"Monash University, Palisade Investment Partners Limited",Past
"Mount Piper Energy Recovery Project Final Investment Decision Study",https://arena.gov.au/projects/mount-piper-energy-recovery-project-final-investment-decision-study/,"Bioenergy / Energy from waste","The Mount Piper Energy Recovery Project Final Investment Decision Study is a technical and economic feasibility study of converting waste to energy and providing steam for integration into Mount Piper Power Station in NSW.
",$1.06m,$3.58m,"RE. Group, EnergyAustralia Development","Advancing Renewables Program",19/10/2018,"Blackmans Flat, New South Wales",None,Past
"Chargefox Electric Vehicle Charging Network Project",https://arena.gov.au/projects/chargefox-electric-vehicle-charging-network-project/,"Electric vehicles","The Chargefox Electric Vehicle Charging Network Project will play a significant part in improving Australia’s infrastructure and remove one of the major barriers that limits the adoption of electric vehicles (EVs).
",$6m,$15m,Chargefox,"Advancing Renewables Program",16/10/2018,"New South Wales, Queensland, South Australia, Victoria, Western Australia",,Past
"Kwinana Energy Recovery Project",https://arena.gov.au/projects/kwinana-energy-recovery-project/,"Bioenergy / Energy from waste","Kwinana Energy Recovery will be the first facility in Australia that integrates recovery and reuse of waste with the generation of electricity set to deliver renewable baseload power to a large metropolitan population and an industrial base. The facility will use world-class technologies to process 460,000 tonnes per year of residual non-recyclable waste. Kwinana Energy Recovery will not only process non-recyclable waste for energy recovery, but it will also produce ash by-products which are used internationally for construction materials such as bricks and aggregate for roads.
",$23m,$696m,Acciona,"Advancing Renewables Program",16/10/2018,"Kwinana, Western Australia","Acciona, Veolia, Keppel SeghersEnd Date reflects the completion of the ARENA Funding Agreement when all obligations are met, not the date of construction completion",Current
"Ausgrid Power2U Project",https://arena.gov.au/projects/ausgrid-power2u/,"Demand response","The Ausgrid Power2U project involves the establishment a $4.1 million fund to help selected customers to permanently reduce their electricity use on Ausgrid’s network. By permanently reducing customer demand for grid supplied electricity, Ausgrid can delay, or avoid, network investment and, over time, lower the cost of electricity for all customers.
",$1m,$4.2m,Ausgrid,"Advancing Renewables Program",04/10/2018,"New South Wales","City of Sydney",Past
"Fulcrum3D CloudCAM Solar Forecasting",https://arena.gov.au/projects/fulcrum3d-cloudcam-solar-forecasting-for-the-nem/,"Solar energy","The Fulcrum3D CloudCAM solar forecasting project aims to provide high accuracy short-term power forecasts utilising all-sky cameras and state-of-the-art software. The project will forecast power generated at Genex Power’s 50 MW Kidston Solar Farm in Queensland (including reduction in output from cloud cover) to reduce uncertainty in solar power generation.
",$490k,$991k,"Fulcrum3D Pty Ltd","Advancing Renewables Program",19/09/2018,"Einasleigh, Queensland","Genex Power Ltd",Past
"Business Renewables Centre Australia",https://arena.gov.au/projects/business-renewables-centre-australia/,"Renewables for industry","The Business Renewables Centre Australia project will establish the first Business Renewables Centre in Australia (BRC-A) – an online resource centre and marketplace platform, supported by face-to-face events and training to increase renewable energy use within Australian organisations (particularly commercial and industrial energy users).
",$500k,$1.73m,"Climate-KIC Australia","Advancing Renewables Program",13/09/2018,"New South Wales",None,Past
"Project Marinus: Further Bass Strait Interconnection",https://arena.gov.au/projects/project-marinus-further-bass-strait-interconnection/,"System security and reliability","The Project Marinus project led by TasNetworks will receive up to $10 million of funding from ARENA to further investigate how the Bass Strait interconnection might form a key part of Australia’s future electricity and telecommunications grid.
",$10m,$20m,TasNetworks,"Advancing Renewables Program",04/09/2018,Tasmania,None,Past
"Shoalhaven Pumped Hydro Expansion Feasibility Study",https://arena.gov.au/projects/shoalhaven-pumped-hydro/,"Hydropower / Pumped Hydro Energy Storage","The Shoalhaven Pumped Hydro Energy Storage (PHES) feasibility study will explore the technical and commercial feasibility of expanding the existing Shoalhaven PHES Scheme.
",$1.6m,$7.2m,"Origin Energy Eraring Pty Limited","Advancing Renewables Program",28/08/2018,"New South Wales",None,Past
"Cities Power Partnership",https://arena.gov.au/projects/cities-power-partnership/,"Distributed energy resources","The Cities Power Partnership (CPP) is the largest local government climate program, with 100 councils representing almost 11 million Australians.
",$493k,$2.32m,"Climate Council of Australia Ltd","Advancing Renewables Program",27/08/2018,Victoria,None,Past
"BMS-Inverter Hybrid Project",https://arena.gov.au/projects/bms-inverter-hybrid-project/,"Battery storage","The BMS-Inverter Hybrid Project combines two central components in battery storage systems – the battery management system and the inverter – into a single solution, leading to lower system costs and increased lifespan.
",$338k,$751k,Relectrify,"Advancing Renewables Program",22/08/2018,Victoria,None,Past
"Jemena Power to Gas Demonstration",https://arena.gov.au/projects/jemena-power-to-gas-demonstration/,"Hydrogen energy","The Jemena Power to Gas Demonstration project involves designing and constructing a Power-to-Gas (P2G) facility which will source renewable electricity and convert it into hydrogen via electrolysis.
",$7.5m,$13.21m,Jemena,"Advancing Renewables Program",09/08/2018,"New South Wales, Sydney",None,Past
"Middleback Ranges PHES Pre-Feasibility Study",https://arena.gov.au/projects/middleback-ranges-pumped-hydro-energy-storage-project-pre-feasibility-study/,"Hydropower / Pumped Hydro Energy Storage","The Middleback Ranges PHES Pre-Feasibility Study is a study for the development of a PHES plant at a mine site known as the “Iron Duchess North” in the Middleback Ranges, South Australia. The base case for the pre-feasibility study is 110MW dispatchable power and six hours storage with consideration to increase capacity to 220MW.
",$500k,$1.62m,"OneSteel Manufacturing Pty Ltd","Advancing Renewables Program",03/08/2018,"South Australia",None,Past
"Bio Inspired Hydrogen Generation",https://arena.gov.au/projects/bio-inspired-hydrogen-generation/,"Hydrogen energy","Electrolysis uses Electrical Energy to convert Water into the Clean Fuel, Hydrogen, with pure Oxygen as a bi-product. This Bio Inspired Hydrogen Generation project, using inspiration from Nature, will develop a new Electrolysis Technology, more simple and efficient than any known to operate from pure water and renewably generated electricity.
",$615k,$1.77m,"The Australian National University","Advancing Renewables Program",01/08/2018,"Australian Capital Territory, New South Wales","University of Wollongong",Past
"Improving Efficiency, Durability & Cost-effectiveness of III-V Semiconductors",https://arena.gov.au/projects/direct-water-electrolysis/,"Hydrogen energy","This project aims to demonstrate a photo electrochemical system using III-V multi-junction semiconductors through cost-effective epitaxial lift-off techniques that are surface modified for robust operation.
",$1.31m,$3.52m,"The Australian National University","Advancing Renewables Program",01/08/2018,"Australian Capital Territory","MicroLink Devices, Inc., University of Michigan",Past
"Efficient Solar Hydrogen Generation",https://arena.gov.au/projects/efficient-solar-hydrogen-generation/,"Hydrogen energy","The Efficient Solar Hydrogen Generation project investigates the fabrication and integration of low-cost semiconductors and earth abundant catalysts to address one of the most significant challenges for hydrogen production: the development of efficient, stable and cheap solar water splitting systems.
",$1.71m,$4.37m,"The Australian National University","Advancing Renewables Program",01/08/2018,"Australian Capital Territory","Shenzhen Kohodo Hydrogen Energy, University of New South Wales",Past
"CSIRO - Solar Thermochemical Hydrogen Research and Development",https://arena.gov.au/projects/solar-thermochemical-hydrogen-research-and-development/,"Hydrogen energy","The Solar Thermochemical Hydrogen Research and Development project will demonstrate Australia’s first solar thermal beam down system, concentrating solar energy from a heliostat field in order to heat a fluidised bed on the ground to 1300 °C.
",$2.21m,$6.05m,CSIRO,"Advancing Renewables Program",01/08/2018,"New South Wales","Niigata University, Japan Institute of Applied Energy (IAE)",Past
"Hydrogen to Ammonia Research and Development",https://arena.gov.au/projects/hydrogen-to-ammonia/,"Hydrogen energy","The Hydrogen to Ammonia Research and Development project is to develop an ammonia production process which is less energy intensive than the conventional Haber-Bosch process and does not contribute to any greenhouse gas emissions.
",$1.17m,$2.83m,CSIRO,"Advancing Renewables Program",01/08/2018,Victoria,"Orica Australia Pty, Grains Research and Development Corporation",Past
"Methane Fuel Carrier Research and Development",https://arena.gov.au/projects/methane-fuel-carrier/,"Hydrogen energy","The Methane Fuel Carrier Research and Development project will investigate the production of synthetic methane as a readily exportable, renewable fuel, derived from atmospheric carbon dioxide and hydrogen produced from renewable sources.
",$1.08m,$2.17m,CSIRO,"Advancing Renewables Program",01/08/2018,"New South Wales",None,Past
"Liquid Fuel Carrier Research and Development",https://arena.gov.au/projects/liquid-fuel-carrier/,"Hydrogen energy","The Liquid Fuel Carrier Research and Development project proposes a game changing technology for conversion of solar energy to liquid fuels.
",$1.01m,$2.51m,CSIRO,"Advancing Renewables Program",01/08/2018,Victoria,"Johnson Matthey, BG Negev Technologies and Applications",Past
"Biological Hydrogen Production",https://arena.gov.au/projects/biological-hydrogen-production/,"Hydrogen energy","The Biological Hydrogen Production project will produce a bacteria that can efficiently and rapidly convert sugars from various renewable sources into hydrogen gas.
",$1.14m,$2.82m,"Macquarie University","Advancing Renewables Program",01/08/2018,"New South Wales","Bioplatforms Australia, BOC Australia",Past
"Low-Cost, Robust, High-Activity Water Splitting Electrodes",https://arena.gov.au/projects/low-cost-robust-high-activity-water-splitting-electrodes/,"Hydrogen energy","The Water Splitting Electrodes project will develop scalable methods for the fabrication of efficient, low-cost and robust electrodes for Hydrogen production from renewable energy sources via electrochemical water splitting.
",$1.05m,$3.69m,"Monash Energy Materials and System Institute (MEMSI)","Advancing Renewables Program",01/08/2018,"Clayton, Victoria","University of Wollongong",Past
"Ammonia Production from Renewables",https://arena.gov.au/projects/ammonia-production-from-renewables/,"Hydrogen energy","The project will develop high-performing electrodes for direct electrochemical conversion of atmospheric nitrogen to ammonia – a readily exportable carrier of renewable energy.
",$915k,$2.73m,"Monash University","Advancing Renewables Program",01/08/2018,"Clayton, Victoria",None,Past
"QUT Hydrogen Process Research & Development",https://arena.gov.au/projects/qut-hydrogen-process-research-and-development/,"Hydrogen energy","The QUT Hydrogen Process Research &amp; Development project develops a scalable and systematic process to evaluate the viability of decentralised and regional-scale renewable energy hybrid systems to generate hydrogen from sustainable resources.
",$3.65m,$8.04m,"Queensland University of Technology","Advancing Renewables Program",01/08/2018,"Queensland, Victoria","Swinburne University of Technology, Sumitomo Electric Industries, Griffith University, Energy Developments Limited, CS Energy",Past
"Proton Flow Reactor System",https://arena.gov.au/projects/proton-flow-reactor-system/,"Hydrogen energy","The Proton Flow Reactor System project aims to develop an integrated system for storage of electricity from renewable energy and export the stored energy as hydrogen within hydrogenated carbon-based material.
",$805k,$1.77m,"RMIT University","Advancing Renewables Program",01/08/2018,"Melbourne, Victoria","Eldor Corporation, Institute for Carbon-Neutral Energy Research, Kyushu University",Past
"Enabling Efficient, Affordable & Robust Use of Renewable Hydrogen",https://arena.gov.au/projects/enabling-efficient-affordable-robust-renewable-hydrogen/,"Hydrogen energy","This project will demonstrate the performance and the value of highly efficient, reciprocating engines operating on renewable hydrogen. These engines are intended to be the most efficient, hydrogen fuelled engines ever developed, with supporting research enabling this goal. We will then analyse how these engines are an important part of different, economically optimal, integrated systems that generate, transport or use renewable hydrogen.
",$2.59m,$8.61m,"University of Melbourne","Advancing Renewables Program",01/08/2018,"Melbourne, Victoria","University of New South Wales, MAN Diesel & Turbo SE, Energy Power Systems Australia Pty Ltd, Continental Automotive Systems Inc, Energy Australia",Past
"Highly Efficient & Low Cost Photovoltaic-Electrolysis System",https://arena.gov.au/projects/highly-efficient-and-low-cost-photovoltaic-electrolysis-pve-system-to-generate-hydrogen-by-harvesting-the-full-spectrum-of-sunlight/,"Hydrogen energy","The Highly Efficient &amp; Low Cost Photovoltaic-Electrolysis System project is a promising approach to produce renewable hydrogen (H2) for export from sunlight and water. The main obstacle to utilising PVE to produce H2 is the high cost and modest efficiency.
",$1.31m,$5.04m,"University of New South Wales","Advancing Renewables Program",01/08/2018,"New South Wales","Beijing Zhongchao Haiqi Technology, RayGen Resources, Shenzhen Kohodo Sunshine Renewable Energy Co.",Past
"Waste Biomass to Renewable Hydrogen",https://arena.gov.au/projects/waste-biomass-to-renewable-hydrogen/,"Hydrogen energy","Extracting hydrogen from biomass represents a valuable approach by which a waste organic stream can be converted into hydrogen (or hydrogen-carriers) for downstream use or as an exportable commodity.
",$1.04m,$2.54m,"University of New South Wales","Advancing Renewables Program",01/08/2018,"New South Wales","Beijing Origin Water Technology, Apricus Energy",Past
"UWA Methanol from Syngas Research & Development",https://arena.gov.au/projects/uwa-methanol-from-syngas-research-and-development/,"Hydrogen energy","Methanol is an excellent hydrogen carrier. It can be easily manufactured from renewable resources, easily transported and stored in liquid form, and can be readily converted to hydrogen at the point of use or used directly as a clean and low-carbon transport fuel.
",$1.03m,$2.85m,"The University of Western Australia","Advancing Renewables Program",01/08/2018,"Western Australia","Anergy Pty",Past
"Lake Bonney Battery Energy Storage System",https://arena.gov.au/projects/lake-bonney-battery-energy-storage-system/,"Battery storage","The Lake Bonney Battery Energy Storage System project involves the installation, testing and commercial operation of a 25MW / 52MWh Tesla battery energy storage system that will be co-located with the existing 278.5MW Lake Bonney wind farm in South Australia.
",$5m,$41.6m,"Infigen Energy","Advancing Renewables Program",09/07/2018,"Mount Gambier, South Australia",None,Past
"SolPod Solar PV Demonstration Project",https://arena.gov.au/projects/solpod-solar-pv-demonstration-project/,"Solar energy","Solpods are innovative solar racking systems designed for large flat roofs, typical of commercial or industrial buildings. The project aims to increase the uptake of solar PV in the commercial and industrial sectors by offering commercial tenants a cost-competitive solar system that is able to be redeployed elsewhere.
",$975k,$5.06m,"Solpod Pty Ltd","Advancing Renewables Program",09/07/2018,"New South Wales, Victoria",None,Past
"Ethtec Cellulosic Ethanol Pilot Plant",https://arena.gov.au/projects/ethtec-cellulosic-ethanol-pilot-plant/,"Bioenergy / Energy from waste","The Ethtec Cellulosic Ethanol Pilot Plant project will demonstrate Ethtec’s innovative and cost-effective approach to the production of cellulosic ethanol and other renewable chemicals through the construction of a Pilot Plant.
",$11.96m,$31.98m,"Ethanol Technologies","Advancing Renewables Program",02/07/2018,"Muswellbrook, New South Wales","Apace Research, University of Newcastle ",Current
"Enerverter Project Aztec",https://arena.gov.au/projects/enerverter-project-aztec/,"Distributed energy resources","The Enerverter Project Aztec project by Restech is a small, packaged power inverter that can manage and control simultaneous power sources (including AC mains, battery power and solar PV) to operate industrial sized motors directly from PV with grid back up.
",$700k,$1.55m,ResTech,"Advancing Renewables Program",21/06/2018,"New South Wales, Newcastle","Ampcontrol, Muswellbrook Shire Council, Aurecon",Past
"Battery Storage System Performance Standard",https://arena.gov.au/projects/battery-storage-system-performance-standard/,"Battery storage","Currently, it is difficult to fairly compare the performance of commercially available battery storage equipment (BSE) on the market, as there is no common standard for how performance characteristics are to be measured and reported.
",$1.44m,$3.16m,"DNV-GL Australia Pty Ltd","Advancing Renewables Program",21/06/2018,"Melbourne, Victoria","Commonwealth Scientific and Industrial Research Organisation (CSIRO), Smart Energy Council, Deakin University, The State of Victoria as represented by the Department of Environment, Land, Water and Planning",Past
"Repurposing the Tarraleah Hydropower Scheme",https://arena.gov.au/projects/repurposing-the-tarraleah-hydropower-scheme/,"Hydropower / Pumped Hydro Energy Storage","The Repurposing the Tarraleah Hydropower Scheme project is a $5 million feasibility study on repurposing the Tarraleah hydropower scheme to produce more energy, more flexibly in the future, based on a preferred capacity option identified in the pre-feasibility study.
",$2.5m,$5m,"Hydro Tasmania","Advancing Renewables Program",18/06/2018,Tasmania,None,Past
"Hardwood Residue Bio-Refinery Feasibility Study",https://arena.gov.au/projects/hardwood-residue-bio-refinery-feasibility-study/,"Bioenergy / Energy from waste","The Hardwood Residue Bio-Refinery Feasibility Study explored the viability of converting hardwood sawmill residue into higher value energy products.
",$500k,$1.2m,"Boral Timber","Advancing Renewables Program",13/06/2018,"New South Wales",None,Past
"Technology Collaboration Program for Demand Side Management",https://arena.gov.au/projects/technology-collaboration-program-for-demand-side-management/,"Distributed energy resources","A study of enabling technologies to enhance Australian participation in the International Energy Agency (IEA) Technology Collaboration Program (TCP) for Demand Side Management.
",$501k,$1.1m,"Monash University","International Engagement Program",05/06/2018,Victoria,None,Past
"NSW Schools Energy Productivity Program (SEPP) Pilot",https://arena.gov.au/projects/nsw-schools-energy-productivity-program-sepp-pilot/,"Solar energy","The NSW Schools Energy Productivity (SEPP) program ran from April 2018 – June 2019 and demonstrated the benefits of integrating energy productivity improvements and renewable energy across NSW schools. The aim was to accelerate widespread adoption in schools and leave a legacy of increased skills, capacity and knowledge to extend beyond the pilot.
",$500k,$1.1m,"ERM Power","Advancing Renewables Program",01/06/2018,"New South Wales","Schools Infrastructure NSW",Past
"Bioenergy Australia Participation in the IEA TCP on Bioenergy",https://arena.gov.au/projects/bioenergy-australia-participation-in-the-iea-tcp-on-bioenergy/,"Bioenergy / Energy from waste","Bioenergy Australia will represent Australia on the International Energy Agency (IEA) Technology Collaboration Programme (TCP) on Bioenergy.
",$885k,$2.17m,"Bioenergy Australia","International Engagement Program",29/05/2018,"Australian Capital Territory, Canberra",None,Past
"Cultana Pumped Hydro Energy Storage Phase 2",https://arena.gov.au/projects/cultana-pumped-hydro-energy-storage-phase-2/,"Hydropower / Pumped Hydro Energy Storage","EnergyAustralia and Arup are proposing the development of a 225 MW pumped hydro energy storage project using seawater near Port Augusta, South Australia.
",$500k,$9m,"Energy Australia Development Pty Ltd","Advancing Renewables Program",24/05/2018,"Cultana, South Australia",ARUP,Past
"Ocean Energy Systems Technology Collaboration Program",https://arena.gov.au/projects/ocean-energy-systems-technology-collaboration-program/,"Ocean energy","CSIRO will lead Australia&#8217;s participation in the International Energy Agency (IEA) &#8211; Ocean Energy Systems (OES) programme to strengthen Australia’s voice, influence and knowledge in ocean energy developments and research.
",$231k,$567k,CSIRO,"International Engagement Program",21/05/2018,National,"Climate-KIC, University of Adelaide, Swinburne University of Technology, UNSW, University of Tasmania, University of Western Australia",Past
"BioDICE Feasibility Study",https://arena.gov.au/projects/biodice-feasibility-study/,"Bioenergy / Energy from waste","The project will investigate the feasibility of dispatchable, cost-effective power from forest and mill wastes using adapted diesel engines (direct injection carbon engine &#8211; bioDICE).
",$432k,$881k,CSIRO,"Advancing Renewables Program",10/05/2018,"Mayfield West, New South Wales",Forico,Past
"Solar Power and Chemical Energy Systems",https://arena.gov.au/projects/solar-power-and-chemical-energy-systems/,"Concentrated solar thermal","A study of solar thermal technologies to enhance Australian participation in the International Energy Agency (IEA) Technology Collaboration Program (TCP) for Solar Power and Chemical Energy Systems (SolarPACES).
",$36k,$767k,CSIRO,"International Engagement Program",09/05/2018,"Mayfield West, New South Wales",None,Past
"Missions Innovation Challenge - Affordable Heating and Cooling",https://arena.gov.au/projects/missions-innovation-challenge-affordable-heating-and-cooling/,"Distributed energy resources","This project supported Australian participation in the International Energy Agency (IEA) Mission Innovation Challenge for Affordable Heating and Cooling of Buildings.
",$37k,$99k,CSIRO,"International Engagement Program",09/05/2018,"Mayfield West, New South Wales","Buildings Alive, Switch Automation",Past
"Smart Grids Innovation Challenge",https://arena.gov.au/projects/smart-grids-innovation-challenge/,"System security and reliability","CSIRO will lead Australia’s participation in the International Energy Agency (IEA) Mission Innovation Challenge for Smart Grids.
",$113k,$383k,CSIRO,"International Engagement Program",09/05/2018,"Mayfield West, New South Wales",None,Past
"Converting Sunlight Innovation Challenge",https://arena.gov.au/projects/converting-sunlight-innovation-challenge/,"Concentrated solar thermal","This project supports Australian participation in the Mission Innovation Converting Sunlight Innovation Challenge.
",$354k,$1.91m,"University of Adelaide ","International Engagement Program",08/05/2018,"Adelaide, South Australia","ANU, Curtin University, Flinders University, QUT, University of Melbourne, UNSW, Arizona State University, DLR, Niigata University, Sandia National Laboratories",Past
"International Energy Agency Hydropower Technology Collaboration Program",https://arena.gov.au/projects/international-energy-agency-hydropower-technology-collaboration-program/,"Hydropower / Pumped Hydro Energy Storage","This project supports Australian participation in the International Energy Agency (IEA) Technology Collaboration Program (TCP) for hydropower.
",$280k,$610k,"Hydro Tasmania","International Engagement Program",07/05/2018,Tasmania,"Charles Sturt University, Kator Research Services, Entura",Past
"Mission Innovation Challenge ' Off-Grid Access to Electricity",https://arena.gov.au/projects/mission-innovation-challenge-off-grid-access-to-electricity/,"Battery storage","This project aims to improve sustainable electricity access planning for off-grid households and communities in Pacific Island countries.
",$195k,$433k,"The University of New South Wales","International Engagement Program",02/05/2018,"New South Wales, Victoria","IT Power Australia, GSES, CSIRO",Past
"IEA Technology Collaboration Programme PV Power Systems",https://arena.gov.au/projects/international-energy-agency-technology-collaboration-programme-pv-power-systems/,"Solar energy","This project supports Australian representation on the International Energy Agency (IEA) PV Power Systems (PVPS) Technology Collaboration Programme. It aims to increase the use of solar PV by delivering quality research, data and information and by coordinating Australia’s engagement in the initiative.
",$668k,$1.33m,"Australian PV Institute","International Engagement Program",01/05/2018,"Kensington, New South Wales","University of New South Wales, Ekistica, Sunwiz",Past
"IEA Technology Collaboration Programme - Solar Heating and Cooling",https://arena.gov.au/projects/iea-technology-collaboration-programme-solar-heating-and-cooling/,"Renewables in buildings","This project supports Australian representation on the International Energy Agency (IEA) Solar Heating and Cooling (SHC) Technology Collaboration Programme. It aims to promote the use of all aspects of solar thermal energy and coordinate Australia’s engagement in the initiative.
",$384k,$764k,"Australian PV Institute","International Engagement Program",01/05/2018,"Kensington, New South Wales","University of New South Wales, Sustainable Energy Transformation",Past
"Promoting Hydrogen Implementation and Utilization",https://arena.gov.au/projects/promoting-hydrogen-implementation-and-utilization/,"Hydrogen energy","A study of hydrogen technologies to enhance Australian participation in the International Energy Agency (IEA) Technology Collaboration Program (TCP) for Hydrogen.
",$494k,$1.23m,"Australian Association for Hydrogen Energy","International Engagement Program",18/04/2018,"Bentley, Western Australia",None,Past
"ATCO Hydrogen Microgrid",https://arena.gov.au/projects/atco-hydrogen-microgrid/,"Hydrogen energy","ATCO believes Australia’s gas distribution network will play a key role in the future energy mix, bringing natural gas and new ‘clean’ gas, including hydrogen, to customers playing a central role in reducing energy costs and carbon emissions and an ideal complement to intermittent renewable energy like wind and solar.
",$1.79m,$3.53m,ATCO,"Advancing Renewables Program",06/04/2018,"Jandakot, Western Australia",None,Past
"Open Source Grid Integration Model for the National Electricity Market",https://arena.gov.au/projects/open-source-grid-integration-model/,"Renewables for industry","The Open Source Grid Integration Model for the National Electricity Market project will develop a detailed web-based open source grid integration and optimisation Modelling Tool for the Australian National Electricity Market (NEM).
",$624k,$2.42m,"ITP Renewables","Advancing Renewables Program",06/04/2018,"Australian Capital Territory","United States Strategic Energy Analysis Center of the National Renewable Energy Laboratory, The Centre for Energy and Environmental Markets, University of New South Wales, Energy Transitions Hub, University of Melbourne, ThoughtWorks Australia Pty Ltd, New South Wales State Government, Victorian State Government, South Australian State Government",Past
"Promoting Hydrogen Implementation and Utilization in Australia",https://arena.gov.au/projects/promoting-hydrogen-implementation-and-utilization-in-australia/,"Hydrogen energy","This project supports Australian participation in the International Energy Agency (IEA) Technology Collaboration Program (TCP) on hydrogen over five years (2018 to 2023).
",$494k,$1.23m,"Australian Association for Hydrogen Energy","International Engagement Program",01/04/2018,"New South Wales, Queensland, Tasmania, Western Australia",None,Past
"SOURCE Hydropanel Demonstration Project",https://arena.gov.au/projects/source-hydropanel-demonstration/,"Solar energy","The SOURCE Hydropanel Demonstration Project supports the pilot demonstration of 150 SOURCE Hydropanels in Australia.
",$420k,$871k,"Zero Mass Water (Australia) Pty Ltd","Advancing Renewables Program",27/02/2018,"South Australia",None,Past
"Latrobe Valley Microgrid Feasibility Study",https://arena.gov.au/projects/latrobe-valley-microgrid-feasibility-study/,"Distributed energy resources","The Latrobe Valley Microgrid Feasibility Study will assess the viability of creating a local energy marketplace for dairy farms, residential participants and commercial/industrial customers in the Latrobe Valley.
",$370k,$775k,"LO3 Energy","Advancing Renewables Program",23/02/2018,"Latrobe Valley, Victoria",None,Past
"Tasmanian Pumped Hydro Energy Storage Opportunities Stage 2",https://arena.gov.au/projects/tasmanian-pumped-hydro-energy-storage-opportunities-stage-2/,"Hydropower / Pumped Hydro Energy Storage","The Tasmanian Pumped-Hydro Energy Storage Opportunities Stage 2 project will conduct pre-feasibility studies on 14 proposed pumped hydro energy storage (PHES) sites under the Hydro Tasmania-led Battery of the Nation Program.
",$700k,$1.43m,"Hydro-Electric Corporation","Advancing Renewables Program",01/02/2018,Tasmania,None,Past
"Simply Energy Virtual Power Plant (VPP)",https://arena.gov.au/projects/simply-energy-virtual-power-plant-vpp/,"Solar energy","The Simply Energy Virtual Power Plant (VPP) project will deliver up to 1200 Tesla Powerwall 2 batteries to Adelaide households.
",$7.7m,$23.73m,"Simply Energy","Advancing Renewables Program",31/01/2018,"Adelaide, South Australia","GreenSync, SAPN, AEMO, Tesla, Flextronics",Past
"SA Strategic Regional Electric Vehicle Adoption Program",https://arena.gov.au/projects/south-australian-electric-vehicle-adoption/,"Electric vehicles","The SA Strategic Regional Electric Vehicle Adoption Program project goal is to accelerate EV adoption, help to optimise infrastructure investment and help ensure that EVs are powered by renewable energy.
",$172k,$349k,Evenergi,"Advancing Renewables Program",25/01/2018,"South Australia","SA Power Networks, Adelaide Council, South Australian Government, Australian Electric Vehicle Association",Past
"Solar Rooftop Electricity Retailer",https://arena.gov.au/projects/solar-rooftop-electricity-retailer/,"Solar energy","A demonstration of solar photovoltaic (PV) technologies through establishing Australia’s first customer-owned rooftop solar PV focussed electricity retailer and solar service company, in doing so supporting the transition to the distributed energy future.
",$775k,$1.71m,"DCP Company","Advancing Renewables Program",25/01/2018,Victoria,None,Past
"MSM Milling Biomass Fuel Switch Project",https://arena.gov.au/projects/msm-milling-biomass-fuel-switch/,"Bioenergy / Energy from waste","The MSM Milling Biomass Fuel Switch project involves replacing current LPG fuelled boilers with a 5 MW biomass fuelled boiler using locally sourced timber residue as a fuel source.
",$2m,$5.38m,"MSM Milling","Advancing Renewables Program",24/01/2018,"Manildra, New South Wales","Ndevr Environmental",Past
"Musselroe Wind Farm FCAS Trial",https://arena.gov.au/projects/musselroe-wind-farm-fcas-trial/,"System security and reliability","The Musselroe Wind Farm FCAS Trial project is aimed at understanding the economic and commercial case for FCAS participation by wind farms and if viable, enabling the frequency controllers at Musselroe Wind Farm.
",$477k,$991k,"Musselroe Wind Farm Pty Ltd (Woolnorth Wind Farm Holding Pty Ltd)","Advancing Renewables Program",19/01/2018,"Tasmania, Woolnorth",None,Past
"Ballarat Energy Storage System (BESS)",https://arena.gov.au/projects/ballarat-energy-storage-system/,"Battery storage","$25 million will be provided to a consortia led by Spotless Sustainability Services to build Ballarat Energy Storage System (BESS) &#8211; a 30 megawatt (MW) / 30 megawatt-hour (MWh) large-scale, grid-connected battery located at the Ballarat electricity station (Ballarat Area Terminal Station (BATS).
",$2.26m,$42.66m,"Spotless, Nuvo Group, AusNet Services","Advancing Renewables Program",16/01/2018,"Ballarat, Victoria","Victorian Government",Past
"Gannawarra Energy Storage System (GESS)",https://arena.gov.au/projects/gannawarra-energy-storage-system/,"Battery storage","The Gannawarra Energy Storage System (GESS) is a 25 megawatt (MW)/50 megawatt-hour (MWh) lithium-ion battery to be co-located with the 60 MW(DC) Gannawarra Solar Farm located west of Kerang in north western Victoria.
",$22.73m,$41.19m,"Edify Energy","Advancing Renewables Program",13/01/2018,"Gannawarra, Victoria","Victorian Government",Past
"Social Access Solar Gardens",https://arena.gov.au/projects/social-access-solar-gardens/,"Solar energy","The Social Access Solar Gardens Project will prototype four of the first solar gardens projects in Australia in locations across New South Wales, Queensland and Victoria. The Project aims to enable solar gardens that will benefit the 30% of Australian consumers currently excluded from owning solar PV.
",$239k,$579k,"University of Technology Sydney","Advancing Renewables Program",01/01/2018,"New South Wales, Queensland, Victoria","NSW Government, Bendigo Sustainability Group, Blacktown Council, Brotherhood of St Laurence, Byron Shire Council, Community Owned Renewable Energy Mullumbimbi (COREM), Community Power Agency, Energy Queensland, Enova Community, Energy Institute for Sustainable Futures, University of Technology Sydney, Norton Rose Fullbright, Pingala, Powershop, Queensland Council of Social Services, Repower Shoalhaven, Shoalhaven Council, Swan Hill Shire Council",Past
"Next Generation Silicon Sub-Cells",https://arena.gov.au/projects/next-generation-silicon-sub-cells/,"Solar energy","This Next Generation Silicon Sub-Cells project saw UNSW work with partners at the Ohio State University to develop high efficiency III-V on silicon multi-junction solar cells suitable for commercial development.
Melding UNSWs leading silicon solar cell expertise with the latest developments in combining III-V materials with silicon a new generation of solar cells was realised. At its conclusion the project delivered key insights into the design and fabrication of high efficiency silicon sub-cells, as well as commercially viable processes for manufacturing silicon based high efficiency multi-junction solar cells in the short term and more novel designs in the longer term.
",$1.14m,$3.66m,"University of New South Wales","Advancing Renewables Program",16/12/2017,"New South Wales, Sydney",None,Past
"Monash University Building Integrated PV Study",https://arena.gov.au/projects/monash-university-building-integrated-pv-study/,"Solar energy","The Monash University Building Integrated PV Study project will focus on the development of high efficiency, semi-transparent perovskite photovoltaics (PV) for use as building integrated photovoltaic (BIPV) windows.
",$744k,$2.34m,"Monash University","Research and Development",11/12/2017,Victoria,"Commonwealth Scientific and Industrial Research Organisation (CSIRO), CSR Viridian, GreatCell Solar Industries",Past
"Metallised Encapsulant for Silicon PV Modules",https://arena.gov.au/projects/metallised-encapsulant-silicon-pv-modules/,"Solar energy","The Metallised Encapsulant for Silicon PV Modules project will develop an innovative module fabrication technology where conductors are directly electroformed in laser-structured encapsulant surfaces.
",$1.16m,$5.55m,"University of New South Wales","Advancing Renewables Program",06/12/2017,"New South Wales, Sydney",None,Past
"Advanced High-Efficiency Silicon Solar Cells",https://arena.gov.au/projects/advanced-high-efficiency-silicon-solar-cells/,"Solar energy","In this Advanced High-Efficiency Silicon Solar Cells project, we exploit the unique capabilities of Atomic Layer Deposition (ALD) to synthesise innovative surface and contact passivating stacks.
",$2.01m,$6.63m,"University of New South Wales","Advancing Renewables Program",06/12/2017,"New South Wales, Sydney",None,Past
"Hydrogenated and Hybrid Heterojunction P-Type Silicon Solar Cells",https://arena.gov.au/projects/hydrogenated-hybrid-heterojunction-p-type-silicon-solar-cells/,"Solar energy","The University of New South Wales has received a funding grant from ARENA to conduct research on the development of high-efficiency, low-cost p-type solar cells silicon solar cells in conjunction with the Australian National University and Arizona State University.
",$1.73m,$7.51m,"University of New South Wales","Advancing Renewables Program",06/12/2017,"New South Wales, Sydney",None,Past
"Development of Novel Hydrogen Trapping Techniques",https://arena.gov.au/projects/development-of-novel-hydrogen-trapping-techniques/,"Solar energy","UNSW Sydney has received a funding grant from ARENA to develop new recently patented techniques for trapping and controlling hydrogen within highly defective silicon to enable higher solar cell efficiencies while using cheaper silicon wafer sources.
",$1.96m,$9.23m,"University of New South Wales","Solar Research & Development",06/12/2017,"New South Wales, Sydney",None,Past
"Hydrogenated Bifacial PERL Silicon PV Cells",https://arena.gov.au/projects/hydrogenated-bifacial-perl-silicon-pv-cells/,"Solar energy","The UNSW School of Photovoltaic and Renewable Energy Engineering has received a funding grant from ARENA to conduct a research and development project which address the performance and cost limitations of current PERC technology by transformation into PERL technology for industrial environments by incorporating multiple separately proven technologies.
",$1.1m,$4.16m,"University of New South Wales","Advancing Renewables Program",06/12/2017,"New South Wales, Sydney",None,Past
"Integrating Industrial Black Silicon",https://arena.gov.au/projects/integrating-industrial-black-silicon-high-efficiency-multicrystalline-solar-cells/,"Solar energy","UNSW Sydney has received a funding grant from ARENA to investigate and optimise the compatibility of emerging high-throughput black silicon texturing techniques with existing and next-generation solar cell production processes.
",$500k,$3.07m,"University of New South Wales","Advancing Renewables Program",06/12/2017,"New South Wales, Sydney",None,Past
"Improving World-Record Commercial High-Efficiency N-Type Solar Cells",https://arena.gov.au/projects/improving-world-record-commercial-high-efficiency-n-type-solar-cells/,"Solar energy","The University of New South Wales (UNSW) has received a funding grant from ARENA to conduct a project for lowering the cost and improving the efficiency of solar cell technologies using n-type silicon materials.
",$1.78m,$7.82m,"University of New South Wales","Advancing Renewables Program",06/12/2017,"New South Wales, Sydney",None,Past
"Accelerating Industrial Solar Cells",https://arena.gov.au/projects/accelerating-industrial-solar-cells-efficiency/,"Solar energy","Approximately 80% of the current silicon photovoltaics production capacity is dominated by low performance cell designs whose power conversion efficiency is limited to ~20%.
",$503k,$1.58m,"University of New South Wales","Advancing Renewables Program",06/12/2017,"New South Wales",None,Past
"Manufacturing of Printed Perovskite PV Modules",https://arena.gov.au/projects/printed-perovskite-pv-modules/,"Solar energy","The Printed Perovskite PV Modules (PPV) project is developing a next-generation solar technology that has demonstrated promising performance in the laboratory. This project will translate these laboratory-scale outcomes to flexible, efficient and stable large-area PPV modules. By adopting industry-relevant approaches to materials and manufacture, the project will accelerate progress of this technology towards commercialisation.
",$3.31m,$6.82m,CSIRO,"Research and Development",06/12/2017,Victoria,"Monash University, University of New South Wales, University of Cambridge",Past
"Efficient Adamantine Thin-Film on Silicon Tandem Cells",https://arena.gov.au/projects/efficient-adamantine-thin-film-on-silicon-tandem-cells/,"Solar energy","UNSW has received a funding grant from ARENA to conduct a project targeting reduced solar cell cost, achieved by improving the efficiency with which they convert sunlight into electricity.
",$3.18m,$9.82m,"University of New South Wales","Advancing Renewables Program",06/12/2017,"New South Wales, Sydney",None,Past
"Development of Beyond 20% Efficiency Kesterite (CZTSSe) Solar Cells",https://arena.gov.au/projects/development-of-kesterite-cztsse-solar-cells/,"Solar energy","The Kesterite solar cell group at UNSW has received a funding grant from ARENA to develop cost-effective, high-efficiency kesterite thin-film solar cells.
",$1.33m,$4.56m,"University of New South Wales","Advancing Renewables Program",06/12/2017,"New South Wales, Sydney",None,Past
"Tandem PV Micro Concentrator",https://arena.gov.au/projects/tandem-pv-micro-concentrator/,"Solar energy","One method we use to reduce the cost of the GaAs cells is to place it at the focus of a thin plastic solar concentrator that produces tenfold concentration of sunlight on the cell. This reduces the amount of GaAs that we need by ten times. The concentrator which are the cells are mounted on a standard one-axis solar tracker – the same that is used in most large PV systems these days.
",$837k,$2.12m,"Australian National University (ANU)","Research and Development",05/12/2017,"Australian Capital Territory, Canberra","National Renewable Energy Laboratory&nbsp;(&#8203;NREL), Solar Energy Research Institute of Singapore (SERIS)",Past
"Advanced Silicon Solar Cells",https://arena.gov.au/projects/advanced-silicon-solar-cells/,"Solar energy","A collaboration between university and industry researchers will investigate alternative methods for the deposition of thin layers of polycrystalline silicon onto silicon wafers. Such thin layers can form the junctions of the solar cell and simultaneously provide excellent passivation of its surfaces and metallic contacts. The novel technologies will be demonstrated with proof-of-concept devices, and assessed for mass production of high efficiency silicon solar cells.
",$1.11m,$4.01m,"Australian National University (ANU)","Solar Research & Development",01/12/2017,"Australian Capital Territory, Canberra","Jinko Solar",Past
"Next Generation Industrial Bifacial Silicon Solar Cells",https://arena.gov.au/projects/next-generation-industrial-bifacial-silicon-solar-cells-rnd015/,"Solar energy","The Next Generation Industrial Bifacial Silicon Solar Cells project brings together a consortium of ANU, GCL Technology Systems (China), and Wavelabs (Germany) to represent a complete spectrum in the PV industry encompassing R&amp;D, manufacturing and device characterisation technologies.
",$1.97m,$5.7m,"Australian National University (ANU)","Research and Development",01/12/2017,"Australian Capital Territory, Canberra","GCL System Integration Technology, Wavelabs Solar Metrology Systems GmbH",Past
"Development of Stable Electrodes for Perovskite Solar Cells",https://arena.gov.au/projects/development-stable-electrodes-perovskite-solar-cells/,"Solar energy","In this Development of Stable Electrodes for Perovskite Solar Cells project, ANU will be working with Monash University to develop new approaches for perovskite electrodes. A variety of integrated electrode structures will be developed and tested for efficiency and stability, and the cost of the developed structures will be assessed. The result is expected to be perovskite solar cells with substantially improved stability that have the potential for commercialisation.
",$936k,$2.5m,"Australian National University (ANU)","Research and Development",01/12/2017,"Australian Capital Territory, Canberra","Monash University",Past
"Monolithic Perovskite-Silicon Tandem Cells: Towards Commercial Reality",https://arena.gov.au/projects/monolithic-perovskite-silicon-tandem-cells/,"Solar energy","In this project, ANU will be working with Jinko Solar to develop new approaches for perovskite-silicon tandem solar cells. ANU has recently achieved a world record efficiency for perovskite-silicon tandems, and together with Jinko Solar they will build on this work to produce larger, more efficient and more stable solar cells that have the potential for commercialisation.
",$672k,$2.61m,"Australian National University (ANU)","Research and Development",01/12/2017,"Australian Capital Territory, Canberra","Jinko Solar",Past
"Driving Increased Efficiency and Reliability in Silicon Photovoltaics",https://arena.gov.au/projects/driving-increased-efficiency-reliability-silicon-photovoltaics-ingots-modules/,"Solar energy","The Driving Increased Efficiency and Reliability in Silicon Photovoltaics project brings together leading research teams and industry partners from around the world to tackle the most important sources of efficiency loss in silicon solar cells. We will develop powerful new methods to identify these loss mechanisms, and new approaches to reduce their impact.
",$2.39m,$9.15m,"Australian National University (ANU)","Solar Research & Development",01/12/2017,"Australian Capital Territory, Canberra","UNSW, BT Imaging, Jinko Solar, Fraunhofer Institute for Solar Energy Systems, National Renewable Energy Laboratory, Sinton Instruments, Norwegian Crystals, Topsil Global Wafers, MiaSole Hi-Tech Corp, Tesla",Past
"Increasing Visibility of Distribution Networks",https://arena.gov.au/projects/increasing-visibility-of-distribution-networks/,"Solar energy","The Increasing Visibility of Distribution Networks project developed a system that provides distribution network service providers (DNSP) with increased visibility of their medium voltage networks. The outcomes of this project are continuing to support DNSPs to take a less conservative approach in assessing and approving new customer solar photovoltaic (PV) systems to be connected to their networks.
",$1.19m,$2.78m,"University of Queensland","Advancing Renewables Program",01/12/2017,"Brisbane, Queensland","Queensland University of Technology, Australian Power Institute, Energy Networks Australia, Tasnetworks, United Energy, Energex Part of the Energy Queensland Group, Aurecon, Redback Technologies, Springfield City Group",Past
"Monash University Polymer PV Study",https://arena.gov.au/projects/monash-university-polymer-pv-study/,"Solar energy","This project combines the expertise of researchers at Monash, Flinders, and Macquarie Universities to advance the development of all-polymer solar cells by targeting the key issues of scalability and stability.
",$840k,$1.68m,"Monash University","Research and Development",01/12/2017,"Clayton, Victoria","Flinders University, Macquarie University",Past
"Pooled Energy Demonstration Project",https://arena.gov.au/projects/pooled-energy-demonstration-project/,"Demand response","The Pooled Energy Demonstration Project provides retail electricity and swimming pool automation to pool owners as part of an on-going service. The energy consumption of the pools is managed from a central Network Operating Centre in such a way as to help off-load and stabilise the Grid. It is an enabling technology for intermittent renewable energy sources such as wind and sun.
",$2.5m,$5m,"Pooled Energy Pty Ltd., a 100% subsidiary of Pooled Energy","Advancing Renewables Program",01/12/2017,"New South Wales",None,Past
"Powershop Australia Demand Response Program",https://arena.gov.au/projects/powershop-australia-demand-response-program/,"Demand response","Powershop Australia’s Curb Your Power program is one of 10 pilot projects awarded funding under the demand response initiative. The Curb Your Power program will run for three years and aims to deliver a total of 5 MW of emergency reserve through behavioural change and a smartphone monitoring app.
",$1.11m,$1.3m,"Powershop Australia Pty Ltd","Advancing Renewables Program",01/12/2017,Victoria,None,Past
"Zen Ecosystems Demand Response",https://arena.gov.au/projects/zen-ecosystems-demand-response/,"Demand response","The Zen Ecosystems Demand Response project will see Zen Ecosystems deploy its “smart” connected thermostats across Victoria and South Australia, to aggregate and control heating and cooling within commercial and residential buildings. The project will aim to deliver 5 MW of demand response reserve from 1 December 2017, increasing to 15 MW of demand response reserve in year 3.
",$1.87m,$5.48m,"Zen Ecosystems Pty Ltd.","Advancing Renewables Program",01/12/2017,"South Australia, Victoria",None,Past
"Flow Power Energy Under Control Demand Response",https://arena.gov.au/projects/flow-power-energy-under-control-demand-response/,"Demand response","The Flow Power Energy Under Control Demand Response project partners with commercial and industrial businesses across New South Wales to provide strategic reserves and grid stability under the Demand Response (DR) initiative. Flow Power’s “Energy Under Control” project aims to provide an escalating reserve of 5 MW in year 1, 15 MW in year two and 20 MW in year three.
",$1.31m,$3.78m,"Progressive Green Pty Ltd Trading As Flow Power","Advancing Renewables Program",01/12/2017,"New South Wales",None,Past
"United Energy Distribution Demand Response",https://arena.gov.au/projects/united-energy-distribution-demand-response/,"Demand response","United Energy uses voltage control devices installed at 47 zone substations across its distribution network to deliver demand response (DR) as a participant of the Demand Response initiative. The United Energy Distribution Demand Response project delivered over 150 MW of DR reserve during the three-year trial.
",$5.76m,$6.61m,"United Energy Distribution Pty Ltd ","Advancing Renewables Program",01/12/2017,Victoria,None,Past
"Enel X Demand Response Project",https://arena.gov.au/projects/enel-x-demand-response-project/,"Demand response","Enel X (formerly EnerNOC), a global leader in demand response, is one of the eight companies contracted under the Demand Response initiative to trial how it can play a role in stabilising the grid in extreme peaks. Enel X is contracted to deliver 20 MW in New South Wales and 30 MW in Victoria in each of the three years of the trial.
",$7.2m,$9m,"Enel X Australia Pty Ltd","Advancing Renewables Program",01/12/2017,"New South Wales, Victoria",None,Past
"AGL Demand Response",https://arena.gov.au/projects/agl-demand-response/,"Demand response","The AGL Demand Response project is one of 10 pilot projects awarded funding under ARENA and AEMO’s flagship $35.7 million Demand Response Initiative, along with support from the NSW Government.
",$2.62m,$10.44m,"AGL Energy Services Pty Ltd","Advancing Renewables Program",01/12/2017,"New South Wales",None,Past
"EnergyAustralia Demand Response Program",https://arena.gov.au/projects/energyaustralia-demand-response-program/,"Demand response","The EnergyAustralia Demand Response Program (DR) program is one of 10 flagship projects supported by the joint ARENA and AEMO $35.7 million DR Initiative, along with support from the NSW Government.
",$8.36m,$29.24m,"EnergyAustralia Development Pty Ltd ","Advancing Renewables Program",01/12/2017,"New South Wales, South Australia, Victoria",None,Past
"Intercast and Forge Demand Response",https://arena.gov.au/projects/intercast-and-forge-demand-response/,"Demand response","The Intercast and Forge Demand Response project is Australia’s largest iron casting foundry located in South Australia. IThe company has installed sophisticated energy systems that allows it to provide dispatchable demand response by powering down furnaces during peak events. The project involves the deployment of 10 MW of demand response reserve to be available for each of the three years of the trial.
",$323k,$323k,"Intercast & Forge Pty Ltd","Advancing Renewables Program",01/12/2017,"South Australia",None,Past
"Perovskite Solar Cell Technology",https://arena.gov.au/projects/greatcell-solar-limited/,"Solar energy","The Perovskite Solar Cell Technology project will further the prototype development phase of Greatcell Solar’s perovskite (PV) solar cell technology, following its previous ARENA feasibility study completed in 2016. This Project aims to determine that PV solar cell technology can be fabricated at industrially relevant device sizes, moving the technology along the innovation chain.
",$575k,$10.94m,"Greatcell Solar Limited","Advancing Renewables Program",01/12/2017,"New South Wales",None,Past
"HIVVE Sustainable Modular Classrooms",https://arena.gov.au/projects/hivve-sustainable-modular-classrooms/,"Renewables in buildings","The HIVVE Sustainable Modular Classrooms project aims to actively manage energy demands and control indoor environment quality. The 12-month trial will involve the construction and installation of a single HIVVE classroom including a monitoring and evaluation period.
",$334k,$702k,"Eastern Portable Buildings","Advancing Renewables Program",14/11/2017,"Holsworthy, New South Wales",None,Past
"Roadmap for CST Power Generation in Australia",https://arena.gov.au/projects/roadmap-for-cst-power-generation-in-australia/,"Concentrated solar thermal","A study of solar thermal technologies to develop a roadmap for Concentrated Solar Thermal power generation in Australia.
",$419k,$562k,"Jeanes Holland and Associates","Advancing Renewables Program",10/11/2017,"Brooks Bay, Tasmania",None,Past
"Kidston Stage Two Hydro-Solar Project Activities",https://arena.gov.au/projects/project-development-activities-kidston-stage-two-hydro-solar-project/,"Hydropower / Pumped Hydro Energy Storage","The Kidston Stage Two Hydro-Solar Project activities project involves completing the activities required to achieve Financial Close for the Kidston Stage Two Hydro-Solar Project, which will comprise up to 270MW of solar PV and 250MW of pumped hydro. It will build on the existing 50MW solar farm already in operation.
",$5m,$13.3m,"Genex Power Limited","Advancing Renewables Program",01/11/2017,"Kidston, Queensland",None,Past
"Battery of the Nation - Future State NEM Analysis Stage 1",https://arena.gov.au/projects/battery-of-the-nation-future-state-nem-analysis/,"Hydropower / Pumped Hydro Energy Storage","The Battery of the Nation initiative is investigating and developing a pathway of future development opportunities for Tasmania to make a greater contribution to the National Energy Market (NEM).
",$500k,$1m,"Hydro Tasmania","Advancing Renewables Program",01/11/2017,"Hobart, Tasmania",None,Past
"Horizon Power Business Model Pilot Phase 1",https://arena.gov.au/projects/horizon-power-business-model-pilot/,"Distributed energy resources","Horizon Power is conducting a pilot project to test the commercial viability of delivering decentralised, high penetration renewable energy to entire towns across regional Australia, and prove that distributed energy resources (DER) can increase renewable energy penetration on existing microgrids.
",$1.9m,$7.07m,"Horizon Power","Advancing Renewables Program",30/10/2017,"Carnarvon, Western Australia","Murdoch University",Past
"Biocatalyst Optimisation & Deployment",https://arena.gov.au/projects/biocatalyst-optimisation-deployment-project-efficient-production-biofuels/,"Bioenergy / Energy from waste","The small Australian biotechnology company Microbiogen is aiming to breed a strain of yeast that will produce a more efficient and economical form of bio-fuel from non-food sources and aim to transform the global ethanol industry.
",$3.91m,$7.94m,Microbiogen,"Advancing Renewables Program",20/10/2017,"New South Wales",None,Past
"Snowy 2.0 Feasibility Study",https://arena.gov.au/projects/snowy-2-0-feasibility-study/,"Hydropower / Pumped Hydro Energy Storage","The Snowy 2.0 feasibility study confirms that the Snowy 2.0 pumped hydro expansion project is both technically and financially feasible.
",$8m,$29m,"Snowy Hydro","Research and Development",13/10/2017,"New South Wales",None,Past
"Kennedy Energy Park",https://arena.gov.au/projects/kennedy-energy-park/,"Hybrid technologies","The Kennedy Energy Park is a hybrid renewable energy facility situated in Hughenden in North Queensland developed in a partnership between Windlab and Eurus. This project will consist of 15MW solar photovoltaic (PV), 43.2MW wind and a 2MW/4MWh lithium ion battery storage facility.
",$18m,$170.6m,"Windlab, Eurus Energy","Advancing Renewables Program",01/10/2017,"Kennedy, Queensland",CEFC,Current
"Renewable Energy and Load Management Phase 1",https://arena.gov.au/projects/renewable-energy-and-load-management-phase-1/,"System security and reliability","This project is about the integration and optimisation of renewable energy, onsite thermal and battery storage, energy efficiency and demand control technologies and software to create load flexibility, increasing the value and capacity to install renewable energy both on-site and across the electricity network.
",$293k,$457k,"Institute for Sustainable Futures","Advancing Renewables Program",19/09/2017,"Australian Capital Territory, New South Wales, Queensland, South Australia, Victoria",None,Past
"Medium-Scale Solar on Industrial Rooftops",https://arena.gov.au/projects/medium-scale-solar-on-industrial-rooftops/,"Renewables for industry","The Medium-Scale Solar on Industrial Rooftops project will complete a bankable feasibility study for the installation of approximately 11.6MW of solar on 12 industrial roof-tops in the Brisbane suburb of Eagle Farm.
",$225k,$900k,"EPC Technologies Pty Ltd","Advancing Renewables Program",01/09/2017,"Brisbane, Queensland",None,Past
"Battery of the Nation ' A Concept Study of Tasmanian Pumped Hydro Options",https://arena.gov.au/projects/battery-of-the-nation/,"Hydropower / Pumped Hydro Energy Storage","The Battery of the Nation initiative is investigating and developing a pathway of future development opportunities for Tasmania to make a greater contribution to the National Energy Market.
",$300k,$601k,"Hydro-Electric Corporation","Advancing Renewables Program",28/08/2017,"Hobart, Tasmania",None,Past
"Moisture Content of Woody Biomass",https://arena.gov.au/projects/moisture-content-of-woody-biomass/,"Bioenergy / Energy from waste","The cost of bioenergy production, regardless of the conversion technology and energy type produced, are highly dependent on the cost and quality of the biomass feedstock.
",$300k,$1.04m,"University of the Sunshine Coast","Advancing Renewables Program",04/08/2017,"Queensland, Sippy Downs",None,Past
"Energy Storage for Commercial Renewable Integration (ESCRI) Phase 2",https://arena.gov.au/projects/energy-storage-for-commercial-renewable-integration-escri-phase-2/,"Battery storage","The ESCRI battery is a 30 MW / 8 MWh large-scale grid-connected battery at the Dalrymple substation, Yorke Peninsula, South Australia.
",$12m,$30m,"ElectraNet Pty Limited","Advancing Renewables Program",01/08/2017,"South Australia, Yorke Peninsula","AGL (as Greentricity Pty Limited), Advisian Pty Ltd",Past
"NOJA Power Intelligent Switchgear",https://arena.gov.au/projects/noja-power-intelligent-switchgear/,"Distributed energy resources","This NOJA Power Intelligent Switchgear project aims to reduce the complexity and cost of connecting renewables to the grid, and increase the hosting capacity of distribution networks by developing, demonstrating and industrialising an economical intelligent switchgear.
",$5m,$19.98m,"NOJA Power Switchgear Pty. Ltd.","Advancing Renewables Program",28/07/2017,Queensland,"AEMO, AusNet Services, Energy Queensland, Deakin University, University of Queensland",Past
"Peak Demand Reduction Using Solar and Storage",https://arena.gov.au/projects/peak-demand-reduction-using-solar-storage/,"Battery storage","The Peak Demand Reduction using Solar and Storage project has successfully demonstrated a reduction in peak demand as an alternative solution for deferring network augmentation.
",$450k,$1.23m,"United Energy Distribution Pty Ltd","Advancing Renewables Program",11/07/2017,Victoria,None,Past
"ECLIPS Container Roll Out Solar System (CROSS)",https://arena.gov.au/projects/eclips-container-roll-out-solar-system/,"Solar energy","The ECLIPS Container Roll Out Solar System (CROSS) project includes the detailed design, manufacture and testing of the Container Roll Out Solar System. CROSS is a factory assembled relocatable PV solar ground array. The CROSS development includes 20ft and 40ft configurations (CROSS20 and CROSS40).
",$289k,$703k,ECLIPS,"Advancing Renewables Program",01/07/2017,"Australian Capital Territory",None,Past
"Battery of the Nation",https://arena.gov.au/projects/augmenting-tasmanian-hydropower-system/,"Hydropower / Pumped Hydro Energy Storage","The Battery of the Nation initiative is investigating and developing a pathway of future development opportunities for Tasmania to make a greater contribution to the National Energy Market (NEM). With the support of ARENA funding, Hydro Tasmania have conducted two pre-feasibility studies on the Tarraleah and Gordon hydro-electric power schemes exploring how each may be redeveloped for the future NEM.
",$500k,$1m,"Hydro Tasmania","Advancing Renewables Program",01/07/2017,"Gordon, Tarraleah, Tasmania",None,Past
"Hornsdale Wind Farm Stage 2 FCAS Trial",https://arena.gov.au/projects/hornsdale-wind-farm-stage-2/,"System security and reliability","The Hornsdale Wind Farm Stage 2 FCAS Trial project aimed to determine and demonstrate the extent of capability for wind farms of similar design and functionality to the Hornsdale Wind Farm Stage 2 (HWF2), and operating in similar conditions, to provide Frequency Controlled Ancillary Services (FCAS) to the National Electricity Market (NEM).
",$271k,$571k,"Hornsdale Wind Farm 2 Pty Ltd","Advancing Renewables Program",01/07/2017,"Hornsdale, South Australia",None,Past
"Connecting the Power and Gas Grids",https://arena.gov.au/projects/connecting-the-power-and-gas-grids/,"Hydrogen energy","The Connecting the Power and Gas Grids project aimed to design and build an electrolyser pilot plant and test it in partnership with Australian Gas Networks (AGN) as a demonstration of ‘power to gas’ injection of hydrogen into the natural gas grid.
",$5m,$12.21m,"AquaHydrex Pty Ltd","Advancing Renewables Program",01/07/2017,"South Australia",None,Past
"Tidal Energy in Australia",https://arena.gov.au/projects/tidal-energy-australia-assessing-resource-feasibility-australias-future-energy-mix/,"Ocean energy","The Tidal Energy in Australia project will map the country’s tidal energy resource in unprecedented detail and assess its economic feasibility and ability to contribute to Australia’s energy needs. It will aid the emerging tidal energy industry to develop commercial-scale tidal energy projects.
",$2.49m,$5.85m,"The University of Tasmania","Advancing Renewables Program",30/06/2017,Tasmania,"CSIRO, The University of Queensland",Past
"RayGen Resources PV Ultra Commercialisation Project",https://arena.gov.au/projects/raygen-resources-pv-ultra-commercialisation-project/,"Solar energy","The RayGen PV Ultra Commercialisation Project will see RayGen Resources Pty Ltd scale up the development and deployment activities of its proprietary ‘PV Ultra’ concentrating photovoltaic technology.
",$5.75m,$11.6m,"Raygen Resources Pty Ltd","Advancing Renewables Program",27/06/2017,"Melbourne, Newbridge, Victoria","Victorian Government Department of Environment, Land, Water and Planning",Past
"Comparison of Dispatchable Renewable Electricity Options",https://arena.gov.au/projects/dispatchable-renewable-electricity-options/,"Renewables for industry","ARENA commissioned a study of options for dispatchable renewable electricity generation that can support a secure, reliable and affordable electricity system with a higher share of renewable energy. The outputs are a report and a spreadsheet-based cost model.
",$256k,$256k,"IT Power (Australia) Pty Ltd","Advancing Renewables Program",01/06/2017,"Australian Capital Territory, New South Wales, Queensland, South Australia, Tasmania, Victoria, Western Australia","ITK; Institute for Sustainable Futures (ISF)",Past
"Goulburn Bioenergy Project",https://arena.gov.au/projects/goulburn-bioenergy-project/,"Bioenergy / Energy from waste","The Goulburn Bioenergy project is led by ReNu Energy responsible for a Bioenergy Project at the Southern Meats Facility in Goulburn NSW.
",$2.1m,$6.39m,"ReNu Energy Limited","Advancing Renewables Program",18/05/2017,"Goulburn, New South Wales",None,Past
"Darling Downs Solar Project",https://arena.gov.au/projects/darling-downs-solar-project/,"Large-scale solar","The Darling Downs Solar Project involves the development of a 110 MW fixed-tilt solar photovoltaic (PV) farm.
",$20m,$194.8m,"APA Group","Advancing Renewables Program",01/05/2017,"Dalby, Queensland",None,Past
"EnergyAustralia South Australian (PHES) Feasibility Study",https://arena.gov.au/projects/energyaustralia-south-australian-pumped-hydro-energy-storage-phes-feasibility-study/,"Hydropower / Pumped Hydro Energy Storage","The EnergyAustralia South Australian (PHES) Feasibility Study project aims to determine the technical and economic feasibility of a seawater Pumped Hydro Energy Storage (PHES) plant, located south-west of Port Augusta, in South Australia.
",$453k,$1.02m,"Energy Australia Development Pty Ltd.","Advancing Renewables Program",27/04/2017,"South Australia","Arup Pty Ltd, Melbourne Energy Institute (MEI)",Past
"Australian Energy Storage Council Research and Report",https://arena.gov.au/projects/australian-energy-storage-council-research-and-report/,"Battery storage","A study of storage technologies to provide an analysis of current and future market for battery storage in Australia for use by regulators, policy makers, utilities, researchers and the energy storage industry more generally.
",$45k,$45k,"Smart Energy Council","Advancing Renewables Program",12/04/2017,"Australian Capital Territory, Chifley",None,Past
"Collinsville Solar Farm",https://arena.gov.au/projects/collinsville-solar-farm/,"Large-scale solar","The Collinsville Solar Farm Project will develop a 42.5MW (AC) solar photovoltaic (PV) farm.
",$9.5m,$106.4m,"RATCH Australia Corporation Limited","Advancing Renewables Program",01/04/2017,"Collinsville, Queensland",None,Past
"White Rock Solar Farm, co-located with White Rock Wind Farm",https://arena.gov.au/projects/white-rock-solar-farm/,"Large-scale solar","The White Rock Solar project will develop a 20MW solar photovoltaic (PV) farm.
",$5.4m,$41m,"Goldwind Australia Pty Ltd","Advancing Renewables Program",01/04/2017,"Glen Innes, New South Wales","Agricultural Bank of China",Past
"SunSHIFT Pre-Commercial Deployment",https://arena.gov.au/projects/sunshift-pre-commercial-deployment/,"Solar energy","The project involves the fabrication of a 1 MW redeployable solar system (‘SunSHIFT’) that will be designed, constructed, ground-transported, and assembled at the South32 Cannington mine site in central Queensland.
",$2.1m,$4.2m,"Laing O’Rourke","Advancing Renewables Program",01/04/2017,Queensland,None,Past
"Mt Piper Power Station Energy Recovery Feasibility",https://arena.gov.au/projects/mt-piper-power-station-energy-recovery-feasibility-study/,"Bioenergy / Energy from waste","The Mt Piper Power Station Energy Recovery Feasibility has been completed by EnergyAustralia and the Re.Group, which assesses the viability of augmenting the 1400-megawatt (MW) Mt Piper power station near Lithgow in New South Wales with lower emissions generation.
",$400k,$915k,"Re.Group, EnergyAustralia","Advancing Renewables Program",10/03/2017,"New South Wales",None,Past
"Feasibility Study for Integrated Community Waste to Energy",https://arena.gov.au/projects/feasibility-study-integrated-community-waste-energy-project-mt-alexander-shire/,"Bioenergy / Energy from waste","The Feasibility Study for Integrated Community Waste to Energy project is led by the Mount Alexander Sustainability Group (MASG) to build a community waste to energy facility in Castlemaine, Victoria that would turn locally sourced organic waste into renewable energy.
",$146k,$341k,"Mt Alexander Waste to Energy","Advancing Renewables Program",01/03/2017,"Castlemaine, Victoria",None,Past
"Whitsunday Solar Farm",https://arena.gov.au/projects/whitsunday-solar-farm/,"Large-scale solar","The Whitsunday Solar Farm Project will develop a 57.5MW (AC) solar photovoltaic (PV) farm.
",$5.35m,$124.37m,"Edify Energy Pty Ltd","Advancing Renewables Program",01/03/2017,"Collinsville, Queensland","WIRCON Australia, HoldCo, GmbH",Past
"AGL Virtual Trial of Peer-to-Peer Energy Trading",https://arena.gov.au/projects/agl-virtual-trial-peer-to-peer-trading/,"Demand response","The AGL Virtual Trial of Peer-to-Peer (AGL VPP) Energy Trading trial sought to identify and value P2P energy trades, determine the applicability of distributed ledger technology (DLT), and analyse the results.
",$120k,$279k,"AGL Energy Services Pty Ltd","Advancing Renewables Program",01/03/2017,Victoria,"IBM Australia, Marchment Hill Consulting",Past
"Decentralised Energy Exchange (deX)",https://arena.gov.au/projects/decentralised-energy-exchange-dex/,"Distributed energy resources","Decentralised Energy Exchange (deX) is a prototype online marketplace that will provide a way for households and businesses with rooftop solar and battery storage systems to be paid for allowing electricity network businesses to access their rooftop solar and stored electricity to strengthen the grid.
",$450k,$983k,GreenSync,"Advancing Renewables Program",16/02/2017,"Mornington Peninsula, Victoria","United Energy Distribution Pty Limited, The Australian National University, Mojo Power, ACT Environment and Planning Directorate, DELWP (Victoria), ActewAGL Distribution",Past
"AGL Virtual Power Plant",https://arena.gov.au/projects/agl-virtual-power-plant/,"Distributed energy resources","The AGL Virtual Power Plant is a world-leading prototype of a virtual power plants (VPP) created by installing and connecting a large number of solar battery storage systems across 1000 residential and business premises in Adelaide, South Australia, to be managed by a cloud-based control system.
",$5.3m,$19.52m,"AGL Energy Limited","Advancing Renewables Program",13/02/2017,"Adelaide, South Australia",None,Past
"Adapting Renewable Energy Concepts to Irrigated Sugarcane Production",https://arena.gov.au/projects/irrigated-sugarcane-production-bundaberg/,"Solar energy","The Bundaberg Regional Irrigators Group have received funding from ARENA to conduct a three year field trial to demonstrate the economic benefits of using renewable energy (specifically solar) to power irrigated sugarcane production.
",$443k,$980k,"Bundaberg Regional Irrigators Group","Advancing Renewables Program",10/02/2017,"Bundaberg, Queensland",None,Past
"Parkes Solar Farm",https://arena.gov.au/projects/parkes-solar-farm/,"Large-scale solar","The Parkes Solar Farm Project will develop a 55MW (AC) solar photovoltaic (PV) farm.
",$6.75m,$114.92m,Neoen,"Advancing Renewables Program",31/01/2017,"New South Wales, Parkes",None,Past
"Oakey Solar Farm",https://arena.gov.au/projects/oakey-solar-farm/,"Large-scale solar","The Oakey Solar Farm project will develop a 25MW solar photovoltaic (PV) farm.
",$2.16m,$58.56m,"Canadian Solar (Australia)","Advancing Renewables Program",01/01/2017,"Oakey, Queensland",None,Past
"Longreach Solar Farm",https://arena.gov.au/projects/longreach-solar-farm/,"Large-scale solar","The Longreach Solar Farm is a 15MW solar photovoltaic (PV) farm.
",$1.3m,$33.7m,"Canadian Solar (Australia) Pty Limited","Advancing Renewables Program",01/01/2017,"Longreach, Queensland",None,Past
"Solar Analytics: Monitoring for Better Energy Outcomes",https://arena.gov.au/projects/solar-analytics-monitoring-better-energy-outcomes/,"Solar energy","The project aims to accelerate deployment of an Australian-developed technology designed to monitor the performance of residential solar PV systems and provide low cost analytics and fault diagnostics.
",$2.14m,$9.76m,"Solar Analytics Pty Ltd","Advancing Renewables Program",23/12/2016,"New South Wales, Redfern","Australian PV Institute",Past
"Manildra Solar Farm",https://arena.gov.au/projects/manildra-solar-farm/,"Large-scale solar","The Manildra Solar Farm Project will develop a 46.7MW (AC) solar photovoltaic (PV) farm.
",$9.81m,$113.41m,"First Solar (Australia)","Advancing Renewables Program",23/12/2016,"Manildra, New South Wales",None,Past
"Dubbo Solar Hub",https://arena.gov.au/projects/dubbo-solar-hub/,"Large-scale solar","The Dubbo Solar Hub project will develop a 25MW solar photovoltaic (PV) farm. The solar farm comprises of two solar farms, Dubbo South Kenwick Solar Farm (15 MW AC) and Narromine Solar Farm (10 MW AC).
",$4.95m,$51.71m,"Neoen Australia","Advancing Renewables Program",20/12/2016,"Narromine, New South Wales, South Keswick",None,Past
"Griffith Solar Farm",https://arena.gov.au/projects/griffith-solar-farm/,"Large-scale solar","The Griffith Solar Farm project will develop a 30MW solar photovoltaic (PV) farm.
",$4.5m,$62.19m,"Neoen Australia","Advancing Renewables Program",20/12/2016,"Griffith, New South Wales",None,Past
"Emu Downs Solar Farm",https://arena.gov.au/projects/emu-downs-solar-farm/,"Large-scale solar","The Emu Downs Solar Farm project is a 20 MW single-axis tracking solar photovoltaic (PV) farm co-located on the site of the existing 80MW Emu Downs Wind Farm.
",$5.5m,$47.2m,"APA Group","Advancing Renewables Program",06/12/2016,"Badgingarra, Western Australia",None,Past
"Kidston Solar Farm",https://arena.gov.au/projects/kidston-solar-farm/,"Large-scale solar","The Kidston Solar Farm Project will develop a 50MW (AC) solar photovoltaic (PV) farm.
",$8.85m,$130.65m,"Genex Power Limited ","Advancing Renewables Program",01/12/2016,"Kidston, Queensland",None,Past
"Kidston Solar Project (Phase 1)",https://arena.gov.au/projects/kidston-solar-project-phase-1/,"Large-scale solar","Australia’s shift to renewable energy is picking up pace thanks to projects such as Genex Power’s 50 megawatt Kidston Solar Project (Phase One), a ground-breaking renewable energy project located in north Queensland that is creating a path to the 24/7 supply of renewable energy.
",$8.85m,$130.65m,"Genex Power","Advancing Renewables Program",01/12/2016,"Kidston, Queensland","UGL, SOLAR 120, SOCIETE GENERALE, Ergon Energy Corporation, AECOM",Past
"Project Fulfil",https://arena.gov.au/projects/project-fulfil/,"Battery storage","Project Fulfil will focus on delivering an affordable and reliable battery monitoring and management system for operating lead-acid batteries in partial state of charge (PSoC) applications, as well as developing interfaces and tools to enable use of the system with existing inverters, and predictive analytics to improve network integration.
",$3.08m,$10.79m,"Smart Storage Pty Ltd (trading as Ecoult)","Research and Development",30/11/2016,"New South Wales, Sydney, Victoria","East Penn, CSIRO",Past
"Monash University and ClimateWorks Low Carbon Study",https://arena.gov.au/projects/monash-university-climateworks-low-carbon-study/,"Electric vehicles","Communicating pathways to deep decarbonisation through electric vehicles and renewable energy technologies.
",$390k,$930k,"Monash University and ClimateWorks Australia","Advancing Renewables Program",22/11/2016,"Melbourne, Victoria",None,Past
"Tidal Turbine Reef Feasibility Study",https://arena.gov.au/projects/tidal-turbine-reef-feasibility-study/,"Ocean energy","The Tidal Turbine Reef Feasibility Study aims to test the viability of a novel ‘Tidal Turbine Reef’ (TTR) generator from technical, environmental, social and financial standpoints, to determine whether it can achieve an economically viable Levelised Cost of Electricity (LCOE).
",$280k,$620k,"Worley Parsons","Advancing Renewables Program",21/11/2016,"Perth, Western Australia","Tenax, SCHOTTEL HYDRO GmbH, Ecofin Solutions, Curtin University, Civmec",Past
"Narara Ecovillage Smart Grid",https://arena.gov.au/projects/narara-ecovillage-smart-grid/,"Battery storage","The Narara Ecovillage Smart Grid project aims to balance the energy generation, consumption and storage in a new development, initially of 50 houses.
",$1.37m,$4.73m,"NEV Power Pty Limited","Advancing Renewables Program",21/09/2016,"Narara, New South Wales","NEV Power, Carbon Neutral Delivery Partners",Past
"Unitywater Sewage Waste to Energy Feasibility Study",https://arena.gov.au/projects/unitywater-sewage-waste-energy-feasibility-study/,"Bioenergy / Energy from waste","The Unitywater Sewage Waste to Energy Feasibility Study project will assess the commercial viability of converting Unitywater’s Kawana sewage treatment facility on the Sunshine Coast to generate biogas and electricity from a variety of waste sources.
",$426k,$827k,Unitywater,"Advancing Renewables Program",12/09/2016,"Kawana, Queensland",None,Past
"Networks Renewed",https://arena.gov.au/projects/networks-renewed/,"Distributed energy resources","The Networks Renewed project investigated pathways to increase the amount of renewable energy in Australia by paving the way for small-scale solar photovoltaic (PV) and battery storage installations to improve the quality and reliability of electricity in Australia’s distribution networks.
",$1.59m,$4.8m,"University of Technology Sydney","Advancing Renewables Program",31/08/2016,"New South Wales, Sydney","Reposit Power, Essential Energy, AusNet Services, Australian PV Institute, United Energy",Past
"UNSW Addressing Barriers to Efficient Renewable Integration",https://arena.gov.au/projects/addressing-barriers-efficient-renewable-integration/,"Solar energy","The UNSW Addressing Barriers to Efficient Renewable Integration project is identifying and addressing the roadblocks to having high degrees of renewable energy deployment related to system integration.
",$833k,$2.14m,UNSW,"Advancing Renewables Program",19/08/2016,"New South Wales","ElectraNet, TasNetworks, AEMO",Past
"Garden Island Microgrid Project",https://arena.gov.au/projects/garden-island-microgrid-project/,"Ocean energy","The Garden Island Microgrid Project plans to be the world’s first wave energy integrated microgrid and will produce both power and desalinated water.
",$2.5m,$7.49m,"Carnegie Clean Energy Ltd.","Advancing Renewables Program",01/08/2016,"Garden Island, Western Australia",None,Past
"Solar Field Chilling and Heating Opportunities in a Hospital Environment",https://arena.gov.au/projects/solar-field-chilling-heating-opportunities-hospital/,"Renewables for industry","The primary objective of the project is to facilitate a case study, prepared by CSIRO, on the integration of solar thermal technology at the hospital.
",$147k,$336k,"Echuca Regional Hospital","Advancing Renewables Program",25/07/2016,"Echuca, Victoria",None,Past
"Atlas of Pumped Hydro Energy Storage",https://arena.gov.au/projects/atlas-pumped-hydro-energy-storage/,"Hydropower / Pumped Hydro Energy Storage","The Atlas of Pumped Hydro Energy Storage project will assess the potential for Short Term Off-River pumped hydro Energy Storage (STORES) to provide cost-effective storage on a large scale in Australia, supporting higher levels of renewable energy in the National Electricity Market and South West Interconnected System.
",$609k,$1.21m,"The Australian National University (ANU)","Advancing Renewables Program",20/07/2016,"Australian Capital Territory, Canberra","ElectraNet, CWP Renewables, AvensolSolar, Australian PV Institute",Past
"Lakeland Solar and Storage Project",https://arena.gov.au/projects/lakeland-solar-storage-project/,"Large-scale solar","The Lakeland Solar and Storage Project project involves the construction of a large-scale solar plant with battery storage in the Lakeland region of North Queensland. The integration of big solar and battery storage has the potential to revolutionise power supply for fringe-of-grid locations.
",$17.41m,$42.5m,"Lakeland Solar & Storage Pty Limited, a subsidiary of Conergy","Advancing Renewables Program",28/06/2016,"Lakeland, Queensland",None,Past
"Promoting Use of Solar Cooling and Heating in Australia (PUSCH)",https://arena.gov.au/projects/promoting-use-solar-cooling-heating-australia-pusch/,"Renewables in buildings","This project is about capacity building and knowledge sharing, to support the Australian building industry to adopt solar cooling and heating technologies through training, Australian case studies and various knowledge dissemination activities. This project delivered an industry roadmap to overcome barriers and assist with market transformation.
",$399k,$875k,CSIRO,"Advancing Renewables Program",01/06/2016,"New South Wales","Australian Institute of Refrigeration, Air conditioning and Heating",Past
"Utilising Biogas in Sugarcane Transport and Milling",https://arena.gov.au/projects/utilising-biogas-in-sugarcane-transport-and-milling/,"Bioenergy / Energy from waste","Australia’s sugar industry is worth more than $2 billion per year and is the third largest exporter of raw sugar globally. While the industry produces considerable renewable energy (electricity and steam) from bagasse, this Utilising Biogas in Sugarcane Transport and Milling project will explore opportunities exist to utilise sugarcane trash, or field residues remaining after harvesting. This is currently considered to be an uneconomic way of generating energy.
",$2.33m,$4.42m,"Queensland University of Technology","Research and Development",03/05/2016,Queensland,"Utilitas Pty Ltd, Sunshine Sugar, Griffith University",Past
"Expansion of the Environmental Upgrade Agreement Market",https://arena.gov.au/projects/expansion-environmental-upgrade-agreement-market-victoria/,"Solar energy","This project enabled the expansion of the commercial rooftop solar market across Victoria by increasing the number of local governments offering innovative finance for such projects where loan repayments are made via Council rates.
",$821k,$1.31m,"Sustainable Melbourne Fund","Advancing Renewables Program",28/04/2016,"Melbourne, Victoria",None,Past
"Pilot Landfill Solar Project",https://arena.gov.au/projects/pilot-landfill-solar-project/,"Solar energy","The Pilot Landfill Solar Project is a pilot scale photovoltaic (PV) installation to determine the feasibility of installing solar PV at a landfill site.
",$100k,$299k,"LMS Energy","Advancing Renewables Program",26/04/2016,"Victoria, Wollert",None,Past
"Integrating Concentrating Solar Thermal Energy",https://arena.gov.au/projects/integrating-concentrating-solar-thermal-energy-into-the-bayer-alumina-process/,"Concentrated solar thermal","The Integrating Concentrating Solar Thermal Energy project will evaluate the potential for energy produced from concentrating solar thermal (CST) technologies to be integrated into the Bayer alumina refining process. It will develop the technologies and process knowledge to enable the progressive integration of low temperature CST, solar reforming of natural gas, and high temperature CST into the existing Bayer process.
",$4.49m,$15.07m,"The University of Adelaide","Research and Development",12/04/2016,"Adelaide, South Australia","UNSW Australia, San Diego State University, IT Power Australia Pty Ltd, Hatch Associates Pty Ltd, ETH Zurich, CSIRO, Alcoa of Australia Limited",Past
"Real-Time Operational PV Simulations",https://arena.gov.au/projects/real-time-operational-pv-simulations-for-distribution-network-service-providers/,"Solar energy","The Real-Time Operational PV Simulations project provided low voltage network operators (DNSPs) with high resolution solar energy forecasting data mapped to their electricity networks.
",$1.19m,$2.63m,"Australian National University","Research and Development",12/04/2016,"Australian Capital Territory, Canberra","Soly, Solar Hub, SMA, Si Clean Energy, Regional Power Corporation, Power and Water Corporation, Essential Energy, Ergon Energy Corporation, Electricity Networks Corporation",Past
"Consumer Energy Systems Providing Cost-Effective Grid Support",https://arena.gov.au/projects/consumer-energy-systems-providing-cost-effective-grid-support-consort/,"Battery storage","The CONSORT Bruny Island Battery Trial successfully developed and demonstrated an innovative automated control platform that enables consumers with battery systems to provide support to a constrained electricity network. It continues to do so in a way that is of maximum benefit to both the consumer and the network.
",$2.89m,$7.99m,"Australian National University","Research and Development",11/04/2016,"Bruny Island, Tasmania","TasNetworks, Reposit Power, University of Sydney, University of Tasmania&#8203;",Past
"Robotic Vision System for Automatic Inspection & Evaluation of Solar Plants",https://arena.gov.au/projects/a-robotic-vision-system-for-automatic-inspection-and-evaluation-of-solar-plants/,"Solar energy","The Robotic vision system project will develop a cost-effective robotic inspection system for automated monitoring of concentrating solar power and solar photovoltaic power plants using cameras mounted on ground and aerial drones.
",$444k,$1.73m,"Australian National University","Research and Development",11/04/2016,"Acton, Australian Capital Territory","White Knight Unmanned Arial Systems PTY LTD, Vast Solar Pty Ltd, NICTA, FRV Services Australia Pty Ltd",Past
"Increasing the Uptake of Solar PV in Strata Residential Developments",https://arena.gov.au/projects/increasing-the-uptake-of-solar-photovoltaics-in-strata-residential-developments/,"Distributed energy resources","The Increasing the Uptake of Solar PV in Strata Residential Developments project will develop governance models to allow shared solar photovoltaics (PV), battery and monitoring systems to be used in medium density apartments. The governance models will be tested at 50 units of the White Gum Valley development in Perth.
",$900k,$2.59m,"Curtin University","Research and Development",11/04/2016,"Western Australia, White Gum Valley","LandCorp, Electricity Networks Corporation, CRC for Low Carbon Living, City of Fremantle, Balance Utility Solutions",Past
"Smart Sodium Storage System",https://arena.gov.au/projects/smart-sodium-storage-system-for-renewable-energy-storage/,"Battery storage","The Smart Sodium Storage System project will develop and integrate a new type of sodium-ion battery in a low-cost, modular and expandable energy storage system to be demonstrated at the Illawarra Flame House and Sydney Water’s Bondi Sewage Pumping Station.
",$2.7m,$10.59m,"University of Wollongong","Research and Development",11/04/2016,"New South Wales, Wollongong","Sydney Water, Nano-Nouvelle, McNair, Liao Ning Hong Cheng Electric Power Co, Hebei ANZ New Energy Technology Company",Past
"Maximising Solar PV with Phase Change Thermal Energy Storage",https://arena.gov.au/projects/maximising-solar-photovoltaic-with-phase-change-thermal-energy-storage/,"Renewables for industry","The Maximising Solar PV with Phase Change Thermal Energy Storage project developed a low cost, phase change material (PCM) for the industrial and commercial refrigeration market, and also to optimise the control and operation of PCM thermal storage systems integrated with solar photovoltaics (PV).
",$995k,$2.16m,"University of South Australia","Research and Development",08/04/2016,"Adelaide, South Australia","University of Lleida, The Solar Project, Glaciem",Past
"Wave Energy Cost Reduction",https://arena.gov.au/projects/wave-energy-cost-reduction-through-location-and-configuration-optimisation/,"Ocean energy","The Wave Energy Cost Reduction project will involve investigating the optimal number, size, arrangement and location of wave energy device arrays to minimise the cost of installation and infrastructure while maximising power output.
",$994k,$3.6m,"University of Western Australia","Research and Development",08/04/2016,"Perth, Western Australia","Carnegie Wave Energy",Past
"TransGrid New England Renewable Hub (REHub) Feasibility Study",https://arena.gov.au/projects/transgrid-new-england-renewable-rehub-feasibility-study/,"System security and reliability","A feasibility study on the establishment of a connection hub for potential renewable energy operators in the New England region in northern New South Wales to connect to the grid.
",$450k,$1.35m,TransGrid,"Advancing Renewables Program",15/03/2016,"New South Wales",None,Past
"Northern Oil Advanced Biofuels Laboratory",https://arena.gov.au/projects/northern-oil-advanced-biofuels-laboratory/,"Bioenergy / Energy from waste","The Northern Oil Advanced Biofuels Laboratory project involves the development and construction of Australia’s first biocrude and biofuel laboratory at the site of the Northern Oil Advanced Biofuels Pilot Plant in Yarwun, central Queensland.
",$3.18m,$6.93m,"Southern Oil Refining Pty Ltd (Southern Oil Refining or SOR)","Emerging Renewables Program",22/12/2015,"Gladstone, Queensland",None,Past
"Kidston Pumped Storage Project",https://arena.gov.au/projects/kidston-pumped-storage-project/,"Hybrid technologies","The Kidston Pumped Storage Project is a feasibility study into the construction of a pumped storage hydroelectric power plant at the disused Kidston Gold Mine in North Queensland.
",$3.99m,$14m,"Genex Power Limited","Emerging Renewables Program",18/12/2015,"Queensland, Townsville",None,Past
"Australian Biomass for Bioenergy Assessment 2015-2021",https://arena.gov.au/projects/australian-biomass-for-bioenergy-assessment-project/,"Bioenergy / Energy from waste","The Australian Biomass for Bioenergy Assessment Project recognises that previous biomass resource mapping has either been undertaken at a regionally specific scale or is incomplete. The lack of reliable information on biomass feedstocks is a significant roadblock to the development of bioenergy projects across Australia.
",$3.16m,$6.55m,"Rural Industries Research and Development Corporation","Emerging Renewables Program",16/12/2015,"Australian Capital Territory, Canberra","University of the Sunshine Coast, Sustainability Victoria, Renewables SA, Queensland University of Technology, Department of State Growth, Department of Science, Information Technology and Innovation, Department of Primary Industries, Department of Agriculture and Food (WA)",Past
"Normanton Solar Farm",https://arena.gov.au/projects/normanton-solar-farm/,"Large-scale solar","The Normanton Solar Farm project will involve the construction of the 5MW DC Normanton Solar Farm in North-West Queensland.
",$8.38m,$13.97m,"Scouller Energy","Regional Australia’s Renewables",10/12/2015,"Normanton, Queensland","SMEC, Normanton Solar Farm, CEFC, Canadian Solar (Australia) Pty Limited",Past
"Specifying Guidelines for Assessing Next Generation Solar Cells",https://arena.gov.au/projects/specifying-guidelines-for-assessing-next-generation-solar-cells/,"Solar energy","This project will establish guidelines for measuring the performance of emerging photovoltaic (PV) technologies such as perovskite solar cells. The guidelines will help to ensure Australian research laboratories have access to a best practice methodology that is reliable, transferable and accurately reflects the true performance of the devices in the outdoor environment.
",$932k,$2.25m,CSIRO,"Emerging Renewables Program",30/11/2015,"Mayfield West, New South Wales",None,Past
"Energy Cost Study for Bombora Wave Energy Converter",https://arena.gov.au/projects/energy-cost-study-for-bombora-wave-energy-converter/,"Ocean energy","The Bombora ‘Cost of Energy Study’ (Study) detailed the ‘cost of electricity’ for energy produced by a 60MW mWave™ wave farm, and confirmed the potential commercial viability of the mWave wave energy converter technology as a source of renewable energy.
",$210k,$421k,"Bombora Wave Power","Emerging Renewables Program",30/11/2015,"Perth, Western Australia",None,Past
"Pentland Bioenergy Project",https://arena.gov.au/projects/pentland-bioenergy-project/,"Bioenergy / Energy from waste","The Pentland Bioenergy Project will determine the technical and commercial viability of Australia’s largest integrated biofuel facility, proposed for construction at Pentland, near Charters Towers in North Queensland.
",$3m,$13.06m,"Renewable Developments Australia","Emerging Renewables Program",30/11/2015,"Pentland, Queensland","De Smet Engineers & Contractors SA, Beta-Renewables",Past
"Geothermal Structural Permeability Map",https://arena.gov.au/projects/geothermal-structural-permeability-map/,"Geothermal energy","The Geothermal Structural Permeability Map project delivered a national database and map of natural fractures and subsurface permeability in critical Australian basins to better exploit geothermal resources across Australia.
",$450k,$1.61m,"University of Adelaide (South Australian Centre for Geothermal Energy Research)","Emerging Renewables Program",26/11/2015,"Adelaide, South Australia","The University of Adelaide",Past
"Moreland Micro-Grid Investigation",https://arena.gov.au/projects/moreland-micro-grid-investigation/,"Solar energy","The Moreland Micro-Grid Investigation project will examine the logistical, regulatory and financial challenges facing the adoption of micro-grids in existing suburbs.
",$112k,$226k,"Moreland Energy Foundation Ltd","Emerging Renewables Program",11/11/2015,"Melbourne, Victoria",GreenSync,Past
"Commercialisation Roadmap for Perovskite Solar Cells",https://arena.gov.au/projects/commercialisation-roadmap-for-perovskite-solar-cells/,"Solar energy","This project is designed to deliver a ‘commercialisation roadmap’ that supports Dyesol’s ambition to move to scalable manufacturing of efficient and reliable perovskite solar cell technology.
",$449k,$1.42m,"Dyesol Limited","Emerging Renewables Program",30/09/2015,"Australian Capital Territory",None,Past
"Establishing the Basis for Industrial Development",https://arena.gov.au/projects/perovskite-solar-cells-establishing-basis-industrial-development/,"Solar energy","The project reported that perovskite solar cells (PSC) were both efficient and stable, confirming the potential viability and cost-competitiveness of PSC technology for commercial-scale manufacture.
",$449k,$1.42m,Dyesol,"Advancing Renewables Program",30/09/2015,"New South Wales",None,Past
"Higher Renewable Penetration in New Land & Housing Developments",https://arena.gov.au/projects/delivering-higher-renewable-penetration-in-new-land-and-housing-developments-through-off-grid-microgrids/,"Off grid","This project aims to explore the commercial viability and impact of renewable energy for large new housing developments with off-grid microgrids.
",$442k,$1.11m,"Brookfield Energy Australia Pty Limited","Advancing Renewables Program",24/09/2015,"Hunter Valley, New South Wales",None,Past
"Central Receiver CPV Pilot Project Stage 3",https://arena.gov.au/projects/central-receiver-cpv-pilot-project-stage-3/,"Solar energy","This project will develop designs to commercialise the world’s only ‘power tower’ system that uses solar photovoltaic (PV) receivers to generate renewable energy from concentrated sunlight.
",$2.92m,$5.84m,"RayGen Resources Pty Ltd","Emerging Renewables Program",19/08/2015,"Newbridge, Victoria",None,Past
"Trialling a New Residential Solar PV and Battery Model",https://arena.gov.au/projects/trialling-a-new-residential-solar-pv-and-battery-model/,"Battery storage","The Trialling a New Residential Solar PV and Battery Model project involves Queensland energy provider Ergon Retail undertaking a pilot demonstration to test a commercial and operational model for providing grid-connected solar photovoltaic (PV) and battery storage systems to residential customers.
",$400k,$2.62m,"Ergon Energy Queensland Pty Ltd (Ergon Retail)","Emerging Renewables Program",31/07/2015,"Cannonvale, Queensland","Sunverge, SunPower",Past
"Karratha Airport Solar Plant",https://arena.gov.au/projects/karratha-airport-solar-plant/,"Large-scale solar","The Karratha Airport Solar Plant project involves the design, construction, commissioning and operation of a 1 MW solar photovoltaic (PV) facility with cloud predictive technology (CPT) at Western Australia’s second-largest airport Karratha Airport. The City of Karratha, which owns Karratha Airport, will enter into a 21 year power purchase agreement (PPA) with the solar plant.
",$2.3m,$6.82m,"Impact Investment Group","Regional Australia’s Renewables",26/06/2015,"Karratha, Western Australia",None,Past
"Toolkit for Community Renewable Energy Funding and Financing",https://arena.gov.au/projects/toolkit-for-community-renewable-energy-funding-and-financing/,"Renewables for industry","Frontier Impact Group will develop a financial toolkit for funding and financing community energy projects. A central repository will house simplified information on obtaining finance throughout each phase of the development process including concept, pre-feasibility, feasibility and financial close.
",$467k,$676k,"Frontier Impact Group Pty Ltd","Emerging Renewables Program",10/06/2015,"Melbourne, Victoria","Trading as Community Power Agency, Embark Australia",Past
"Investigating Local Network Charges and Local Electricity Trading",https://arena.gov.au/projects/investigating-local-network-charges-and-local-electricity-trading/,"Hybrid technologies","Network businesses do not currently offer a tariff to reflect partial use of the network and retailers do not currently offer a standard netting off service, called local electricity trading (previously known as virtual net metering), for multiple sites.
",$402k,$1.08m,"Institute for Sustainable Futures, University of Technology, Sydney","Emerging Renewables Program",28/05/2015,"New South Wales, Sydney",None,Past
"Energy Storage Test Facility and Knowledge Bank",https://arena.gov.au/projects/energy-storage-test-facility-and-knowledge-bank/,"Battery storage","University of Adelaide will build a mobile energy storage test facility and establish an online database for Australian energy storage expertise.
",$1.44m,$3.26m,"University of Adelaide","Emerging Renewables Program",13/05/2015,"Adelaide, South Australia","Zen Energy Systems, South Australian Govt DMITRE, Solar Storage, SA Power Networks, Power and Drive Solutions, Energy Networks Association",Past
"Rottnest Island Water and Renewable Energy Nexus (WREN) Project",https://arena.gov.au/projects/rottnest-island-water-and-renewable-energy-nexus-wren-project/,"Battery storage","The Rottnest Island Water and Renewable Energy Nexus (WREN) project offers an inspiring example of how innovative deployment of hybrid renewables can increase the power supply security and sustainability of an off-grid island and drive water desalination.
",$3.75m,$6.09m,"Hydro-Electric Corporation","Regional Australia’s Renewables",07/05/2015,"Rottnest Island, Western Australia","Rottnest Island Authority",Past
"Testing the Performance of Lithium Ion Batteries",https://arena.gov.au/projects/testing-the-performance-of-lithium-ion-batteries/,"Battery storage","The Testing the Performance of Lithium Ion Batteries project analyses the performance of twenty-six leading batteries, comparing major lithium-ion battery brands to existing and advanced lead-acid battery technologies, as well as a zinc-bromide flow battery and a sodium-nickel chloride battery.
",$1.29m,$1.94m,"IT Power (Australia) Pty Ltd","Emerging Renewables Program",30/03/2015,"Australian Capital Territory, Canberra",None,Past
"Clean Energy Australia Annual Renewable Energy Industry Analysis",https://arena.gov.au/projects/clean-energy-australia-annual-renewable-energy-industry-analysis/,"Renewables for industry","This project will provide funding support for the Clean Energy Council to produce the Clean Energy Australia Report 2014.
",$112k,$182k,"Clean Energy Council","Emerging Renewables Program",23/12/2014,"Melbourne, Victoria",None,Past
"Yulara Solar Project",https://arena.gov.au/projects/yulara-solar-project/,"Solar energy","The Yulara Solar Project, commissioned in March 2016, integrates 1.8 MW of solar photovoltaics (PV) into the existing power system at the Yulara Resort near the iconic Uluru in the Northern Territory.
",$447k,$6.89m,"Voyages Indigenous Tourism","Regional Australia’s Renewables",02/12/2014,"Northern Territory, Yulara",None,Past
"Predicting Cloud Movements to Maximise Solar PV Use",https://arena.gov.au/projects/predicting-cloud-movements-to-maximise-solar-pv-use/,"Solar energy","The Predicting Cloud Movements to Maximise Solar PV Use project involves the development and demonstration of a sophisticated cloud tracking solution. Fulcrum3D’s ‘CloudCAM’ technology is expected to perform better than existing optical sky cameras in identifying cloud height and separating out layered clouds.
",$546k,$1.11m,"Fulcrum 3D","Emerging Renewables Program",08/09/2014,"Alice Springs, Northern Territory",None,Past
"Flinders Island Hybrid Energy Hub",https://arena.gov.au/projects/flinders-island-hybrid-energy-hub/,"Battery storage","The project aims to use a combination of solar, wind, diesel, storage and enabling technologies to displace more than 60% of Flinders Island’s diesel generated energy. Hydro Tasmania will develop a modular hybrid energy solution with the potential to further drive down costs and move a step closer to delivering a commercially competitive product.
",$5.5m,$13.38m,"Hydro-Electric Corporation","Regional Australia’s Renewables",04/09/2014,"Flinders Island, Tasmania",None,Past
"Solar and Storage Trial at Alkimos Beach Residential Development",https://arena.gov.au/projects/solar-and-storage-trial-at-alkimos-beach-residential-development/,"Distributed energy resources","The Solar and Storage Trial at Alkimos Beach Residential Development project involves developing, deploying and testing the commercial feasibility of a new energy retail model. It will combine community scale battery storage, high penetration rooftop solar PV and energy management within a new residential development at Alkimos Beach, Western Australia.
",$2.78m,$5.65m,Synergy,"Emerging Renewables Program",20/08/2014,"Alkimos Beach, Western Australia","Lendlease Communities (Alkimos) Pty Ltd , Synergy, Development WA",Past
"Energy Storage for Commercial Renewable Integration",https://arena.gov.au/projects/energy-storage-for-commercial-renewable-integration/,"Battery storage","The Energy Storage for Commercial Renewable Integration (ESCRI) project examined the role of medium to large scale (5-30MW) energy storage in the integration of renewable energy into the South Australian electricity system.
",$445k,$1.02m,"AGL Pty Ltd","Emerging Renewables Program",14/08/2014,"Adelaide, South Australia",None,Past
"Australian Renewable Energy Mapping Infrastructure Project",https://arena.gov.au/projects/aremi-project/,"Renewables for industry","The Australian Renewable Energy Mapping Infrastructure Project (AREMI) is being developed to share mapping data and information with the renewable energy industry. The mapping platform is being developed by CSIRO’s Data61, Australia’s Centre of Excellence in Information and Communication Technology Research and Development.
",$2.34m,$3.42m,"NICTA (Pre July 2016); Data61 CSIRO (Post July 2016)","Emerging Renewables Program",08/08/2014,"Australian Capital Territory, Canberra","Geoscience Australia, Clean Energy Council",Past
"Renewable Energy Excellence Industry Cluster",https://arena.gov.au/projects/establishing-a-south-east-region-of-renewable-energy-excellence-industry-cluster/,"Renewables for industry","The Renewable Energy Excellence Industry Cluster is being led by Regional Development Australia ACT (RDA ACT) to establish a Regional Renewable Energy Industry Cluster in the south east NSW-ACT region as part of the South East Region of Renewable Energy Excellence (SERREE) initiative.
",$488k,$953k,"Regional Development Australia ACT Incorporated","Advancing Renewables Program",06/08/2014,"Australian Capital Territory, Canberra","Zhenfa Australia Pty Ltd, Windlab Systems Pty Ltd, Vestas, Union Fenosa Wind Australia, Senvion, Regional Development Australia Southern Inland, NSW Government OEH, NSW Department of Trade and Investment, Infigen",Past
"Ocean Wave-Power Machines",https://arena.gov.au/projects/arrays-of-ocean-wave-power-machines/,"Ocean energy","Swinburne University of Technology has developed modelling on the performance of wave energy farms. The research identified the impact of Wave Energy Converters on each other in an array, and the impact of current flows in these arrays.
",$771k,$1.5m,"Swinburne University of Technology, Centre for Ocean Engineering, Science and Technology","Emerging Renewables Program",04/08/2014,"Melbourne, Victoria","University of Tasmania",Past
"High Efficiency Solar Thermal Power Using Allam Cycle",https://arena.gov.au/projects/high-efficiency-solar-thermal-power-using-allam-cycle/,"Concentrated solar thermal","The High Efficiency Solar Thermal Power Using Allam Cycle project builds on CSIRO’s existing solar work in high temperature and high pressure power cycles, including supercritical CO2. It involves partnering with industry and research organisations to develop the components, materials and processes necessary to progress this technology to a commercial-scale system.
",$428k,$4.72m,CSIRO,"Research and Development",25/07/2014,"New South Wales, Newcastle","Toshiba International, National Renewable Energy Labs, Chinese Academy of Sciences, Abengoa Solar Power Australia, 8 Rivers",Past
"Improving Solar Cell Performance Testing",https://arena.gov.au/projects/improving-solar-cell-performance-testing/,"Solar energy","The Improving Solar Cell Performance Testing project investigated factors that can deteriorate solar cell performance, using an innovative measurement system in combination with advanced simulation tools.
",$381k,$926k,"University of NSW","Research and Development",24/07/2014,"New South Wales, Sydney","The Australian National University, Sinton Instruments, BT Imaging",Past
"Creating a Better Solar Cell",https://arena.gov.au/projects/creating-a-better-solar-cell-unsw/,"Solar energy","Perovskite cells have only emerged as a viable photovoltaic material over the past two years. The Creating a Better Solar Cell project was the first time a tandem, stacked approach has been attempted with silicon cells on this scale.
",$3.59m,$12.16m,"University of New South Wales","Research and Development",24/07/2014,"New South Wales, Sydney","Trina Solar Ltd, The Australian National University, Suntech R&D Australia Pty Ltd, Monash University, Arizona State University",Past
"Towards Ultimate Performance Silicon Solar Cells",https://arena.gov.au/projects/towards-ultimate-performance-silicon-solar-cells/,"Solar energy","The Ultimate Performance Silicon Solar Cells project recognises that new solar cell structures and production processes have the potential to further reduce the cost and increase the performance of commercial photovoltaic (PV) solar cells.
",$2.97m,$12.8m,"University of New South Wales","Research and Development",24/07/2014,"New South Wales, Sydney","Yingli Green Energy Holding Co. Ltd, Trina Solar Ltd, Tempress Systems, Suntech R&D Australia Pty Ltd, Sunrise Global Solar Energy, Sharesun Co. Ltd, SCHMID Group | Gebr. SCHMID GmbH, Roth & Rau AG, Hyundai Heavy industries Co Ltd",Past
"DeGrussa Solar Project",https://arena.gov.au/projects/degrussa-solar-project/,"Solar energy","The project consists of a 10.6 MW (AC) solar PV power plant with storage at the DeGrussa Copper Mine.
",$20.9m,$39.47m,"Degrussa Solar Project Pty Ltd","Advancing Renewables Program",24/07/2014,"Meekatharra, Western Australia","Sandfire Resources NL, juwi Renewable Energy, Juwi AG",Past
"Barcaldine Remote Community Solar Farm",https://arena.gov.au/projects/barcaldine-remote-community-solar-farm/,"Large-scale solar","The Barcaldine Remote Community Solar Farm (BRCSF) will be located in central Queensland within a fringe-of-grid area of super-premium solar irradiation. The project site is approximately 90 hectares and located near the Barcaldine Gas Power Plant.
",$22.8m,$70.1m,"Elecnor Australia Pty Ltd","Regional Australia’s Renewables",24/07/2014,"Barcaldine, Queensland","Kingsway Europe S.L, Elecnor Australia",Past
"Mapping Network Opportunities for Renewable Energy",https://arena.gov.au/projects/mapping-network-opportunities-for-renewable-energy/,"Renewables for industry","The Mapping Network Opportunities for Renewable Energy project will create online maps of electricity network constraints to help better inform network investments and increase the use of renewable energy.
",$538k,$1.11m,"University of Technology, Sydney","Emerging Renewables Program",22/07/2014,"New South Wales","NSW Trade and Investment, Ergon Energy Corporation, ElectraNet, Clean Energy Council Ltd.",Past
"Novel Concepts for Low Cost Small Heliostats in Remote Installations",https://arena.gov.au/projects/novel-concepts-for-low-cost-small-heliostats-in-remote-installations/,"Concentrated solar thermal","The Novel Concepts for Low Cost Small Heliostats in Remote Installations project developed a heliostat optimised for deployment in regional and remote areas of Australia. A heliostat is a device used for harnessing the sun’s energy that includes a mirror which moves with the sun to continuously reflect light toward a fixed target.
",$1m,$2.15m,"CSIRO Energy Flagship","Research and Development",18/07/2014,"New South Wales, Newcastle","Rioglass Solar International, Diver Consolidated Industries",Past
"Virtual Power Station 2",https://arena.gov.au/projects/virtual-power-station-2/,"Distributed energy resources","The Virtual Power Station 2 project builds on CSIRO’s existing research, creating the next version of a virtual power station (VPS2) that can undertake pilot-scale testing of load, generation and energy storage coordination.
",$850k,$2.58m,CSIRO,"Solar Research Excellence",18/07/2014,"New South Wales, Newcastle","University of Newcastle, Tritium Pty Ltd, SMA, Selectronic Australia Pty Ltd, Lend Lease Communities (Australia) Ltd., Latronic Sunpower Ltd., Ergon Energy Corporation",Past
"Future Proofing in Australia's Electricity Distribution Industry",https://arena.gov.au/projects/future-proofing-in-australias-electricity-distribution-industry/,"Renewables for industry","The Future Proofing in Australia’s Electricity Distribution Industry project aims to enhance the flexibility and resilience of Australia’s electricity distribution system. The Clean Energy Council will conduct extensive consultations with industry, government, regulators and consumers, and commission technical, economic and regulatory analysis
",$408k,$408k,"Clean Energy Council","Emerging Renewables Program",18/07/2014,"Melbourne, Victoria",None,Past
"Lord Howe Island Hybrid Renewable Energy System",https://arena.gov.au/projects/lord-howe-island-hybrid-renewable-energy-system/,"Battery storage","The Lord Howe Island Hybrid Renewable Project will add more than 1.2 MW of renewable energy generating capacity and over 3.2 MWh of battery storage to the current diesel power generation system operating on Lord Howe Island, NSW.
",$4.5m,$11.85m,"Lord Howe Island Board (LHIB)","Regional Australia’s Renewables",17/07/2014,"Lord Howe Island, New South Wales",None,Past
"Doomadgee Solar Project",https://arena.gov.au/projects/doomadgee-solar-project/,"Hybrid technologies","This project aims to demonstrate the technical viability and system reliability of a hybrid electricity system involving a large amount of solar photovoltaic (PV) energy with diesel generation. The project will integrate 1.26 MW of solar PV generation into the existing diesel power station that powers the Doomadgee community in remote Queensland.
",$0k,$7.89m,"Ergon Energy","Regional Australia’s Renewables",17/07/2014,"Doomadgee, Queensland",None,Past
"NT Solar Energy Transformation Program",https://arena.gov.au/projects/northern-territory-solar-energy-transformation-program/,"Battery storage","The NT Solar Energy Transformation Program (SETuP) has transformed the delivery of electricity in remote off-grid communities throughout the Northern Territory.
",$35m,$62.5m,"Power and Water Corporation Indigenous Essential Services Pty Ltd","Regional Australia’s Renewables",17/07/2014,"Northern Territory","Northern Territory Government",Past
"Gullen Solar Farm",https://arena.gov.au/projects/gullen-solar-farm/,"Large-scale solar","The Gullen Solar Farm project is a 10 megawatt (MW) solar farm co located with Gullen Range Wind Farm 30km north west of Goulburn in the Southern Highlands of New South Wales.
",$9.9m,$28.82m,"Gullen Solar Pty Ltd","Advancing Renewables Program",17/07/2014,"Crookwell, New South Wales","Goldwind Australia Pty Ltd",Past
"Asia-Pacific Solar Research Conference 2014",https://arena.gov.au/projects/asia-pacific-solar-research-conference-2014/,"Solar energy","The 2014 Asia-Pacific Solar Research Conference was held on the 8 – 10 Dec 2014 at the Colombo Theatres, University of New South Wales, Sydney.
",$50k,$230k,"Australian PV Institute","Emerging Renewables Program",17/07/2014,"Kensington, New South Wales",None,Past
"Intelligent Storage for Australia's Grid",https://arena.gov.au/projects/intelligent-storage-for-australias-grid/,"Solar energy","The Intelligent Storage for Australia’s Grid project involves piloting GridCredits, a battery storage control module that allows consumers to monitor electricity usage and access their solar power overnight and at peak times.
",$445k,$930k,"Reposit Power Pty Ltd","Emerging Renewables Program",16/07/2014,"Australian Capital Territory, Fyshwick",None,Past
"High-Temperature Solar Thermal Energy Storage",https://arena.gov.au/projects/high-temperature-solar-thermal/,"Concentrated solar thermal","This project aimed to develop an innovative energy storage system that uses concentrating solar thermal technology to drive a high-temperature redox (or reduction-oxidation) thermochemical cycle.
",$1.19m,$3.46m,"Australian National University","Solar Research & Development",15/07/2014,"Australian Capital Territory, Canberra","University of Colorado Boulder, IT Power Australia Pty Ltd",Past
"Improving Solar Thermal Receivers for Reduced Heat Loss",https://arena.gov.au/projects/improving-solar-thermal-receivers-for-reduced-heat-loss/,"Concentrated solar thermal","This project investigated novel configurations of tube banks for central tower receivers, including bladed concepts and incorporating the use of active airflow techniques.
",$1.4m,$3.59m,"Australian National University","Research and Development",15/07/2014,"Australian Capital Territory, Canberra","The University of Adelaide, Sandia National Laboratories, CSIRO",Past
"Advanced Surface and Contact Technologies Improving Solar Cells",https://arena.gov.au/projects/advanced-surface-and-contact-technologies-improving-solar-cells/,"Solar energy","The Advanced Surface and Contact Technologies Improving Solar Cells project aims to develop a suite of key cell process technologies to improve the surface of silicon solar cells.
",$3.96m,$15.7m,"Australian National University","Solar Research Excellence",15/07/2014,"Australian Capital Territory","UNSW Australia, Trina Solar, Tempress Systems",Past
"Lowering the Cost of High Efficiency Silicon Solar Panels",https://arena.gov.au/projects/lowering-the-cost-of-high-efficiency-silicon-solar-panels/,"Solar energy","The Lowering the Cost of High Efficiency Silicon Solar Panels project will identify and reduce the impact of defects and impurities throughout the solar panel production process. It will cover the initial growth of the silicon ingots, wafers, cells and the final panel.
",$2.02m,$6.99m,"Australian National University","Research and Development",15/07/2014,"Australian Capital Territory, Canberra","UNSW Australia, University of Warwick, SunEdison, Sinton Instruments, Institut f&uuml;r Solarenergieforschung Hameln/Emmerthal GmbH, Fraunhofer Institute for Solar Energy Systems, BT Imaging, Apollon Solar",Past
"Solar Panels for the Australian Environment",https://arena.gov.au/projects/solar-panels-for-the-australian-environment/,"Solar energy","The Solar Panels for the Australian Environment recognises that designing a PV module for Australian conditions is a complex and difficult engineering task, requiring modification of almost all module components.
",$502k,$1.21m,"Australian National University","Solar Research Excellence",15/07/2014,"Australian Capital Territory, Canberra","UNSW Australia, Tindo Solar, Sunpulse K. K., PV Lighthouse, PV LAB AUSTRALIA PTY LTD, Brisbane Materials Technology Pty Ltd",Past
"Lithium-Sulfur Batteries for Large-Scale Energy Storage",https://arena.gov.au/projects/lithium-sulfur-batteries-for-large-scale-energy-storage/,"Battery storage","The Lithium-Sulfur Batteries for Large-Scale Energy Storage project aimed to develop advanced lithium-sulfur batteries for renewable energy storage with high-energy density, extended service life and operational safety.
",$830k,$2.07m,"University of Technology Sydney","Research and Development",15/07/2014,"New South Wales, Sydney","Korea Electrotechnology Research Institute, Ergon Energy Corporation, DLG Battery",Past
"Re-Deployable Hybrid Power (Sunshift)",https://arena.gov.au/projects/redeployable-hybrid-power/,"Hybrid technologies","The Re-Deployable Hybrid Power (Sunshift) project involved a pilot-scale deployment of a fully re-deployable hybrid solar/diesel power plant that has the potential to change the renewable energy landscape in regional and remote Australia. Laing O’Rourke successfully operate and removed this demonstration plant in March 2015.
",$451k,$1.76m,"Laing O'Rourke","Emerging Renewables Program",14/07/2014,"Combabula, Queensland",None,Past
"Woody Biomass Harvester",https://arena.gov.au/projects/woody-biomass-harvester/,"Bioenergy / Energy from waste","This project involves the design, construction and testing of an innovative woody biomass harvester
",$463k,$2m,"Biosystems Engineering Pty Ltd","Emerging Renewables Program",14/07/2014,"Queensland, Toowoomba",None,Past
"Low Emission Biofuel Technology",https://arena.gov.au/projects/low-emission-biofuel-technology/,"Bioenergy / Energy from waste","Researchers in Curtin University’s Fuels and Energy Technology Institute have developed a new technology that converts biomass such as mallee crops into biofuels and biochar via biomass conversion (pyrolysis) and biorefinement.
",$5.47m,$13.49m,"Renergi Pty Ltd","Emerging Renewables Program",14/07/2014,"Perth, Western Australia","Oil Mallee Association of Australia, Curtin University",Past
"Coober Pedy Renewable Diesel Hybrid",https://arena.gov.au/projects/coober-pedy-renewable-diesel-hybrid/,"Battery storage","The Coober Pedy Renewable Diesel Hybrid project aimed to install 1MW solar, 4MW wind generation, a 1MW, 0.5MWh battery storage and inverter system as well as a range of additional proven technologies, integrated with Energy Developments Ltd’s (EDL) existing 3.9MW diesel power station in Coober Pedy.
",$16.46m,$38.86m,"Energy Developments (EDL)","Regional Australia’s Renewables",11/07/2014,"Coober Pedy, South Australia",None,Past
"Australian Wave Energy Atlas",https://arena.gov.au/projects/australian-wave-energy-atlas/,"Ocean energy","This project has developed an atlas that makes it easier to assess the feasibility of wave power projects.
",$1.32m,$3.28m,CSIRO,"Emerging Renewables Program",10/07/2014,"Hobart, Tasmania","Australian Maritime College - The University of Tasmania, Bureau of Meteorology, BioPower Systems, Carnegie Clean Energy, Swinburne University of Technology",Past
"International Energy Agency's Bioenergy Program",https://arena.gov.au/projects/participation-in-the-international-energy-agencys-bioenergy-program/,"Bioenergy / Energy from waste","The International Energy Agency&#8217;s Bioenergy Program project involves Bioenergy Australia extending its participation in the International Energy Agency’s Bioenergy program. It will help shape the global research and knowledge agenda for the developing bioenergy industry.
",$708k,$1.42m,"Bioenergy Australia","Emerging Renewables Program",02/07/2014,"New South Wales, Sydney","University of the Sunshine Coast, University of Southern Queensland, University of New England, Monash University, BioIndustry Partners Pty Ltd",Past
"Carnegie CETO 6 Technology",https://arena.gov.au/projects/carnegie-ceto-6-technology/,"Ocean energy","This demonstration project will design, install and operate a grid connected CETO 6 unit off the coast of Albany, Western Australia. Albany has one of the most consistent wave energy resources in the world.
",$2.18m,$5.3m,"Carnegie Clean Energy Ltd.","Emerging Renewables Program",29/06/2014,"Albany, Western Australia","State Government of Western Australia",Past
"Pathways to Deep Decarbonisation in 2050",https://arena.gov.au/projects/pathways-to-deep-decarbonisation-in-2050/,"Bioenergy / Energy from waste","This project explores the role of renewable energy technologies and biofuels in decarbonising the Australian economy. The project is jointly led by ClimateWorks Australia and the Australian National University and draws on the latest research and modelling by CSIRO and Centre of Policy Studies at Victoria University.
",$305k,$934k,"ClimateWorks Australia and the Australian National University (project co-leaders)","Emerging Renewables Program",22/06/2014,Victoria,None,Past
"Investigating a Bioenergy Alternative for Mines",https://arena.gov.au/projects/investigating-a-bioenergy-alternative-for-mines/,"Bioenergy / Energy from waste","ARENA provided $300,000 to lay the groundwork for a renewable biogas project in the Pilbara. The Investigating a Bioenergy Alternative for Mines project found that it is technically feasible to supply remote mine sites with electricity and/or natural gas produced from purpose grown biomass using mine dewatering using Anaerobic Digestion.
",$300k,$400k,"AgGrow Energy Resources Pty Ltd","Emerging Renewables Program",11/06/2014,"Perth, Western Australia",None,Past
"Future-Proofing in the Electricity Distribution Industry",https://arena.gov.au/projects/future-proofing-in-the-electricity-distribution-industry/,"System security and reliability","A study of enabling technologies to future-proof Australia’s Electricity Distribution Industry.
",$426k,$426k,"Clean Energy Council","Emerging Renewables Program",26/05/2014,"Melbourne, Victoria",None,Past
"Weipa 6.7MW Solar Photovoltaic (PV) Solar Farm",https://arena.gov.au/projects/weipa-solar-farm/,"Large-scale solar","The Weipa Solar Farm project will construct and operate a 6.7MW solar photovoltaic (PV) solar farm in two stages at Rio Tinto’s remote bauxite operation in Weipa. The system will connect to Rio Tinto’s existing mini-grid at Weipa and deliver electricity according to a long term Power Purchase Agreement (PPA).
",$3.5m,$5.88m,"Weipa Solar Farm Pty Ltd","Australian Solar Institute",26/03/2014,"Queensland, Weipa",None,Past
"Feasibility Study for Perenjori 20MW Dispatchable Solar Tower",https://arena.gov.au/projects/feasibility-study-for-perenjori-20mw-dispatchable-solar-tower-project/,"Concentrated solar thermal","The Perenjori 20MW Dispatchable Solar Tower project is a feasibility study into the construction of a 20 MWe solar thermal power station in Perenjori, WA. The plant would employ Abengoa’s molten salt tower technology with a thermal energy storage system and would be integrated into the north-eastern fringe of WA’s South Western Interconnected System (SWIS).
",$436k,$824k,"Abengoa Solar","Emerging Renewables Program",21/03/2014,"Perenjori, Western Australia",None,Past
"Re-Deployable Hybrid Power Feasibility Study",https://arena.gov.au/projects/redeployable-hybrid-power-feasibility-study/,"Battery storage","This project involves a feasibility study into a portable hybrid solar/diesel power plant. Laing O’Rourke will undertake the study, which has the potential to change the renewable energy landscape in regional and remote Australia.
",$410k,$821k,"Laing O'Rourke","Emerging Renewables Program",06/03/2014,"New South Wales, Sydney",None,Past
"CSP Pilot Plant",https://arena.gov.au/projects/csp-pilot-plant/,"Concentrated solar thermal","In 2012 Vast Solar commenced its 1.2 MW Performance Validation Project which was supported by funding from the then Australian Solar Institute. This involved a single module of Vast Solar’s low-cost, high-performance concentrating solar thermal (CST) power system &#8211; a solar field of 700 mirrors focused on a single tower with a thermal energy receiver.
",$9.89m,$23.03m,"Vast Solar Pty Ltd","Emerging Renewables Program",03/02/2014,"Jemalong, New South Wales",None,Past
"Port Augusta Solar Thermal Feasibility Study",https://arena.gov.au/projects/port-augusta-solar-thermal-feasibility-study/,"Battery storage","This project focused on the pre-feasibility work needed to assess the viability of a stand-alone solar thermal plant using ‘power tower’ technology that would see a field of mirrors concentrate light into a central receiver at the top of a tower. The high temperatures generated by power tower technology make it most compatible with molten-salt storage.
",$408k,$1.04m,"Alinta Energy","Emerging Renewables Program",17/12/2013,"Port Augusta, South Australia",None,Past
"National Community Energy Strategy",https://arena.gov.au/projects/national-community-energy-strategy-catalysing-community-renewables-in-australia/,"Renewables for industry","The project also developed National Community Energy Strategy; the National Community Energy Strategy contains strategies that focus on addressing the challenges and opportunities unique to community-owned renewable energy projects.
",$330k,$506k,"University of Technology, Sydney","Emerging Renewables Program",15/10/2013,"New South Wales",None,Past
"Australian Involvement in the IEA PV Power Systems",https://arena.gov.au/projects/australian-involvement-in-the-iea-pv-power-systems/,"Solar energy","A study of solar photovoltaic (PV) technologies to enhance Australian involvement in the International Energy Agency PV power systems, and solar heating and cooling implementing agreements.
",$440k,$1.29m,"Australian PV Institute","Australian Solar Institute",29/08/2013,"Kensington, New South Wales",None,Past
"Self Patterning Dielectric Metal Nanostructure",https://arena.gov.au/projects/self-patterning-dielectric-metal-nanostructure/,"Solar energy","This project is a study of research and development of solar photovoltaic (PV) technologies to investigate self-patterning dielectric/metal nanostructures at the rear surface of silicon solar cells for advanced passivation and light trapping.
",$391k,$391k,"University of New South Wales","Post Fellowship Doctorate",08/07/2013,"Kensington, New South Wales",None,Past
"VISY Clean Energy Project",https://arena.gov.au/projects/visy-clean-energy-project/,"Bioenergy / Energy from waste","A study of bioenergy technologies to support technical innovations and approvals process for the Visy Clean Energy Project in Sydney and Tumut.
",$423k,$2.53m,VISY,"Emerging Renewables Program",05/07/2013,"Campbellfield, Victoria","None ",Past
"Fabrication of High Performance Solar Cells",https://arena.gov.au/projects/fabrication-of-high-performance-solar-cells/,"Solar energy","This project is a study of research and development of solar photovoltaic (PV) technologies to optimise the selective emitter fabrication process using laser technology.
",$36k,$36k,"University of New South Wales","Post Fellowship Doctorate",01/07/2013,"Kensington, New South Wales",None,Past
"AGL Solar Project",https://arena.gov.au/projects/agl-solar-project/,"Large-scale solar","The AGL Solar Project aimed to increase knowledge in large-scale solar energy through the construction of two solar photovoltaic (PV) power stations in New South Wales. Combined, the projects generate up to 155 megawatts (MW) (AC) of electricity.
",$166.7m,$439.08m,"AGL Energy Limited (AGL)","Australian Solar Institute",05/06/2013,"Broken Hill and Nyngan, New South Wales","NSW Office of Environment and Heritage, Australian Renewable Energy Agency",Current
"Lateral Optimisation of Dye-Sensitised Thin Film Photovoltaics",https://arena.gov.au/projects/lateral-optimisation-of-dye-sensitised-thin-film-photovoltaics/,"Solar energy","This project is a study of research and development of solar photovoltaic (PV) technologies to develop lateral optimisation of dye-sensitised thin film photovoltaics.
",$329k,$329k,CSIRO,"Post Fellowship Doctorate",23/05/2013,"Mayfield West, New South Wales",None,Past
"Reducing the Cost of Solar Power by Thin-Film Engineering Strategies",https://arena.gov.au/projects/reducing-the-cost-of-solar-power-by-thin-film-engineering-strategies/,"Solar energy","This project is a study of research and development of solar photovoltaic (PV) technologies to improve cost reduction of photovoltaic power generation, through thin-film engineering strategies applied to crystalline silicon photovoltaic devices and modules.
",$347k,$347k,"Australian National University","Post Fellowship Doctorate",01/05/2013,"Australian Capital Territory, Canberra",None,Past
"Guiding the Rational Design of Organic Dye Sensitisers",https://arena.gov.au/projects/guiding-the-rational-design-of-organic-dye-sensitisers/,"Solar energy","This project is a study of research and development of solar photovoltaic (PV) technologies to develop an experimental and theoretical approach to the design of organic dye sensitisers for solar cell technologies.
",$339k,$339k,"University of Melbourne","Post Fellowship Doctorate",01/05/2013,"Parkville, Victoria",None,Past
"Investigation of Aluminium Alloys",https://arena.gov.au/projects/investigation-of-aluminium-alloys/,"Concentrated solar thermal","This project is a study of research and development of solar thermal technologies to investigate aluminium alloys as phase change materials for concentrated solar power plants running supercritical CO2 power cycles.
",$10k,$10k,"University of South Australia","Post Fellowship Doctorate",01/05/2013,"Adelaide, South Australia","None ",Past
"Flexible Barrier Encapsulation for Printed Solar Cells",https://arena.gov.au/projects/flexible-barrier-encapsulation-for-printed-solar-cells/,"Solar energy","This project is a study of research and development of solar photovoltaic (PV) technologies to investigate flexible barrier encapsulation for printed solar cells.
",$332k,$332k,CSIRO,"Post Fellowship Doctorate",30/04/2013,"Clayton, Victoria",None,Past
"Development of Low Bandgap Polymeric Acceptors",https://arena.gov.au/projects/development-of-low-bandgap-polymeric-acceptors/,"Solar energy","This project is a study of research and development of solar photovoltaic (PV) technologies to develop low bandgap polymeric acceptors for organic solar cells.
",$349k,$349k,"The University of Queensland","Post Fellowship Doctorate",28/04/2013,"Brisbane, Queensland",None,Past
"High Efficiency N-Type Silicon Solar Cells",https://arena.gov.au/projects/high-efficiency-n-type-silicon-solar-cells/,"Solar energy","This project is a study of research and development of solar photovoltaic (PV) technologies to fabricate high efficiency n-type silicon solar cells with local laser doping by laser chemical processing.
",$370k,$370k,"Australian National University","Power System Services",24/04/2013,"Australian Capital Territory, Canberra",None,Past
"Thermal Evaporation of High Efficiency Solar Cells",https://arena.gov.au/projects/thermal-evaporation-of-high-efficiency-solar-cells/,"Solar energy","This project is a study of research and development of solar photovoltaic (PV) technologies to develop a process to reliably produce high efficiency copper-zinc-tin-sulphide (CZTS) solar cells.
",$330k,$330k,"University of New South Wales","Post Fellowship Doctorate",24/04/2013,"Kensington, New South Wales",None,Past
"Nanosphere Lithography for Controlled Fabrication of Plasmonic Films",https://arena.gov.au/projects/nanosphere-lithography-for-controlled-fabrication-of-plasmonic-films/,"Solar energy","This project is a study of research and development of solar photovoltaic (PV) technologies to develop nanosphere lithography for controlled fabrication of large-area plasmonic films.
",$216k,$216k,"University of New South Wales","Post Fellowship Doctorate",24/04/2013,"Kensington, New South Wales",None,Past
"Characterisation of Light Distribution within Silicon Solar Cells",https://arena.gov.au/projects/characterisation-of-light-distribution-within-silicon-solar-cells/,"Solar energy","This project is a study of research and development of solar photovoltaic (PV) technologies to investigate light distributions within various types of solar cells.
",$330k,$330k,"University of New South Wales","Post Fellowship Doctorate",24/04/2013,"Kensington, New South Wales",None,Past
"Singlet Heterofission in Organic Dimers",https://arena.gov.au/projects/singlet-heterofission-in-organic-dimers/,"Solar energy","This project is a study of research and development of solar photovoltaic (PV) technologies to investigate organic molecules for use in organic photovoltaic devices.
",$325k,$325k,"University of New South Wales","Post Fellowship Doctorate",24/04/2013,"Kensington, New South Wales",None,Past
"Generation Investment and Policy Support Frameworks",https://arena.gov.au/projects/generation-investment-and-policy-support-frameworks/,"Concentrated solar thermal","This project is a study of research and development of enabling technologies to provide theoretical framework and analysis tools for facilitating high solar generation penetrations in Australia’s electricity industry.
",$396k,$396k,"University of New South Wales","Post Fellowship Doctorate",24/04/2013,"Kensington, New South Wales",None,Past
"Novel Solution-Processed Multilayer D-I-A Organic Solar Cells",https://arena.gov.au/projects/novel-solution-processed-multilayer-d-i-a-organic-solar-cells/,"Solar energy","This project is a study of research and development of solar photovoltaic (PV) technologies to develop a novel solution-processed multilayer donor/ionic species/acceptor organic solar cell.
",$329k,$329k,CSIRO,"Post Fellowship Doctorate",19/04/2013,"Clayton, Victoria",None,Past
"Integration of High Efficient Photon Up-Conversion Systems",https://arena.gov.au/projects/integration-of-high-efficient-photon-up-conversion-systems/,"Solar energy","This project is a study of research and development of solar photovoltaic (PV) technologies to integrate high efficiency photon up-conversion systems with organic solar cells for third generation PV applications.
",$374k,$374k,"The University of Wollongong","Post Fellowship Doctorate",04/04/2013,"New South Wales, Wollongong",None,Past
"High Quality Laser Doping for Solar Cells",https://arena.gov.au/projects/high-quality-laser-doping-for-solar-cells-through-improved-characterisation-techniques/,"Solar energy","This project developed innovative characterisation (measurement) approaches that allow high quality data to be collected quickly and accurately, thereby providing a way to rapidly improve laser doping.
",$447k,$1.22m,"Australian National University (ANU)","Australian Solar Institute",01/04/2013,"Australian Capital Territory",None,Past
"Advanced & Industry-Ready Photo-Characterisation of Silicon Bricks",https://arena.gov.au/projects/advanced-industry-ready-photo-characterisation-of-silicon-bricks/,"Solar energy","This project is a study of research and development of solar photovoltaic (PV) technologies to develop new photoluminescence imaging based methods for silicon bricks inspection for advanced and industry-ready manufacturing.
",$330k,$330k,"University of New South Wales","Post Fellowship Doctorate",01/04/2013,"Kensington, New South Wales",None,Past
"Development of Novel Nanocluster-Based Buffer Layers",https://arena.gov.au/projects/development-of-novel-nanocluster-based-buffer-layers/,"Solar energy","This project is a study of research and development of solar photovoltaic (PV) technologies to develop novel nanocluster-based buffer layers for multi-junction solar cells.
",$330k,$330k,"University of New South Wales","Post Fellowship Doctorate",31/03/2013,"Kensington, New South Wales",None,Past
"Moree Solar Farm",https://arena.gov.au/projects/moree-solar-farm/,"Large-scale solar","The Moree Solar Farm uses solar photovoltaic-polycrystalline modules and a single-axis horizontal tracking system which allows the modules to follow the sun to maximise power output.
",$101.7m,$200.83m,"Moree Solar Farm Pty Ltd","Advancing Renewables Program",28/03/2013,"Moree, New South Wales","Fotowatio Renewable Ventures, Denham Capital",Past
"Transparent and Conductive Graphene/Polymer Thin Films",https://arena.gov.au/projects/transparent-and-conductive-graphene-polymer-thin-films/,"Solar energy","This project is a study of research and development of solar photovoltaic (PV) technologies to fabricate novel transparency, conductive and flexible graphene/polymer thin films, with targeted applications in organic photovoltaics.
",$336k,$336k,"The University of Melbourne","Post Fellowship Doctorate",03/03/2013,"Melbourne, Victoria",None,Past
"Inkjet Enabled Silicon Solar Cell Fabrication",https://arena.gov.au/projects/inkjet-enabled-silicon-solar-cell-fabrication/,"Solar energy","This project is a study of research and development of solar photovoltaic (PV) technologies to refine and further develop inkjet patterning processes for silicon solar cells developed at UNSW to establish their manufacturability.
",$396k,$396k,"University of New South Wales","Post Fellowship Doctorate",01/03/2013,"Kensington, New South Wales",None,Past
"Singlet Exciton Fission and Multiexciton Harvesting in Organic Solar Cells",https://arena.gov.au/projects/singlet-exciton-fission-and-multiexciton-harvesting-in-organic-solar-cells/,"Solar energy","This project is a study of research and development of solar photovoltaic (PV) technologies to advance the efficiency of organic solar cells beyond established thermodynamic limits.
",$349k,$349k,"Queensland University of Technology","Post Fellowship Doctorate",01/03/2013,"Brisbane, Queensland",None,Past
"Nanostructures Design for Light Trapping",https://arena.gov.au/projects/nanostructures-design-for-light-trapping/,"Solar energy","This project is a study of research and development of solar photovoltaic (PV) technologies to design nanostructures with optimal light trapping in silicon wafer and chalcogenide thin-film solar cells.
",$242k,$242k,"Australian National University","Post Fellowship Doctorate",01/03/2013,"Australian Capital Territory, Canberra",None,Past
"Photovoltaic-Powered Ultraviolet Light Emitting Diode Water",https://arena.gov.au/projects/photovoltaic-powered-ultraviolet-light-emitting-diode-water/,"Solar energy","This project is a study of research and development of solar photovoltaic (PV) technologies to investigate the feasibility and design of point of use, low energy, photovoltaic-powered ultraviolet light emitting diode for water disinfection.
",$32k,$32k,"University of New South Wales","Post Fellowship Doctorate",01/03/2013,"Kensington, New South Wales",None,Past
"Impact of Spin on Fundamental Optoelectronic Processes",https://arena.gov.au/projects/impact-of-spin-on-fundamental-optoelectronic-processes/,"Solar energy","This project is a study of research and development of solar photovoltaic (PV) technologies to investigate the impact of spin on fundamental optoelectronic processes in organic semiconductors.
",$31k,$31k,"University of New South Wales","Post Fellowship Doctorate",01/03/2013,"Kensington, New South Wales",None,Past
"Producing Advanced Drop-In Fuels for Australia",https://arena.gov.au/projects/biomass-to-bio-crude-producing-advanced-drop-in-fuels-for-australia/,"Bioenergy / Energy from waste","This project undertook a feasibility study into the construction and operation of a pre-commercial biofuels plant that converts inedible plant material (biomass) into a bio-crude oil with similar characteristics to traditional fossil crude.
",$5.42m,$8.21m,"Licella Pty Ltd","Advancing Renewables Program",11/02/2013,"New South Wales, North Sydney",None,Past
"UltraBattery Distributed PV Support",https://arena.gov.au/projects/ultrabattery-distributed-pv-support-and-ultrabattery-for-remote-area-power-supply/,"Battery storage","This project will apply CSIRO’s breakthrough UltraBattery technology to deliver superior energy storage solutions.
",$583k,$1.46m,"Smart Storage Pty Ltd T/A Ecoult","Emerging Renewables Program",07/02/2013,"New South Wales, Sydney",None,Past
"Copper-Zinc-Tin-Sulfide Thin-Film Solar Cell",https://arena.gov.au/projects/copper-zinc-tin-sulfide-thin-film-solar-cell/,"Solar energy","This project is a study of research and development of solar photovoltaic (PV) technologies to develop a prototype copper-zinc-tin-sulfide (CZTS) thin-film solar cell on stainless steel substrate for application and commercialisation.
",$51k,$51k,"University of New South Wales","Post Fellowship Doctorate",04/02/2013,"Kensington, New South Wales",None,Past
"Tools for Design and Scale-up of Solar Thermochemical Reactors",https://arena.gov.au/projects/tools-for-design-and-scale-up-of-solar-thermochemical-reactors/,"Concentrated solar thermal","The Tools for Design and Scale-up of Solar Thermochemical Reactors project will produce the basic knowledge needed to design solar thermochemical reactors that can perform required energy conversions.
",$1.08m,$5.32m,"University of NSW","Australian Solar Institute",01/02/2013,"New South Wales",None,Past
"Future Fuels Program",https://arena.gov.au/projects/future-fuels-program/,,,$0k,$0k,,,01/02/2013,,,Past
"Advancing Marine Microalgae Biofuel to Commercialisation",https://arena.gov.au/projects/advancing-marine-microalgae-biofuel-to-commercialisation/,"Bioenergy / Energy from waste","Australia and the broader global community are searching for viable, sustainable alternatives to fossil oil as future sources of liquid fuels, and to develop superior solutions to biofuels currently produced from food crops such as corn-based ethanol and biodiesel from palm oil.
",$4.4m,$10.74m,"Muradel Pty Ltd","Emerging Renewables Program",30/01/2013,"South Australia, Western Australia, Whyalla",None,Past
"Australian Solar Energy Forecasting System - Phase 1",https://arena.gov.au/projects/australian-solar-energy-forecasting-system-asefs-phase-1/,"Solar energy","This project delivered the Australian Solar Energy Forecasting System (ASEFS), which uses basic techniques to cover all the Australian Energy Market Operator (AEMO) required forecasting timeframes for managing the National Electricity Market (NEM), which range from five minutes to two years.
",$3.09m,$7.59m,CSIRO,"Australian Solar Institute",30/01/2013,"Australian Capital Territory",None,Past
"Conversion of Coal to Hybrid Solar Thermal/Gas",https://arena.gov.au/projects/feasibility-study-into-conversion-of-collinsville-power-station-from-coal-to-hybrid-solar-thermalgas/,"Concentrated solar thermal","This project assessed the viability of converting the existing 180 MW coal-fired Collinsville Power Station in Queensland to a 30 MW hybrid solar thermal/gas power station. It was ultimately determined that a project was not feasible at the current time due to excessive capital costs.
",$2.15m,$5.25m,"RATCH-Australia Corporation Limited","Emerging Renewables Program",07/01/2013,"Collinsville, Queensland","Transfield Infrastructure Pty Ltd, University of Queensland",Past
"High Efficiency Low Cost Silicon Cells",https://arena.gov.au/projects/high-efficiency-low-cost-silicon-cells/,"Solar energy","This project is a study of research and development of solar photovoltaic (PV) technologies to develop high efficiency, low cost silicon cells with anodically grown silicon dioxide films.
",$355k,$355k,"Australian National University","Post Fellowship Doctorate",07/01/2013,"Australian Capital Territory, Canberra",None,Past
"Time-Resolved Microspectroscopy of Conjugated Polymer Films",https://arena.gov.au/projects/time-resolved-microspectroscopy-of-conjugated-polymer-films/,"Solar energy","This project is a study of research and development of solar photovoltaic (PV) technologies to improve organic photovoltaic technologies using cutting edge microscopic and spectroscopic techniques.
",$49k,$49k,"The University of Melbourne","Post Fellowship Doctorate",07/01/2013,"Parkville, Victoria",None,Past
"Institutional Rigidity in the National Electricity Market",https://arena.gov.au/projects/institutional-rigidity-in-the-national-electricity-market/,"System security and reliability","This project is a study of research and development of enabling technologies to investigate the extent to which institutional arrangements in the Australian national electricity market facilitate the integration of technologies and network adaptation.
",$112k,$112k,"Australian National University","Post Fellowship Doctorate",07/01/2013,"Australian Capital Territory, Canberra",None,Past
"Hybrid PV-T Static Micro Concentrators",https://arena.gov.au/projects/hybrid-pv-t-static-micro-concentrators/,"Solar energy","This project is a study of research and development of solar photovoltaic (PV) technologies to develop a hybrid PV-T static microconcentrator based on non-imaging optics.
",$210k,$210k,"Australian National University","Post Fellowship Doctorate",01/01/2013,"Australian Capital Territory, Canberra",None,Past
"Integration of Renewables into Power Systems",https://arena.gov.au/projects/integration-of-renewables-into-power-systems/,"System security and reliability","This project is a study of research and development of enabling technologies to investigate integration of renewables into power systems, including the energy market.
",$7k,$7k,AECOM,"Post Fellowship Doctorate",31/12/2012,"New South Wales, Potts Point","None ",Past
"Practical Realisation of a Hot Carrier Solar Cell Using Hafnium Nitride",https://arena.gov.au/projects/practical-realisation-of-a-hot-carrier-solar-cell-using-hafnium-nitride/,"Solar energy","This project is a study of research and development of solar photovoltaic (PV) technologies to develop a hot carrier solar cell using hafnium nitride.
",$45k,$45k,"University of new South Wales","Post Fellowship Doctorate",21/12/2012,"Kensington, New South Wales",None,Past
"Ultra-thin Silicon Solar Cells",https://arena.gov.au/projects/ultra-thin-silicon-solar-cells/,"Solar energy","This project is a study of research and development of solar photovoltaic (PV) technologies to develop ultra-thick silicon solar cells fabricated on steel substrates to deliver high conversion efficiencies.
",$51k,$51k,"University of New South Wales","Post Fellowship Doctorate",21/12/2012,"Kensington, New South Wales",None,Past
"Optimising Concentrated Solar Thermal Operation",https://arena.gov.au/projects/optimising-concentrated-solar-thermal-operation/,"Concentrated solar thermal","This project is a study of research and development of enabling technologies to optimise concentrated solar thermal operation using solar energy forecasting.
",$49k,$49k,"University of New South Wales","Post Fellowship Doctorate",21/12/2012,"Kensington, New South Wales",None,Past
"High Temperature Stainless Steels for Concentrated Solar Power",https://arena.gov.au/projects/high-temperature-stainless-steels-for-concentrated-solar-power/,"Concentrated solar thermal","This project is a study of research and development of solar thermal technologies to investigate and develop new high temperature alloys for concentrated solar thermal receivers for solar power towers.
",$123k,$123k,"University of Sydney","Post Fellowship Doctorate",21/12/2012,"Camperdown, New South Wales",None,Past
"Novel Texture Processes for the Latest Industrial Wafer",https://arena.gov.au/projects/novel-texture-processes-for-the-latest-industrial-wafer-and-advanced-cell-concepts/,"Solar energy","Wafer texturing is one of the first steps in creating a solar cell from a silicon wafer. The texturing roughens or etches the solar cell surface, to improve the cell’s performance by reducing light lost from reflection and trapping light in the solar cell.

",$475k,$1.3m,"Suntech R&D Australia","Australian Solar Institute",20/12/2012,"New South Wales, Sydney",None,Past
"Ultrafast Spectroscopy for Third Generation Photovoltaics",https://arena.gov.au/projects/ultrafast-spectroscopy-for-third-generation-photovoltaics/,"Solar energy","This project is a study of research and development of solar photovoltaic (PV) technologies to investigate ultrafast spectroscopy for third generation photovoltaics.
",$352k,$352k,"University of Sydney","Post Fellowship Doctorate",15/12/2012,"Camperdown, New South Wales",None,Past
"ASTRI Australian Solar Thermal Research Institute",https://arena.gov.au/projects/astri-australian-solar-thermal-research-institute/,"Concentrated solar thermal","The ASTRI Australian Solar Thermal Research Institute is a consortium of leading Australian research institutions collaborating on ‘over the horizon’ concentrating solar power (CSP) research projects.
",$49.95m,$102.21m,CSIRO,"Australian Solar Institute",12/12/2012,"New South Wales","Australian National University, The University of Queensland, The University of Adelaide, Queensland University of Technology, University of South Australia, Flinders University",Past
"Utility-Scale Solar Installations",https://arena.gov.au/projects/utility-scale-solar-installations-social-license-to-operate-in-australia/,"Solar energy","The Utility-Scale Solar Installations project involved undertaking comprehensive research to develop an understanding of the public knowledge and attitudes towards utility-scale solar projects.
",$153k,$153k,"Ipsos Social Research Institute","Australian Solar Institute",12/12/2012,"Artarmon, New South Wales",None,Past
"Micro Urban Solar Integrated Concentrators (MUSIC)",https://arena.gov.au/projects/micro-urban-solar-integrated-concentrators-music/,"Concentrated solar thermal","The Micro Urban Solar Integrated Concentrators (MUSIC) project takes a completely new approach to collecting solar energy. It is developing innovative, thin and lightweight concentrating solar collector platforms (which ‘collect and concentrate’ the energy from sunlight) that deliver up to 400 degrees Celsius thermal energy and electricity from building roofs.
",$4.92m,$13.09m,"Royal Melbourne Institute of Technology (RMIT)","Australian Solar Institute",12/12/2012,Victoria,None,Past
"New Photocathodes for Solar Hydrogen Production",https://arena.gov.au/projects/new-photocathodes-for-solar-hydrogen-production/,"Solar energy","The goal of this New Photocathodes for Solar Hydrogen Production project is to develop an inexpensive, conceptually new system for the conversion of solar energy into hydrogen.
",$500k,$1.07m,"Ian Wark Research Institute, University of South Australia","Emerging Renewables Program",12/12/2012,"Adelaide, South Australia",None,Past
"Development of Commercially Viable High Efficiency Solar Cells and Module",https://arena.gov.au/projects/development-of-commercially-viable-high-efficiency-solar-cells-and-module/,"Solar energy","This project is a study of research and development of solar photovoltaic (PV) technologies to develop commercially viable high efficiency solar cells and modules.
",$422k,$422k,"University of New South Wales","Post Fellowship Doctorate",12/12/2012,"Kensington, New South Wales",None,Past
"Model Predictive Control of Thermal Components",https://arena.gov.au/projects/model-predictive-control-of-thermal-components/,"Concentrated solar thermal","This project is a study of research and development of solar thermal technologies to develop a methodology of model predictive control to produce more reliable and better performing concentrating solar thermal systems.
",$360k,$360k,"Australian National University","Post Fellowship Doctorate",12/12/2012,"Australian Capital Territory, Canberra",None,Past
"Australian Centre for Advanced Photovoltaics (ACAP)",https://arena.gov.au/projects/australian-centre-for-advanced-photovoltaics-acap/,"Solar energy","The Australian Centre for Advanced Photovoltaics (ACAP) project is providing a pipeline to ‘over the horizon’ photovoltaic technology, as well as training the next generation of research scientists and engineers through exposure to world-class facilities across Australia and the world.
",$128.97m,$321.71m,"University of NSW","Australian Solar Institute",03/12/2012,"New South Wales, Sydney",None,Current
"Photothermal Deflection Spectroscopy",https://arena.gov.au/projects/photothermal-deflection-spectroscopy/,"Solar energy","This project is a study of research and development of solar photovoltaic (PV) technologies to develop a fully automated turnkey solution for photothermal deflection spectroscopy.
",$330k,$330k,"University of New South Wales","Post Fellowship Doctorate",30/11/2012,"Kensington, New South Wales",None,Past
"Advanced Biomass Gasification Technology",https://arena.gov.au/projects/advanced-biomass-gasification-technology/,"Bioenergy / Energy from waste","The Advanced Biomass Gasification Technology project constructed and demonstrated an innovative biomass gasification technology that converts biomass, such as agricultural waste and mallee crops, into a clean gaseous fuel that can be used to generate electricity.
",$4.16m,$7.32m,"Renergi Pty Ltd","Emerging Renewables Program",09/11/2012,"Perth, Western Australia",None,Past
"Forecasting Distributed Solar Energy Production",https://arena.gov.au/projects/forecasting-distributed-solar-energy-production/,"Solar energy","This project is conducting real-time analysis of some of the 650,000 residential solar photovoltaic (PV) systems widely distributed throughout Australia.
",$889k,$2.71m,"Australian National University (ANU)","Australian Solar Institute",08/11/2012,"Australian Capital Territory",None,Past
"Machine-Learning-Based Forecasting of Distributed Solar Energy Production",https://arena.gov.au/projects/machine-learning-based-forecasting-distributed-solar-energy-production/,"Solar energy","The Australian National University (ANU) lead a project to develop techniques for forecasting the generation of electricity from distributed solar photovoltaic (PV) systems, like those installed on household rooftops, with the objective of developing a commercial product that can be sold to utilities and other companies to accurately predict the output of of PV systems and therefore demand on the grid for improved efficiency and stability.
",$889k,$2.71m,"Australian National University","Australian Solar Institute",08/11/2012,"Australian Capital Territory, Canberra",Telstra,Past
"Improved Measurement of Contaminants in Silicon Solar Cells",https://arena.gov.au/projects/improved-measurement-of-contaminants-in-silicon-solar-cells/,"Solar energy","The Improved Measurement of Contaminants in Silicon Solar Cells project aims to compare, understand and further develop techniques that accurately identify the type and amount of efficiency-reducing contaminants in silicon solar cells. It will also investigate the lifetime effects of contamination in order to minimise its impact.
",$403k,$403k,"University of NSW","Australian Solar Institute",05/11/2012,"New South Wales",None,Past
"High Efficiency Very Low Thermal Budget Silicon Solar Cells",https://arena.gov.au/projects/high-efficiency-very-low-thermal-budget-silicon-solar-cells/,"Solar energy","This project is a study of research and development of solar photovoltaic (PV) technologies to develop high efficiency, very low thermal, budget silicon solar cells through laser processing.
",$413k,$413k,"Australian National University","Post Fellowship Doctorate",05/11/2012,"Australian Capital Territory, Canberra",None,Past
"Development of Combined Cycle Using Solar Reformed Gas",https://arena.gov.au/projects/development-of-combined-cycle-using-solar-reformed-gas/,"Concentrated solar thermal","This Development of Combined Cycle Using Solar Reformed Gas project aimed to demonstrate the technical and economic feasibility of a combined cycle power plant fuelled with natural gas that has been ‘upgraded’ using solar thermal energy.
",$346k,$711k,CSIRO,"Australian Solar Institute",01/11/2012,"New South Wales",None,Past
"Copper-Zinc-Tin-Sulphide on Silicon Multi-Junction Solar Cells",https://arena.gov.au/projects/low-cost-high-efficiency-copper-zinc-tin-sulphide-czts-on-silicon-multi-junction-solar-cells/,"Solar energy","The Copper-Zinc-Tin-Sulphide on Silicon Multi-Junction Solar Cells project aims to develop a new generation of silicon wafer solar cell technology by producing tandem devices that can improve on the world record 25% efficiency achieved by UNSW with silicon wafer-based solar cells in 2008.
",$2.61m,$7.79m,"University of NSW","Australian Solar Institute",01/11/2012,"New South Wales",None,Past
"Plug and Play Solar Power",https://arena.gov.au/projects/plug-and-play-solar-power/,"Solar energy","The Plug and Play Solar Power project addressed barriers to solar hybrid power system growth by developing ‘Plug and Play’ technology.
",$1.29m,$2.91m,CSIRO,"Australian Solar Institute",01/11/2012,"New South Wales",None,Past
"Oxide Semiconductors for Solar Energy Conversion",https://arena.gov.au/projects/oxide-semiconductors-for-solar-energy-conversion/,"Solar energy","This project is a study of research and development of solar photovoltaic (PV) technologies to investigate high performance titanium-oxide based semiconductors for conversion of solar energy into chemical energy required for water oxidation.
",$277k,$277k,"University of Western Sydney","Post Fellowship Doctorate",01/11/2012,"New South Wales, Penrith",None,Past
"Dynamic PCM Systems for High Temperature Thermal Storage",https://arena.gov.au/projects/dynamic-pcm-systems-for-high-temperature-thermal-storage/,"System security and reliability","This project is a study of research and development of enabling technologies to investigate phase change material in dynamic storage systems for high temperature thermal storage.
",$289k,$289k,"University of South Australia","Australian Solar Institute",01/11/2012,"Adelaide, South Australia",None,Past
"Harnessing Energy Losses in Organic Solar Cells",https://arena.gov.au/projects/harnessing-energy-losses-in-organic-solar-cells/,"Solar energy","This project is a study of research and development of solar photovoltaic (PV) technologies to investigate energy losses at the donor-acceptor interface in organic solar cells.
",$333k,$333k,CSIRO,"Post Fellowship Doctorate",01/11/2012,"Mayfield West, New South Wales",None,Past
"High Efficiency Mono-Crystalline Thin-Si Solar Cells",https://arena.gov.au/projects/high-efficiency-mono-crystalline-thin-si-solar-cells/,"Solar energy","This project is a study of research and development of solar photovoltaic (PV) technologies to develop high efficiency mono-crystalline thin-silicon solar cells.
",$80k,$80k,"University of New South Wales","Post Fellowship Doctorate",01/11/2012,"Kensington, New South Wales",None,Past
"Metal-Assisted Chemical Etching of Sliver Solar Cells",https://arena.gov.au/projects/metal-assisted-chemical-etching-of-sliver-solar-cells/,"Solar energy","This project is a study of research and development of solar photovoltaic (PV) technologies to develop high efficiency mono-crystalline thin-silicon solar cells.
",$356k,$356k,"Australian National University","Post Fellowship Doctorate",01/11/2012,"Australian Capital Territory, Canberra",None,Past
"Improving the Accessibility of the System Advisor Model",https://arena.gov.au/projects/improving-the-accessibility-of-the-system-advisor-model-for-australian-concentrating-solar-power-users/,"Concentrated solar thermal","This project developed the necessary tools and additions to allow the System Advisor Model (SAM) to provide the same level of benefit for application to Australian geographical and market conditions as it does to the US.
",$73k,$73k,"Australian Solar Thermal Energy Association (AUSTELA)","Australian Solar Institute",29/10/2012,"New South Wales",None,Past
"Pilot-Scale Plant for the Production of Solar Anti-Reflection Coatings",https://arena.gov.au/projects/pilot-scale-plant-for-the-production-of-solar-anti-reflection-coatings/,"Solar energy","This project involved the construction and operation of a pilot-scale manufacturing facility for an innovative anti-reflection (AR) coating that can be used on solar panels.
",$1.26m,$4.8m,"Brisbane Materials Technology Pty Ltd","Australian Solar Institute",27/10/2012,Queensland,None,Past
"Power Loss Analysis via Photoluminescence Imaging",https://arena.gov.au/projects/power-loss-analysis-via-photoluminescence-imaging/,"Solar energy","This project is a study of research and development of solar photovoltaic (PV) technologies to analyse power loss via photoluminescence imaging on silicon solar cells.
",$33k,$33k,"University of New South Wales","Post Fellowship Doctorate",23/10/2012,"Kensington, New South Wales",None,Past
"High Efficiency Interdigitated Back-Contact Silicon Solar Cells",https://arena.gov.au/projects/high-efficiency-interdigitated-back-contact-silicon-solar-cells/,"Solar energy","This project is a study of research and development of solar photovoltaic (PV) technologies to develop high efficiency interdigitated back-contact silicon solar cells with advanced fabrication techniques and simplified processes.
",$47k,$47k,"Australian National University","Post Fellowship Doctorate",23/10/2012,"Australian Capital Territory, Canberra",None,Past
"Negatively-Charged Dielectric Films for Surface Passivation",https://arena.gov.au/projects/negatively-charged-dielectric-films-for-surface-passivation/,"Solar energy","This project is a study of research and development of solar photovoltaic (PV) technologies to further investigate the application of negatively-charged dielectric films for surface passivation of silicon solar cells.
",$124k,$124k,"Australian National University","Post Fellowship Doctorate",23/10/2012,"Australian Capital Territory, Canberra",None,Past
"Fabrication of a New Cost Effective High Efficiency Solar Cell Structure",https://arena.gov.au/projects/fabrication-of-a-new-cost-effective-high-efficiency-solar-cell-structure/,"Solar energy","This project is a study of research and development of solar photovoltaic (PV) technologies to develop a new cost effective high efficiency solar cell structure.
",$111k,$111k,"University of New South Wales","Post Fellowship Doctorate",23/10/2012,"Kensington, New South Wales",None,Past
"Modelling and Applications of Advanced Thermal Storage Materials",https://arena.gov.au/projects/modelling-and-applications-of-advanced-thermal-storage-materials/,"Solar energy","This project is a study of research and development of enabling technologies to model and apply advanced thermal storage materials.
",$49k,$49k,"University of Newcastle","Post Fellowship Doctorate",23/10/2012,"New South Wales, Newcastle",None,Past
"Role of Spin in Triplet-Triplet Annihilation Upconversion",https://arena.gov.au/projects/role-of-spin-in-triplet-triplet-annihilation-upconversion/,"Solar energy","This project is a study of research and development of solar photovoltaic (PV) technologies to investigate the role of spin in triplet-triplet annihilation upconversion.
",$70k,$70k,"University of New South Wales","Post Fellowship Doctorate",23/10/2012,"Kensington, New South Wales",None,Past
"Fast Response Dispatchable Thermal Storage for High Temperature CSP",https://arena.gov.au/projects/fast-response-dispatchable-thermal-storage-for-high-temperature-csp/,"Solar energy","This project is a study of research and development of solar photovoltaic (PV) technologies to investigate the role of spin in triplet-triplet annihilation upconversion.
",$395k,$395k,"University of South Australia","Post Fellowship Doctorate",23/10/2012,"Adelaide, South Australia",None,Past
"High-Efficiency Interdigitated Back-Contact Silicon Solar Cells",https://arena.gov.au/projects/high-efficiency-interdigitated-back-contact-silicon-solar-cells-with-advanced-fabrication-techniques/,"Solar energy","This project is a study of research and development of solar photovoltaic (PV) technologies to develop high-efficiency interdigitated back-contact silicon solar cells with advanced fabrication techniques and simplified processes.
",$378k,$378k,"Australian National University","Post Fellowship Doctorate",17/10/2012,"Australian Capital Territory, Canberra",None,Past
"Model for Community-Owned Solar",https://arena.gov.au/projects/model-for-community-owned-solar/,"Solar energy","The Model for Community-Owned Solar project aimed to increase the uptake of community-owned solar (COS), and resulted in a win-win situation for the City of Campbelltown and COS investors.
",$15k,$15k,"City of Campbelltown and Local Government Association of South Australia","Australian Solar Institute",03/10/2012,"South Australia",None,Past
"Light Trapping for Tandem Solar Cells",https://arena.gov.au/projects/light-trapping-for-tandem-solar-cells/,"Solar energy","This project is a study of solar photovoltaic (PV) technologies to develop industry compatible procedures for increasing light absorption in III-V/silicon tandem solar cells.
",$284k,$284k,"Australian National University","Post Fellowship Doctorate",01/10/2012,"Australian Capital Territory, Canberra",None,Past
"Highly Efficient and Stable Photoluminescent Nanocrystal Ink",https://arena.gov.au/projects/highly-efficient-and-stable-photoluminescent-nanocrystal-ink/,"Solar energy","This project is a study of research and development of solar photovoltaic (PV) technologies to develop a highly efficient and stable photoluminescent ink for improved spectral response in photovoltaic cells.
",$347k,$347k,"Swinburne University of Technology","Post Fellowship Doctorate",01/10/2012,"Hawthorn, Victoria",None,Past
"Energy Yield of Photovoltaic Power Systems",https://arena.gov.au/projects/energy-yield-of-photovoltaic-power-systems/,"Solar energy","This project is a study of research and development of solar photovoltaic (PV) technologies to improve translation models for predicting the energy yield of PV power systems.
",$109k,$109k,CSIRO,"Post Fellowship Doctorate",01/10/2012,"Mayfield West, New South Wales",None,Past
"Wizard Power Big Dish Upgrade",https://arena.gov.au/projects/wizard-power-big-dish-upgrade/,"Concentrated solar thermal","This project is a study of research and development of solar thermal technologies to investigate international best practice for integration with Wizard Power’s Big Dish.
",$8k,$8k,"Wizard Power","Post Fellowship Doctorate",30/09/2012,"Australian Capital Territory, Turner",None,Past
"Improving Translation Models for Predicting Energy Yields",https://arena.gov.au/projects/improving-translation-models-for-predicting-the-energy-yield-of-photovoltaic-pv-power-systems/,"Solar energy","To reduce the investment risk for large-scale photovoltaic power plants, CSIRO and its partners investigated the relationship between the manufacturer’s power rating for solar panels and the energy the panels generate over time.
",$1.31m,$3.19m,CSIRO,"Australian Solar Institute",12/09/2012,"New South Wales","National Renewable Energy Laboratory (NREL), Desert Knowledge Australia Solar Centre and Lend Lease",Past
"Integrated Solar Radiation Data Sources over Australia",https://arena.gov.au/projects/integrated-solar-radiation-data-sources-over-australia/,"Solar energy","CSIRO and its partners developed Australia’s first comprehensive solar radiation data set to help the solar energy industry measure and characertise the expected output of large scale solar power plants.
",$678k,$1.4m,CSIRO,"Australian Solar Institute",01/09/2012,"Australian Capital Territory","National Renewable Energy Laboratory (NREL) and the Bureau of Meteorology (BoM)",Past
"Climate-Based PV Performance and Reliability",https://arena.gov.au/projects/climate-based-pv-performance-and-reliability/,"Solar energy","This project will provide a publicly available, high quality PV performance database containing location-specific technical, operational and performance data.
",$268k,$579k,"Australian Photovoltaic Institute (APVI) (participants University of NSW, CAT Projects and Murdoch University)","Australian Solar Institute",01/09/2012,"New South Wales",None,Past
"Distributed Energy Market",https://arena.gov.au/projects/a-distributed-energy-market-consumer-and-utility-interest-and-the-regulatory-requirements/,"Distributed energy resources","The Distributed Energy Market project assessed a range of ways in which customers and electricity utilities might participate in a distributed energy market.
",$174k,$313k,"Australian Photovoltaic Institute (APVI)","Australian Solar Institute",01/09/2012,"New South Wales",None,Past
"Reservoir Quality in Sedimentary Geothermal Resources",https://arena.gov.au/projects/reservoir-quality-in-sedimentary-geothermal-resources/,"Geothermal energy","The Reservoir Quality in Sedimentary Geothermal Resources project analysed the only two geothermal wells drilled in Hot Sedimentary Aquifer reservoirs in Australia to evaluate why the flow of fluid was significantly less than expected.
",$1.25m,$3.5m,"South Australian Centre for Geothermal Energy Research (SACGER) and the University of Adelaide","Emerging Renewables Program",01/09/2012,"Adelaide, South Australia","CSIRO, South Australian Department of State Development (formerly DMITRE), Geodynamics Ltd, Raya Group Ltd (Formerly Panax Geothermal Ltd), South Australian Museum",Past
"Development of an Australian Solar Map",https://arena.gov.au/projects/development-of-an-australian-solar-map/,"Solar energy","This project involves the development of an interactive live solar photovoltaic (PV) map that tracks the uptake and impact of PV across Australia.
",$443k,$588k,"Australian Photovoltaic Institute (participants University of NSW, CAT Projects, Sunwiz, SMA)","Australian Solar Institute",01/09/2012,"New South Wales",None,Past
"Solar Resource Mapping Project",https://arena.gov.au/projects/solar-resource-mapping-project/,"Solar energy","The Solar Resource Mapping Project contributed to the creation of the Australian Solar Energy Information System, funded the development of better satellite models for depicting solar radiation, and funded eight additional solar radiation ground monitoring stations.
",$443k,$588k,"Geoscience Australia","Australian Solar Institute",01/09/2012,"New South Wales",None,Past
"Cost Effective Silicon Solar Cells",https://arena.gov.au/projects/cost-effective-silicon-solar-cells/,"Solar energy","This project is a study of research and development of solar photovoltaic (PV) technologies to develop cost effective silicon solar cells using upgraded-metallurgical-grade silicon.
",$338k,$338k,"Australian National University","Post Fellowship Doctorate",01/09/2012,"Australian Capital Territory, Canberra",None,Past
"Colloidal Nanoparticle Solar Cells",https://arena.gov.au/projects/colloidal-nanoparticle-solar-cells/,"Solar energy","This project is a study of research and development of solar photovoltaic (PV) technologies to develop high efficiency hetrojunction solar cells based on colloidal nanoparticles suitable for application to a variety of device geometries.
",$327k,$327k,"University of New South Wales","Post Fellowship Doctorate",12/07/2012,"Kensington, New South Wales",None,Past
"Plasmonic Rear Reflectors for Solar Cells",https://arena.gov.au/projects/plasmonic-rear-reflectors-for-solar-cells/,"Solar energy","This project is a study of research and development of solar photovoltaic (PV) technologies to investigate and develop increased rear surface reflectance in silicon solar cells using plasmonic.
",$370k,$370k,"University of New South Wales","Post Fellowship Doctorate",12/07/2012,"Kensington, New South Wales",None,Past
"Hybrid Concentrating Solar Thermal Systems",https://arena.gov.au/projects/hybrid-concentrating-solar-thermal-systems-for-large-scale-applications/,"Concentrated solar thermal","The Hybrid Concentrating Solar Thermal Systems project demonstrated the successful design, integration and operation of a high temperature solar heat (150 to 200 degrees Celsius) building space heating and cooling system, and provided a pathway for realising a world first high efficiency solar thermal desiccant air conditioning system.
",$520k,$1.07m,CSIRO,"Australian Solar Institute",01/07/2012,"Victoria, Wendouree",None,Past
"Solar Hybrid Fuels",https://arena.gov.au/projects/solar-hybrid-fuels/,"Concentrated solar thermal","The Solar Hybrid Fuels project looked at two streams of work. The first stream aimed to make synthetic gas (syngas) from natural gas at lower temperatures compatible with conventional solar thermal storage while maintaining high efficiency, to allow for the 24/7 operation of an industrial solar fuels plant. The second stream of work produced a detailed roadmap and recommendations for solar hybrid fuel technology options and opportunities suitable for Australia.
",$1.63m,$3.56m,CSIRO,"Australian Solar Institute",01/07/2012,"New South Wales, Newcastle",None,Past
"Solar Energy Management System for Utilities",https://arena.gov.au/projects/solar-energy-management-system-for-utilities/,"Solar energy","CSIRO developed a world-first ‘firm’ solar energy system to reliably reduce the impacts of peak demand by tackling air conditioner electrical consumption, which is the primary cause of peak demand in Australian electricity networks.
",$225k,$665k,CSIRO,"Australian Solar Institute",01/07/2012,"Queensland, Rowes Bay",None,Past
"BPS bioWAVE Ocean Pilot at Port Fairy",https://arena.gov.au/projects/biowave-ocean-pilot-at-port-fairy/,"Ocean energy","This project aimed to demonstrate an innovative new method for converting wave energy into electricity using the patented bioWAVE technology to efficiently convert wave energy to mechanical energy via a unique mechanical-to-electrical energy converter.
",$11.54m,$23.78m,"BioPower Systems Pty Ltd","Emerging Renewables Program",28/06/2012,"Port Fairy, Victoria",None,Past
"Potential Network Benefits of CST Power",https://arena.gov.au/projects/potential-network-benefits-of-csp-in-the-nem/,"Concentrated solar thermal","This study was undertaken to quantify the potential benefits of installing CSP generation at constrained network locations in the National Electricity Market (NEM).
",$180k,$271k,"Australian Solar Thermal Energy Association (AUSTELA)","Emerging Renewables Program",28/06/2012,"New South Wales, Sydney",None,Past
"Integrated PV Solar Roofing",https://arena.gov.au/projects/integrated-pv-solar-roofing/,"Solar energy","This project aimed to develop low cost building integrated photovoltaic (BIPV) roofing for mass market residential and commercial applications on Australian buildings.
",$2.28m,$5.05m,"BlueScope Steel Limited","Emerging Renewables Program",27/06/2012,"New South Wales, Sydney, Wollongong","Invetech, RESA",Past
"Generating Renewable Energy from Almond Waste",https://arena.gov.au/projects/generating-renewable-energy-from-almond-waste/,"Bioenergy / Energy from waste","The Generating Renewable Energy from Almond Waste project analysed the commercial viability of generating renewable energy from almond waste.
",$32k,$47k,"Almond Board of Australia Inc","Emerging Renewables Program",27/06/2012,"Berri, South Australia","GreenFusion, Green Ochre, EconSearch",Past
"Oceanlinx 1MW Commercial Wave Energy Demonstrator",https://arena.gov.au/projects/oceanlinx-1mw-commercial-wave-energy-demonstrator/,"Ocean energy","(Project closed 20 June 2014) The Oceanlinx commercial wave energy demonstrator is a 3,000 tonne structure measuring approximately 21 metres wide by 24 metres long. The device was designed to sit in shallow water, using oscillating water column (OWC) technology to generate 1MW peak output.
",$3.94m,$6.58m,Oceanlinx,"Emerging Renewables Program",27/06/2012,"Port MacDonnell, South Australia","OEC Pty Ltd, Strategic formwork, Techport, COOE Pty Ltd, ACOR, ABB, VACON, Power & Drive Solutions, Broens Ltd",Past
"Plasmonic Light Trapping for Solar Cells",https://arena.gov.au/projects/plasmonic-light-trapping-for-solar-cells/,"Solar energy","This project is a study of research and development of solar photovoltaic (PV) technologies to investigate plasmonic light trapping for solar cells.
",$109k,$109k,"University of New South Wales","Post Fellowship Doctorate",27/06/2012,"Kensington, New South Wales",None,Past
"Effect of Nano-Size Structures & Composition on Solar Water Disinfection",https://arena.gov.au/projects/effect-of-nano-size-structures-composition-on-solar-water-disinfection/,"Solar energy","This project is a study of research and development of solar photovoltaic (PV) technologies to assess the effect of titanium dioxide based nanostructures and semiconducting properties on oxidation of solar water.
",$107k,$107k,"University of Western Sydney","Post Fellowship Doctorate",26/06/2012,"Kingswood, New South Wales",None,Past
"Hybridisation of Concentrated Solar Thermal",https://arena.gov.au/projects/hybridisation-of-concentrated-solar-thermal-with-carbon-capture-and-storage/,"Concentrated solar thermal","The Hybridisation of Concentrated Solar Thermal project achieved the world’s first practical demonstration of pilot scale Post-Combustion Carbon dioxide capture (PCC) process integrated with solar thermal energy and demonstrates an important low emissions energy solution to achieving substantial emissions reductions from Australian coal fired electricity generation with the potential for large scale deployment of solar thermal fields in Australia.
",$667k,$1.85m,CSIRO,"Australian Solar Institute",19/06/2012,"New South Wales, Newcastle",None,Past
"Least-Cost Carbon Abatement Modelling",https://arena.gov.au/projects/least-cost-carbon-abatement-modelling/,"Renewables for industry","This project is developing a software tool that links together weather variability, renewable and fossil technologies, transmission and economic market models, in many hundreds of thousands of combinations, to find the most affordable ways to significantly increase the use of renewable energy in the electricity system.
",$1.03m,$1.38m,"University of Melbourne","Emerging Renewables Program",14/06/2012,"Melbourne, Victoria","University of NSW, Australian Energy market Operator, Bureau of Meteorology, GE and Market Reform",Past
"Achieving Cost-Affective Abatement",https://arena.gov.au/projects/achieving-cost-effective-abatement-australian-electricity-generation/,"Hybrid technologies","Prior to these studies being undertaken, there was limited evidence and supporting information as to the relative benefits of a Renewable Energy Target versus a carbon price in terms of the transition to a low carbon energy system.
",$1.03m,$1.03m,"University of Melbourne","Advancing Renewables Program",14/06/2012,"Melbourne, Victoria","University of NSW",Past
"Daly River Solar Research Project",https://arena.gov.au/projects/daly-river-solar-research-project/,"Solar energy","
PWC owns and operates over 50 mini-grids across the Northern Territory, providing power to remote Indigenous communities. These mini-grids predominantly rely on diesel fuel for power generation, which is associated with high operational costs, significant risk exposure to future price increases and greenhouse gas emissions. PWC recognises the opportunity provided by solar technologies to reduce its reliance on diesel fuel for remote power generation.

",$462k,$854k,"Power and Water Corporation","Australian Solar Institute",07/06/2012,"Darwin, Northern Territory",None,Past
"High Efficiency, Multi-Junction CPV Solar Cells",https://arena.gov.au/projects/high-efficiency-multi-junction-cpv-solar-cells-on-low-cost-large-area-silicon-substrates/,"Solar energy","The High Efficiency, Multi-Junction CPV Solar Cells project is developing virtual germanium (Ge) and germanium-tin (Ge-Sn) on silicon wafers for the next generation of multiple-junction solar cells, which are low in cost but highly efficient, meaning they can convert more energy from sunlight than most other solar cells.
",$1.2m,$4.36m,"Solar Systems Pty Ltd","Australian Solar Institute",02/06/2012,"Abbotsford, Victoria",None,Past
"Next Generation Crystalline Silicon on Glass Modules",https://arena.gov.au/projects/next-generation-crystalline-silicon-on-glass-modules/,"Solar energy","This project aimed to increase the efficiency of crystalline silicon on glass thin-film solar cells beyond the current world record and to reduce the manufacturing costs by developing new breakthrough approaches to the cell fabrication.
",$1.17m,$5.34m,"University of NSW","Australian Solar Institute",01/06/2012,"New South Wales, Sydney","Suntech R&D Australia",Past
"Central Receiver CPV Pilot Project Stage 2",https://arena.gov.au/projects/central-receiver-cpv-pilot-project-stage-2/,"Solar energy","This project demonstrated the world’s first pre-commercial pilot of a central receiver system that uses solar photovoltaic (PV) energy conversion.
",$1.75m,$3.63m,"RayGen Resources Pty Ltd","Australian Solar Institute",17/05/2012,"New South Wales, Newbridge",None,Past
"Improved High-Temperature Receivers for Dish Concentrators",https://arena.gov.au/projects/world-class-solar-thermal-concentrators/,"Concentrated solar thermal","This project is investigating heat loss from high-temperature solar thermal receivers and developing the next generation of improved receiver designs to reduce that loss.
",$1.48m,$3.38m,"Australian National University","Australian Solar Institute",01/05/2012,"Australian Capital Territory","CSIRO Newcastle Sandia National Laboratories",Past
"Pilot Study on Load Control and Optimisation",https://arena.gov.au/projects/pilot-study-on-load-control-and-optimisation/,"Hybrid technologies","This project is a study of research and development of hybrid technologies to develop an AI smart grid control and optimisation system.
",$333k,$333k,"Charles Darwin University","Post Fellowship Doctorate",01/05/2012,"Haymarket, New South Wales",None,Past
"Perth Wave Energy Project",https://arena.gov.au/projects/perth-wave-energy-project/,"Ocean energy","The Perth Wave Energy Project is the world’s first commercial-scale wave energy array that is connected to the grid and has the ability to produce desalinated water.
",$13.09m,$39.87m,"Carnegie Clean Energy Limited","Emerging Renewables Program",30/04/2012,"Western Australia",None,Past
"Small Scale Hydropower Technologies Impact on Australian Native Fish",https://arena.gov.au/projects/impact-of-small-scale-hydropower-technologies-on-australian-native-fish-species-2/,"Hydropower / Pumped Hydro Energy Storage","This Small Scale Hydropower Technologies Impact on Australian Native Fish project produced detailed scientific information on the effects small hydro has on native fish species, which could be used to improve the design and operation of small hydro systems.
",$613k,$1.12m,"Waratah Power Pty Ltd","Emerging Renewables Program",30/04/2012,"New South Wales, Sydney","Office of Environment and Heritage (NSW), NSW Department of Primary Industries, Aquatic Ecosystems (NSW), UNSW Manly Hydraulics Lab",Past
"Cost Effective Industrial Scale Synthesis",https://arena.gov.au/projects/cost-effective-industrial-scale-synthesis/,"Solar energy","This project is a study of research and development of solar photovoltaic (PV) technologies to develop a cost effective industrial scale synthesis of regio regular poly-3-hexylthiophene using flow chemistry.
",$35k,$35k,"The University of Newcastle","Post Fellowship Doctorate",26/04/2012,"New South Wales, Newcastle",None,Past
"Development of Hybrid Solar Thermal Reactors for Materials Processing",https://arena.gov.au/projects/development-of-hybrid-solar-thermal-reactors-for-materials-processing/,"Concentrated solar thermal","This project is a study of research and development of solar thermal technologies to optimise the use of solar thermal energy in the design and construction of a hybrid solar/electric reactor for high temperature processes by utilising a novel solar simulator design.
",$96k,$96k,"Swinburne University of Technology","Post Fellowship Doctorate",26/04/2012,"Hawthorn, Victoria",None,Past
"Semiconductor Nanowire Solar Cells",https://arena.gov.au/projects/semiconductor-nanowire-solar-cells/,"Solar energy","This project is a study of research and development of solar photovoltaic (PV) technologies to develop III-V compound semiconductor nanowire solar cells.
",$22k,$22k,"Australian National University","Post Fellowship Doctorate",24/04/2012,"Australian Capital Territory, Canberra",None,Past
"Australian Feedstock and Refining Capacity",https://arena.gov.au/projects/australian-feedstock-and-refining-capacity-to-produce-sustainable-aviation-fuel-saf/,"Bioenergy / Energy from waste","Qantas and Shell Australia collaborated to undertake a feasibility study into Australian feedstock (material that can be processed into biofuel) and refining capacity to produce Sustainable Aviation Fuel.
",$575k,$995k,Qantas/Shell,"Advancing Renewables Program",12/04/2012,"New South Wales, Sydney","Shell Australia",Past
"Enhancing Efficiencies in Printed Solar Cells",https://arena.gov.au/projects/enhancing-efficiencies-in-printed-solar-cells-by-controlling-morphology-development-2/,"Solar energy","This Enhancing Efficiencies in Printed Solar Cells project successfully improved the production of effective and reliable, low-cost printed organic solar cells by controlling the way the organic components in the cell align with each other at a microscopic (molecular) level during the ink drying process.
",$500k,$1.21m,"University of Melbourne","Australian Solar Institute",01/04/2012,"Melbourne, Victoria",None,Past
"Analysis of Variations in Instantaneous Weather Effects",https://arena.gov.au/projects/analysis-of-variations-in-instantaneous-weather-effects/,"Solar energy","This project has developed innovative strategies for the distribution of mature, commercialised PV technologies within existing electricity networks, and in particular identified that up to 10MW of distributed solar PV could be installed within the Alice Springs grid.
",$242k,$521k,"Ekistica Pty Ltd trading as CAT Projects","Australian Solar Institute",26/03/2012,"Alice Springs, Northern Territory",None,Past
"Local Doping Using Laser Chemical Processing Technology",https://arena.gov.au/projects/local-doping-using-laser-chemical-processing-technology-for-advanced-silicon-solar-cells/,"Solar energy","The Local Doping Using Laser Chemical Processing Technology project further developed a novel doping method called Laser Chemical Processing (LCP) so it can be used in the production of high efficiency, low cost cells.
",$352k,$1.05m,"Australian National University (ANU)","Emerging Renewables Program",26/03/2012,"Australian Capital Territory",None,Past
"Solar Efficiency Optimisation of Hybrid Organic-Inorganic Solar Cells",https://arena.gov.au/projects/solar-efficiency-optimisation-of-hybrid-organic-inorganic-solar-cells/,"Solar energy","This project is a study of research and development of solar photovoltaic (PV) technologies to improve solar efficiency of hybrid organic-inorganic solar cells.
",$351k,$351k,"University of New South Wales","Australian Solar Institute",26/03/2012,"Kensington, New South Wales",None,Past
"Development of High Temperature Phase Change Storage Systems",https://arena.gov.au/projects/development-of-high-temperature-phase-change-storage-systems/,"System security and reliability","This project is a study of research and development of enabling technologies to develop high temperature phase change storage systems and a test facility.
",$689k,$2.33m,"University of South Australia","Australian Solar Institute",26/03/2012,"Adelaide, South Australia",None,Past
"Optimising Building Integrated Photovoltaic Thermal for Retrofitting",https://arena.gov.au/projects/optimising-thin-film-building-integrated-photovoltaic-thermal-for-retrofitting/,"Solar energy","The project objective was to broaden the value proposition of Building Integrated Photovoltaic (BIPV) systems through an enhanced understanding of the performance and optimal design of BIPV systems with added thermal functionality, i.e. Building Integrated Photovoltaic Thermal (BIPVT) systems.
",$477k,$1.59m,"BlueScope Steel Limited","Australian Solar Institute",14/03/2012,"New South Wales",None,Past
"Demonstrate Higher Efficiency Third Generation Photovoltaics",https://arena.gov.au/projects/demonstrate-higher-efficiency-third-generation-photovoltaics/,"Solar energy","The Demonstrate Higher Efficiency Third Generation Photovoltaics project aims to increase the efficiency of one type of third generation solar cell by increasing the number of layers of nanoscopic silicon crystals (silicon nanocrystals or Si NC) in silicon oxide and silicon nitride.
",$500k,$1.59m,"University of NSW","Australian Solar Institute",14/03/2012,"New South Wales",None,Past
"Time & Spectrally Resolved Photo-Silicon Solar Cell Characterisation",https://arena.gov.au/projects/time-spectrally-resolved-photo-silicon-solar-cell-characterisation/,"Solar energy","This project is a study of research and development of solar photovoltaic (PV) technologies to develop a new time decay luminescence measurement technique for silicon solar cell characterisation.
",$490k,$984k,"University of New South Wales","Australian Solar Institute",11/03/2012,"Kensington, New South Wales",None,Past
"ITO Free Efficient Organic Solar Cells",https://arena.gov.au/projects/ito-free-efficient-organic-solar-cells/,"Solar energy","This project is a study of research and development of solar photovoltaic (PV) technologies to develop indium-tin-oxide (ITO) free, efficient organic solar cells based on textured graphene electrodes
",$320k,$320k,CSIRO,"Post Fellowship Doctorate",11/03/2012,"Clayton, Victoria",None,Past
"Data Fusion and Machine Learning",https://arena.gov.au/projects/data-fusion-and-machine-learning-for-geothermal/,"Geothermal energy","The resulting information and software can be used to improve exploration, discovery and characterisation methods for targeted geothermal exploration.
",$1.87m,$6.59m,"National ICT Australia (NICTA)","Emerging Renewables Program",07/03/2012,"New South Wales, Sydney",None,Past
"Solar Supercritical Organic Rankine Cycle",https://arena.gov.au/projects/solar-supercritical-organic-rankine-cycle-for-power-and-industrial-heat/,"Concentrated solar thermal","The Solar Supercritical Organic Rankine Cycle project demonstrates an innovative CST system’s ability to provide 24/7 electricity. The project will use integrated solar thermal storage while operating as an automated plant with a gas heater.
",$812k,$1.79m,"Granite Power Ltd","Australian Solar Institute",02/03/2012,"New South Wales, Newcastle",None,Past
"Large-Area Amorphous Silicon Ultrathin Film Plasmonic Solar Cells",https://arena.gov.au/projects/large-area-amorphous-silicon-ultrathin-film-plasmonic-solar-cells/,"Solar energy","This project is a study of research and development of solar photovoltaic (PV) technologies to achieve more cost-effective, large-area amorphous silicon ultrathin film plasmonic solar cells, which can be scaled up towards industrial application.
",$343k,$343k,"Swinburne University of Technology","Post Fellowship Doctorate",02/03/2012,"Hawthorn, Victoria",None,Past
"Solar Gasification Using Renewable Energy",https://arena.gov.au/projects/solar-gasification-using-renewable-energy/,"Concentrated solar thermal","This project is a study of research and development of solar thermal technologies to assess the technical and economic viability of production of liquid transport fuel via solar gasification of low-grade carbonaceous fuels.
",$273k,$273k,"The University of Adelaide","Post Fellowship Doctorate",28/02/2012,"Adelaide, South Australia",None,Past
"Solution Deposited Thin-Film Tandem Solar Cells",https://arena.gov.au/projects/solution-deposited-thin-film-tandem-solar-cells/,"Solar energy","This project is a study of research and development of solar photovoltaic (PV) technologies to develop solution deposited thin-film tandem solar cells.
",$83k,$83k,CSIRO,"Post Fellowship Doctorate",21/02/2012,"Clayton, Victoria",None,Past
"High-Energy Algal Fuels",https://arena.gov.au/projects/high-energy-algal-fuels/,"Bioenergy / Energy from waste","The High-Energy Algal Fuels project integrated macroalgal biomass production into existing industrial infrastructure for the bioremediation of toxins from wastewater and the reduction of carbon emissions through photosynthesis. The biomass did not compete for arable land or quality water by being cultivated in waste water.
",$5m,$12.03m,"James Cook University","Advancing Renewables Program",20/02/2012,"Queensland, Townsville",None,Past
"Thermionic Emissions from MAX Phase Materials",https://arena.gov.au/projects/thermionic-emissions-from-max-phase-materials/,"Concentrated solar thermal","This project is a study of research and development of solar thermal technologies to develop thermionic cathode materials based on MAX phases.
",$52k,$52k,"The University of Newcastle","Post Fellowship Doctorate",09/02/2012,"New South Wales, Newcastle",None,Past
"Spectral Beam Splitting for Improving Energy Conversion Efficiency",https://arena.gov.au/projects/spectral-beam-splitting-for-improving-energy-conversion-efficiency/,"Concentrated solar thermal","This project is a study of research and development of solar thermal technologies to examine spectral beam splitting systems to improve the energy conversion efficiency in hybrid concentrating solar collectors.
",$39k,$39k,RMIT,"Post Fellowship Doctorate",02/02/2012,"Melbourne, Victoria",None,Past
"Validation of CST Solar Array Performance Modelling",https://arena.gov.au/projects/validation-of-cst-solar-array-performance-modelling/,"Concentrated solar thermal","Building on an existing testing and demonstration facility comprising 200 mirrors, Vast Solar constructed and deployed an additional 500 mirrors, developed a higher temperature receiver, operated the facility and gathered performance data, then determined operational requirements.
",$437k,$1.26m,"Vast Solar Pty Ltd","Australian Solar Institute",01/02/2012,"Jemalong, New South Wales",None,Past
"Understanding and Optimising Dielectric Charge in Solar Cells",https://arena.gov.au/projects/understanding-and-optimising-dielectric-charge-in-solar-cells/,"Solar energy","This project is a study of research and development of solar photovoltaic (PV) technologies to understand and optimise dielectric charge in industry applicable solar cells.
",$52k,$52k,"Australian National University","Post Fellowship Doctorate",31/01/2012,"Australian Capital Territory, Canberra",None,Past
"Facilitating High Penetration PV Integration into the Electricity Network",https://arena.gov.au/projects/facilitating-high-penetration-pv-integration-into-the-electricity-network/,"System security and reliability","This project is a study of research and development of enabling technologies to facilitate high penetration photovoltaic (PV) integration into the electricity network.
",$125k,$125k,"University of New South Wales","Post Fellowship Doctorate",20/01/2012,"Kensington, New South Wales",None,Past
"Material Characteristics of Crystalline Si Thin-Film Solar Cells",https://arena.gov.au/projects/material-characteristics-of-crystalline-si-thin-film-solar-cells/,"Solar energy","This project is a study of research and development of solar photovoltaic (PV) technologies to study the impacts of material characteristics on the performance of crystalline silicon thin-film solar cells.
",$84k,$84k,"University of New South Wales","Post Fellowship Doctorate",17/01/2012,"Kensington, New South Wales",None,Past
"Light-Weight and Flexible Solid-State Dye-Sensitised Solar Cells",https://arena.gov.au/projects/light-weight-and-flexible-solid-state-dye-sensitised-solar-cells/,"Solar energy","This project is a study of research and development of solar photovoltaic (PV) technologies to investigate light-weight and flexible solid-state dye-sensitised solar cells.
",$49k,$49k,"The University of Wollongong","Post Fellowship Doctorate",05/01/2012,"New South Wales, Wollongong",None,Past
"Testing Facility for Storing Heat from Solar Energy",https://arena.gov.au/projects/development-of-a-testing-facility-for-storing-heat-from-solar-energy-at-high-temperatures/,"Concentrated solar thermal","This project established a world class facility to test newly-developed high temperature storage systems and technologies operating at up to 900 degrees Celcius.
",$120k,$120k,"University of South Australia","Australian Solar Institute",23/12/2011,"Adelaide, South Australia","AORA Solar (Israel), University of Lleida (Spain)",Past
"Trapping Detrapping and Loss Mechanisms in Dye Sensitised Solar Cells",https://arena.gov.au/projects/trapping-detrapping-and-loss-mechanisms-in-dye-sensitised-solar-cells/,"Solar energy","This project is a study of research and development of solar photovoltaic (PV) technologies to investigate trapping, detrapping and loss mechanisms in dye sensitised solar cells.
",$49k,$49k,"Monash University","Post Fellowship Doctorate",23/12/2011,"Clayton, Victoria",None,Past
"Nanostructured and Metamaterial Photovoltaics",https://arena.gov.au/projects/nanostructured-and-metamaterial-photovoltaics/,"Solar energy","This project is a study of research and development of solar photovoltaic (PV) technologies to develop novel simulation methods for greater insights into nanostructured and metamaterial photovoltaics.
",$48k,$48k,"University of Sydney","Post Fellowship Doctorate",23/12/2011,"Camperdown, New South Wales",None,Past
"Development of a State of the Art Solid Particle Receiver CST System",https://arena.gov.au/projects/development-of-a-state-of-the-art-solid-particle-receiver-cst-system/,"Concentrated solar thermal","This project is a study of research and development of solar thermal technologies to design and assess the commercialisation potential of a concentrated solar thermal tower system, based on a high temperature solid particle receiver.
",$120k,$120k,"Murdoch University","Post Fellowship Doctorate",23/12/2011,"Murdoch, Western Australia",None,Past
"Better Modelling of Concentrated Solar Thermal Power Plants",https://arena.gov.au/projects/better-modelling-of-concentrated-solar-thermal-power-plants/,"Concentrated solar thermal","This project is a study of research and development of solar thermal technologies to investigate better modelling of concentrated solar thermal power plants.
",$83k,$83k,"Australian National University","Post Fellowship Doctorate",17/12/2011,"Australian Capital Territory, Canberra",None,Past
"Towards a Practical Hot Carrier Solar Cell",https://arena.gov.au/projects/towards-a-practical-hot-carrier-solar-cell/,"Solar energy","This project is investigating suitable materials and structures that could be used to produce a working model of a Hot Carrier solar cell, which can more effectively harvest energy from sunlight.
",$2.27m,$6.54m,"University of NSW","Australian Solar Institute",14/12/2011,"New South Wales, Sydney","Arizona State University, Purdue University, National Renewable Energy Laboratory, and Lawrence Berkeley National Laboratory",Past
"Cost Effective Gallium Arsenide Phosphide Top Solar Cell",https://arena.gov.au/projects/cost-effective-gallium-arsenide-phosphide-top-solar-cell-grown-on-a-high-performance-low-cost-silicon-solar-cell/,"Solar energy","The project aims to cut solar energy costs by developing a high voltage solar cell that will be 40% more efficient than solar cells being used today.
",$2.61m,$7.11m,"University of NSW","Australian Solar Institute",14/12/2011,"New South Wales",None,Past
"Multi-Junction Silicon Solar Cells",https://arena.gov.au/projects/multi-junction-silicon-solar-cells/,"Solar energy","This project aims to produce the first silicon-based solar cell with more than 30% efficiency, challenging the UNSW-held world record for conventional silicon wafer technology.
",$1.45m,$6.99m,"University of NSW (UNSW)","Australian Solar Institute",14/12/2011,"New South Wales",None,Past
"Solar-Driven Supercritical CO2 Brayton Cycle",https://arena.gov.au/projects/solar-driven-supercritical-co2-brayton-cycle/,"Concentrated solar thermal","Building on CSIRO’s solar air turbine technology, this project examined ways to reduce the cost of solar energy to less than 10 cents per kilowatt hour (c/kWh) which would make solar energy cost competitive with existing power stations.
",$2.49m,$5.77m,CSIRO,"Research and Development",01/11/2011,"New South Wales, Newcastle",None,Past
"Optimisation of Central Receivers for Advanced Power Cycles",https://arena.gov.au/projects/optimisation-of-central-receivers-for-advanced-power-cycles/,"Concentrated solar thermal","The Optimisation of Central Receivers for Advanced Power Cycles examines if concentrating solar power (CSP) technology is to be widely adopted for electricity production its costs must be substantially reduced, similar to the cost reduction achieved by solar photovoltaic technology in recent years.
",$1.15m,$2.95m,CSIRO,"Australian Solar Institute",01/11/2011,"New South Wales",None,Past
"Roof-Mounted Hybrid CST System",https://arena.gov.au/projects/roof-mounted-hybrid-cst-system-self-generated-heating-cooling-electricity/,"Concentrated solar thermal","This project aims to develop and commercialise a roof-mounted hybrid solar concentrator PV/thermal system that cost effectively delivers solar heating, cooling and electricity.
",$3.24m,$9.45m,"Australian National University (ANU)","Australian Solar Institute",01/08/2011,"Australian Capital Territory, Canberra","RMIT CSIRO UNSW Chromasun NEP",Past
"Future fuels",https://arena.gov.au/projects/future-fuels-homepage/,"Electric vehicles",,$0k,$0k,,"Future Fuels Fund (Round 1)",03/06/2011,,,Past
"Thermoelectric Generator for Concentrated Solar Thermal Systems",https://arena.gov.au/projects/thermoelectric-generator-for-concentrated-solar-thermal-systems/,"Concentrated solar thermal","The Thermoelectric Generator for Concentrated Solar Thermal Systems project developed and applied high-performance thermoelectric materials and technologies to concentrated solar thermal (CST) systems.
",$2.2m,$4.72m,CSIRO,"Australian Solar Institute",06/04/2011,"New South Wales, Newcastle",None,Past
"Characterising and Forecasting Grid Connected Solar Energy",https://arena.gov.au/projects/characterising-and-forecasting-grid-connected-solar-energy/,"Solar energy","The project looked at new techniques of applying known models to the forecasting challenge, and ways to understand how solar and wind can smoothly integrate into the electricity grid.
",$470k,$832k,"University of NSW","Australian Solar Institute",01/04/2011,"New South Wales","University of South Australia, Australian Photovoltaic Association, Epuron and Australian Bureau of Meteorology",Past
"Industry Ready N-Type Silicon Solar Cells",https://arena.gov.au/projects/industry-ready-n-type-silicon-solar-cells/,"Solar energy","The Industry Ready N-Type Silicon Solar Cells project successfully increased the amount of energy a solar cell can convert from sunlight without extra manufacturing costs per cell by combining the existing fast and inexpensive methods used to make today’s standard silicon solar cells with the latest advances in high efficiency silicon solar cells.
",$3.33m,$10.95m,"Australian National University","Australian Solar Institute",01/04/2011,"Australian Capital Territory, Canberra","Trina Solar and University of NSW",Past
"Printing Solar Cells",https://arena.gov.au/projects/printing-solar-cells-a-manufacturing-proposal-for-australia/,"Solar energy","This project developed new materials and solar cell designs with enhanced performance that significantly improve the efficiency and durability of organic photovoltaic (OPV) solar cells.
",$1.76m,$7.24m,"University of Melbourne","Australian Solar Institute",01/04/2011,"Melbourne, Victoria",None,Past
"Synthesis of Organic Photovoltaic Materials using Continuous Flow Methods",https://arena.gov.au/projects/synthesis-of-organic-photovoltaic-materials-using-continuous-flow-methods/,"Solar energy","This project is a study of research and development of solar photovoltaic (PV) technologies to develop continuous flow methodologies for synthesis of organic photovoltaic materials.
",$324k,$324k,"University of Melbourne","Post Fellowship Doctorate",01/04/2011,"Parkville, Victoria",None,Past
"Analysis of Potential for Liquid Metal Heat Transfer",https://arena.gov.au/projects/analysis-of-potential-for-liquid-metal-heat-transfer/,"Concentrated solar thermal","This project demonstrated the world’s first pre-commercial pilot of enabling technologies to analyse the potential for liquid metal heat transfer fluids to improve the commercial competitiveness and dispatchability of concentrating solar power.
",$29k,$29k,"University of New South Wales","Post Fellowship Doctorate",28/03/2011,"Kensington, New South Wales",None,Past
"Pilot of Rooftop CST and CPV-T Solar Energy Systems",https://arena.gov.au/projects/australian-pilot-of-rooftop-cst-and-cpv-t-micro-concentrator-solar-energy-systems/,"Concentrated solar thermal","(Project closed 7 November 2014) Chromasun was partnering with the Futuris Group of Companies to develop and establish an Australian pilot manufacturing capability for the Chromasun Micro-Concentrator (MCT) concentrating solar thermal (CST) product. ARENA’s funding commitment was $3.4 million.
",$2.25m,$2.25m,"Chromasun Pty Ltd","Australian Solar Institute",13/03/2011,Victoria,"Futuris Group",Past
"Kogan Creek Solar Boost Project",https://arena.gov.au/projects/kogan-creek-solar-boost-project/,"Concentrated solar thermal","The Kogan Creek Solar Boost Project set out to install a 44 megawatts of concentrating solar power (CSP) at CS Energy’s 750 megawatt coal-fired Kogan Creek Power Station.
",$6.4m,$76.2m,"CS Energy Ltd","Advancing Renewables Program",03/03/2011,"Chinchilla, Queensland",None,Past
"Improved PV Energy Conversion",https://arena.gov.au/projects/upconversion-of-the-solar-spectrum-for-improved-pv-energy-conversion/,"Solar energy","This project aimed to overcome the limitations of normal solar cells by developing a solar cell coating that can harvest sub-threshold light.
",$488k,$2.09m,"University of Sydney","Australian Solar Institute",01/03/2011,"New South Wales",None,Past
"Thin Film Solar Cell: A Novel Alternative for TW-level Thin Film PV",https://arena.gov.au/projects/thin-film-solar-cell-a-novel-alternative-for-tw-level-thin-film-pv/,"Solar energy","This project is a study of research and development of solar photovoltaic (PV) technologies to design and manufacture high quality copper-zinc-tin-sulfur (CZTS) thin film solar cells for TW-level thin film PV.
",$315k,$315k,"University of New South Wales","Post Fellowship Doctorate",01/03/2011,"New South Wales",None,Past
"Development of Novel Water-Based Materials for Commercial Organic Photovoltaics",https://arena.gov.au/projects/development-of-novel-water-based-materials-for-commercial-organic-photovoltaics/,"Solar energy","This project is a study of research and development of solar photovoltaic (PV) technologies to develop novel water-based materials for commercial organic photovoltaics.
",$40k,$40k,"University of Newcastle","Post Fellowship Doctorate",28/02/2011,"New South Wales, Newcastle",None,Past
"Development and Characterisation of Ion Implantation for all Back Contact Solar Cells",https://arena.gov.au/projects/development-and-characterisation-of-ion-implantation-for-all-back-contact-solar-cells/,"Solar energy","This project is a study of research and development of solar photovoltaic (PV) technologies to develop and characterise ion implantation for all back contact solar cells.
",$25k,$25k,"Australian National University","Post Fellowship Doctorate",25/02/2011,"Acton, Australian Capital Territory",None,Past
"Intermediate Layers for Laser Crystallised Silicon Thin Film Solar Cells on Glass",https://arena.gov.au/projects/intermediate-layers-for-laser-crystallised-silicon-thin-film-solar-cells-on-glass/,"Solar energy","This project is a study of research and development of solar photovoltaic (PV) technologies to investigate intermediate layers for laser crystallised silicon thin film solar cells on glass.
",$20k,$20k,"University of New South Wales","Post Fellowship Doctorate",23/02/2011,"Kensington, New South Wales",None,Past
"Tandem Quantum Dot Solar Cells",https://arena.gov.au/projects/tandem-quantum-dot-solar-cells/,"Solar energy","This project is demonstrating a new type of photovoltaic solar cell that combines the reliability of silicon with a technology that can more effectively collect visible and invisible solar energy (called a tandem solar cell) thereby creating a new type of tandem solar cell based solely on silicon.
",$1.37m,$4.54m,"University of NSW","Australian Solar Institute",10/02/2011,"New South Wales, Sydney","Nanyang Technological University (Singapore)",Past
"Power Cube Power Tower Receiver",https://arena.gov.au/projects/power-cube-power-tower-receiver/,"Solar energy","This project is aims to reduce the cost of utility scale photovoltaics by developing a technology that splits sunlight into specific wavelength bands and converts each into electricity using commercially available solar cells.
",$1.4m,$3.21m,"University of NSW","Australian Solar Institute",10/02/2011,"New South Wales, Sydney",None,Past
"The Hot Carrier Solar Cell",https://arena.gov.au/projects/the-hot-carrier-solar-cell/,"Solar energy","The aim of this project was to develop a prototype Hot Carrier (HC) solar cell and establish routes toward the development of practical devices. The HC solar cell is a promising advanced photovoltaics or so called “third generation” concept which aims to tackle the major efficiency loss in conventional solar cells.
",$563k,$1.33m,"University of NSW","Australian Solar Institute",10/02/2011,"New South Wales, Sydney","Lawrence Berkeley National Laboratory (USA) National Renewable Energy Laboratory (USA) Purdue University (USA) Arizona State University (USA)",Past
"Thermal Energy Storage Systems with High Temperature Phase Change Material",https://arena.gov.au/projects/thermal-energy-storage-systems-with-high-temperature-phase-change-material/,"Concentrated solar thermal","This project is a study of research and development of enabling technologies to investigate high performance thermal energy storage systems with high temperature phase change material.
",$278k,$278k,"University of South Australia","Post Fellowship Doctorate",10/01/2011,"South Australia",None,Past
"Solar Air Turbine Systems",https://arena.gov.au/projects/solar-air-turbine-systems/,"Concentrated solar thermal","The Solar Air Turbine Systems project involved CSIRO and Mitsubishi Heavy Industries developing and testing the components of the world’s most powerful solar air turbines to increase its efficiency while decreasing its manufacturing, installation and operation costs.
",$3.05m,$15.64m,CSIRO,"Australian Solar Institute",22/12/2010,"New South Wales, Newcastle","Mitsubishi Heavy Industries (Japan)",Past
"Geoscience Australia Solar Research Data",https://arena.gov.au/projects/geoscience-australia-solar-research-data/,"Solar energy","A study of enabling technologies to identify solar irradiance across Australia.
",$4.97m,$4.97m,"Geoscience Australia","Australian Solar Institute",18/11/2010,"Australian Capital Territory, Symonston",None,Past
"Advanced Solar Thermal Energy Storage Technologies",https://arena.gov.au/projects/advanced-solar-thermal-energy-storage-technologies/,"Concentrated solar thermal","This project involved CSIRO working with Spanish company Abengoa to find cost-effective ways to collect and store heat from sunlight (solar thermal energy) in order to increase user confidence in solar energy, minimise disruption to the electricity grid and make it more economic for solar power plants to produce electricity.
",$3.53m,$9.15m,CSIRO,"Australian Solar Institute",01/09/2010,"New South Wales, Newcastle","Abengoa (Spain)",Past
"Advanced Steam-Generating Receivers",https://arena.gov.au/projects/advanced-steam-generating-receivers-for-high-concentration-solar-collectors/,"Concentrated solar thermal","The Advanced Steam-Generating Receivers project successfully demonstrated that significant reductions in the Levelised Cost of Electricity can be achieved by moving operation of concentrating solar thermal plants to higher temperatures and pressures. Additionally, the project has shown that using once through boiler designs is a suitable in concentrating solar thermal receivers.
",$2.82m,$5.97m,CSIRO,"Advancing Renewables Program",01/09/2010,"New South Wales, Newcastle",None,Past
"Next Generation SLIVER Cells",https://arena.gov.au/projects/next-generation-sliver-cells/,"Solar energy","This report details the Next generation SLIVER cells project aimed to maximise the likelihood of successful commercialisation of SLIVER technology.
",$4.95m,$13.3m,"Australian National University (ANU)","Australian Solar Institute",01/09/2010,"Australian Capital Territory, Canberra",None,Past
"Plasmonics for High Efficiency Solar Cells",https://arena.gov.au/projects/plasmonics-for-high-efficiency-solar-cells/,"Solar energy","The project aimed to commercialise a new way of increasing light absorption in solar cells using a technology called ‘plasmonics’.
",$1.57m,$4.68m,"Australian National University","Australian Solar Institute",19/08/2010,"Australian Capital Territory","University of NSW, IMEC (Belgium), Imperial College (UK), Chalmers University (Sweden), Photovoltech (Belgium), QantaSol (UK)",Past
"Cooper Basin Enhanced Geothermal Systems",https://arena.gov.au/projects/cooper-basin-enhanced-geothermal-systems-heat-and-power-development/,"Geothermal energy","(The Cooper Basin Enhanced Geothermal Systems project closed 10 December 2015). While conventional geothermal power generation uses volcanic geology, Geodynamics is leading the development of a new technology called Enhanced Geothermal Systems (EGS).
",$32.75m,$144.22m,"Geodynamics Limited","Advancing Renewables Program",01/07/2010,"South Australia",None,Past
"High Efficiency Silicon Solar Cell Technology",https://arena.gov.au/projects/development-and-commercialisation-of-high-efficiency-silicon-solar-cell-technology/,"Solar energy","The High Efficiency Silicon Solar Cell Technology project is the first to implement laboratory-proven advanced cell process technology at the Solar Industrial Research Facility (SIRF) at UNSW.
",$4.76m,$27.16m,"University of NSW (UNSW)","Australian Solar Institute",16/06/2010,"New South Wales, Sydney",,Past
"Overcoming Performance Limitations of Commercial Solar Cells",https://arena.gov.au/projects/overcoming-the-fundamental-performance-limitations-of-commercial-solar-cells/,"Solar energy","This project aimed to improve solar cell performance and reduce production costs by mass-producing solar cells using large-scale commercial manufacturing. It achieved the world’s first 20% efficient p-type CZ cell fabricated using commercial equipment, 10 years ahead of the timing predicted by international experts.
",$4.4m,$15.32m,"University of NSW (UNSW)","Australian Solar Institute",16/06/2010,"New South Wales, Sydney",None,Past
"New Materials and Architectures for Organic Solar Cells",https://arena.gov.au/projects/new-materials-and-architectures-for-organic-solar-cells/,"Solar energy","Organic solar cells are widely viewed as having significant potential for delivering low cost solar photovoltaic (PV) power, but currently are not as efficient as other low cost alternatives in converting sunlight to energy.
",$946k,$1.95m,"University of Queensland","Australian Solar Institute",01/06/2010,"Brisbane, Queensland",None,Past
"Inline Inspection Tools for Photovoltaic Manufacturing",https://arena.gov.au/projects/inline-inspection-tools-for-photovoltaic-manufacturing/,"Solar energy","This project developed two inline inspection tools, which are integrated into solar cell manufacturing ‘lines’ to help solar research organisations reduce the cost of manufacturing photovoltaic cells.
",$2.25m,$5.17m,"BT Imaging Pty Ltd","Australian Solar Institute",25/05/2010,"New South Wales, Sydney","Australian National University, Applied Materials (China) and Suntech R&D",Past
"Fabrication of Thermionic Device using Advanced Ceramics",https://arena.gov.au/projects/fabrication-of-thermionic-device-using-advanced-ceramics/,"Concentrated solar thermal","This project created a working prototype of a device called a thermionic energy converter, which directly converts the heat generated by concentrated sunlight into electricity.
",$515k,$705k,"University of Newcastle","Australian Solar Institute",01/03/2010,"New South Wales, Newcastle",None,Past
"King Island Renewable Energy Integration Project",https://arena.gov.au/projects/king-island-renewable-energy-integration-project/,"Battery storage","This project demonstrates a world-leading power system that combines several renewable energy technologies, smart tech integrations and energy management technologies. The system will supply over 65% of King Island’s annual energy needs using renewable energy, reducing CO2 emissions by more than 95%.
",$5.95m,$17.69m,"Hydro Tasmania","Advancing Renewables Program",20/02/2010,"King Island, Tasmania","Tasmanian Government",Past
"Cane2Fuel: Feasibility of Producing Biofuel from Sugarcane Waste",https://arena.gov.au/projects/cane2fuel-feasibility-of-producing-biofuel-from-sugarcane-waste/,"Bioenergy / Energy from waste","The Cane2Fuel: Feasibility of Producing Biofuel from Sugarcane Waste project used an integrated approach to investigate the technical and commercial feasibility of producing biofuel from sugarcane bagasse, which is a by-product of the sugar production process.
",$1.26m,$1.94m,"BSES Limited (now Sugar Research Australia)","Advancing Renewables Program",14/01/2010,"Indooroopilly, Queensland",CSIRO,Past
"Demonstrate Commercial Production of Bio-Crude Oil from Biomass",https://arena.gov.au/projects/demonstrate-commercial-production-of-bio-crude-oil-from-biomass/,"Bioenergy / Energy from waste","The project involved the design, construction and successful operation of a commercial demonstration facility for the conversion of inedible plant material (biomass) into a bio-crude oil with similar characteristics to traditional fossil crude.
",$2.29m,$3.04m,"Licella Pty Ltd","Advancing Renewables Program",22/12/2009,"New South Wales, Somersby","University of Sydney and Ignite Energy Resources Ltd",Past
"Generation 2 Ethanol from Sugarcane Waste",https://arena.gov.au/projects/production-of-generation-2-ethanol-from-sugarcane-waste/,"Bioenergy / Energy from waste","Using specialised yeast bred for the purpose and an advanced refinery process called Fuel AND Food, the project converted sugarcane waste into three products: ethanol fuel, high nutrition animal feed and an environmentally friendly potential substitute for coal.
",$2.37m,$6.19m,"Microbiogen Pty Ltd","Emerging Renewables Program",13/11/2009,"Lane Cove, New South Wales",None,Past
"Sustainable Production of Transport Biofuels",https://arena.gov.au/projects/sustainable-production-of-transport-biofuels-from-mallee-crops-by-pyrolysis-and-biorefinery/,"Bioenergy / Energy from waste","The cost-effective conversion of farm-grown mallee crops into liquid fuels could help to significantly reduce carbon dioxide emissions from the transport industry, promote regional economic development and help control dryland salinity.
",$2.5m,$6.64m,"Curtin University of Technology","Advancing Renewables Program",28/09/2009,"Perth, Western Australia","CSIRO Sustainable Ecosystems and WA Department of Environment and Conservation",Past
"Production of Biofuel from Microalgae",https://arena.gov.au/projects/production-of-biofuel-from-microalgae/,"Bioenergy / Energy from waste","This project developed a technology that produces biodiesel and other valuable by-products from microalgal biomass harvested from large-scale algal farms. Microalgae are microscopic plant-like organisms that directly convert carbon dioxide and sunlight into biochemical energy.
",$4.2m,$4.2m,"The University of Melbourne","Advancing Renewables Program",29/05/2009,"Parkville, Victoria","Bio Fuels Pty Ltd",Past
"Solar Thermal Research Hub",https://arena.gov.au/projects/solar-thermal-research-hub/,"Concentrated solar thermal","The Solar Thermal Research Hub project involved CSIRO constructing Australia’s largest solar thermal research hub at the CSIRO National Solar Energy Centre in Newcastle.
",$5m,$5m,CSIRO,"Australian Solar Institute",14/05/2009,"New South Wales, Newcastle",None,Past
"Geothermal Heat Exchanger in Hot Sedimentary Rocks",https://arena.gov.au/projects/demonstration-of-geothermal-heat-exchanger-in-hot-sedimentary-rocks/,"Geothermal energy","This project initially aimed to drill two geothermal wells, fracture the ground and complete test flows.
",$4.2m,$4.2m,"MNGI PTY LTD (Trading Name: Petratherm Limited)","Emerging Renewables Program",01/05/2009,"South Australia","Beach Energy Limited ",Past


"Disclaimer: ARENA strives to keep information stored on this website up to date, but does not guarantee the accuracy, reliability or currency of the information. Any errors in the information that are brought to our attention will be corrected as soon as possible."
