Title,Publish date,Category,Associated project name,Link to item,Type,Link to project page,Year,Project Status
Fortescue Solar Innovation Hub - Milestone 1 report,5/03/2026,"Large-scale solar, Solar energy",Fortescue Solar Innovation Hub,https://arena.gov.au/knowledge-bank/fortescue-solar-innovation-hub-milestone-1-report/,Milestones,https://arena.gov.au/projects/fortescue-solar-innovation-hub/,2025,Current
Curtin University ' Hydrogen export using a powder project ' Core Research Interim Report,19/02/2026,Hydrogen energy,Hydrogen export using a powder project,https://arena.gov.au/knowledge-bank/curtin-university-hydrogen-export-using-a-powder-project-core-research-interim-report/,Reports,https://arena.gov.au/projects/hydrogen-export-using-a-powder-project/,2024,Current
Origin - Mortlake Power Station Battery Project - Development and Grid Connection Report,19/02/2026,Battery storage,Origin Energy Mortlake Power Station Battery,https://arena.gov.au/knowledge-bank/origin-mortlake-power-station-battery-project-development-and-grid-connection-report/,Reports,https://arena.gov.au/projects/origin-energy-mortlake-power-station-battery/,2024,Current
Lochard Energy H2RESTORE Feasibility Study,18/02/2026,Hydrogen energy,Lochard Energy H2RESTORE Feasibility Study,https://arena.gov.au/knowledge-bank/lochard-energy-h2restore-feasibility-study/,Reports,https://arena.gov.au/projects/lochard-energy-h2restore-feasibility-study/,2024,Past
SA Power Networks - Energy Masters - Lessons Learnt Report 2,16/02/2026,Demand response,SA Power Networks - Electrification and Demand Flexibility,https://arena.gov.au/knowledge-bank/sa-power-networks-energy-masters-lessons-learnt-report-2/,Reports,https://arena.gov.au/projects/sa-power-networks-electrification-and-demand-flexibility/,2024,Current
DEIP Market Integration Trials Summary Report 3.0,12/02/2026,Distributed energy resources,,https://arena.gov.au/knowledge-bank/deip-market-integration-trials-summary-report-3-0/,Reports,,,
Stanwell - Central Queensland Hydrogen (CQ-H2) Project FEED study - Public FEED Summary Report,3/02/2026,Hydrogen energy,Central Queensland Hydrogen (CQ-H2) Project FEED study,https://arena.gov.au/knowledge-bank/stanwell-central-queensland-hydrogen-cq-h2-project-feed-study-public-feed-summary-report/,Reports,https://arena.gov.au/projects/central-queensland-hydrogen-cq-h2-project-feed-study/,2023,Past
Fortescue - Low Temp Direct Electrochemical Reduction for Zero Emissions Iron - Core Research Final Report,27/01/2026,Renewables for industry,Fortescue - low temperature direct electrochemical reduction for zero emissions iron,https://arena.gov.au/knowledge-bank/fortescue-low-temp-direct-electrochemical-reduction-for-zero-emissions-iron-core-research-final-report/,Reports,https://arena.gov.au/projects/fortescue-low-temperature-direct-electrochemical-reduction-for-zero-emissions-iron-project/,2024,Past
Rio Tinto and Sumitomo - Yarwun Hydrogen Calcination Pilot Demonstration Program - Lessons Learnt Report 6,27/01/2026,Hydrogen energy,Yarwun Hydrogen Calcination Pilot Demonstration Program,https://arena.gov.au/knowledge-bank/rio-tinto-and-sumitomo-yarwun-hydrogen-calcination-pilot-demonstration-program-lessons-learnt-report-6/,"Reports, Lessons",https://arena.gov.au/projects/yarwun-hydrogen-calcination-pilot-demonstration-program/,2023,Current
Fortescue - Low Temp Direct Electrochemical Reduction for Zero Emissions Iron - Research Poster n2,27/01/2026,Renewables for industry,Fortescue - low temperature direct electrochemical reduction for zero emissions iron,https://arena.gov.au/knowledge-bank/fortescue-low-temp-direct-electrochemical-reduction-for-zero-emissions-iron-research-poster-n2/,Reports,https://arena.gov.au/projects/fortescue-low-temperature-direct-electrochemical-reduction-for-zero-emissions-iron-project/,2024,Past
Navigating Dynamic Operating Envelopes,27/01/2026,Distributed energy resources,,https://arena.gov.au/knowledge-bank/navigating-dynamic-operating-envelopes/,Reports,,,
Edify - Darlington Point Energy Storage System - Operations Report 4,23/01/2026,Battery storage,Darlington Point Energy Storage System,https://arena.gov.au/knowledge-bank/edify-darlington-point-energy-storage-system-operations-report-4/,Reports,https://arena.gov.au/projects/darlington-point-energy-storage-system/,2022,Current
Project Clean Wafers ' Pre-Feasibility Study,16/01/2026,Solar PV R&amp;D,Stellar PV - Project Clean Wafers - Feasibility Study,https://arena.gov.au/knowledge-bank/project-clean-wafers-pre-feasibility-study/,Reports,https://arena.gov.au/projects/stellar-pv-project-clean-wafers-feasibility-study/,2025,Current
AGL-Liddell BESS-Battery Development and Grid Connection Report,14/01/2026,Battery storage,AGL Energy - Liddell Large Scale Battery with advanced inverters; Deployment Project,https://arena.gov.au/knowledge-bank/agl-liddell-bess-battery-development-and-grid-connection-report/,Reports,https://arena.gov.au/projects/agl-liddell-large-scale-battery-with-advanced-inverters-deployment-project/,2024,Current
Neoen - Victorian Big Battery - Lessons Learnt 3,14/01/2026,Battery storage,Neoen Victorian Big Battery (Moorabool) Retrofit,https://arena.gov.au/knowledge-bank/neoen-victorian-big-battery-lessons-learnt-3/,Lessons,https://arena.gov.au/projects/neoen-victorian-big-battery-moorabool/,2023,Past
Neoen - Western Downs BESS - Lessons Learnt Report 3,14/01/2026,"Battery storage, System security and reliability",Neoen Big Battery (Western Downs) Deployment Project,https://arena.gov.au/knowledge-bank/neoen-western-downs-bess-lessons-learnt-report-3/,Lessons,https://arena.gov.au/projects/neoen-big-battery-western-downs-deployment-project/,2023,Current
Neoen - Blyth Battery - Lessons Learnt 3,14/01/2026,"Battery storage, System security and reliability",Neoen Big Battery (Blyth) Deployment Project,https://arena.gov.au/knowledge-bank/neoen-blyth-battery-lessons-learnt-3/,Lessons,https://arena.gov.au/projects/neoen-big-battery-blyth-deployment-project/,2023,Current
Maverick Solutions Development: Annual Knowledge Sharing Report 2025,7/01/2026,"Large-scale solar, Solar energy",5B - Scaling Manufacturing and Accelerating Maverick Solution Development,https://arena.gov.au/knowledge-bank/maverick-solutions-development-annual-knowledge-sharing-report-2025/,Reports,https://arena.gov.au/projects/5b-scaling-manufacturing-and-accelerating-maverick-solution-development/,2024,Current
Luminous - Knowledge Share Public Report,7/01/2026,Large-scale solar,"Luminous Robotics - Scale for a Solar Future, Deployment",https://arena.gov.au/knowledge-bank/luminous-knowledge-share-public-report/,Reports,https://arena.gov.au/projects/luminous-robotics-scale-for-a-solar-future-deployment/,2025,Current
ANU - De-risking large-scale Australian fine-ore hydrogen ironmaking - Core Research Interim Report,18/12/2025,Renewables for industry,ANU – De-risking large-scale Australian fine-ore hydrogen ironmaking,https://arena.gov.au/knowledge-bank/anu-de-risking-large-scale-australian-fine-ore-hydrogen-ironmaking-core-research-interim-report/,Reports,https://arena.gov.au/projects/anu-de-risking-large-scale-australian-fine-ore-hydrogen-ironmaking/,2024,Current
Edify - Darlington Point Energy Storage System - Flagship Report: System Strength Remediation,18/12/2025,Battery storage,Darlington Point Energy Storage System,https://arena.gov.au/knowledge-bank/edify-darlington-point-energy-storage-system-flagship-report-system-strength-remediation/,Reports,https://arena.gov.au/projects/darlington-point-energy-storage-system/,2022,Current
Insights Spotlight: the NeoSmelt joint venture,17/12/2025,Renewables for industry,Project NeoSmelt,https://arena.gov.au/knowledge-bank/insights-spotlight-the-neosmelt-joint-venture/,Insights,https://arena.gov.au/projects/project-neosmelt/,2025,Current
"UNSW, Blast furnace innovations: sustainable, low-carbon ironmaking project - Core Research Interim Report",17/12/2025,Renewables for industry,"UNSW - blast furnace innovations: sustainable, low-carbon ironmaking project",https://arena.gov.au/knowledge-bank/unsw-blast-furnace-innovations-sustainable-low-carbon-ironmaking-project-core-research-interim-report/,Reports,https://arena.gov.au/projects/unsw-blast-furnace-innovations-sustainable/,2024,Current
Project Edith Stage 3 Insights Report,12/12/2025,Distributed energy resources,,https://arena.gov.au/knowledge-bank/project-edith-stage-3-insights-report/,Insights,,,
Grid Oscillation Project - Milestone 4 Report,2/12/2025,System security and reliability,Monash Grid Oscillation Project (Study and Software Development),https://arena.gov.au/knowledge-bank/grid-oscillation-project-milestone-4-report/,Milestones,https://arena.gov.au/projects/monash-grid-oscillation-project-study-and-software-development/,2023,Past
Public Project Knowledge Sharing Report - Darlington Point Energy Storage System (DPESS),24/11/2025,Battery storage,Darlington Point Energy Storage System,https://arena.gov.au/knowledge-bank/public-project-knowledge-sharing-report-darlington-point-energy-storage-system-dpess/,Reports,https://arena.gov.au/projects/darlington-point-energy-storage-system/,2022,Current
ARENA Webinar - 2025 LCA Guidelines for Bioenergy Projects,21/11/2025,Bioenergy / Energy from waste,,https://arena.gov.au/knowledge-bank/arena-insights-lca-webinar/,Insights,,,
Toll Group - Project Truckvolt - Infrastructure Design Report,19/11/2025,Electric vehicles,Toll Group - Project Truckvolt,https://arena.gov.au/knowledge-bank/toll-group-project-truckvolt-infrastructure-design-report/,Reports,https://arena.gov.au/projects/toll-group-project-truckvolt/,2024,Current
Capral - Log Furnace Replacement - Technology and Equipment Report,13/11/2025,Renewables for industry,,https://arena.gov.au/knowledge-bank/capral-log-furnace-replacement-technology-and-equipment-report/,,,,
Toll Group - Project Truckvolt - Lessons Learnt Report,11/11/2025,Electric vehicles,Toll Group - Project Truckvolt,https://arena.gov.au/knowledge-bank/toll-group-project-truckvolt-lessons-learnt-report/,Lessons,https://arena.gov.au/projects/toll-group-project-truckvolt/,2024,Current
Delorean - SA1 Biomethane Upgrading - Proof of Concept LCA (Public Summary),7/11/2025,Bioenergy / Energy from waste,Delorean - SA1 Biomethane Upgrading Project,https://arena.gov.au/knowledge-bank/delorean-sa1-biomethane-upgrading-proof-of-concept-lca-public-summary/,Reports,https://arena.gov.au/projects/delorean-sa1-biomethane-upgrading-project/,2025,Current
Licella - Project Swift - Lessons Learnt Report,7/11/2025,Bioenergy / Energy from waste,Licella - Project Swift - SAF from Sugarcane Residues Feasibility Study,https://arena.gov.au/knowledge-bank/licella-project-swift-lessons-learnt-report/,Lessons,https://arena.gov.au/projects/licella-project-swift-saf-from-sugarcane-residues-feasibility-study/,2025,Current
Amber Electric - Automating EV Charging in line with Wholesale Pricing - Lessons Learnt Report #3,6/11/2025,Electric vehicles,Amber - Automating EV Charging in line with Wholesale Pricing,https://arena.gov.au/knowledge-bank/amber-electric-automating-ev-charging-in-line-with-wholesale-pricing-lessons-learnt-report-3/,Lessons,https://arena.gov.au/projects/amber-automating-ev-charging-in-line-with-wholesale-pricing/,2024,Current
HILT CRC - Upgrading Iron Ore for DRI Production Using Seawater Reverse Osmosis - Core Research Interim Report,30/10/2025,Renewables for industry,HILT CRC - upgrading iron ore for DRI production using seawater,https://arena.gov.au/knowledge-bank/hilt-crc-upgrading-iron-ore-for-dri-production-using-seawater-reverse-osmosis-core-research-interim-report/,Reports,https://arena.gov.au/projects/hilt-crc-upgrading-iron-ore-for-dri-production-using-seawater/,2024,Current
BlueScope - NeoSmelt - Lessons Learnt Report 1,21/10/2025,Renewables for industry,Project NeoSmelt,https://arena.gov.au/knowledge-bank/bluescope-neosmelt-lessons-learnt-report-1/,Lessons,https://arena.gov.au/projects/project-neosmelt/,2025,Current
Hysata - High-Efficiency &lsquo;Capillary-fed&rsquo; Electrolyser Pilot Project - Lessons Learnt Report September 2025,17/10/2025,Hydrogen energy,Hysata - High-Efficiency ‘Capillary-fed’ Electrolyser Pilot Project,https://arena.gov.au/knowledge-bank/hysata-high-efficiency-capillary-fed-electrolyser-pilot-project-lessons-learnt-report-september-2025/,Lessons,https://arena.gov.au/projects/high-efficiency-capillary-fed-electrolyser-pilot-project/,2023,Current
Monash - Lowering cost of proton exchange water electrolysis Systems - Core Research Interim Report,17/10/2025,Hydrogen energy,Lowering the cost of proton exchange water electrolysis systems,https://arena.gov.au/knowledge-bank/monash-lowering-cost-of-proton-exchange-water-electrolysis-systems-core-research-interim-report/,Reports,https://arena.gov.au/projects/lowering-the-cost-of-proton-exchange-water-electrolysis-systems/,2024,Current
UNSW - Multiphase Electrolysers for Renewable Ammonia Production - Core Research Interim Report,17/10/2025,Hydrogen energy,Multiphase electrolysers for renewable ammonia production,https://arena.gov.au/knowledge-bank/unsw-multiphase-electrolysers-for-renewable-ammonia-production-core-research-interim-report/,Reports,https://arena.gov.au/projects/multiphase-electrolysers-for-renewable-ammonia-production/,2024,Current
"MGA Thermal, Thermal Energy Storage Project",15/10/2025,"Geothermal energy, Renewables for industry",MGA Thermal Energy Storage Project,https://arena.gov.au/knowledge-bank/mga-thermal-thermal-energy-storage-project/,Reports,https://arena.gov.au/projects/mga-thermal-energy-storage-project/,2022,Past
"Insights from Freight Transport Electrification Across Port, Express Parcels & Last-Mile Deliveries",15/10/2025,Electric vehicles,,https://arena.gov.au/knowledge-bank/insights-from-freight-transport-electrification-across-port-express-parcels-last-mile-deliveries/,Reports,,,
ARENA LCA Guidelines for Bioenergy Projects,13/10/2025,Bioenergy / Energy from waste,,https://arena.gov.au/knowledge-bank/arena-lca-guidelines-for-bioenergy-projects/,,,,
Hysata ' &lsquo;Capillary-fed&rsquo; Electrolyser Commercial-Scale Demonstration Project ' Lessons Learned Report September 2025,1/10/2025,Hydrogen energy,Hysata Capillary-fed’ Electrolyser Commercial-Scale Demonstration Project,https://arena.gov.au/knowledge-bank/hysata-capillary-fed-electrolyser-commercial-scale-demonstration-project-lessons-learned-report-september-2025/,Lessons,https://arena.gov.au/projects/hysata-capillary-fed-electrolyser-commercial-scale-demonstration-project/,2023,Current
Sunsolve ' Radiative heat loss from PV systems whitepaper,29/09/2025,Solar energy,PV Lighthouse - Accurate and Precise Solar Yield Modelling with SunSolve,https://arena.gov.au/knowledge-bank/sunsolve-radiative-heat-loss-from-pv-systems/,Reports,https://arena.gov.au/projects/pv-lighthouse-accurate-and-precise-solar-yield-modelling-with-sunsolve/,2024,Current
RELA Land Assessment Tool Project - Interim Knowledge Sharing Report,23/09/2025,"Solar energy, Wind energy",RELA Land Assessment Tool Project,https://arena.gov.au/knowledge-bank/rela-land-assessment-tool-project-interim-knowledge-sharing-report/,Reports,https://arena.gov.au/projects/rela-land-assessment-tool-project/,2025,Current
"Hysata ' High temperature, ultra-high efficiency capillary-fed electrolysis project ' Core Research Interim Report",12/09/2025,Hydrogen energy,"High temperature, ultra-high efficiency capillary-fed electrolysis project",https://arena.gov.au/knowledge-bank/hysata-high-temperature-ultra-high-efficiency-capillary-fed-electrolysis-project-core-research-interim-report/,Reports,https://arena.gov.au/projects/high-temperature-ultra-high-efficiency-capillary-fed-electrolysis-project/,2024,Current
Project Jupiter webinar: Project Jupiter WA&rsquo;s path to virtual power plants at scale,11/09/2025,Distributed energy resources,Project Jupiter,https://arena.gov.au/knowledge-bank/project-jupiter-webinar-project-jupiter-was-path-to-virtual-power-plants-at-scale/,Insights,https://arena.gov.au/projects/project-jupiter/,2025,Current
ARENA Community Battery Round 1 Pre-Deployment Challenges & Best Practice Report,9/09/2025,Battery storage,,https://arena.gov.au/knowledge-bank/arena-community-battery-round-1-pre-deployment-challenges-best-practice-report/,Reports,,,
5B - Navigating the Challenges of Start-Up Commercialisation Report,2/09/2025,"Large-scale solar, Solar energy",5B - Scaling Manufacturing and Accelerating Maverick Solution Development,https://arena.gov.au/knowledge-bank/5b-navigating-the-challenges-of-start-up-commercialisation-report/,Reports,https://arena.gov.au/projects/5b-scaling-manufacturing-and-accelerating-maverick-solution-development/,2024,Current
Edify Energy - Darlington Point Energy Storage System - Operations Report #3,2/09/2025,Battery storage,Darlington Point Energy Storage System,https://arena.gov.au/knowledge-bank/edify-energy-darlington-point-energy-storage-system-operations-report-3/,Reports,https://arena.gov.au/projects/darlington-point-energy-storage-system/,2022,Current
Rio Tinto and Sumitomo - Yarwun Hydrogen Calcination Demonstration Program - Technology & Market Report,2/09/2025,Hydrogen energy,Yarwun Hydrogen Calcination Pilot Demonstration Program,https://arena.gov.au/knowledge-bank/rio-tinto-and-sumitomo-yarwun-hydrogen-calcination-demonstration-program-technology-market-report/,Reports,https://arena.gov.au/projects/yarwun-hydrogen-calcination-pilot-demonstration-program/,2023,Current
Kennedy Energy Park - Operations Report 1,1/09/2025,Hybrid technologies,Kennedy Energy Park,https://arena.gov.au/knowledge-bank/kennedy-energy-park-operations-report-1/,Reports,https://arena.gov.au/projects/kennedy-energy-park/,2017,Current
5B ' Scaling Manufacturing and Accelerating Maverick Solution Development - Lessons Learnt Report 1,1/09/2025,"Large-scale solar, Solar energy",5B - Scaling Manufacturing and Accelerating Maverick Solution Development,https://arena.gov.au/knowledge-bank/5b-scaling-manufacturing-and-accelerating-maverick-solution-development-lessons-learnt-report-1/,"Reports, Lessons",https://arena.gov.au/projects/5b-scaling-manufacturing-and-accelerating-maverick-solution-development/,2024,Current
George Weston Foods ' Feasibility Study into Onsite Thermal Systems - Study Report,1/09/2025,Renewables for industry,George Weston Foods - Feasibility Study into Onsite Thermal Systems,https://arena.gov.au/knowledge-bank/george-weston-foods-feasibility-study-into-onsite-thermal-systems-study-report/,Reports,https://arena.gov.au/projects/george-weston-foods-feasibility-study-into-onsite-thermal-systems/,2024,Past
EVX - ChargeKonnect Kerbside EV Charging Project - Lessons Learnt Report 1,1/09/2025,Electric vehicles,EVX - ChargeKonnect Kerbside EV Charging Project,https://arena.gov.au/knowledge-bank/evx-chargekonnect-kerbside-ev-charging-project-lessons-learnt-report-1/,"Reports, Lessons",https://arena.gov.au/projects/evx-chargekonnect-kerbside-ev-charging-project/,2025,Current
Fortescue - Scale up of Next Gen CSIRO Axial Flow Electrolyser for Green Hydrogen - Core research interim report,21/08/2025,Hydrogen energy,Scale up & demonstration of next-generation CSIRO axial flow electrolyser,https://arena.gov.au/knowledge-bank/fortescue-scale-up-of-next-gen-csiro-axial-flow-electrolyser-for-green-hydrogen-core-research-interim-report/,Reports,https://arena.gov.au/projects/scale-up-and-demonstration-of-next-generation-csiro-axial-flow-electrolyser-for-green-hydrogen-production/,2024,Current
Alice Springs Future Grid Final Report,20/08/2025,"Solar energy, Solar PV R&amp;D",Alice Springs Future Grid Project,https://arena.gov.au/knowledge-bank/alice-springs-future-grid-final-report/,Reports,https://arena.gov.au/projects/alice-springs-future-grid-project/,2020,Past
Lessons learned from renewable hydrogen projects,15/08/2025,Hydrogen energy,,https://arena.gov.au/knowledge-bank/lessons-learned-from-renewable-hydrogen-projects/,Reports,,,
5B ' Scaling Manufacturing and Accelerating Maverick Solution Development - Commercialisation Report,15/08/2025,"Large-scale solar, Solar energy",5B - Scaling Manufacturing and Accelerating Maverick Solution Development,https://arena.gov.au/knowledge-bank/5b-scaling-manufacturing-and-accelerating-maverick-solution-development-commercialisation-report/,Reports,https://arena.gov.au/projects/5b-scaling-manufacturing-and-accelerating-maverick-solution-development/,2024,Current
Edify - Green Hydrogen Project - Final Report,15/08/2025,Hydrogen energy,Edify - Green Hydrogen Project,https://arena.gov.au/knowledge-bank/edify-green-hydrogen-project-final-report/,Reports,https://arena.gov.au/projects/edify-green-hydrogen-project/,2024,Past
Linfox - Heavy Truck Electrification Project - Lessons Learnt Report 1,15/08/2025,Electric vehicles,Linfox - Heavy Truck Electrification Project,https://arena.gov.au/knowledge-bank/linfox-heavy-truck-electrification-project-lessons-learnt-report-1/,"Reports, Lessons",https://arena.gov.au/projects/linfox-heavy-truck-electrification-project/,2024,Current
UoN - Electric Smelting of Australian Hematite-Goethite Hydrogen DRI - Core Research Interim Report,14/08/2025,Renewables for industry,"The University of Newcastle, electric smelting of hematite-goethite hydrogen DRI",https://arena.gov.au/knowledge-bank/uon-electric-smelting-of-australian-hematite-goethite-hydrogen-dri-core-research-interim-report/,Reports,https://arena.gov.au/projects/the-university-of-newcastle-electric-smelting-of-australian-hematite-goethite-hydrogen/,2024,Current
Hydro Tasmania Community Batteries Project - Lessons Learnt Report 1,13/08/2025,Battery storage,Hydro Tasmania Community Batteries Project,https://arena.gov.au/knowledge-bank/hydro-tasmania-community-batteries-project-lessons-learnt-report-1/,Lessons,https://arena.gov.au/projects/hydro-tasmania-community-batteries-project/,2024,Current
CAPA Intelligence ' Cyber Risk Study - The Growing Cybersecurity Imperative for CER,12/08/2025,Distributed energy resources,CAPA Intelligence – Cyber Risk Study,https://arena.gov.au/knowledge-bank/capa-intelligence-cyber-risk-study-the-growing-cybersecurity-imperative-for-cer/,Reports,https://arena.gov.au/projects/capa-intelligence-cyber-risk-study/,2024,Past
AEMO ' CER Data Exchange Industry Co-Design - Attachment C: Implementation Plan,11/08/2025,Distributed energy resources,AEMO – CER Data Exchange Industry Co-Design,https://arena.gov.au/knowledge-bank/aemo-cer-data-exchange-industry-co-design-attachment-c-implementation-plan/,Reports,https://arena.gov.au/projects/aemo-cer-data-exchange-industry-co-design/,2024,Past
AEMO ' CER Data Exchange Industry Co-Design - Attachment A: High-Level Design,11/08/2025,Distributed energy resources,AEMO – CER Data Exchange Industry Co-Design,https://arena.gov.au/knowledge-bank/aemo-cer-data-exchange-industry-co-design-attachment-a-high-level-design/,Reports,https://arena.gov.au/projects/aemo-cer-data-exchange-industry-co-design/,2024,Past
AEMO ' CER Data Exchange Industry Co-Design ' Co-Design Summary,11/08/2025,Distributed energy resources,AEMO – CER Data Exchange Industry Co-Design,https://arena.gov.au/knowledge-bank/aemo-cer-data-exchange-industry-co-design-co-design-summary/,Reports,https://arena.gov.au/projects/aemo-cer-data-exchange-industry-co-design/,2024,Past
Jemena Gas Network - Malabar Biomethane Injection Project - Commissioning Report,11/08/2025,Bioenergy / Energy from waste,Malabar Biomethane Injection Project,https://arena.gov.au/knowledge-bank/jemena-gas-network-malabar-biomethane-injection-project-commissioning-report/,Reports,https://arena.gov.au/projects/malabar-biomethane-injection-project/,2020,Past
Wyndham City Council - Local Council BEV Integration Project - Lessons Learnt Report 2,8/08/2025,Electric vehicles,Wyndham City Council – Local Council BEV Integration Project,https://arena.gov.au/knowledge-bank/wyndham-city-council-local-council-bev-integration-project-lessons-learnt-report-2/,"Reports, Lessons",https://arena.gov.au/projects/wyndham-city-council-local-council-bev-integration-project/,2024,Current
Brighte ' Electrify 2515 Community Pilot - Lessons Learnt Report 2,5/08/2025,Demand response,Brighte - Electrify 2515 Community Pilot,https://arena.gov.au/knowledge-bank/brighte-electrify-2515-community-pilot-lessons-learnt-report-2/,"Reports, Lessons",https://arena.gov.au/projects/electrify-2515-brighte-research-testbed-of-community-electrification-at-scale/,2024,Current
Brighte ' Electrify 2515 Community Pilot - Customer Insights Report 1,5/08/2025,Demand response,Brighte - Electrify 2515 Community Pilot,https://arena.gov.au/knowledge-bank/brighte-electrify-2515-community-pilot-customer-insights-report-1/,Reports,https://arena.gov.au/projects/electrify-2515-brighte-research-testbed-of-community-electrification-at-scale/,2024,Current
Project Jupiter - Lessons Learnt Report 1,5/08/2025,Distributed energy resources,Project Jupiter,https://arena.gov.au/knowledge-bank/project-jupiter-lessons-learnt-report-1/,"Reports, Lessons",https://arena.gov.au/projects/project-jupiter/,2025,Current
Project Jupiter - National Alignment Report,5/08/2025,Distributed energy resources,Project Jupiter,https://arena.gov.au/knowledge-bank/project-jupiter-national-alignment-report/,Reports,https://arena.gov.au/projects/project-jupiter/,2025,Current
Project Jupiter - Vision and Impact Pathway Report,5/08/2025,Distributed energy resources,Project Jupiter,https://arena.gov.au/knowledge-bank/project-jupiter-vision-and-impact-pathway-report/,Reports,https://arena.gov.au/projects/project-jupiter/,2025,Current
Grid Forming Battery Webinar 23 July 2025,1/08/2025,System security and reliability,,https://arena.gov.au/knowledge-bank/grid-forming-battery-webinar-2025/,Insights,,,
Jet Zero - Project Ulysses - Proof of Concept LCA Public Summary,1/08/2025,Bioenergy / Energy from waste,Jet Zero Australia - FEED Study for Project Ulysses ATJ SAF Plant,https://arena.gov.au/knowledge-bank/jet-zero-project-ulysses-proof-of-concept-lca-public-summary/,Reports,https://arena.gov.au/projects/jet-zero-australia-feed-study-for-project-ulysses/,2024,Past
United Energy Low Voltage Battery Trial - Final Report,1/08/2025,Battery storage,United Energy Low Voltage Battery Trial,https://arena.gov.au/knowledge-bank/united-energy-low-voltage-battery-trial-final-report/,Reports,https://arena.gov.au/projects/united-energy-low-voltage-battery-trial/,2021,Past
Hardwick Meatworks Heat Pump Installation and Power Upgrade Demonstration - Final Report,1/08/2025,Renewables for industry,,https://arena.gov.au/knowledge-bank/hardwick-meatworks-heat-pump-installation-and-power-upgrade-demonstration-final-report/,Reports,,,
Yuri Renewable Hydrogen to Ammonia Project - Project Technology & Market Report,30/07/2025,"Battery storage, Hydrogen energy, Large-scale solar",Yuri Renewable Hydrogen to Ammonia Project,https://arena.gov.au/knowledge-bank/yuri-renewable-hydrogen-to-ammonia-project-project-technology-market-report/,Reports,https://arena.gov.au/projects/yuri-renewable-hydrogen-to-ammonia-project/,2022,Current
Viva Energy SAF Infrastructure Solutions for the Future - Market context and opportunity report,30/07/2025,Bioenergy / Energy from waste,Viva Energy SAF Infrastructure Solutions for the Future,https://arena.gov.au/knowledge-bank/viva-energy-saf-infrastructure-solutions-for-the-future-market-context-and-opportunity-report/,Reports,https://arena.gov.au/projects/viva-energy-saf-infrastructure-solutions-for-the-future/,2025,Current
ATCO - Scale H2 Feasibility Study - Final Report,29/07/2025,Hydrogen energy,ATCO - Scale H2 Feasibility Study,https://arena.gov.au/knowledge-bank/atco-scale-h2-feasibility-study-final-report/,Reports,https://arena.gov.au/projects/atco-scale-h2-feasibility-study/,2023,Current
Yadlamalka Energy - Co-located Vanadium Flow Battery Storage and Solar - Operations Report 1,25/07/2025,Battery storage,Co-located Vanadium Flow Battery Storage and Solar,https://arena.gov.au/knowledge-bank/yadlamalka-energy-co-located-vanadium-flow-battery-storage-and-solar-operations-report-1/,Reports,https://arena.gov.au/projects/co-located-vanadium-flow-battery-storage-and-solar/,2020,Past
Rio Tinto and Sumitomo - Yarwun Hydrogen Calcination Pilot Demonstration Program - Lessons Learnt Report 5,18/07/2025,Hydrogen energy,Yarwun Hydrogen Calcination Pilot Demonstration Program,https://arena.gov.au/knowledge-bank/rio-tinto-and-sumitomo-yarwun-hydrogen-calcination-pilot-demonstration-program-lessons-learnt-report-5/,"Reports, Lessons",https://arena.gov.au/projects/yarwun-hydrogen-calcination-pilot-demonstration-program/,2023,Current
ANC - Last Mile Delivery Vehicle Electrification - Lessons Learnt Report 2,18/07/2025,Electric vehicles,ANC - Last Mile Delivery EV,https://arena.gov.au/knowledge-bank/anc-last-mile-delivery-vehicle-electrification-lessons-learnt-report-2/,"Reports, Lessons",https://arena.gov.au/projects/anc-last-mile-delivery-ev/,2024,Current
AECOM ' Electrifying Road Freight Report,15/07/2025,Electric vehicles,,https://arena.gov.au/knowledge-bank/aecom-electrifying-road-freight-report/,Reports,,,
Brimbank Aquatic and Wellness Centre Integrated Energy System - Performance analysis,11/07/2025,Renewables in buildings,Brimbank Aquatic and Wellness Centre Integrated Energy System,https://arena.gov.au/knowledge-bank/brimbank-city-council-brimbank-aquatic-and-wellness-centre-integrated-energy-system-performance-analysis/,Reports,https://arena.gov.au/projects/brimbank-aquatic-and-wellness-centre-integrated-energy-system/,2020,Past
Brimbank Aquatic and Wellness Centre Integrated Energy System - Guide to Building a 100% Renewable Energy Powered Aquatic Centre,11/07/2025,Renewables in buildings,Brimbank Aquatic and Wellness Centre Integrated Energy System,https://arena.gov.au/knowledge-bank/brimbank-aquatic-and-wellness-centre-integrated-energy-system-guide-to-building-a-100-renewable-energy-powered-aquatic-centre/,Reports,https://arena.gov.au/projects/brimbank-aquatic-and-wellness-centre-integrated-energy-system/,2020,Past
ARENA Electrical Infrastructure Roundtable,11/07/2025,Renewables for industry,,https://arena.gov.au/knowledge-bank/electrical-infrastructure-roundtable/,Insights,,,
Patrick Terminals ' BEV Terminal Trucks at Fremantle Port ' Lessons Learnt Report 3,11/07/2025,Electric vehicles,Patrick Terminals - BEV Terminal Trucks at Fremantle Port,https://arena.gov.au/knowledge-bank/patrick-terminals-bev-terminal-trucks-fremantle-port-lessons-learnt-report-3/,"Reports, Lessons",https://arena.gov.au/projects/patrick-terminals-bev-terminal-trucks-at-fremantle-port/,2023,Current
Ekistica ' ARENA Grid-Forming Battery Portfolio Series,3/07/2025,Battery storage,,https://arena.gov.au/knowledge-bank/ekistica-arena-grid-forming-battery-portfolio-series/,Reports,,,
G & K O&rsquo;Connor ' Closing the Loop on Red Meat Processing Energy and Emissions - Integrated Scenarios & Roadmap - Final Report,1/07/2025,Renewables for industry,G & K O’Connor - Closing the Loop on Red Meat Processing Energy and Emissions,https://arena.gov.au/knowledge-bank/g-k-oconnor-closing-the-loop-on-red-meat-processing-energy-and-emissions-integrated-scenarios-roadmap-final-report/,Reports,https://arena.gov.au/projects/g-k-oconnor-closing-the-loop-on-red-meat-processing-energy-and-emissions/,2023,Past
G & K O&rsquo;Connor ' Closing the Loop on Red Meat Processing Energy and Emissions - Lessons Learnt Report,1/07/2025,Renewables for industry,G & K O’Connor - Closing the Loop on Red Meat Processing Energy and Emissions,https://arena.gov.au/knowledge-bank/g-k-oconnor-closing-the-loop-on-red-meat-processing-energy-and-emissions-lessons-learnt-report/,"Reports, Lessons",https://arena.gov.au/projects/g-k-oconnor-closing-the-loop-on-red-meat-processing-energy-and-emissions/,2023,Past
Brimbank Aquatic and Wellness Centre Integrated Energy System - Lessons Learnt Report 2,1/07/2025,Renewables in buildings,Brimbank Aquatic and Wellness Centre Integrated Energy System,https://arena.gov.au/knowledge-bank/brimbank-aquatic-and-wellness-centre-integrated-energy-system-lessons-learnt-report-2/,"Reports, Lessons",https://arena.gov.au/projects/brimbank-aquatic-and-wellness-centre-integrated-energy-system/,2020,Past
Built Robotics - Australian Robotic Piling Deployment for Large Scale Solar - Lesson Learnt Report 2,1/07/2025,Large-scale solar,Australian Robotic Piling Deployment for Large Scale Solar ,https://arena.gov.au/knowledge-bank/built-robotics-australian-robotic-piling-deployment-for-large-scale-solar-lesson-learnt-report-2/,"Reports, Lessons",https://arena.gov.au/projects/australian-robotic-piling-deployment-for-large-scale-solar/,2024,Current
Brimbank Aquatic and Wellness Centre Integrated Energy System - Lessons Learnt Report 3,1/07/2025,Renewables in buildings,Brimbank Aquatic and Wellness Centre Integrated Energy System,https://arena.gov.au/knowledge-bank/brimbank-aquatic-and-wellness-centre-integrated-energy-system-lessons-learnt-report-3/,"Reports, Lessons",https://arena.gov.au/projects/brimbank-aquatic-and-wellness-centre-integrated-energy-system/,2020,Past
Origin Energy - Mortlake Power Station Battery - Lessons Learnt Report 3,1/07/2025,Battery storage,Origin Energy Mortlake Power Station Battery,https://arena.gov.au/knowledge-bank/origin-energy-mortlake-power-station-battery-lessons-learnt-report-3/,"Reports, Lessons",https://arena.gov.au/projects/origin-energy-mortlake-power-station-battery/,2024,Current
"Kennedy Energy Park - Construction, Connection and Commissioning Report",27/06/2025,Hybrid technologies,Kennedy Energy Park,https://arena.gov.au/knowledge-bank/kennedy-energy-park-construction-connection-and-commissioning-report/,Reports,https://arena.gov.au/projects/kennedy-energy-park/,2017,Current
Origin Accelerate EV Fleet Program - Lessons Learnt Report 2,27/06/2025,Electric vehicles,Origin Accelerate EV Fleet Program,https://arena.gov.au/knowledge-bank/origin-accelerate-ev-fleet-program-lessons-learnt-report-2/,"Reports, Lessons",https://arena.gov.au/projects/origin-accelerate-ev-fleet-program/,2022,Past
Hazer - The Hazer Process Demonstration Plant - Hazer Lessons Learnt Report 4,26/06/2025,Hydrogen energy,The Hazer Process: Commercial Demonstration Plant,https://arena.gov.au/knowledge-bank/hazer-the-hazer-process-demonstration-plant-hazer-lessons-learnt-report-4/,"Reports, Lessons",https://arena.gov.au/projects/the-hazer-process-commercial-demonstration-plant/,2020,Current
Hazer - The Hazer Process Demonstration Plant - Maximising the value of biogas through low emission hydrogen and graphite products,26/06/2025,Hydrogen energy,The Hazer Process: Commercial Demonstration Plant,https://arena.gov.au/knowledge-bank/hazer-the-hazer-process-demonstration-plant-maximising-the-value-of-biogas-through-low-emission-hydrogen-and-graphite-products/,Reports,https://arena.gov.au/projects/the-hazer-process-commercial-demonstration-plant/,2020,Current
Lochard Energy - H2Restore - Stakeholder Engagement Plan & Regulatory Approvals Plan,20/06/2025,Hydrogen energy,Lochard Energy H2RESTORE Feasibility Study,https://arena.gov.au/knowledge-bank/lochard-energy-h2restore-stakeholder-engagement-plan-regulatory-approvals-plan/,Reports,https://arena.gov.au/projects/lochard-energy-h2restore-feasibility-study/,2024,Past
QUT Hydrogen Process Research & Development - End of Activity Report,20/06/2025,Hydrogen energy,QUT Hydrogen Process Research & Development,https://arena.gov.au/knowledge-bank/qut-hydrogen-process-research-development-end-of-activity-report/,Reports,https://arena.gov.au/projects/qut-hydrogen-process-research-and-development/,2018,Past
Rio Tinto and Sumitomo ' Yarwun Hydrogen Calcination Pilot Demonstration Program ' Lessons Learnt Report 4,20/06/2025,Hydrogen energy,Yarwun Hydrogen Calcination Pilot Demonstration Program,https://arena.gov.au/knowledge-bank/rio-tinto-and-sumitomo-yarwun-hydrogen-calcination-pilot-demonstration-program-lessons-learnt-report-4/,"Reports, Lessons",https://arena.gov.au/projects/yarwun-hydrogen-calcination-pilot-demonstration-program/,2023,Current
AGIG - Hydrogen Park Murray Valley - Lessons Learnt Report 1,20/06/2025,Hydrogen energy,Hydrogen Park Murray Valley Facility,https://arena.gov.au/knowledge-bank/agig-hydrogen-park-murray-valley-agig-lessons-learnt-report-1/,"Reports, Lessons",https://arena.gov.au/projects/hydrogen-park-murray-valley-facility/,2023,Current
"Cavendish - Efficient, Scalable and Modular Ammonia to H2/Electricity Conversion - Core Research Midpoint Update",20/06/2025,Hydrogen energy,Cavendish - Efficient Scalable and Modular Ammonia to Hydrogen/Electricity Conversion System,https://arena.gov.au/knowledge-bank/cavendish-efficient-scalable-and-modular-ammonia-to-h2-electricity-conversion-core-research-midpoint-update/,Reports,https://arena.gov.au/projects/efficient-scalable-and-modular-ammonia-to-hydrogen-electricity-conversion-system-development-and-demonstration/,2024,Current
Windlab - Kennedy Energy Park - Equipment Testing Plan Report,20/06/2025,Hybrid technologies,Kennedy Energy Park,https://arena.gov.au/knowledge-bank/windlab-kennedy-energy-park-equipment-testing-plan-report/,Reports,https://arena.gov.au/projects/kennedy-energy-park/,2017,Current
Vast - Port Augusta Solar Methanol Project - Lessons Learnt Report 1,20/06/2025,"Concentrated solar thermal, Hydrogen energy",Port Augusta Solar Methanol Project,https://arena.gov.au/knowledge-bank/vast-renewables-port-augusta-solar-methanol-project-lessons-learnt-report-1/,"Reports, Lessons",https://arena.gov.au/projects/port-augusta-solar-methanol-project/,2023,Current
AEMO ' CER Data Exchange Industry Co-Design - Attachment B High-Level Cost Assessment,20/06/2025,Distributed energy resources,AEMO – CER Data Exchange Industry Co-Design,https://arena.gov.au/knowledge-bank/aemo-cer-data-exchange-industry-co-design-attachment-b-high-level-cost-assessment/,Reports,https://arena.gov.au/projects/aemo-cer-data-exchange-industry-co-design/,2024,Past
AEMO ' CER Data Exchange Industry Co-Design - Knowledge Sharing Report,20/06/2025,Distributed energy resources,AEMO – CER Data Exchange Industry Co-Design,https://arena.gov.au/knowledge-bank/aemo-cer-data-exchange-industry-co-design-knowledge-sharing-report/,Reports,https://arena.gov.au/projects/aemo-cer-data-exchange-industry-co-design/,2024,Past
5B Maverick Solar PV Automated Assembly & Deployment - Final Report,17/06/2025,"Solar energy, Solar PV R&amp;D",5B Maverick Solar PV Automated Assembly & Deployment,https://arena.gov.au/knowledge-bank/5b-maverick-solar-pv-automated-assembly-deployment-final-report/,Reports,https://arena.gov.au/projects/5b-maverick-solar-pv-automated-assembly-deployment/,2021,Past
2024 Annual Report ' Australian Centre for Advanced Photovoltaics,17/06/2025,"Solar energy, Solar PV R&amp;D",Australian Centre for Advanced Photovoltaics (ACAP),https://arena.gov.au/knowledge-bank/2024-annual-report-australian-centre-for-advanced-photovoltaics/,Reports,https://arena.gov.au/projects/australian-centre-for-advanced-photovoltaics-acap/,2012,Current
AEMO ' CER Data Exchange Industry Co-Design - Final Webinar,16/06/2025,Distributed energy resources,AEMO – CER Data Exchange Industry Co-Design,https://arena.gov.au/knowledge-bank/aemo-cer-data-exchange-industry-co-design-final-webinar/,Insights,https://arena.gov.au/projects/aemo-cer-data-exchange-industry-co-design/,2024,Past
5B - Maverick Solar PV Automated Assembly & Deployment ' Lesson Learnt Report 5,13/06/2025,"Solar energy, Solar PV R&amp;D",5B Maverick Solar PV Automated Assembly & Deployment,https://arena.gov.au/knowledge-bank/5b-maverick-solar-pv-automated-assembly-deployment-lesson-learnt-report-5/,"Reports, Lessons",https://arena.gov.au/projects/5b-maverick-solar-pv-automated-assembly-deployment/,2021,Past
Built Robotics - Australian Robotic Piling Deployment for Large Scale Solar&#8239;- Lesson Learnt Report 1,13/06/2025,Large-scale solar,Australian Robotic Piling Deployment for Large Scale Solar ,https://arena.gov.au/knowledge-bank/built-robotics-australian-robotic-piling-deployment-for-large-scale-solar-lesson-learnt-report-1/,"Reports, Lessons",https://arena.gov.au/projects/australian-robotic-piling-deployment-for-large-scale-solar/,2024,Current
Europcar - Electric Vehicle Infrastructure Project - Infrastructure and Design Report,13/06/2025,Electric vehicles,Europcar Electric Vehicle Infrastructure Project,https://arena.gov.au/knowledge-bank/europcar-electric-vehicle-infrastructure-project-infrastructure-and-design-report/,Reports,https://arena.gov.au/projects/europcar-electric-vehicle-infrastructure-project/,2023,Current
ARENA Funding Agreement Variation Policy,13/06/2025,,,https://arena.gov.au/knowledge-bank/funding-agreement-variation-policy/,,,,
ARENA Report Writing Tips & Guidelines,13/06/2025,,,https://arena.gov.au/knowledge-bank/report-writing-tips-guidelines/,,,,
Origin Energy - Backbone Charging Infrastructure Project - Lessons Learnt Report 1,10/06/2025,Electric vehicles,Origin Energy - Backbone Charging Infrastructure Project,https://arena.gov.au/knowledge-bank/origin-energy-backbone-charging-infrastructure-project-lessons-learnt-report-1/,"Reports, Lessons",https://arena.gov.au/projects/origin-energy-backbone-charging-infrastructure-project/,2024,Current
BFWG - Electrification and Thermal Energy Feasibility Study ' IETS summary & emissions reduction roadmap,10/06/2025,Renewables for industry,Brown Family Wine Group - Electrification and Thermal Energy Feasibility Study,https://arena.gov.au/knowledge-bank/bfwg-electrification-and-thermal-energy-feasibility-study-iets-summary-emissions-reduction-roadmap/,Reports,https://arena.gov.au/projects/brown-family-wine-group-electrification-and-thermal-energy-feasibility-study/,2024,Past
SunDrive Solar - 20MW Pilot Facility Knowledge Sharing Report,10/06/2025,"Solar energy, Solar PV R&amp;D",Commercialisation of SunDrive Copper Metallisation,https://arena.gov.au/knowledge-bank/sundrive-solar-20mw-pilot-facility-knowledge-sharing-report/,Reports,https://arena.gov.au/projects/commercialisation-of-sundrive-copper-metallisation/,2023,Past
"ANU, Low-cost integration of on-site PV for large-scale industrial heat supply - R&D Conclusion report",10/06/2025,"Solar energy, Solar PV R&amp;D",Low-Cost Integration of On-Site Solar PV for Large-Scale Industrial Heat Supply,https://arena.gov.au/knowledge-bank/anu-low-cost-integration-of-on-site-pv-for-large-scale-industrial-heat-supply-rd-conclusion-report/,Reports,https://arena.gov.au/projects/low-cost-integration-of-on-site-solar-photovoltaic-pv-for-large-scale-industrial-heat-supply/,2022,Current
WALGA - Accelerating the Local Government Transition to BEVs in Western Australia - Lessons Learnt Report 2,26/05/2025,Electric vehicles,Accelerating the Local Government Transition to BEVs in Western Australia,https://arena.gov.au/knowledge-bank/walga-accelerating-the-local-government-transition-to-bevs-in-western-australia-lessons-learnt-report-2/,"Reports, Lessons",https://arena.gov.au/projects/accelerating-the-local-government-transition-to-bevs-in-western-australia/,2024,Current
Infravision - Next Generation Line Monitoring System Demonstration Project - Knowledge Sharing Report,23/05/2025,System security and reliability,Infravision Next Generation Line Monitoring System Demonstration,https://arena.gov.au/knowledge-bank/infravision-next-generation-line-monitoring-system-demonstration-project-knowledge-sharing-report/,Reports,https://arena.gov.au/projects/infravision-next-generation-line-monitoring-system-demonstration/,2022,Past
Fortescue ' low temperature direct electrochemical reduction for zero emissions iron - Core Research Interim Report,23/05/2025,Renewables for industry,Fortescue - low temperature direct electrochemical reduction for zero emissions iron,https://arena.gov.au/knowledge-bank/fortescue-low-temperature-direct-electrochemical-reduction-for-zero-emissions-iron-core-research-interim-report/,Reports,https://arena.gov.au/projects/fortescue-low-temperature-direct-electrochemical-reduction-for-zero-emissions-iron-project/,2024,Past
"United Energy, CitiPower, and Powercor ' Flexible Services Trial - Lessons Learnt Report 2",13/05/2025,Demand response,"United Energy, CitiPower and Powercor - Flexible Services Trial",https://arena.gov.au/knowledge-bank/united-energy-citipower-and-powercor-flexible-services-trial-lessons-learnt-report-2/,"Reports, Lessons",https://arena.gov.au/projects/united-energy-citipower-and-powercor-flexible-services-trial/,2024,Current
Edify Energy ' Darlington Point Energy Storage System ' Operations Report #2,13/05/2025,Battery storage,Darlington Point Energy Storage System,https://arena.gov.au/knowledge-bank/edify-energy-darlington-point-energy-storage-system-operations-report-2/,,https://arena.gov.au/projects/darlington-point-energy-storage-system/,2022,Current
GridWise ' Dynamic Model Validation Project ' DMV Pilot Learnings Report,12/05/2025,"Solar energy, Solar PV R&amp;D",GridWise - Dynamic Model Validation,https://arena.gov.au/knowledge-bank/gridwise-dynamic-model-validation-project-dmv-pilot-learnings-report/,Reports,https://arena.gov.au/projects/gridwise-dynamic-model-validation/,2024,Past
Aeolius ' Wind Forecasting Demonstration Project - Lessons Learnt Report 4a,12/05/2025,Wind energy,Aeolius Wind Forecasting Project,https://arena.gov.au/knowledge-bank/aeolius-wind-forecasting-demonstration-project-lessons-learnt-report-4a/,"Reports, Lessons",https://arena.gov.au/projects/aeolius-wind-forecasting-project/,2019,Current
Renergi - Energy from Waste through Pyrolysis - Lessons Learnt Report 5,12/05/2025,Bioenergy / Energy from waste,Energy from Waste Through Pyrolysis,https://arena.gov.au/knowledge-bank/renergi-energy-from-waste-through-pyrolysis-lessons-learnt-report-5/,"Reports, Lessons",https://arena.gov.au/projects/energy-from-waste-through-pyrolysis/,2020,Past
Relectrify - Second-life battery trial - Final Knowledge Sharing Report,6/05/2025,Battery storage,Relectrify Second-Life Battery Trial,https://arena.gov.au/knowledge-bank/relectrify-second-life-battery-trial-final-knowledge-sharing-report/,Reports,https://arena.gov.au/projects/relectrify-second-life-battery-trial/,2020,Past
AGL Energy ' Liddell Large Scale Battery - Lessons Learnt Report 1,6/05/2025,Battery storage,AGL Energy - Liddell Large Scale Battery with advanced inverters; Deployment Project,https://arena.gov.au/knowledge-bank/agl-energy-liddell-large-scale-battery-lessons-learnt-report-1/,"Reports, Lessons",https://arena.gov.au/projects/agl-liddell-large-scale-battery-with-advanced-inverters-deployment-project/,2024,Current
Amber ' Automating EV Charging in line with Wholesale Pricing - Lessons Learnt Report 2,5/05/2025,Electric vehicles,Amber - Automating EV Charging in line with Wholesale Pricing,https://arena.gov.au/knowledge-bank/amber-automating-ev-charging-in-line-with-wholesale-pricing-lessons-learnt-report-2/,"Reports, Lessons",https://arena.gov.au/projects/amber-automating-ev-charging-in-line-with-wholesale-pricing/,2024,Current
Industrial Transformation Stream Round 2 Webinar,5/05/2025,Renewables for industry,,https://arena.gov.au/knowledge-bank/industrial-transformation-stream-round-2-webinar/,"Insights, Videos",,,
Licella - Project Swift - Market Context & Opportunity Report,30/04/2025,Bioenergy / Energy from waste,Licella - Project Swift - SAF from Sugarcane Residues Feasibility Study,https://arena.gov.au/knowledge-bank/licella-project-swift-market-context-opportunity-report/,"Reports, Lessons",https://arena.gov.au/projects/licella-project-swift-saf-from-sugarcane-residues-feasibility-study/,2025,Current
Genex ' Kidston Pumped Hydro Energy Storage ' Lessons Learnt Report No.12,30/04/2025,Hydropower / Pumped Hydro Energy Storage,Kidston Pumped Hydro Energy Storage,https://arena.gov.au/knowledge-bank/genex-kidston-pumped-hydro-energy-storage-lessons-learnt-report-no-12/,"Reports, Lessons",https://arena.gov.au/projects/kidston-pumped-hydro-energy-storage/,2021,Current
APA Fortescue Solar Gas Hybrid Project - Annual Performance Final Report 2024,28/04/2025,"Battery storage, Hybrid technologies, Solar energy, Solar PV R&amp;D",APA Fortescue Solar Gas Hybrid Project,https://arena.gov.au/knowledge-bank/apa-fortescue-solar-gas-hybrid-project-annual-performance-final-report-2024/,Reports,https://arena.gov.au/projects/alinta-fortescue-solar-gas-hybrid-project/,2019,Current
Evaluation of ARENA&rsquo;s transport strategic priority,11/04/2025,Electric vehicles,,https://arena.gov.au/knowledge-bank/evaluation-of-arenas-transport-strategic-priority/,Reports,,,
Ampol - Brisbane Renewable Fuels Project - Market Context and Interim Report,7/04/2025,Bioenergy / Energy from waste,Ampol - Brisbane Renewable Fuels Pre-FEED Study,https://arena.gov.au/knowledge-bank/ampol-brisbane-renewable-fuels-project-market-context-and-interim-report/,Reports,https://arena.gov.au/projects/ampol-brisbane-renewable-fuels-pre-feed-study/,2024,Past
UNSW - High-Throughput Inspection Methods for High-Efficiency Multijunction Solar Cells ' R&D Interim Report,7/04/2025,"Solar energy, Solar PV R&amp;D",High-Throughput Inspection Methods for High-Efficiency Multijunction Solar Cells,https://arena.gov.au/knowledge-bank/unsw-high-throughput-inspection-methods-for-high-efficiency-multijunction-solar-cells-rd-interim-report/,Reports,https://arena.gov.au/projects/high-throughput-inspection-methods-for-high-efficiency-multijunction-solar-cells/,2022,Current
Intellihub Demand Flexibility Platform Project - Lessons Learnt Report 3,31/03/2025,Demand response,Intellihub Demand Flexibility Platform Project,https://arena.gov.au/knowledge-bank/intellihub-demand-flexibility-platform-project-lessons-learnt-report-3/,"Reports, Lessons",https://arena.gov.au/projects/intellihub-demand-flexibility-platform-project/,2023,Past
Neoen ' Hornsdale Power Reserve Upgrade ' Operations Report H1 2024,28/03/2025,Battery storage,Hornsdale Power Reserve Upgrade,https://arena.gov.au/knowledge-bank/neoen-hornsdale-power-reserve-upgrade-operations-report-h1-2024/,Reports,https://arena.gov.au/projects/hornsdale-power-reserve-upgrade/,2019,Current
Alcoa ' Renewable Powered Electric Calcination Pilot ' Lessons Learnt Report 2,28/03/2025,Renewables for industry,Alcoa - Renewable Powered Electric Calcination Pilot,https://arena.gov.au/knowledge-bank/alcoa-renewable-powered-electric-calcination-pilot-lessons-learnt-report-2/,"Reports, Lessons",https://arena.gov.au/projects/alcoa-renewable-powered-electric-calcination-pilot/,2022,Current
ARENA Insights Newsletter Edition #62,26/03/2025,,,https://arena.gov.au/knowledge-bank/arena-insights-newsletter-edition-62/,InsightNewsletter,,,
Europcar - Electric Vehicle Infrastructure Project - Lessons Learnt Report 1,21/03/2025,Electric vehicles,Europcar Electric Vehicle Infrastructure Project,https://arena.gov.au/knowledge-bank/europcar-electric-vehicle-infrastructure-project-lessons-learnt-report-1/,"Reports, Lessons",https://arena.gov.au/projects/europcar-electric-vehicle-infrastructure-project/,2023,Current
EnergyLab ' Decarb Debrief for 2024,18/03/2025,"Battery storage, Hydrogen energy, Renewables for industry, Renewables in buildings",EnergyLab: Deployment of Entrepreneurial Support for the Cleantech Start-up Ecosystem,https://arena.gov.au/knowledge-bank/energylab-decarb-debrief-for-2024/,Reports,https://arena.gov.au/projects/energylab-deployment-of-entrepreneurial-support-for-the-cleantech-start-up-ecosystem/,2023,Current
"Vast Solar, Port Augusta Concentrated Solar Power Project - Milestone 1 Lessons Learnt Report",13/03/2025,"Solar energy, Solar PV R&amp;D",Vast Solar Port Augusta Concentrated Solar Thermal Power Project,https://arena.gov.au/knowledge-bank/vast-solar-port-augusta-concentrated-solar-power-project-milestone-1-lessons-learnt-report/,Lessons,https://arena.gov.au/projects/vast-solar-port-augusta-concentrated-solar-thermal-power-project/,2023,Current
Wyndham City Council - Local Council BEV Integration Project - Lessons Learnt Report 1,6/03/2025,Electric vehicles,Wyndham City Council – Local Council BEV Integration Project,https://arena.gov.au/knowledge-bank/wyndham-city-council-local-council-bev-integration-project-lessons-learnt-report-1/,Lessons,https://arena.gov.au/projects/wyndham-city-council-local-council-bev-integration-project/,2024,Current
"RayGen, Solar Power Plant Two Phase 1 - Milestone 2 Lessons Learnt Report",5/03/2025,"Concentrated solar thermal, Solar energy",Raygen - Solar Power Plant Two: Phase 1,https://arena.gov.au/knowledge-bank/raygen-solar-power-plant-two-phase-1-milestone-2-lessons-learnt-report/,Lessons,https://arena.gov.au/projects/solar-power-plant-two-phase-1/,2023,Current
Monash University - Integrating Energy Storage into the NEM Study - Milestone 2 Report,5/03/2025,Renewables for industry,Monash University Integrating Energy Storage into the NEM Study,https://arena.gov.au/knowledge-bank/monash-university-integrating-energy-storage-into-the-nem-study-milestone-2-report/,Milestones,https://arena.gov.au/projects/monash-university-integrating-energy-storage-into-the-nem-study/,2022,Past
AEMO ' Project EDGE - Final customer insights study,28/02/2025,System security and reliability,AEMO - Project EDGE (Energy Demand and Generation Exchange),https://arena.gov.au/knowledge-bank/aemo-project-edge-final-customer-insights-study/,Reports,https://arena.gov.au/projects/project-edge-energy-demand-and-generation-exchange/,2020,Past
Rio Tinto and Sumitomo - Yarwun Hydrogen Calcination Pilot Demonstration Program - Lessons Learnt Report 3,24/02/2025,Hydrogen energy,Yarwun Hydrogen Calcination Pilot Demonstration Program,https://arena.gov.au/knowledge-bank/rio-tinto-and-sumitomo-yarwun-hydrogen-calcination-pilot-demonstration-program-lessons-learnt-report-3/,Lessons,https://arena.gov.au/projects/yarwun-hydrogen-calcination-pilot-demonstration-program/,2023,Current
WALGA - Accelerating the Local Government Transition to BEVs in Western Australia - Infrastructure and Design Report,24/02/2025,Electric vehicles,Accelerating the Local Government Transition to BEVs in Western Australia,https://arena.gov.au/knowledge-bank/walga-accelerating-the-local-government-transition-to-bevs-in-western-australia-infrastructure-and-design-report/,Reports,https://arena.gov.au/projects/accelerating-the-local-government-transition-to-bevs-in-western-australia/,2024,Current
AEMO ' Accelerating the Engineering Roadmap - Milestone 2 Publications Report,24/02/2025,System security and reliability,AEMO - Accelerating the Engineering Roadmap,https://arena.gov.au/knowledge-bank/aemo-accelerating-the-engineering-roadmap-milestone-2-publications-report/,Reports,https://arena.gov.au/projects/aemo-accelerating-the-engineering-roadmap/,2024,Past
ARENA Insights Newsletter Edition #61,20/02/2025,,,https://arena.gov.au/knowledge-bank/arena-insights-newsletter-edition-61/,InsightNewsletter,,,
National Roadmap for Bidirectional EV Charging in Australia,12/02/2025,Electric vehicles,,https://arena.gov.au/knowledge-bank/national-roadmap-for-bidirectional-ev-charging-in-australia/,Reports,,,
5B Maverick Solar PV Automated Assembly & Deployment - Module Quality Report,11/02/2025,"Solar energy, Solar PV R&amp;D",5B Maverick Solar PV Automated Assembly & Deployment,https://arena.gov.au/knowledge-bank/5b-maverick-solar-pv-automated-assembly-deployment-module-quality-report/,Reports,https://arena.gov.au/projects/5b-maverick-solar-pv-automated-assembly-deployment/,2021,Past
Lord Howe Island Hybrid Renewable Energy System - Solar Resource Data,11/02/2025,"Battery storage, Hybrid technologies",Lord Howe Island Hybrid Renewable Energy System,https://arena.gov.au/knowledge-bank/lord-howe-island-hybrid-renewable-energy-system-solar-resource-data/,Reports,https://arena.gov.au/projects/lord-howe-island-hybrid-renewable-energy-system/,2014,Past
Lord Howe Island Hybrid Renewable Energy System - Plant Performance Report 36 Months,11/02/2025,"Battery storage, Hybrid technologies",Lord Howe Island Hybrid Renewable Energy System,https://arena.gov.au/knowledge-bank/lord-howe-island-hybrid-renewable-energy-system-plant-performance-report-36-months/,Reports,https://arena.gov.au/projects/lord-howe-island-hybrid-renewable-energy-system/,2014,Past
UNSW - Efficient & Stable Chalcogenide-Si Tandem Cells: Integrating PV Technologies - R&D Interim Report,10/02/2025,"Solar energy, Solar PV R&amp;D",Efficient & Stable Chalcogenide-Si Tandem Cells: Integrating PV Technologies,https://arena.gov.au/knowledge-bank/unsw-efficient-stable-chalcogenide-si-tandem-cells-integrating-pv-technologies-rd-interim-report/,Reports,https://arena.gov.au/projects/efficient-stable-chalcogenide-si-tandem-cells-integrating-pv-technologies/,2022,Current
Hysata ' High-Efficiency &lsquo;Capillary-fed&rsquo; Electrolyser Pilot Project - Lessons Learnt Report 2,10/02/2025,Hydrogen energy,Hysata - High-Efficiency ‘Capillary-fed’ Electrolyser Pilot Project,https://arena.gov.au/knowledge-bank/hysata-high-efficiency-capillary-fed-electrolyser-pilot-project-lessons-learnt-report-2/,"Reports, Lessons",https://arena.gov.au/projects/high-efficiency-capillary-fed-electrolyser-pilot-project/,2023,Current
SA Power Networks Market Active Solar Trial - Lessons Learnt Report for Milestone 2,10/02/2025,Demand response,SA Power Networks Market Active Solar Trial,https://arena.gov.au/knowledge-bank/sa-power-networks-market-active-solar-trial-lessons-learnt-report-for-milestone-2/,"Reports, Milestones, Lessons",https://arena.gov.au/projects/sa-power-networks-market-active-solar-trial/,2022,Current
Quantem ' Energy Efficiency and Electrification Feasibility Study - Public Report,10/02/2025,Renewables for industry,Quantem - Energy Efficiency and Electrification Feasibility Study,https://arena.gov.au/knowledge-bank/quantem-energy-efficiency-and-electrification-feasibility-study-public-report/,Reports,https://arena.gov.au/projects/quantem-energy-efficiency-and-electrification-feasibility-study/,2024,Past
Neoen - Blyth Battery Deployment - Lessons Learnt Report No.2 H2 2024,4/02/2025,"Battery storage, System security and reliability",Neoen Big Battery (Blyth) Deployment Project,https://arena.gov.au/knowledge-bank/neoen-blyth-battery-deployment-lessons-learnt-report-no-2-h2-2024/,"Reports, Lessons",https://arena.gov.au/projects/neoen-big-battery-blyth-deployment-project/,2023,Current
Neoen ' Victorian Big Battery (Moorabool) Retrofit ' Lessons Learnt Report 2,4/02/2025,Battery storage,Neoen Victorian Big Battery (Moorabool) Retrofit,https://arena.gov.au/knowledge-bank/neoen-victorian-big-battery-moorabool-retrofit-lessons-learnt-report-2/,"Reports, Lessons",https://arena.gov.au/projects/neoen-victorian-big-battery-moorabool/,2023,Past
ANC ' Last Mile Delivery EV - Lessons Learnt Report 1,4/02/2025,Electric vehicles,ANC - Last Mile Delivery EV,https://arena.gov.au/knowledge-bank/anc-last-mile-delivery-ev-lessons-learnt-report-1/,"Reports, Lessons",https://arena.gov.au/projects/anc-last-mile-delivery-ev/,2024,Current
Neoen - Big Battery (Western Downs) Deployment Project - Lessons Learnt Report 2,4/02/2025,"Battery storage, System security and reliability",Neoen Big Battery (Western Downs) Deployment Project,https://arena.gov.au/knowledge-bank/neoen-big-battery-western-downs-deployment-project-lessons-learnt-report-2/,"Reports, Lessons",https://arena.gov.au/projects/neoen-big-battery-western-downs-deployment-project/,2023,Current
Zenob&#275; - EV Delivery Truck Charging Facility - Lessons Learnt Report 1,3/02/2025,Electric vehicles,Zenobē - EV Delivery Truck Charging Facility,https://arena.gov.au/knowledge-bank/zenobe-ev-delivery-truck-charging-facility-lessons-learnt-report-1/,"Reports, Lessons",https://arena.gov.au/projects/zenobe-ev-delivery-truck-charging-facility/,2024,Current
Alcoa - Renewable Powered Electric Calcination Pilot - Lessons Learnt Report 1,30/01/2025,Renewables for industry,Alcoa - Renewable Powered Electric Calcination Pilot,https://arena.gov.au/knowledge-bank/alcoa-renewable-powered-electric-calcination-pilot-lessons-learnt-report-1/,Reports,https://arena.gov.au/projects/alcoa-renewable-powered-electric-calcination-pilot/,2022,Current
Alice Springs Future Grid Project - Solar Connect VPP Trial Technical Report #1,24/01/2025,"Solar energy, Solar PV R&amp;D",Alice Springs Future Grid Project,https://arena.gov.au/knowledge-bank/alice-springs-future-grid-project-solar-connect-vpp-trial-technical-report-1/,Reports,https://arena.gov.au/projects/alice-springs-future-grid-project/,2020,Past
George Weston Foods ' Feasibility Study into Onsite Thermal Systems - Lessons Learnt Report 1,21/01/2025,Renewables for industry,George Weston Foods - Feasibility Study into Onsite Thermal Systems,https://arena.gov.au/knowledge-bank/george-weston-foods-feasibility-study-into-onsite-thermal-systems-lessons-learnt-report-1/,"Reports, Lessons",https://arena.gov.au/projects/george-weston-foods-feasibility-study-into-onsite-thermal-systems/,2024,Past
Yolarno ' Feasibility Study into Resource Recovery Facility - Lessons Learnt Report 1,21/01/2025,,Yolarno - Feasibility Study into Resource Recovery Facility,https://arena.gov.au/knowledge-bank/yolarno-feasibility-study-into-resource-recovery-facility-lessons-learnt-report-1/,"Reports, Lessons",https://arena.gov.au/projects/yolarno-feasibility-study-into-resource-recovery-facility/,2024,Past
Ethtec ' Cellulosic Ethanol Pilot Plant ' Lessons Learnt Report 1,21/01/2025,Bioenergy / Energy from waste,Ethtec Cellulosic Ethanol Pilot Plant,https://arena.gov.au/knowledge-bank/ethtec-cellulosic-ethanol-pilot-plant-lessons-learnt-report-1/,"Reports, Lessons",https://arena.gov.au/projects/ethtec-cellulosic-ethanol-pilot-plant/,2018,Current
UNSW - Low-Cost >30% Efficient Silicon Photovoltaic Solar Cells Achieved Through Singlet Fission - R&D Interim Report,20/01/2025,"Solar energy, Solar PV R&amp;D",Low-Cost >30% Efficient Silicon Photovoltaic Solar Cells Achieved Through Singlet Fission,https://arena.gov.au/knowledge-bank/unsw-low-cost-30-efficient-silicon-photovoltaic-solar-cells-achieved-through-singlet-fission-rd-interim-report/,Reports,https://arena.gov.au/projects/low-cost-30-efficient-silicon-photovoltaic-solar-cells-achieved-through-singlet-fission/,2022,Current
Ethtec - Cellulosic Ethanol Pilot Plant - Cellulosic Feedstock Availability in Australia and Asian Markets Report,20/01/2025,Bioenergy / Energy from waste,Ethtec Cellulosic Ethanol Pilot Plant,https://arena.gov.au/knowledge-bank/ethtec-cellulosic-ethanol-pilot-plant-cellulosic-feedstock-availability-in-australia-and-asian-markets-report/,Reports,https://arena.gov.au/projects/ethtec-cellulosic-ethanol-pilot-plant/,2018,Current
Enel X - Commercial Refrigeration Flexible Demand Project - Lessons Learnt Report 2,20/01/2025,Demand response,Enel X Commercial Refrigeration Flexible Demand Project,https://arena.gov.au/knowledge-bank/enel-x-commercial-refrigeration-flexible-demand-project-lessons-learnt-report-2/,"Reports, Lessons",https://arena.gov.au/projects/enel-x-commercial-refrigeration-flexible-demand-project/,2023,Current
RayGen Solar Power Plant Demonstration - Operational Report,17/01/2025,"Concentrated solar thermal, Solar energy",RayGen Solar Power Plant Demonstration,https://arena.gov.au/knowledge-bank/raygen-solar-power-plant-demonstration-operational-report/,Reports,https://arena.gov.au/projects/raygen-solar-power-plant-demonstration/,2021,Past
Neoen ' Victorian Big Battery (Moorabool) Retrofit ' Lessons Learnt Report 1,14/01/2025,Battery storage,Neoen Victorian Big Battery (Moorabool) Retrofit,https://arena.gov.au/knowledge-bank/neoen-victorian-big-battery-moorabool-retrofit-lessons-learnt-report-1/,"Reports, Lessons",https://arena.gov.au/projects/neoen-victorian-big-battery-moorabool/,2023,Past
BFWG Electrification and Thermal Energy Feasibility Study - Lessons Learnt Report 1,14/01/2025,Renewables for industry,Brown Family Wine Group - Electrification and Thermal Energy Feasibility Study,https://arena.gov.au/knowledge-bank/bfwg-electrification-and-thermal-energy-feasibility-study-lessons-learnt-report-1/,"Reports, Lessons",https://arena.gov.au/projects/brown-family-wine-group-electrification-and-thermal-energy-feasibility-study/,2024,Past
Brighte ' Electrify 2515 Community Pilot - Lessons Learnt Report 1,13/01/2025,Demand response,Brighte - Electrify 2515 Community Pilot,https://arena.gov.au/knowledge-bank/brighte-electrify-2515-community-pilot-lessons-learnt-report-1/,"Reports, Lessons",https://arena.gov.au/projects/electrify-2515-brighte-research-testbed-of-community-electrification-at-scale/,2024,Current
Yolarno ' Feasibility Study into Resource Recovery Facility - Study Report,13/01/2025,,Yolarno - Feasibility Study into Resource Recovery Facility,https://arena.gov.au/knowledge-bank/yolarno-feasibility-study-into-resource-recovery-facility-study-report/,Reports,https://arena.gov.au/projects/yolarno-feasibility-study-into-resource-recovery-facility/,2024,Past
GWMWater ' Feasibility Study into Energy Optimisation of Water Network - Lessons Learnt Report,13/01/2025,"Demand response, Distributed energy resources, Renewables for industry",GWMWater - Feasibility Study into Energy Optimisation of Water Network,https://arena.gov.au/knowledge-bank/gwmwater-feasibility-study-into-energy-optimisation-of-water-network-lessons-learnt-report/,"Reports, Lessons",https://arena.gov.au/projects/gwmwater-feasibility-study-into-energy-optimisation-of-water-network/,2023,Past
Glaciem - PCM Thermal Energy Storage Project - Lessons Learnt Report 3,6/01/2025,Renewables for industry,Advancing Renewables with PCM Thermal Energy Storage,https://arena.gov.au/knowledge-bank/glaciem-pcm-thermal-energy-storage-project-lessons-learnt-report-3/,"Reports, Lessons",https://arena.gov.au/projects/advancing-renewables-with-pcm-thermal-energy-storage/,2019,Past
Glaciem - PCM Thermal Energy Storage Project - Lessons Learnt Report 2,6/01/2025,Renewables for industry,Advancing Renewables with PCM Thermal Energy Storage,https://arena.gov.au/knowledge-bank/glaciem-pcm-thermal-energy-storage-project-lessons-learnt-report-2/,"Reports, Lessons",https://arena.gov.au/projects/advancing-renewables-with-pcm-thermal-energy-storage/,2019,Past
Glaciem - PCM Thermal Energy Storage Project - Case Study Report,6/01/2025,Renewables for industry,Advancing Renewables with PCM Thermal Energy Storage,https://arena.gov.au/knowledge-bank/glaciem-pcm-thermal-energy-storage-project-case-study-report/,Reports,https://arena.gov.au/projects/advancing-renewables-with-pcm-thermal-energy-storage/,2019,Past
Glaciem - PCM Thermal Energy Storage Project - Final Report,6/01/2025,Renewables for industry,Advancing Renewables with PCM Thermal Energy Storage,https://arena.gov.au/knowledge-bank/glaciem-pcm-thermal-energy-storage-project-final-report/,Reports,https://arena.gov.au/projects/advancing-renewables-with-pcm-thermal-energy-storage/,2019,Past
RayGen - Solar Power Plant Demonstration Project - Deployment and Manufacturing Lessons Learnt Report,24/12/2024,"Concentrated solar thermal, Solar energy",RayGen Solar Power Plant Demonstration,https://arena.gov.au/knowledge-bank/raygen-solar-power-plant-demonstration-project-deployment-and-manufacturing-lessons-learnt-report/,"Reports, Lessons",https://arena.gov.au/projects/raygen-solar-power-plant-demonstration/,2021,Past
Mirvac - Net Zero Energy Homes - Milestone 3 Knowledge Sharing Report,23/12/2024,Renewables in buildings,Mirvac Net Zero Energy Homes,https://arena.gov.au/knowledge-bank/mirvac-net-zero-energy-homes-final-lessons-learned-report/,"Reports, Lessons",https://arena.gov.au/projects/net-zero-energy-homes/,2019,Past
RayGen - Solar Power Plant Demonstration Project - Commercialisation Report,23/12/2024,"Concentrated solar thermal, Solar energy",RayGen Solar Power Plant Demonstration,https://arena.gov.au/knowledge-bank/raygen-solar-power-plant-demonstration-project-commercialisation-report/,Reports,https://arena.gov.au/projects/raygen-solar-power-plant-demonstration/,2021,Past
RayGen - Solar Power Plant Demonstration Project - Development Report,23/12/2024,"Concentrated solar thermal, Solar energy",RayGen Solar Power Plant Demonstration,https://arena.gov.au/knowledge-bank/raygen-solar-power-plant-demonstration-project-development-report/,Reports,https://arena.gov.au/projects/raygen-solar-power-plant-demonstration/,2021,Past
RayGen - Solar Power Plant Demonstration Project - Manufacturing Report,23/12/2024,"Concentrated solar thermal, Solar energy",RayGen Solar Power Plant Demonstration,https://arena.gov.au/knowledge-bank/raygen-solar-power-plant-demonstration-project-manufacturing-report/,Reports,https://arena.gov.au/projects/raygen-solar-power-plant-demonstration/,2021,Past
Neoen - Blyth Big Battery Deployment Project - Development Report Milestone 2,23/12/2024,"Battery storage, System security and reliability",Neoen Big Battery (Blyth) Deployment Project,https://arena.gov.au/knowledge-bank/neoen-blyth-big-battery-deployment-project-development-report-milestone-2/,"Reports, Milestones",https://arena.gov.au/projects/neoen-big-battery-blyth-deployment-project/,2023,Current
Neoen - Western Downs BESS Deployment - Development Report Milestone 2,23/12/2024,"Battery storage, System security and reliability",Neoen Big Battery (Western Downs) Deployment Project,https://arena.gov.au/knowledge-bank/neoen-western-downs-bess-deployment-development-report-milestone-2/,Reports,https://arena.gov.au/projects/neoen-big-battery-western-downs-deployment-project/,2023,Current
Neoen - Blyth Big Battery Deployment Project - Lessons Learnt Report No.1,18/12/2024,"Battery storage, System security and reliability",Neoen Big Battery (Blyth) Deployment Project,https://arena.gov.au/knowledge-bank/neoen-blyth-big-battery-deployment-project-lessons-learnt-report-no-1/,"Reports, Lessons",https://arena.gov.au/projects/neoen-big-battery-blyth-deployment-project/,2023,Current
UNSW - Rear-Junction p-type PERC/TOPCon Hybrid Solar Cells (RJ-PERP) - Interim Public Dissemination Report,18/12/2024,"Solar energy, Solar PV R&amp;D",Rear-Junction P-Type PERC/TOPCon Hybrid Solar Cells (RJ-PERP) Project,https://arena.gov.au/knowledge-bank/unsw-rear-junction-p-type-perc-topcon-hybrid-solar-cells-rj-perp-interim-public-dissemination-report/,Reports,https://arena.gov.au/projects/rear-junction-p-type-perc-topcon-hybrid-solar-cells-rj-perp-project/,2022,Current
Origin Energy Mortlake Power Station Battery - Lessons Learnt Report No. 2,18/12/2024,Battery storage,Origin Energy Mortlake Power Station Battery,https://arena.gov.au/knowledge-bank/origin-energy-mortlake-power-station-battery-lessons-learnt-report-2/,"Reports, Lessons",https://arena.gov.au/projects/origin-energy-mortlake-power-station-battery/,2024,Current
TGE - Depot of the Future - Change Management Report 2,18/12/2024,Electric vehicles,Depot of the Future Vehicle Electrification Project,https://arena.gov.au/knowledge-bank/tge-depot-of-the-future-change-management-report-2/,Reports,https://arena.gov.au/projects/depot-of-the-future-vehicle-electrification-project/,2022,Current
ARENA Insights Newsletter Edition #60,17/12/2024,,,https://arena.gov.au/knowledge-bank/arena-insights-newsletter-edition-60/,InsightNewsletter,,,
Accelerating the Local Government Transition to BEVs in Western Australia - Lessons Learnt Report 1,17/12/2024,Electric vehicles,Accelerating the Local Government Transition to BEVs in Western Australia,https://arena.gov.au/knowledge-bank/accelerating-the-local-government-transition-to-bevs-in-western-australia-lessons-learnt-report-1/,"Reports, Lessons",https://arena.gov.au/projects/accelerating-the-local-government-transition-to-bevs-in-western-australia/,2024,Current
Flexible Hot Water Webinar,16/12/2024,Demand response,,https://arena.gov.au/knowledge-bank/flexible-hot-water-webinar/,Insights,,,
ARENA Insights ' Driving the Nation Program - Focus Area Webinar,9/12/2024,Electric vehicles,,https://arena.gov.au/knowledge-bank/arena-insights-driving-the-nation-program-focus-area-webinar/,Insights,,,
UNSW - Daytime Inspection Solutions for Advanced Operation and Maintenance of Solar Farms - R&D Interim Report,9/12/2024,"Solar energy, Solar PV R&amp;D",Daytime Inspection Solutions for Advanced Operation & Solar Farm Maintenance,https://arena.gov.au/knowledge-bank/unsw-daytime-inspection-solutions-for-advanced-operation-and-maintenance-of-solar-farms-rd-interim-report/,Reports,https://arena.gov.au/projects/daytime-inspection-solutions-for-advanced-operation-solar-farm-maintenance/,2022,Current
Project SHIELD - Final Knowledge Sharing Report,9/12/2024,Distributed energy resources,Project SHIELD - Synchronising Heterogeneous Information to Evaluate Limits for DNSP,https://arena.gov.au/knowledge-bank/project-shield-final-knowledge-sharing-report/,Reports,https://arena.gov.au/projects/project-shield/,2020,Past
Project SHIELD - Consolidated Analysis Report,9/12/2024,Distributed energy resources,Project SHIELD - Synchronising Heterogeneous Information to Evaluate Limits for DNSP,https://arena.gov.au/knowledge-bank/project-shield-consolidated-analysis-report/,Reports,https://arena.gov.au/projects/project-shield/,2020,Past
NRMA - National EV Charging Infrastructure Program - Lessons Learnt Report,4/12/2024,Electric vehicles,NRMA - Future Fuels Public Fast Charging,https://arena.gov.au/knowledge-bank/nrma-national-ev-charging-infrastructure-program-lessons-learnt-report/,"Reports, Lessons",https://arena.gov.au/projects/chargefox-future-fuels-public-fast-charging-project/,2021,Past
Patrick Terminals - BEV Terminal Trucks at Fremantle Port - Lessons Learnt Report 2,4/12/2024,Electric vehicles,Patrick Terminals - BEV Terminal Trucks at Fremantle Port,https://arena.gov.au/knowledge-bank/patrick-terminals-bev-terminal-trucks-at-fremantle-port-lessons-learnt-report-2/,"Reports, Lessons",https://arena.gov.au/projects/patrick-terminals-bev-terminal-trucks-at-fremantle-port/,2023,Current
Intellihub - Street Power Pole EV Charger with Grid Integration - Lessons Learnt Report 3,3/12/2024,Renewables for industry,Intellihub Street Power Pole EV Charger with Grid Integration,https://arena.gov.au/knowledge-bank/intellihub-street-power-pole-ev-charger-with-grid-integration-lessons-learnt-report-3/,"Reports, Lessons",https://arena.gov.au/projects/intellihub-street-power-pole-ev-charger-with-grid-integration/,2021,Past
Lochard Energy H2RESTORE Feasibility Study - Macro-economic Analysis of Underground Hydrogen Storage,3/12/2024,Hydrogen energy,Lochard Energy H2RESTORE Feasibility Study,https://arena.gov.au/knowledge-bank/lochard-energy-h2restore-feasibility-study-macro-economic-analysis-of-underground-hydrogen-storage/,Reports,https://arena.gov.au/projects/lochard-energy-h2restore-feasibility-study/,2024,Past
ATCO Scale H2 Feasibility Study - Market Study Report,3/12/2024,Hydrogen energy,ATCO - Scale H2 Feasibility Study,https://arena.gov.au/knowledge-bank/atco-scale-h2-feasibility-study-market-study-report/,Reports,https://arena.gov.au/projects/atco-scale-h2-feasibility-study/,2023,Current
ARENA Insights ' Hot Decarbonisation Webinar: Renewable Heat and Energy Efficiency at Industrial Facilities,3/12/2024,Renewables for industry,,https://arena.gov.au/knowledge-bank/hot-decarbonisation-webinar-renewable-heat-and-energy-efficiency-at-industrial-facilities/,Insights,,,
Hysata 'Capillary-fed&rsquo; Electrolyser Commercial-Scale Demonstration Project - Lessons Learnt Report,29/11/2024,Hydrogen energy,Hysata Capillary-fed’ Electrolyser Commercial-Scale Demonstration Project,https://arena.gov.au/knowledge-bank/hysata-capillary-fed-electrolyser-commercial-scale-demonstration-project-lessons-learnt-report/,"Reports, Lessons",https://arena.gov.au/projects/hysata-capillary-fed-electrolyser-commercial-scale-demonstration-project/,2023,Current
ARENA Insights Newsletter Edition #59,29/11/2024,,,https://arena.gov.au/knowledge-bank/arena-insights-newsletter-edition-59/,InsightNewsletter,,,
Rio Tinto and Sumitomo - Yarwun Hydrogen Calcination Pilot Demonstration Program - Lessons Learnt Report 2,29/11/2024,Hydrogen energy,Yarwun Hydrogen Calcination Pilot Demonstration Program,https://arena.gov.au/knowledge-bank/rio-tinto-and-sumitomo-yarwun-hydrogen-calcination-pilot-demonstration-program-lessons-learnt-report-2/,"Reports, Lessons",https://arena.gov.au/projects/yarwun-hydrogen-calcination-pilot-demonstration-program/,2023,Current
AEMO - Accelerating the Engineering Roadmap - Milestone 1 Publications report,29/11/2024,System security and reliability,AEMO - Accelerating the Engineering Roadmap,https://arena.gov.au/knowledge-bank/aemo-accelerating-the-engineering-roadmap-milestone-1-publications-report/,Reports,https://arena.gov.au/projects/aemo-accelerating-the-engineering-roadmap/,2024,Past
Commercialising Si Perovskite Tandem in Australia - USYD - R&D Interim Report,29/11/2024,"Solar energy, Solar PV R&amp;D",Commercialising Si Perovskite Tandem in Australia,https://arena.gov.au/knowledge-bank/usyd-commercialising-si-perovskite-tandem-in-australia-rd-interim-report/,Reports,https://arena.gov.au/projects/commercialising-si-perovskite-tandem-in-australia/,2022,Current
Hysata High-Efficiency &lsquo;Capillary-fed&rsquo; Electrolyser Pilot Project - Lessons Learnt Report 1,27/11/2024,Hydrogen energy,Hysata - High-Efficiency ‘Capillary-fed’ Electrolyser Pilot Project,https://arena.gov.au/knowledge-bank/hysata-high-efficiency-capillary-fed-electrolyser-pilot-project-lessons-learnt-report/,"Reports, Lessons",https://arena.gov.au/projects/high-efficiency-capillary-fed-electrolyser-pilot-project/,2023,Current
GridWise - Dynamic Model Validation Project - Lessons Learnt 1,27/11/2024,"Solar energy, Solar PV R&amp;D",GridWise - Dynamic Model Validation,https://arena.gov.au/knowledge-bank/gridwise-dynamic-model-validation-project-lessons-learnt-1/,"Reports, Lessons",https://arena.gov.au/projects/gridwise-dynamic-model-validation/,2024,Past
ARENA Insights Forum November 2024 - Accelerating Zero-Emissions Heavy Transport,27/11/2024,Electric vehicles,,https://arena.gov.au/knowledge-bank/arena-insights-forum-accelerating-zero-emissions-heavy-transport/,"Reports, Insights",,,
Parmelia Green Hydrogen Project Feasibility Study - Summary Report,26/11/2024,Hydrogen energy,Parmelia Green Hydrogen Project Feasibility Study,https://arena.gov.au/knowledge-bank/parmelia-green-hydrogen-project-feasibility-study-summary-report/,Reports,https://arena.gov.au/projects/parmelia-green-hydrogen-project-feasibility-study/,2023,Past
"SA Power Networks, South Australia, Electrification and Demand Flexibility - Energy Masters - Lessons Learnt Report 1",20/11/2024,Demand response,SA Power Networks - Electrification and Demand Flexibility,https://arena.gov.au/knowledge-bank/sa-power-networks-south-australia-electrification-and-demand-flexibility-energy-masters-lessons-learnt-report-1/,"Reports, Lessons",https://arena.gov.au/projects/sa-power-networks-electrification-and-demand-flexibility/,2024,Current
Monash University ' Management of Oscillations in Australia&rsquo;s National Grid ' Milestone 2 Interim Report,19/11/2024,System security and reliability,Monash Grid Oscillation Project (Study and Software Development),https://arena.gov.au/knowledge-bank/monash-university-management-oscillations-australias-national-grid-milestone-2-interim-report/,"Reports, Milestones",https://arena.gov.au/projects/monash-grid-oscillation-project-study-and-software-development/,2023,Past
AGL - AGL Broken Hill Grid-Forming Battery - Lessons Learnt Report 2,19/11/2024,"Battery storage, System security and reliability",AGL Broken Hill Grid-Forming Battery,https://arena.gov.au/knowledge-bank/agl-agl-broken-hill-grid-forming-battery-lessons-learnt-report-2/,"Reports, Lessons",https://arena.gov.au/projects/agl-broken-hill-grid-forming-battery/,2021,Past
Reactive ' System Inertia Measurement Demonstration ' Lessons Learned Report 3,18/11/2024,System security and reliability,Reactive Technologies - System Inertia Measurement Demonstration,https://arena.gov.au/knowledge-bank/reactive-system-inertia-measurement-demonstration-lessons-learned-report-3/,"Reports, Lessons",https://arena.gov.au/projects/reactive-technologies-system-inertia-measurement-demonstration/,2020,Past
PLUS ES ' South Australia Demand Flexibility Trial '  Final Knowledge Sharing Report,13/11/2024,"Demand response, Renewables for industry",PLUS ES South Australia Demand Flexibility Trial,https://arena.gov.au/knowledge-bank/plus-es-south-australia-demand-flexibility-trial-final-knowledge-sharing-report/,Reports,https://arena.gov.au/projects/plus-es-south-australia-demand-flexibility-trial/,2022,Past
Community Battery Market Snapshot Report,11/11/2024,Distributed energy resources,,https://arena.gov.au/knowledge-bank/community-battery-market-snapshot-report/,Reports,,,
United Energy - Low-Voltage Grid Battery Energy Storage Systems - Interim Report,8/11/2024,Battery storage,United Energy Low Voltage Battery Trial,https://arena.gov.au/knowledge-bank/united-energy-low-voltage-grid-battery-energy-storage-systems-interim-report/,Reports,https://arena.gov.au/projects/united-energy-low-voltage-battery-trial/,2021,Past
Distributed Energy Integration Program - Common Smart Inverter Profile - CSIP-AUS Communications Client Test Procedures,8/11/2024,Distributed energy resources,,https://arena.gov.au/knowledge-bank/distributed-energy-integration-program-csip-aus-communications-client-test-procedures/,Guides,,,
Distributed Energy Integration Program (DEIP) - Interoperability Steering Committee - Final Knowledge Sharing Report,8/11/2024,Distributed energy resources,,https://arena.gov.au/knowledge-bank/distributed-energy-integration-program-interoperability-final-report/,Reports,,,
"Amber ' Automatic EV Charging in line with Wholesale Pricing, Lessons Learnt Report #1",29/10/2024,Electric vehicles,Amber - Automating EV Charging in line with Wholesale Pricing,https://arena.gov.au/knowledge-bank/amber-automatic-ev-charging-in-line-with-wholesale-pricing-lessons-learnt-report-1/,Lessons,https://arena.gov.au/projects/amber-automating-ev-charging-in-line-with-wholesale-pricing/,2024,Current
Logan City Council - FOGO Feasibility Study - Lessons Learnt Report,24/10/2024,Bioenergy / Energy from waste,"Logan City, food and garden organics (FOGO) feasibility study",https://arena.gov.au/knowledge-bank/logan-city-council-fogo-feasibility-study-lessons-learnt-report/,Lessons,https://arena.gov.au/projects/logan-city-food-and-garden-organics-fogo-feasibility-study/,2023,Past
Tropic Wings Lesson&rsquo;s Learnt Report 1,23/10/2024,"Battery storage, Electric vehicles",Sustainable transport in tourism,https://arena.gov.au/knowledge-bank/tropic-wings-lessons-learnt-report-1/,Lessons,https://arena.gov.au/projects/tropic-wings-battery-electric-supply-arena/,2023,Past
TGE ' Depot of the Future Vehicle Electrification Project - Change Management Report,21/10/2024,Electric vehicles,Depot of the Future Vehicle Electrification Project,https://arena.gov.au/knowledge-bank/change-management-report/,Reports,https://arena.gov.au/projects/depot-of-the-future-vehicle-electrification-project/,2022,Current
TGE ' Depot of the Future Vehicle Electrification Project - Infrastructure Design Report,21/10/2024,Electric vehicles,Depot of the Future Vehicle Electrification Project,https://arena.gov.au/knowledge-bank/infrastructure-design-report/,Reports,https://arena.gov.au/projects/depot-of-the-future-vehicle-electrification-project/,2022,Current
Loganholme Wastewater Treatment Plant - Gasification Facility Demonstration - Final Knowledge Sharing Report,9/10/2024,Bioenergy / Energy from waste,Logan City Biosolids Gasification Project,https://arena.gov.au/knowledge-bank/loganholme-wastewater-treatment-plant-gasification-facility-demonstration-final-knowledge-sharing-report/,"Reports, Lessons",https://arena.gov.au/projects/logan-city-biosolids-gasification-project/,2019,Current
Loganholme Wastewater Treatment Plant - Gasification Facility Demonstration ' Project Report,9/10/2024,Bioenergy / Energy from waste,Logan City Biosolids Gasification Project,https://arena.gov.au/knowledge-bank/loganholme-wastewater-treatment-plant-gasification-facility-demonstration-project-report/,Reports,https://arena.gov.au/projects/logan-city-biosolids-gasification-project/,2019,Current
Logan City Council ' FOGO Feasibility Study ' Final Public Study Report,9/10/2024,Bioenergy / Energy from waste,"Logan City, food and garden organics (FOGO) feasibility study",https://arena.gov.au/knowledge-bank/logan-city-council-fogo-feasibility-study-final-public-study-report/,Reports,https://arena.gov.au/projects/logan-city-food-and-garden-organics-fogo-feasibility-study/,2023,Past
Edify Energy ' Darlington Point Energy Storage System - Operations Report #1,8/10/2024,Battery storage,Darlington Point Energy Storage System,https://arena.gov.au/knowledge-bank/edify-energy-darlington-point-energy-storage-system-operations-report-1/,Reports,https://arena.gov.au/projects/darlington-point-energy-storage-system/,2022,Current
"Reactive Technologies - Reactive Technologies, System Inertia Measurement Demonstration ' Lessons Learnt #3 Report",8/10/2024,System security and reliability,,https://arena.gov.au/knowledge-bank/reactive-technologies-reactive-technologies-system-inertia-measurement-demonstration-lessons-learnt-3-report/,"Reports, Lessons",,,
Yadlamalka Energy - Spencer Energy Co-located Vanadium Flow Battery Storage and Solar Project - Packages 2 and 3 Testing Report,8/10/2024,Battery storage,Co-located Vanadium Flow Battery Storage and Solar,https://arena.gov.au/knowledge-bank/yadlamalka-energy-spencer-energy-co-located-vanadium-flow-battery-storage-and-solar-project-packages-2-and-3-testing-report/,Reports,https://arena.gov.au/projects/co-located-vanadium-flow-battery-storage-and-solar/,2020,Past
Viva ' New Energies Service Station Geelong Demonstration Project ' Lessons Learned Report 2,3/10/2024,Hydrogen energy,New Energies Service Station Geelong Demonstration Project,https://arena.gov.au/knowledge-bank/viva-new-energies-service-station-geelong-demonstration-project-lessons-learned-report-1-2/,Reports,https://arena.gov.au/projects/new-energies-service-station-geelong-demonstration-project/,2022,Current
Yadlamalka Energy - Spencer Energy Co-located Vanadium Flow Battery Storage and Solar Project ' Factory Integration Testing Report,2/10/2024,Battery storage,Co-located Vanadium Flow Battery Storage and Solar,https://arena.gov.au/knowledge-bank/yadlamalka-energy-spencer-energy-co-located-vanadium-flow-battery-storage-and-solar-project-factory-integration-testing-report/,Reports,https://arena.gov.au/projects/co-located-vanadium-flow-battery-storage-and-solar/,2020,Past
ARENA Insights Newsletter Edition #58,2/10/2024,,,https://arena.gov.au/knowledge-bank/arena-insights-newsletter-edition-58/,InsightNewsletter,,,
ANU - Cost-effective Si/Perovskite Tandem Modules on Passivating Contact Si Cells ' R&D Interim Report,2/10/2024,"Solar energy, Solar PV R&amp;D",Cost-effective Si/Perovskite Tandem Modules on Passivating Contact Si Cells,https://arena.gov.au/knowledge-bank/anu-cost-effective-si-perovskite-tandem-modules-on-passivating-contact-si-cells-rd-interim-report/,Reports,https://arena.gov.au/projects/cost-effective-si-perovskite-tandem-modules-on-passivating-contact-si-cells/,2022,Current
UNSW - Low-Cost and Sustainable PV Systems for the Terawatt Scale ' R&D Interim Report,2/10/2024,"Solar energy, Solar PV R&amp;D",Low-Cost and Sustainable PV Systems for the Terawatt Scale,https://arena.gov.au/knowledge-bank/unsw-low-cost-and-sustainable-pv-systems-for-the-terawatt-scale-rd-interim-report/,Reports,https://arena.gov.au/projects/low-cost-and-sustainable-pv-systems-for-the-terawatt-scale/,2022,Current
UNSW - Optimal O&M-strategy and LCOE-modelling for Ground-mounted PV ' R&D Interim Report,2/10/2024,"Solar energy, Solar PV R&amp;D",Optimal O&M-Strategy and LCOE-Modelling for Ground-Mounted PV,https://arena.gov.au/knowledge-bank/unsw-optimal-om-strategy-and-lcoe-modelling-for-ground-mounted-pv-rd-interim-report/,Reports,https://arena.gov.au/projects/optimal-om-strategy-and-lcoe-modelling-for-ground-mounted-pv/,2022,Current
UNSW - Machine Learning Applications for Utility-Scale Photovoltaics ' R&D Interim Report,2/10/2024,"Solar energy, Solar PV R&amp;D",Machine Learning Applications for Utility-Scale PV,https://arena.gov.au/knowledge-bank/unsw-machine-learning-applications-for-utility-scale-photovoltaics-rd-interim-report/,Reports,https://arena.gov.au/projects/machine-learning-applications-for-utility-scale-pv/,2022,Current
Gibson Island Green Hydrogen and Ammonia Project - Public FEED Summary Report,2/10/2024,Hydrogen energy,Gibson Island Renewable Ammonia Project FEED Study,https://arena.gov.au/knowledge-bank/gibson-island-green-hydrogen-and-ammonia-project-public-feed-summary-report/,Reports,https://arena.gov.au/projects/gibson-island-renewable-ammonia-project-feed-study/,2022,Past
Addressing Solar PV End-of-Life Issues and Lowering Solar PV Cost ' Summary Report,25/09/2024,Solar PV R&amp;D,,https://arena.gov.au/knowledge-bank/addressing-solar-pv-end-of-life-issues-and-lowering-solar-pv-cost-summary-report/,Reports,,,
"Reactive Technologies, System Inertia Measurement Demonstration",20/09/2024,System security and reliability,Reactive Technologies - System Inertia Measurement Demonstration,https://arena.gov.au/knowledge-bank/reactive-technologies-system-inertia-measurement-demonstration/,Reports,https://arena.gov.au/projects/reactive-technologies-system-inertia-measurement-demonstration/,2020,Past
Pollination - Community Energy Report,19/09/2024,Distributed energy resources,,https://arena.gov.au/knowledge-bank/pollination-community-energy-report/,Reports,,,
Aboriginal Clean Energy Partnership ' Final Knowledge Sharing Report,18/09/2024,Hydrogen energy,"East Kimberley Clean Energy Project - Stage 1, Feasibility Study",https://arena.gov.au/knowledge-bank/aboriginal-clean-energy-partnership-final-knowledge-sharing-report/,Reports,https://arena.gov.au/projects/east-kimberley-clean-energy-project/,2023,Past
Aboriginal Clean Energy Partnership - Workforce and Capacity Building Report,17/09/2024,Hydrogen energy,"East Kimberley Clean Energy Project - Stage 1, Feasibility Study",https://arena.gov.au/knowledge-bank/aboriginal-clean-energy-partnership-workforce-and-capacity-building-report/,Reports,https://arena.gov.au/projects/east-kimberley-clean-energy-project/,2023,Past
Hornsdale Power Reserve Expansion H2 2023 Operations Report,16/09/2024,Battery storage,Hornsdale Power Reserve Upgrade,https://arena.gov.au/knowledge-bank/hornsdale-power-reserve-expansion-h2-2023-operations-report/,Reports,https://arena.gov.au/projects/hornsdale-power-reserve-upgrade/,2019,Current
Hornsdale Power Reserve Expansion Final Project Report,16/09/2024,Battery storage,Hornsdale Power Reserve Upgrade,https://arena.gov.au/knowledge-bank/hornsdale-power-reserve-expansion-final-project-report/,Reports,https://arena.gov.au/projects/hornsdale-power-reserve-upgrade/,2019,Current
Flexible Services Program: Lessons Learnt,6/09/2024,Demand response,"United Energy, CitiPower and Powercor - Flexible Services Trial",https://arena.gov.au/knowledge-bank/flexible-services-program-lessons-learnt/,"Reports, Lessons",https://arena.gov.au/projects/united-energy-citipower-and-powercor-flexible-services-trial/,2024,Current
Solar Analytics ' Smart CER Consumer Uptake Tool ' 2023 Technical Report,5/09/2024,Distributed energy resources,Smart CER Consumer Uptake Tool,https://arena.gov.au/knowledge-bank/solar-analytics-smart-cer-consumer-uptake-tool-2023-technical-report/,Reports,https://arena.gov.au/projects/smart-cer-consumer-uptake-tool/,2023,Past
Enel X - Commercial Refrigeration Flexible Demand - Lessons Learnt Report 1,5/09/2024,Demand response,Enel X Commercial Refrigeration Flexible Demand Project,https://arena.gov.au/knowledge-bank/enel-x-commercial-refrigeration-flexible-demand-lessons-learnt-report-1/,"Reports, Lessons",https://arena.gov.au/projects/enel-x-commercial-refrigeration-flexible-demand-project/,2023,Current
ARENA Knowledge Sharing Report: Public Project Knowledge Sharing,5/09/2024,"Battery storage, Hybrid technologies",Lord Howe Island Hybrid Renewable Energy System,https://arena.gov.au/knowledge-bank/arena-knowledge-sharing-report-public-project-knowledge-sharing/,Reports,https://arena.gov.au/projects/lord-howe-island-hybrid-renewable-energy-system/,2014,Past
Rio Tinto and Sumitomo - Yarwun Hydrogen Calcination Pilot Demonstration Program - Lessons Learnt Report,5/09/2024,Hydrogen energy,Yarwun Hydrogen Calcination Pilot Demonstration Program,https://arena.gov.au/knowledge-bank/rio-tinto-and-sumitomo-yarwun-hydrogen-calcination-pilot-demonstration-program-lessons-learnt-report/,"Reports, Lessons",https://arena.gov.au/projects/yarwun-hydrogen-calcination-pilot-demonstration-program/,2023,Current
Kidston Pumped Hydro Energy Storage ' Lessons Learnt Report # 11,4/09/2024,Hydropower / Pumped Hydro Energy Storage,Kidston Pumped Hydro Energy Storage,https://arena.gov.au/knowledge-bank/kidston-pumped-hydro-energy-storage-lessons-learnt-report-11/,Lessons,https://arena.gov.au/projects/kidston-pumped-hydro-energy-storage/,2021,Current
Next generation silicon solar cells >26% efficiency in mass production - Interim Public Dissemination Report,26/08/2024,"Solar energy, Solar PV R&amp;D",Next Generation Silicon Solar Cells Above 26% Efficiency in Mass Production,https://arena.gov.au/knowledge-bank/next-generation-silicon-solar-cells-26-efficiency-in-mass-production-interim-public-dissemination-report/,Reports,https://arena.gov.au/projects/next-generation-silicon-solar-cells-above-26-efficiency-in-mass-production/,2022,Current
Future Fuels Public Fast Charging - Lessons Learnt Report May 2024,26/08/2024,Electric vehicles,Evie Networks Future Fuels Public Fast Charging,https://arena.gov.au/knowledge-bank/future-fuels-public-fast-charging-lessons-learnt-report-may-2024/,Lessons,https://arena.gov.au/projects/evie-networks-future-fuels-public-fast-charging/,2021,Past
Interim R&D Phase Public Dissemination Report,26/08/2024,"Solar energy, Solar PV R&amp;D",Silver-Lean Screen Printing for Sustainable Low-Cost Industrial PV Manufacturing,https://arena.gov.au/knowledge-bank/interim-rd-phase-public-dissemination-report/,Reports,https://arena.gov.au/projects/silver-lean-screen-printing-for-sustainable-low-cost-industrial-pv-manufacturing/,2022,Current
Flagship Report: Large-Scale Battery Storage as an Inertia Substitute,26/08/2024,Battery storage,TransGrid Wallgrove Battery,https://arena.gov.au/knowledge-bank/flagship-report-large-scale-battery-storage-as-an-inertia-substitute/,Reports,https://arena.gov.au/projects/transgrid-wallgrove-battery/,2020,Past
TransGrid Wallgrove Grid Battery ' Operations Report #4,26/08/2024,Battery storage,TransGrid Wallgrove Battery,https://arena.gov.au/knowledge-bank/transgrid-wallgrove-grid-battery-operations-report-4/,Reports,https://arena.gov.au/projects/transgrid-wallgrove-battery/,2020,Past
Platform for Solar Farm Pre-Commissioning - Final Knowledge Sharing Report,26/08/2024,"Solar energy, Solar PV R&amp;D",University of Queensland Platform for Solar Farm Pre-Commissioning,https://arena.gov.au/knowledge-bank/platform-for-solar-farm-pre-commissioning-final-knowledge-sharing-report/,Reports,https://arena.gov.au/projects/university-of-queensland-platform-for-solar-farm-pre-commissioning/,2022,Past
Electrically-Enhanced  Recycling Process for End of Life Si PV Cells ' Final Report,23/08/2024,"Solar energy, Solar PV R&amp;D",Electrically-Enhanced Recycling Process for EoL Si PV-Cells,https://arena.gov.au/knowledge-bank/electrically-enhanced-recycling-process-for-end-of-life-si-pv-cells-final-report/,Reports,https://arena.gov.au/projects/electrically-enhanced-recycling-process-for-eol-si-pv-cells/,2020,Past
PLUS ES ' South Australia Demand Flexibility Trial '  Lessons Learnt 3,23/08/2024,"Demand response, Renewables for industry",PLUS ES South Australia Demand Flexibility Trial,https://arena.gov.au/knowledge-bank/plus-es-south-australia-demand-flexibility-trial-lessons-learnt-3/,Lessons,https://arena.gov.au/projects/plus-es-south-australia-demand-flexibility-trial/,2022,Past
Low-cost integration of on-site PV for Large-scale Industrial Heat Supply - Public Dissemination Report,19/08/2024,"Solar energy, Solar PV R&amp;D",Low-Cost Integration of On-Site Solar PV for Large-Scale Industrial Heat Supply,https://arena.gov.au/knowledge-bank/low-cost-integration-of-on-site-pv-for-large-scale-industrial-heat-supply-public-dissemination-report/,Reports,https://arena.gov.au/projects/low-cost-integration-of-on-site-solar-photovoltaic-pv-for-large-scale-industrial-heat-supply/,2022,Current
ARENA Insights Newsletter Edition #57,16/08/2024,,,https://arena.gov.au/knowledge-bank/arena-insights-newsletter-edition-57/,InsightNewsletter,,,
Yadlamalka Energy Project Lessons Learnt Report Number 2,15/08/2024,Battery storage,Co-located Vanadium Flow Battery Storage and Solar,https://arena.gov.au/knowledge-bank/yadlamalka-energy-project-lessons-learnt-report-number-2/,Lessons,https://arena.gov.au/projects/co-located-vanadium-flow-battery-storage-and-solar/,2020,Past
Yadlamalka Energy Project Commissioning Report,15/08/2024,Battery storage,Co-located Vanadium Flow Battery Storage and Solar,https://arena.gov.au/knowledge-bank/yadlamalka-energy-project-commissioning-report/,Reports,https://arena.gov.au/projects/co-located-vanadium-flow-battery-storage-and-solar/,2020,Past
Coober Pedy Renewable Hybrid Project ' Lessons Learned Report,12/08/2024,"Battery storage, Hybrid technologies, Solar energy, Wind energy",Coober Pedy Renewable Diesel Hybrid,https://arena.gov.au/knowledge-bank/coober-pedy-renewable-hybrid-project-lessons-learned-report/,Lessons,https://arena.gov.au/projects/coober-pedy-renewable-diesel-hybrid/,2014,Past
ARENA Insights Newsletter Edition #56,11/07/2024,,,https://arena.gov.au/knowledge-bank/arena-insights-newsletter-edition-56/,InsightNewsletter,,,
2023 Annual Report ' Australian Centre for Advanced Photovoltaics,11/07/2024,"Solar energy, Solar PV R&amp;D",Australian Centre for Advanced Photovoltaics (ACAP),https://arena.gov.au/knowledge-bank/2023-annual-report-australian-centre-for-advanced-photovoltaics/,Reports,https://arena.gov.au/projects/australian-centre-for-advanced-photovoltaics-acap/,2012,Current
Proof of Concept Life Cycle Analysis for the Ethtec Cellulosic Pilot Plant,11/07/2024,Bioenergy / Energy from waste,Ethtec Cellulosic Ethanol Pilot Plant,https://arena.gov.au/knowledge-bank/proof-of-concept-life-cycle-analysis-for-the-ethtec-cellulosic-pilot-plant/,Reports,https://arena.gov.au/projects/ethtec-cellulosic-ethanol-pilot-plant/,2018,Current
Integrating Concentrating Solar Thermal Energy into the Bayer Alumina Process - Final Report,5/07/2024,"Concentrated solar thermal, Solar energy",Integrating Concentrating Solar Thermal Energy,https://arena.gov.au/knowledge-bank/integrating-concentrating-solar-thermal-energy-into-the-bayer-alumina-process-final-report/,Reports,https://arena.gov.au/projects/integrating-concentrating-solar-thermal-energy-into-the-bayer-alumina-process/,2016,Past
5B Maverick Solar PV Automated Assembly & Deployment - Lessons Learnt Report 4,5/07/2024,"Solar energy, Solar PV R&amp;D",5B Maverick Solar PV Automated Assembly & Deployment,https://arena.gov.au/knowledge-bank/5b-maverick-solar-pv-automated-assembly-deployment-lessons-learnt-report-4/,Lessons,https://arena.gov.au/projects/5b-maverick-solar-pv-automated-assembly-deployment/,2021,Past
Insights from ARENA&rsquo;s Public Charging Projects,4/07/2024,Electric vehicles,,https://arena.gov.au/knowledge-bank/insights-from-arenas-public-charging-projects/,Reports,,,
Aeolius Wind Systems Wind Forecasting Demonstration Project Lessons Learnt Report #4,4/07/2024,Wind energy,Aeolius Wind Forecasting Project,https://arena.gov.au/knowledge-bank/aeolius-wind-systems-wind-forecasting-demonstration-project-lessons-learnt-report-4/,Lessons,https://arena.gov.au/projects/aeolius-wind-forecasting-project/,2019,Current
Origin Energy - Mortlake Power Station Battery Project - Lessons Learnt Report No.1,4/07/2024,Battery storage,Origin Energy Mortlake Power Station Battery,https://arena.gov.au/knowledge-bank/origin-energy-mortlake-power-station-battery-project-lessons-learnt-report-no-1/,Lessons,https://arena.gov.au/projects/origin-energy-mortlake-power-station-battery/,2024,Current
PLUS ES ' South Australia Demand Flexibility Trial ' Lessons Learnt 1,3/07/2024,"Demand response, Renewables for industry",PLUS ES South Australia Demand Flexibility Trial,https://arena.gov.au/knowledge-bank/plus-es-south-australia-demand-flexibility-trial-lessons-learnt-1/,Lessons,https://arena.gov.au/projects/plus-es-south-australia-demand-flexibility-trial/,2022,Past
Cellulosic Ethanol Pilot Plant - Feedstock Availability Report,3/07/2024,Bioenergy / Energy from waste,Ethtec Cellulosic Ethanol Pilot Plant,https://arena.gov.au/knowledge-bank/cellulosic-ethanol-pilot-plant-feedstock-availability-report/,Reports,https://arena.gov.au/projects/ethtec-cellulosic-ethanol-pilot-plant/,2018,Current
Malabar Biomethane Injection Project Lessons Learnt Report 3,3/07/2024,Bioenergy / Energy from waste,Malabar Biomethane Injection Project,https://arena.gov.au/knowledge-bank/malabar-biomethane-injection-project-lessons-learnt-report-3/,Lessons,https://arena.gov.au/projects/malabar-biomethane-injection-project/,2020,Past
Patrick Terminals - BEV Terminal Trucks at Fremantle Port - Lessons Learnt Report 1,3/07/2024,Electric vehicles,Patrick Terminals - BEV Terminal Trucks at Fremantle Port,https://arena.gov.au/knowledge-bank/lessons-learned-from-using-bev-terminal-trucks-at-patrick-terminals-in-fremantle-port/,Lessons,https://arena.gov.au/projects/patrick-terminals-bev-terminal-trucks-at-fremantle-port/,2023,Current
Knowledge Sharing Report for the AGL Thermal Storage at Torrens Island Power Station B Feasibility Study,3/07/2024,"Geothermal energy, Renewables for industry",AGL Thermal Storage at Torrens Island Power Station B Feasibility Study,https://arena.gov.au/knowledge-bank/knowledge-sharing-report-for-the-agl-thermal-storage-at-torrens-island-power-station-b-feasibility-study/,Reports,https://arena.gov.au/projects/agl-thermal-storage-at-torrens-island-power-station-b-feasibility-study/,2022,Past
Stability enhancing measures for weak grids study - Final Report,2/07/2024,System security and reliability,Stability Enhancing Measures for Weak Grids Study,https://arena.gov.au/knowledge-bank/stability-enhancing-measures-for-weak-grids-study-final-report/,Reports,https://arena.gov.au/projects/stability-enhancing-measures-for-weak-grids/,2020,Past
"Hazer - Hazer Commercial Demonstration Plant - Lessons Learned Reports 1, 2 & 3",2/07/2024,Hydrogen energy,The Hazer Process: Commercial Demonstration Plant,https://arena.gov.au/knowledge-bank/lessons-learned-reports-from-the-hazer-commercial-demonstration-plant/,Lessons,https://arena.gov.au/projects/the-hazer-process-commercial-demonstration-plant/,2020,Current
Viva ' New Energies Service Station Geelong Demonstration Project ' Market and Technology Report 1,27/06/2024,Hydrogen energy,New Energies Service Station Geelong Demonstration Project,https://arena.gov.au/knowledge-bank/viva-new-energies-service-station-geelong-demonstration-project-market-and-technology-report-1/,Reports,https://arena.gov.au/projects/new-energies-service-station-geelong-demonstration-project/,2022,Current
Project Converge - Final Report,26/06/2024,Distributed energy resources,Project Converge ACT Distributed Energy Resources Demonstration Pilot,https://arena.gov.au/knowledge-bank/project-converge-final-report/,Reports,https://arena.gov.au/projects/project-converge-act-distributed-energy-resources-demonstration-pilot/,2021,Past
Project Symphony - DER Participation Framework - Work Package 7 Report,26/06/2024,Distributed energy resources,Western Australia Distributed Energy Resources Orchestration Pilot (Project Symphony),https://arena.gov.au/knowledge-bank/project-symphony-der-participation-framework-work-package-7-report/,Reports,https://arena.gov.au/projects/western-australia-distributed-energy-resources-orchestration-pilot/,2021,Past
Project Converge - Final Knowledge Sharing - Public Webinar,25/06/2024,Distributed energy resources,Project Converge ACT Distributed Energy Resources Demonstration Pilot,https://arena.gov.au/knowledge-bank/project-converge-final-knowledge-sharing-public-webinar/,Reports,https://arena.gov.au/projects/project-converge-act-distributed-energy-resources-demonstration-pilot/,2021,Past
Project Converge - Final Technical Report,25/06/2024,Distributed energy resources,Project Converge ACT Distributed Energy Resources Demonstration Pilot,https://arena.gov.au/knowledge-bank/project-converge-final-technical-report/,Reports,https://arena.gov.au/projects/project-converge-act-distributed-energy-resources-demonstration-pilot/,2021,Past
Frasers Property ' Net Zero Energy Demand Homes ' Lessons Learned Report 3,25/06/2024,Distributed energy resources,Frasers Property Net Zero Energy Demand Homes,https://arena.gov.au/knowledge-bank/frasers-property-australia-net-zero-energy-homes/,"Reports, Lessons",https://arena.gov.au/projects/net-zero-energy-demand-homes/,2019,Past
Project Symphony - Cost Benefit Analysis and Recommendations Report,25/06/2024,Distributed energy resources,Western Australia Distributed Energy Resources Orchestration Pilot (Project Symphony),https://arena.gov.au/knowledge-bank/project-symphony-cost-benefit-analysis-and-recommendations-report/,Reports,https://arena.gov.au/projects/western-australia-distributed-energy-resources-orchestration-pilot/,2021,Past
Rheem Final Knowledge Sharing Report,25/06/2024,Distributed energy resources,Rheem Active Hot Water Control,https://arena.gov.au/knowledge-bank/rheem-final-knowledge-sharing-report/,Reports,https://arena.gov.au/projects/rheem-active-hot-water-control/,2019,Past
Rheem Final Lessons Learnt Report,25/06/2024,Distributed energy resources,Rheem Active Hot Water Control,https://arena.gov.au/knowledge-bank/rheem-final-lessons-learnt-report/,Lessons,https://arena.gov.au/projects/rheem-active-hot-water-control/,2019,Past
MVR for Low Carbon Alumina Refining Project - Close Out Report,24/06/2024,Renewables for industry,Mechanical Vapour Recompression for Low Carbon Alumina Refining,https://arena.gov.au/knowledge-bank/mvr-for-low-carbon-alumina-refining-project-close-out-report/,Reports,https://arena.gov.au/projects/mechanical-vapour-recompression-for-low-carbon-alumina-refining/,2021,Past
Project Symphony - Final Lessons Learnt Report,24/06/2024,Distributed energy resources,Western Australia Distributed Energy Resources Orchestration Pilot (Project Symphony),https://arena.gov.au/knowledge-bank/project-symphony-final-lessons-learnt-report/,"Reports, Lessons",https://arena.gov.au/projects/western-australia-distributed-energy-resources-orchestration-pilot/,2021,Past
Project Symphony - End of Project Assessment,24/06/2024,Distributed energy resources,Western Australia Distributed Energy Resources Orchestration Pilot (Project Symphony),https://arena.gov.au/knowledge-bank/project-symphony-end-of-project-assessment/,Reports,https://arena.gov.au/projects/western-australia-distributed-energy-resources-orchestration-pilot/,2021,Past
Intellihub Demand Flexibility Platform Lessons Learnt Report 2,24/06/2024,Demand response,Intellihub Demand Flexibility Platform Project,https://arena.gov.au/knowledge-bank/intellihub-demand-flexibility-platform-lessons-learnt-report-2/,Reports,https://arena.gov.au/projects/intellihub-demand-flexibility-platform-project/,2023,Past
Public Dissemination Report - Heterocontact-Polysilicon Hybrid IBC Solar Cell,24/06/2024,"Solar energy, Solar PV R&amp;D",Heterocontact-Polysilicon Hybrid Interdigitated Back Contact Solar Cells,https://arena.gov.au/knowledge-bank/public-dissemination-report-heterocontact-polysilicon-hybrid-ibc-solar-cell/,Reports,https://arena.gov.au/projects/heterocontact-polysilicon-hybrid-interdigitated-back-contact-solar-cells/,2020,Past
HILTCRC Research Poster - DRI Seawater,21/06/2024,Renewables for industry,HILT CRC - upgrading iron ore for DRI production using seawater,https://arena.gov.au/knowledge-bank/hiltcrc-research-poster-dri-seawater/,Infographics,https://arena.gov.au/projects/hilt-crc-upgrading-iron-ore-for-dri-production-using-seawater/,2024,Current
MIH2 Research Poster - Low Temp DRI,21/06/2024,Renewables for industry,Fortescue - low temperature direct electrochemical reduction for zero emissions iron,https://arena.gov.au/knowledge-bank/mih2-research-poster-low-temp-dri/,Infographics,https://arena.gov.au/projects/fortescue-low-temperature-direct-electrochemical-reduction-for-zero-emissions-iron-project/,2024,Past
Fortescue APA Solar Gas Hybrid Project Annual Performance Report 2023,21/06/2024,"Battery storage, Hybrid technologies, Solar energy, Solar PV R&amp;D",APA Fortescue Solar Gas Hybrid Project,https://arena.gov.au/knowledge-bank/fortescue-apa-solar-gas-hybrid-project-annual-performance-report-2023/,Reports,https://arena.gov.au/projects/alinta-fortescue-solar-gas-hybrid-project/,2019,Current
Transformative Research Accelerating Commercialisation (TRAC) Program ' Hydrogen and Iron & Steel Funding Round,21/06/2024,Hydrogen energy,,https://arena.gov.au/knowledge-bank/transformative-research-accelerating-commercialisation-trac-program-hydrogen-and-iron-steel-funding-round/,Reports,,,
Denham Hydrogen Demonstration Project Construction and Commissioning Report,20/06/2024,Hydrogen energy,Horizon Power Denham Hydrogen Demonstration,https://arena.gov.au/knowledge-bank/denham-hydrogen-demonstration-project-construction-and-commissioning-report/,Reports,https://arena.gov.au/projects/horizon-power-denham-hydrogen-demonstration/,2020,Past
ARENA Insights Newsletter Edition #55,12/06/2024,Distributed energy resources,,https://arena.gov.au/knowledge-bank/arena-insights-newsletter-edition-55/,InsightNewsletter,,,
UTS - Flexible Demand State of Play in Australia - Report,12/06/2024,Demand response,,https://arena.gov.au/knowledge-bank/uts-flexible-demand-state-of-play-in-aust-report/,Reports,,,
University of Wollongong - Australian Pilbara Iron Ores in an Electric Smelting Furnace Process Project - Poster,5/06/2024,Hydrogen energy,University of Wollongong - Australian Pilbara Iron Ores in an Electric Smelting Furnace Process,https://arena.gov.au/knowledge-bank/university-of-wollongong-australian-pilbara-iron-ores-in-an-electric-smelting-furnace-process-project-poster/,Infographics,https://arena.gov.au/projects/university-of-wollongong-australian-pilbara-iron-ores-in-an-electric-smelting-furnace-process/,2024,Current
Jupiter Ionics ' capital cost reduction in electrochemical ammonia synthesis - poster,5/06/2024,Hydrogen energy,Jupiter Ionics - capital cost reduction in electrochemical ammonia synthesis,https://arena.gov.au/knowledge-bank/jupiter-ionics-capital-cost-reduction-in-electrochemical-ammonia-synthesis-poster/,Infographics,https://arena.gov.au/projects/jupiter-ionics-capital-cost-reduction-in-electrochemical-ammonia-synthesis/,2024,Current
Future Energy Exports ' development & demonstration of hydrogen liquefaction - Poster,5/06/2024,Hydrogen energy,Future Energy Exports - development & demonstration of hydrogen liquefaction,https://arena.gov.au/knowledge-bank/future-energy-exports-development-demonstration-of-hydrogen-liquefaction-poster/,Infographics,https://arena.gov.au/projects/future-energy-exports-development-and-demonstration-of-safe-efficient-hydrogen-liquefaction-through-optimised-refrigerants-and-plant-design/,2024,Current
"UNSW ' blast furnace innovations: sustainable, low-carbon ironmaking project - poster",5/06/2024,Renewables for industry,"UNSW - blast furnace innovations: sustainable, low-carbon ironmaking project",https://arena.gov.au/knowledge-bank/unsw-blast-furnace-innovations-sustainable-low-carbon-ironmaking-project-poster/,Infographics,https://arena.gov.au/projects/unsw-blast-furnace-innovations-sustainable/,2024,Current
Monash - Lowering the cost of proton exchange water electrolysis systems- Poster,5/06/2024,Hydrogen energy,Lowering the cost of proton exchange water electrolysis systems,https://arena.gov.au/knowledge-bank/monash-lowering-the-cost-of-proton-exchange-water-electrolysis-systems-poster/,Infographics,https://arena.gov.au/projects/lowering-the-cost-of-proton-exchange-water-electrolysis-systems/,2024,Current
MIH2 - Scale up & demonstration of next-generation CSIRO axial flow electrolyser - Poster,4/06/2024,Hydrogen energy,Scale up & demonstration of next-generation CSIRO axial flow electrolyser,https://arena.gov.au/knowledge-bank/mih2-scale-up-demonstration-of-next-generation-csiro-axial-flow-electrolyser-poster/,Infographics,https://arena.gov.au/projects/scale-up-and-demonstration-of-next-generation-csiro-axial-flow-electrolyser-for-green-hydrogen-production/,2024,Current
"Hysata - High temperature, ultra-high efficiency capillary-fed electrolysis project - Poster",4/06/2024,Hydrogen energy,"High temperature, ultra-high efficiency capillary-fed electrolysis project",https://arena.gov.au/knowledge-bank/hysata-high-temperature-ultra-high-efficiency-capillary-fed-electrolysis-project-poster/,Infographics,https://arena.gov.au/projects/high-temperature-ultra-high-efficiency-capillary-fed-electrolysis-project/,2024,Current
Cavendish - Efficient scalable and modular ammonia to hydrogen/electricity conversion system - Poster,4/06/2024,Hydrogen energy,Cavendish - Efficient Scalable and Modular Ammonia to Hydrogen/Electricity Conversion System,https://arena.gov.au/knowledge-bank/cavendish-efficient-scalable-and-modular-ammonia-to-hydrogen-electricity-conversion-system-poster/,Infographics,https://arena.gov.au/projects/efficient-scalable-and-modular-ammonia-to-hydrogen-electricity-conversion-system-development-and-demonstration/,2024,Current
Curtin Uni - Hydrogen export using a powder project - Poster,4/06/2024,Hydrogen energy,Hydrogen export using a powder project,https://arena.gov.au/knowledge-bank/curtin-uni-hydrogen-export-using-a-powder-project-poster/,Infographics,https://arena.gov.au/projects/hydrogen-export-using-a-powder-project/,2024,Current
CSIRO ' Low temperature agglomeration process for Australian iron ores - Poster,4/06/2024,Renewables for industry,CSIRO - low temperature agglomeration process for Australian iron ores,https://arena.gov.au/knowledge-bank/csiro-low-temperature-agglomeration-process-for-australian-iron-ores-poster/,Infographics,https://arena.gov.au/projects/csiro-low-temperature-agglomeration-process-for-australian-iron-ores/,2024,Current
UNSW - Multiphase electrolysers for renewable ammonia production - Poster,4/06/2024,Hydrogen energy,Multiphase electrolysers for renewable ammonia production,https://arena.gov.au/knowledge-bank/unsw-multiphase-electrolysers-for-renewable-ammonia-production-poster/,Infographics,https://arena.gov.au/projects/multiphase-electrolysers-for-renewable-ammonia-production/,2024,Current
RMIT - Solar-energy-driven modular floatable device for scalable green hydrogen production - poster,4/06/2024,"Concentrated solar thermal, Solar energy",30MW Concentrating Solar Thermal Power Plant,https://arena.gov.au/knowledge-bank/rmit-solar-energy-driven-modular-floatable-device-for-scalable-green-hydrogen-production-poster/,Infographics,https://arena.gov.au/?post_type=projects&p=29062,2014,Past
ANU - Hydrogen storage with ground-source energy utilisation - Poster,4/06/2024,Hydrogen energy,Hydrogen storage with ground-source energy utilisation,https://arena.gov.au/knowledge-bank/anu-hydrogen-storage-with-ground-source-energy-utilisation-poster/,Infographics,https://arena.gov.au/projects/hydrogen-storage-with-ground-source-energy-utilisation/,2024,Current
UniMelb - Mega-scale liquid H2 storage with super-insulated full-containment & zero-boil-off - Poster,4/06/2024,Hydrogen energy,Mega-scale liquid H2 storage with super-insulated full-containment & zero-boil-off,https://arena.gov.au/knowledge-bank/unimelb-mega-scale-liquid-h2-storage-with-super-insulated-full-containment-zero-boil-off-poster/,Infographics,https://arena.gov.au/projects/mega-scale-liquid-h2-storage-with-super-insulated-full-containment-and-zero-boil-off/,2024,Current
USYD - Advanced Manufacturing Alkaline Electrolyser Cell-Stacks - Poster,4/06/2024,Hydrogen energy,Advanced manufacturing alkaline electrolyser cell-stacks for green hydrogen,https://arena.gov.au/knowledge-bank/usyd-advanced-manufacturing-alkaline-electrolyser-cell-stacks-poster/,Infographics,https://arena.gov.au/projects/advanced-manufacturing-alkaline-electrolyser-cell-stacks-for-affordable-and-scalable-green-hydrogen-production-project/,2024,Current
ANU - Accelerating the commercialisation of the direct solar-to-hydrogen technology - Poster,4/06/2024,Hydrogen energy,Accelerating the commercialisation of the direct solar-to-hydrogen technology,https://arena.gov.au/knowledge-bank/anu-accelerating-the-commercialisation-of-the-direct-solar-to-hydrogen-technology-poster/,Infographics,https://arena.gov.au/projects/accelerating-the-commercialisation-of-the-direct-solar-to-hydrogen-technology/,2024,Current
Western Power - Project Symphony - Pilot Results and Recommendations,3/06/2024,Distributed energy resources,Western Australia Distributed Energy Resources Orchestration Pilot (Project Symphony),https://arena.gov.au/knowledge-bank/western-power-project-symphony-pilot-results-and-recommendations/,Reports,https://arena.gov.au/projects/western-australia-distributed-energy-resources-orchestration-pilot/,2021,Past
ARENA Insights ' Green Steel Webinar,31/05/2024,Renewables for industry,,https://arena.gov.au/knowledge-bank/arena-insights-green-steel-webinar/,Insights,,,
Solar Analytics - Smart CER Consumer Uptake Tool - 2024 Technical Report,22/05/2024,Distributed energy resources,Smart CER Consumer Uptake Tool,https://arena.gov.au/knowledge-bank/solar-analytics-smart-cer-consumer-uptake-tool-2024-technical-report/,Reports,https://arena.gov.au/projects/smart-cer-consumer-uptake-tool/,2023,Past
Calix Zesty Tech ' Zero Emissions Iron and Steel - study and final reports,22/05/2024,Renewables for industry,Calix Zero Emissions Steel Technology (ZESTY) pre-FEED / FEED Study,https://arena.gov.au/knowledge-bank/calix-zesty-tech-zero-emissions-iron-and-steel-study-and-final-reports/,Reports,https://arena.gov.au/projects/calix-zero-emissions-steel-technology-zesty-pre-feed-feed-study/,2022,Past
ANU - De-risking large-scale Australian fine-ore hydrogen ironmaking - poster,22/05/2024,Renewables for industry,ANU – De-risking large-scale Australian fine-ore hydrogen ironmaking,https://arena.gov.au/knowledge-bank/anu-de-risking-large-scale-australian-fine-ore-hydrogen-ironmaking-poster/,Infographics,https://arena.gov.au/projects/anu-de-risking-large-scale-australian-fine-ore-hydrogen-ironmaking/,2024,Current
Macquarie University ' upcycling of steelmaking slag for material reuse project - poster,22/05/2024,Renewables for industry,Macquarie University - upcycling of steelmaking slag for material reuse project,https://arena.gov.au/knowledge-bank/macquarie-university-upcycling-of-steelmaking-slag-for-material-reuse-project-poster/,Infographics,https://arena.gov.au/projects/macquarie-university-upcycling-of-steelmaking-slag-for-material-reuse-project/,2024,Current
The University of Newcastle - Electric smelting of hematite-goethite hydrogen DRI - poster,22/05/2024,Renewables for industry,"The University of Newcastle, electric smelting of hematite-goethite hydrogen DRI",https://arena.gov.au/knowledge-bank/the-university-of-newcastle-electric-smelting-of-hematite-goethite-hydrogen-dri-poster/,Infographics,https://arena.gov.au/projects/the-university-of-newcastle-electric-smelting-of-australian-hematite-goethite-hydrogen/,2024,Current
"UNSW - Blast furnace innovations sustainable, low-carbon ironmaking - poster",22/05/2024,Renewables for industry,"UNSW - blast furnace innovations: sustainable, low-carbon ironmaking project",https://arena.gov.au/knowledge-bank/unsw-blast-furnace-innovations-sustainable-low-carbon-ironmaking-poster/,Infographics,https://arena.gov.au/projects/unsw-blast-furnace-innovations-sustainable/,2024,Current
Project Converge ACT - Distributed Energy Resources Pilot - Final knowledge sharing report,22/05/2024,Distributed energy resources,Project Converge ACT Distributed Energy Resources Demonstration Pilot,https://arena.gov.au/knowledge-bank/project-converge-act-distributed-energy-resources-pilot-final-knowledge-sharing-report/,Reports,https://arena.gov.au/projects/project-converge-act-distributed-energy-resources-demonstration-pilot/,2021,Past
Project Converge ACT - Distributed Energy Resources Demo Pilot - Technical Report 2 Economic benefits,22/05/2024,Distributed energy resources,Project Converge ACT Distributed Energy Resources Demonstration Pilot,https://arena.gov.au/knowledge-bank/project-converge-act-distributed-energy-resources-demo-pilot-technical-report-2-economic-benefits/,Reports,https://arena.gov.au/projects/project-converge-act-distributed-energy-resources-demonstration-pilot/,2021,Past
ARENA Insights Newsletter Edition #54,30/04/2024,,,https://arena.gov.au/knowledge-bank/arena-insights-newsletter-edition-54/,InsightNewsletter,,,
Edify Energy - Darlington Point Energy Storage System - Lessons Learnt Report,30/04/2024,Battery storage,Darlington Point Energy Storage System,https://arena.gov.au/knowledge-bank/edify-energy-darlington-point-energy-storage-system-lessons-learnt-report/,"Reports, Lessons",https://arena.gov.au/projects/darlington-point-energy-storage-system/,2022,Current
Monash - Storage integration in the NEM - Milestone report 3,30/04/2024,Renewables for industry,Monash University Integrating Energy Storage into the NEM Study,https://arena.gov.au/knowledge-bank/monash-storage-integration-in-the-nem-milestone-report-3/,"Reports, Milestones",https://arena.gov.au/projects/monash-university-integrating-energy-storage-into-the-nem-study/,2022,Past
Genex ' Kidston Pumped Storage Hydro Project ' Lessons Learnt Report 10,5/04/2024,Hydropower / Pumped Hydro Energy Storage,Kidston Pumped Hydro Energy Storage,https://arena.gov.au/knowledge-bank/genex-kidston-pumped-storage-hydro-project-lessons-learnt-report-10/,"Reports, Lessons",https://arena.gov.au/projects/kidston-pumped-hydro-energy-storage/,2021,Current
ARENA - Insights - March 2024 Forum presentations,4/04/2024,Battery storage,,https://arena.gov.au/knowledge-bank/arena-insights-march-2024-forum-presentations/,Presentation,,,
ARENA Insights Newsletter Edition #53,28/03/2024,Solar PV R&amp;D,,https://arena.gov.au/knowledge-bank/arena-insights-newsletter-edition-53/,InsightNewsletter,,,
Australian Centre for Advanced Photovoltaics (ACAP) - 10-year public dissemination report,28/03/2024,"Solar energy, Solar PV R&amp;D",Australian Centre for Advanced Photovoltaics (ACAP),https://arena.gov.au/knowledge-bank/australian-centre-for-advanced-photovoltaics-acap-10-year-public-dissemination-report/,Reports,https://arena.gov.au/projects/australian-centre-for-advanced-photovoltaics-acap/,2012,Current
Western Power - Project Symphony - Social Research Report,26/03/2024,Distributed energy resources,Western Australia Distributed Energy Resources Orchestration Pilot (Project Symphony),https://arena.gov.au/knowledge-bank/western-power-project-symphony-social-research-report/,Reports,https://arena.gov.au/projects/western-australia-distributed-energy-resources-orchestration-pilot/,2021,Past
ENGIE - Future Fuels Public Fast Charging - Lessons Learnt 2,26/03/2024,Electric vehicles,ENGIE Future Fuels Public Fast Charging,https://arena.gov.au/knowledge-bank/engie-future-fuels-public-fast-charging-lessons-learnt-2-2/,"Reports, Lessons",https://arena.gov.au/projects/engie-future-fuels-public-fast-charging/,2021,Past
Bluescope Steel - Port Kembla Steelworks Renewables & Emissions Reduction Study - Phase 3 Report,8/03/2024,Hydrogen energy,Port Kembla Steelworks Renewables & Emissions Reduction Study,https://arena.gov.au/knowledge-bank/bluescope-steel-port-kembla-steelworks-renewables-emissions-reduction-study-phase-3-report/,Reports,https://arena.gov.au/projects/port-kembla-steelworks-renewables-emissions-reduction-study/,2022,Past
Frasers Property ' Net Zero Energy Demand Homes - Lessons Learned Report 2,8/03/2024,Distributed energy resources,Frasers Property Net Zero Energy Demand Homes,https://arena.gov.au/knowledge-bank/frasers-property-net-zero-energy-demand-homes-lessons-learned-report-2/,"Reports, Lessons",https://arena.gov.au/projects/net-zero-energy-demand-homes/,2019,Past
Calix Zesty Tech ' Zero Emissions Iron and Steel - KS5 Pilot Plant Study Report,8/03/2024,Renewables for industry,Calix Zero Emissions Steel Technology (ZESTY) pre-FEED / FEED Study,https://arena.gov.au/knowledge-bank/calix-zesty-tech-zero-emissions-iron-and-steel-ks5-pilot-plant-study-report/,Reports,https://arena.gov.au/projects/calix-zero-emissions-steel-technology-zesty-pre-feed-feed-study/,2022,Past
CSIRO - ASTRI Australian Solar Thermal Research Institute - Public Dissemination report,4/03/2024,"Concentrated solar thermal, Solar energy",ASTRI Australian Solar Thermal Research Institute,https://arena.gov.au/knowledge-bank/csiro-astri-australian-solar-thermal-research-institute-public-dissemination-report/,Reports,https://arena.gov.au/projects/astri-australian-solar-thermal-research-institute/,2012,Past
ARENA Insights Newsletter Edition #52,27/02/2024,Electric vehicles,,https://arena.gov.au/knowledge-bank/arena-insights-newsletter-edition-52/,InsightNewsletter,,,
ARENA - Vehicle to Grid - Network tariffs report,26/02/2024,Electric vehicles,,https://arena.gov.au/knowledge-bank/arena-vehicle-to-grid-network-tariffs-report/,Reports,,,
ARENA - Vehicle to Grid - Insights Final Report,26/02/2024,Electric vehicles,,https://arena.gov.au/knowledge-bank/arena-vehicle-to-grid-insights-final-report/,Insights,,,
Redback Technologies - Project SHIELD - Project Journey Report,19/02/2024,Distributed energy resources,Project SHIELD - Synchronising Heterogeneous Information to Evaluate Limits for DNSP,https://arena.gov.au/knowledge-bank/redback-technologies-project-shield-project-journey-report/,Reports,https://arena.gov.au/projects/project-shield/,2020,Past
Western Power - Project Symphony - Lessons Learnt Report Milestone 03: Testing,19/02/2024,Distributed energy resources,Western Australia Distributed Energy Resources Orchestration Pilot (Project Symphony),https://arena.gov.au/knowledge-bank/western-power-project-symphony-lessons-learnt-report-milestone-03-testing/,"Reports, Lessons",https://arena.gov.au/projects/western-australia-distributed-energy-resources-orchestration-pilot/,2021,Past
TGE - Depot of the Future Vehicle Electrification Project - Lessons Learnt Reports 1-5,19/02/2024,Electric vehicles,Depot of the Future Vehicle Electrification Project,https://arena.gov.au/knowledge-bank/ipec-depot-of-the-future-vehicle-electrification-project-lessons-learnt-reports-1-5/,"Reports, Lessons",https://arena.gov.au/projects/depot-of-the-future-vehicle-electrification-project/,2022,Current
Ground Source Systems - Yanderra Shallow Geothermal-Solar Systems Demonstration - Lessons Learnt 3,8/02/2024,Geothermal energy,Yanderra Shallow Geothermal Solar Systems Demonstration Project,https://arena.gov.au/knowledge-bank/ground-source-systems-yanderra-shallow-geothermal-solar-systems-demonstration-lessons-learnt-3/,Lessons,https://arena.gov.au/projects/yanderra-shallow-geothermal-solar-systems-demonstration-project/,2021,Past
TransGrid - Wallgrove Battery - Operations report 3,8/02/2024,Battery storage,TransGrid Wallgrove Battery,https://arena.gov.au/knowledge-bank/transgrid-wallgrove-battery-operations-report-3/,Reports,https://arena.gov.au/projects/transgrid-wallgrove-battery/,2020,Past
UNSW - Project MATCH - Knowledge Sharing Report 2,8/02/2024,"Distributed energy resources, Solar energy, Solar PV R&amp;D",Project MATCH,https://arena.gov.au/knowledge-bank/unsw-project-match-knowledge-sharing-report-2/,Reports,https://arena.gov.au/projects/project-match/,2021,Past
Neoen - Hornsdale Power Reserve Upgrade - Project Summary Report,8/02/2024,Battery storage,Hornsdale Power Reserve Upgrade,https://arena.gov.au/knowledge-bank/neoen-hornsdale-power-reserve-upgrade-project-summary-report/,Reports,https://arena.gov.au/projects/hornsdale-power-reserve-upgrade/,2019,Current
Neoen - Hornsdale Power Reserve Upgrade -  HPRX Market Report,8/02/2024,Battery storage,Hornsdale Power Reserve Upgrade,https://arena.gov.au/knowledge-bank/neoen-hornsdale-power-reserve-upgrade-hprx-market-report/,Reports,https://arena.gov.au/projects/hornsdale-power-reserve-upgrade/,2019,Current
APVI - Silicon to Solar - Detailed and Overview Reports,2/02/2024,"Solar energy, Solar PV R&amp;D",APVI Silicon to Solar Study,https://arena.gov.au/knowledge-bank/apvi-silicon-to-solar-detailed-and-overview-reports/,Reports,https://arena.gov.au/projects/apvi-silicon-to-solar-study/,2023,Past
DEIP Market Integration Trials Summary Report 2.0,29/01/2024,Distributed energy resources,,https://arena.gov.au/knowledge-bank/deip-der-market-integration-trials-summary-report-2/,Reports,,,
DEIP - DEIP Dive - Event Summary 2023,26/01/2024,Demand response,,https://arena.gov.au/knowledge-bank/deip-deip-dive-event-summary-2023/,Reports,,,
JET Charge - Charging as a Service - Lessons Learnt 1,18/01/2024,Electric vehicles,,https://arena.gov.au/knowledge-bank/jet-charge-charging-as-a-service-lessons-learnt-1/,"Reports, Lessons",,,
PLUS ES - South Australia Demand Flexibility Trial - Lessons Learnt 2,18/01/2024,"Demand response, Renewables for industry",PLUS ES South Australia Demand Flexibility Trial,https://arena.gov.au/knowledge-bank/plus-es-south-australia-demand-flexibility-trial-lessons-learnt-2/,"Reports, Lessons",https://arena.gov.au/projects/plus-es-south-australia-demand-flexibility-trial/,2022,Past
Viva - New Energies Service Station Geelong Demonstration Project - Lessons Learned Report 1,16/01/2024,Hydrogen energy,New Energies Service Station Geelong Demonstration Project,https://arena.gov.au/knowledge-bank/viva-new-energies-service-station-geelong-demonstration-project-lessons-learned-report-1/,"Reports, Lessons",https://arena.gov.au/projects/new-energies-service-station-geelong-demonstration-project/,2022,Current
SA Power Networks - Flexible Exports for Solar PV Trial - Final Report,16/01/2024,"Solar energy, Solar PV R&amp;D",SA Power Networks Flexible Exports for Solar PV Trial,https://arena.gov.au/knowledge-bank/sa-power-networks-flexible-exports-for-solar-pv-trial-final-report/,Reports,https://arena.gov.au/projects/sa-power-networks-flexible-exports-for-solar-pv-trial/,2020,Past
Relectrify - Second-Life Battery Trial - Lessons Learnt Report,16/01/2024,Battery storage,Relectrify Second-Life Battery Trial,https://arena.gov.au/knowledge-bank/relectrify-second-life-battery-trial-lessons-learnt-report/,"Reports, Lessons",https://arena.gov.au/projects/relectrify-second-life-battery-trial/,2020,Past
AGL ' Broken Hill Grid-Forming Battery ' System Strength Modelling Knowledge Sharing Report,16/01/2024,"Battery storage, System security and reliability",AGL Broken Hill Grid-Forming Battery,https://arena.gov.au/knowledge-bank/agl-broken-hill-grid-forming-battery-system-strength-modelling-knowledge-sharing-report/,Reports,https://arena.gov.au/projects/agl-broken-hill-grid-forming-battery/,2021,Past
AGL - Broken Hill Grid-Forming Battery - Lessons Learnt Report 1,16/01/2024,"Battery storage, System security and reliability",AGL Broken Hill Grid-Forming Battery,https://arena.gov.au/knowledge-bank/agl-broken-hill-grid-forming-battery-lessons-learnt-report-1/,"Reports, Lessons",https://arena.gov.au/projects/agl-broken-hill-grid-forming-battery/,2021,Past
Reactive - System Inertia Measurement Demonstration - Lessons Learned Report 2,16/01/2024,System security and reliability,Reactive Technologies - System Inertia Measurement Demonstration,https://arena.gov.au/knowledge-bank/reactive-system-inertia-measurement-demonstration-lessons-learned-report-2/,"Reports, Lessons",https://arena.gov.au/projects/reactive-technologies-system-inertia-measurement-demonstration/,2020,Past
Jemena - Power to Gas Demonstration - Project technical report,16/01/2024,Hydrogen energy,Jemena Power to Gas Demonstration,https://arena.gov.au/knowledge-bank/jemena-power-to-gas-demonstration-project-technical-report/,Reports,https://arena.gov.au/projects/jemena-power-to-gas-demonstration/,2018,Past
Jemena - Power to Gas Demonstration - Lessons Learned and Final Report,16/01/2024,Hydrogen energy,Jemena Power to Gas Demonstration,https://arena.gov.au/knowledge-bank/jemena-power-to-gas-demonstration-lessons-learned-and-final-report/,"Reports, Lessons",https://arena.gov.au/projects/jemena-power-to-gas-demonstration/,2018,Past
Intellihub Demand Flexibility Platform Knowledge Sharing Report 1,16/01/2024,Demand response,Intellihub Demand Flexibility Platform Project,https://arena.gov.au/knowledge-bank/intellihub-demand-flexibility-platform-knowledge-sharing-report-1/,Reports,https://arena.gov.au/projects/intellihub-demand-flexibility-platform-project/,2023,Past
AEMO - Project Edge - Executive Summary Revised,16/01/2024,System security and reliability,AEMO - Project EDGE (Energy Demand and Generation Exchange),https://arena.gov.au/knowledge-bank/aemo-project-edge-executive-summary-revised/,Reports,https://arena.gov.au/projects/project-edge-energy-demand-and-generation-exchange/,2020,Past
ARENA Insights Newsletter Edition #51,20/12/2023,,,https://arena.gov.au/knowledge-bank/arena-insights-newsletter-edition-51/,InsightNewsletter,,,
AEMO - Connections tool - Project overview and lessons learnt report,15/12/2023,System security and reliability,AEMO Connections Tool Project,https://arena.gov.au/knowledge-bank/aemo-connections-tool-project-overview-and-lessons-learnt-report/,Reports,https://arena.gov.au/projects/aemo-connections-tool-project/,2021,Past
DEIP - DEIP Dive 2023 - Slide deck,12/12/2023,Demand response,,https://arena.gov.au/knowledge-bank/deip-deip-dive-2023-slide-deck/,Presentation,,,
ANU - Monolithic Si-perovskite tandem solar cell - Public dissemination report,12/12/2023,"Solar energy, Solar PV R&amp;D",Monolithic Si/Perovskite Tandem Solar Cell: Towards High-Efficiency at Low-Cost,https://arena.gov.au/knowledge-bank/anu-monolithic-si-perovskite-tandem-solar-cell-public-dissemination-report/,Reports,https://arena.gov.au/projects/monolithic-si-perovskite-tandem-solar-cell-towards-high-efficiency-at-low-cost/,2020,Past
ANU - Direct Water Electrolysis - Public dissemination report,12/12/2023,Hydrogen energy,"Improving Efficiency, Durability & Cost-effectiveness of III-V Semiconductors",https://arena.gov.au/knowledge-bank/anu-direct-water-electrolysis-public-dissemination-report/,Reports,https://arena.gov.au/projects/direct-water-electrolysis/,2018,Past
"UNSW - Earth-abundant, RoHS-compliant antimony chalcogenide - Public Dissemination Report",11/12/2023,"Solar energy, Solar PV R&amp;D",Antimony Chalcogenide: Top Cell Alternative for Silicon Tandem Cells,https://arena.gov.au/knowledge-bank/unsw-earth-abundant-rohs-compliant-antimony-chalcogenide-public-dissemination-report/,Reports,https://arena.gov.au/projects/antimony-chalcogenide-top-cell-alternative-for-silicon-tandem-cells/,2020,Past
University of Wollongong - Impact and Management of Harmonic Distortion for Large Renewable Generators - Project Summary,11/12/2023,System security and reliability,Impact and Management of Harmonic Distortion for Large Renewable Generators,https://arena.gov.au/knowledge-bank/university-of-wollongong-impact-and-management-of-harmonic-distortion-for-large-renewable-generators-project-summary/,Reports,https://arena.gov.au/projects/impact-and-management-of-harmonic-distortion-for-large-renewable-generators/,2020,Past
ARENA Insights Newsletter Edition #50,30/11/2023,Hydrogen energy,,https://arena.gov.au/knowledge-bank/arena-insights-newsletter-edition-50/,InsightNewsletter,,,
Macquarie Group - Newcastle Green Hydrogen Hub - Public Feasibility Report,30/11/2023,Hydrogen energy,The Port of Newcastle Hydrogen Hub Feasibility Study,https://arena.gov.au/knowledge-bank/macquarie-group-newcastle-green-hydrogen-hub-public-feasibility-report/,Reports,https://arena.gov.au/projects/the-port-of-newcastle-hydrogen-hub-feasibility-study/,2021,Past
Engie - Yuri Renewable Hydrogen to Ammonia - Lessons Learned Report,30/11/2023,"Battery storage, Hydrogen energy, Large-scale solar",Yuri Renewable Hydrogen to Ammonia Project,https://arena.gov.au/knowledge-bank/engie-yuri-renewable-hydrogen-to-ammonia-lessons-learned-report/,"Reports, Lessons",https://arena.gov.au/projects/yuri-renewable-hydrogen-to-ammonia-project/,2022,Current
SA Power Networks - Flexible Exports for Solar PV Trial - NRG Customer Research Report,21/11/2023,"Solar energy, Solar PV R&amp;D",SA Power Networks Flexible Exports for Solar PV Trial,https://arena.gov.au/knowledge-bank/sa-power-networks-flexible-exports-for-solar-pv-trial/,Reports,https://arena.gov.au/projects/sa-power-networks-flexible-exports-for-solar-pv-trial/,2020,Past
Genex - Kidston Pumped Storage Hydro Project - Lessons Learnt Report 9,1/11/2023,Hydropower / Pumped Hydro Energy Storage,Kidston Pumped Hydro Energy Storage,https://arena.gov.au/knowledge-bank/genex-kidston-pumped-storage-hydro-project-lessons-learnt-report-9/,Reports,https://arena.gov.au/projects/kidston-pumped-hydro-energy-storage/,2021,Current
Wattwatchers - My Energy Marketplace - Final Knowledge Sharing Report,1/11/2023,Distributed energy resources,My Energy Marketplace,https://arena.gov.au/knowledge-bank/wattwatchers-my-energy-marketplace-final-knowledge-sharing-report/,Reports,https://arena.gov.au/projects/wattwatchers-my-energy-marketplace/,2019,Past
Alice Springs Future Grid - Wind Resource Monitoring Trial Technical Report #2,1/11/2023,"Solar energy, Solar PV R&amp;D",Alice Springs Future Grid Project,https://arena.gov.au/knowledge-bank/alice-springs-future-grid-wind-resource-monitoring-trial-technical-report-2/,Reports,https://arena.gov.au/projects/alice-springs-future-grid-project/,2020,Past
ARENA Insights Newsletter Edition #49,1/11/2023,Battery storage,,https://arena.gov.au/knowledge-bank/arena-insights-newsletter-edition-49/,"Insights, InsightNewsletter",,,
Neoen - Hornsdale Power Reserve Expansion - HPRX-Operations Report - H12023,25/10/2023,Battery storage,Hornsdale Power Reserve Upgrade,https://arena.gov.au/knowledge-bank/neoen-hornsdale-power-reserve-expansion-hprx-operations-report-h12023/,Reports,https://arena.gov.au/projects/hornsdale-power-reserve-upgrade/,2019,Current
Transgrid ' Wallgrove Grid Battery ' Operations report #1,23/10/2023,Battery storage,,https://arena.gov.au/knowledge-bank/transgrid-wallgrove-grid-battery-operations-report-1/,Reports,,,
Transgrid ' Wallgrove Grid Battery ' Commissioning Report,23/10/2023,Battery storage,TransGrid Wallgrove Battery,https://arena.gov.au/knowledge-bank/transgrid-wallgrove-grid-battery-commissioning-report/,Reports,https://arena.gov.au/projects/transgrid-wallgrove-battery/,2020,Past
"Western Power - Project Symphony - Combined Platform (as built) Report  for DSO, DMO and Aggregator",18/10/2023,Distributed energy resources,Western Australia Distributed Energy Resources Orchestration Pilot (Project Symphony),https://arena.gov.au/knowledge-bank/western-power-project-symphony-combined-platform-as-built-report-for-dso-dmo-and-aggregator/,Reports,https://arena.gov.au/projects/western-australia-distributed-energy-resources-orchestration-pilot/,2021,Past
UNSW and Melbourne University - Enabling Use of Renewable Hydrogen - Knowledge Sharing Report,18/10/2023,Hydrogen energy,"Enabling Efficient, Affordable & Robust Use of Renewable Hydrogen",https://arena.gov.au/knowledge-bank/unsw-and-melbourne-university-enabling-use-of-renewable-hydrogen-knowledge-sharing-report/,Reports,https://arena.gov.au/projects/enabling-efficient-affordable-robust-renewable-hydrogen/,2018,Past
Alinta - Alinta Fortescue Solar Gas Hybrid Project - Annual Performance Report,18/10/2023,"Battery storage, Hybrid technologies, Solar energy, Solar PV R&amp;D",APA Fortescue Solar Gas Hybrid Project,https://arena.gov.au/knowledge-bank/alinta-alinta-fortescue-solar-gas-hybrid-project-annual-performance-report/,Reports,https://arena.gov.au/projects/alinta-fortescue-solar-gas-hybrid-project/,2019,Current
Alinta - Alinta Fortescue Solar Gas Hybrid Project - Final Project Report,18/10/2023,"Battery storage, Hybrid technologies, Solar energy, Solar PV R&amp;D",APA Fortescue Solar Gas Hybrid Project,https://arena.gov.au/knowledge-bank/alinta-alinta-fortescue-solar-gas-hybrid-project-final-project-report/,Reports,https://arena.gov.au/projects/alinta-fortescue-solar-gas-hybrid-project/,2019,Current
NEOEN ' HPRX ' Operations Public Report #1,18/10/2023,Battery storage,Hornsdale Power Reserve Upgrade,https://arena.gov.au/knowledge-bank/neoen-hprx-operations-public-report-1/,Reports,https://arena.gov.au/projects/hornsdale-power-reserve-upgrade/,2019,Current
AEMO - Project EDGE - Final Report,18/10/2023,System security and reliability,AEMO - Project EDGE (Energy Demand and Generation Exchange),https://arena.gov.au/knowledge-bank/aemo-project-edge-final-report/,"Reports, Lessons",https://arena.gov.au/projects/project-edge-energy-demand-and-generation-exchange/,2020,Past
AEMO - Project EDGE - Independent CBA Full Report,18/10/2023,System security and reliability,AEMO - Project EDGE (Energy Demand and Generation Exchange),https://arena.gov.au/knowledge-bank/aemo-project-edge-independent-cba-full-report/,Reports,https://arena.gov.au/projects/project-edge-energy-demand-and-generation-exchange/,2020,Past
AEMO - Project EDGE - Independent CBA Executive Summary,18/10/2023,System security and reliability,AEMO - Project EDGE (Energy Demand and Generation Exchange),https://arena.gov.au/knowledge-bank/aemo-project-edge-independent-cba-executive-summary/,Reports,https://arena.gov.au/projects/project-edge-energy-demand-and-generation-exchange/,2020,Past
Transgrid - Wallgrid grid battery - Operations report 2,9/10/2023,Battery storage,TransGrid Wallgrove Battery,https://arena.gov.au/knowledge-bank/transgrid-wallgrid-grid-battery-operations-report-2/,Reports,https://arena.gov.au/projects/transgrid-wallgrove-battery/,2020,Past
UNSW - Development of Beyond 20% Efficiency Kesterite (CZTSSe) Solar - Final Report (PDF 285KB),9/10/2023,"Solar energy, Solar PV R&amp;D",Development of Beyond 20% Efficiency Kesterite (CZTSSe) Solar Cells,https://arena.gov.au/knowledge-bank/unsw-development-of-beyond-20-efficiency-kesterite-cztsse-solar-final-report-pdf-285kb/,Reports,https://arena.gov.au/projects/development-of-kesterite-cztsse-solar-cells/,2017,Past
Mirvac - The Fabric Milestone 2 Knowledge Sharing Report,6/10/2023,Renewables in buildings,Mirvac Net Zero Energy Homes,https://arena.gov.au/knowledge-bank/mirvac-the-fabric-milestone-2-knowledge-sharing-report/,"Reports, Lessons",https://arena.gov.au/projects/net-zero-energy-homes/,2019,Past
Kidston Pumped Storage Hydro Project - Lessons Learnt Report,3/10/2023,Hydropower / Pumped Hydro Energy Storage,Kidston Pumped Hydro Energy Storage,https://arena.gov.au/knowledge-bank/kidston-pumpeod-storage-hydro-project-lessons-learnt-report/,"Reports, Lessons",https://arena.gov.au/projects/kidston-pumped-hydro-energy-storage/,2021,Current
My Energy Marketplace - Lessons Learnt Report,3/10/2023,Distributed energy resources,My Energy Marketplace,https://arena.gov.au/knowledge-bank/my-energy-marketplace-lessons-learnt-report/,"Reports, Lessons",https://arena.gov.au/projects/wattwatchers-my-energy-marketplace/,2019,Past
NT SETuP Performance Report 4,2/10/2023,"Battery storage, Hybrid technologies, Off grid, Solar energy",NT Solar Energy Transformation Program,https://arena.gov.au/knowledge-bank/nt-setup-performance-report-4/,Reports,https://arena.gov.au/projects/northern-territory-solar-energy-transformation-program/,2014,Past
2022 Annual Report ' Australian Centre for Advanced Photovoltaics,2/10/2023,"Solar energy, Solar PV R&amp;D",Australian Centre for Advanced Photovoltaics (ACAP),https://arena.gov.au/knowledge-bank/aust-centre-for-advanced-photovoltaics-annual-report-2022/,Reports,https://arena.gov.au/projects/australian-centre-for-advanced-photovoltaics-acap/,2012,Current
ANU - New Materials - Perovskite modules that are stable under real world conditions,2/10/2023,"Solar energy, Solar PV R&amp;D",Stable Perovskite Modules Under Real-World Conditions,https://arena.gov.au/knowledge-bank/anu-new-materials-perovskite-modules-that-are-stable-under-real-world-conditions/,Reports,https://arena.gov.au/projects/stable-perovskite-modules-under-real-world-conditions/,2020,Past
ARENA Insights Newsletter Edition #48,2/10/2023,Renewables for industry,,https://arena.gov.au/knowledge-bank/arena-insights-newsletter-edition-48/,"Insights, InsightNewsletter",,,
ARENA Insights Newsletter Edition #47,2/10/2023,Electric vehicles,,https://arena.gov.au/knowledge-bank/arena-insights-newsletter-edition-47/,"Insights, InsightNewsletter",,,
Alumina Working Group - Spotlight Interview,27/09/2023,Renewables for industry,,https://arena.gov.au/knowledge-bank/alumina-working-group-spotlight-interview/,"Reports, Insights",,,
Port Kembla Steelworks Renewables & Emissions Reduction Study,21/09/2023,Hydrogen energy,Port Kembla Steelworks Renewables & Emissions Reduction Study,https://arena.gov.au/knowledge-bank/port-kembla-steelworks-renewables-emissions-reduction-study/,Reports,https://arena.gov.au/projects/port-kembla-steelworks-renewables-emissions-reduction-study/,2022,Past
Calix Zesty Tech - Zero Emissions Iron and Steel - Pre-Feed Report Demo,21/09/2023,Renewables for industry,Calix Zero Emissions Steel Technology (ZESTY) pre-FEED / FEED Study,https://arena.gov.au/knowledge-bank/calix-zesty-tech-zero-emissions-iron-and-steel-pre-feed-report-demo/,Reports,https://arena.gov.au/projects/calix-zero-emissions-steel-technology-zesty-pre-feed-feed-study/,2022,Past
HPRX Virtual Machine Mode (VMM) Modelled vs Actual Report,18/09/2023,Battery storage,Hornsdale Power Reserve Upgrade,https://arena.gov.au/knowledge-bank/hprx-virtual-machine-mode-vmm-modelled-vs-actual-report/,Reports,https://arena.gov.au/projects/hornsdale-power-reserve-upgrade/,2019,Current
"UNSW - Advanced Silicon, Reduced Solar Module Temperature R&D - Final Report",18/09/2023,Solar energy,,https://arena.gov.au/knowledge-bank/unsw-advanced-silicon-reduced-solar-module-temperature-rd-final-report/,Reports,,,
Jolt Lessons Learnt - Final report,18/09/2023,Electric vehicles,Metro Advertising Revenue Funded Electric Vehicle Charging Trial,https://arena.gov.au/knowledge-bank/jolt-lessons-learnt-final-report/,Reports,https://arena.gov.au/projects/metro-advertising-revenue-funded-electric-vehicle-charging-trial/,2020,Past
AHC - Hydrogen Park South Australia Public Knowledge Sharing Report,18/09/2023,Hydrogen energy,Australian Hydrogen Centre,https://arena.gov.au/knowledge-bank/ahc-hydrogen-park-south-australia-public-knowledge-sharing-report/,Reports,https://arena.gov.au/projects/australian-hydrogen-centre/,2019,Past
AHC - 10% Hydrogen Distribution Networks: Victoria Feasibility Study,18/09/2023,Hydrogen energy,Australian Hydrogen Centre,https://arena.gov.au/knowledge-bank/ahc-10-hydrogen-distribution-networks-victoria-feasibility-study/,Reports,https://arena.gov.au/projects/australian-hydrogen-centre/,2019,Past
AHC - 100% Hydrogen Distribution Networks: Victoria Feasibility Study,18/09/2023,Hydrogen energy,Australian Hydrogen Centre,https://arena.gov.au/knowledge-bank/ahc-100-hydrogen-distribution-networks-victoria-feasibility-study/,Reports,https://arena.gov.au/projects/australian-hydrogen-centre/,2019,Past
AHC - 10% Hydrogen Distribution Networks South Australia Feasibility Study,18/09/2023,Hydrogen energy,Australian Hydrogen Centre,https://arena.gov.au/knowledge-bank/10-hydrogen-distribution-networks-south-australia-feasibility-study/,Reports,https://arena.gov.au/projects/australian-hydrogen-centre/,2019,Past
AHC - 100% Hydrogen Distribution Networks South Australia Feasibility Study,18/09/2023,Hydrogen energy,Australian Hydrogen Centre,https://arena.gov.au/knowledge-bank/ahc-100-hydrogen-distribution-networks-south-australia-feasibility-study/,Reports,https://arena.gov.au/projects/australian-hydrogen-centre/,2019,Past
Australian Hydrogen Centre State-Wide Blending Studies,18/09/2023,Hydrogen energy,,https://arena.gov.au/knowledge-bank/australian-hydrogen-centre-summary-report/,Reports,,,
UNSW - Final Dissemination Report - Recycling Technology for Silicon Photovoltaic Panels,12/09/2023,Solar PV R&amp;D,,https://arena.gov.au/knowledge-bank/unsw-final-dissemination-report-recycling-technology-for-silicon-photovoltaic-panels/,Reports,,,
Future Fuels Lessons Learned ' Perth,12/09/2023,General,,https://arena.gov.au/knowledge-bank/future-fuels-lessons-learned-perth/,Lessons,,,
Future Fuels Lessons Learned - Adelaide,12/09/2023,General,,https://arena.gov.au/knowledge-bank/future-fuels-lessons-learned-adelaide/,Lessons,,,
BT Imaging - Learnings from a BT Imaging Pty Ltd ARENA Funded Project,8/09/2023,"Solar energy, Solar PV R&amp;D",BT Imaging LIS-M1 Solar Module Inspection System,https://arena.gov.au/knowledge-bank/bt-imaging-learnings-from-a-bt-imaging-pty-ltd-arena-funded-project/,Lessons,https://arena.gov.au/projects/bt-imaging-lis-m1-solar-module-inspection-system/,2019,Past
Evie Networks - Lessons Learnt Report - March 2023,8/09/2023,Electric vehicles,Evie Networks Future Fuels Public Fast Charging,https://arena.gov.au/knowledge-bank/evie-networks-lessons-learnt-report-march-2023-pdf-552kb/,Lessons,https://arena.gov.au/projects/evie-networks-future-fuels-public-fast-charging/,2021,Past
Lake Bonney BESS - Final KS Report,30/08/2023,Battery storage,Lake Bonney Battery Energy Storage System,https://arena.gov.au/knowledge-bank/lake-bonney-bess-final-ks-report/,Reports,https://arena.gov.au/projects/lake-bonney-battery-energy-storage-system/,2018,Past
Evie Lessons Learnt Report May 2023 - Future Fuels,30/08/2023,Electric vehicles,Evie Networks Future Fuels Public Fast Charging,https://arena.gov.au/knowledge-bank/evie-lessons-learnt-report-may-2023-future-fuels/,Lessons,https://arena.gov.au/projects/evie-networks-future-fuels-public-fast-charging/,2021,Past
AGL Electric Vehicle Orchestration Trial,30/08/2023,"Battery storage, Electric vehicles",AGL Electric Vehicle Orchestration Trial,https://arena.gov.au/knowledge-bank/agl-electric-vehicle-orchestration-trial-final-report-pdf-678kb/,Reports,https://arena.gov.au/projects/agl-electric-vehicle-orchestration-trial/,2020,Past
Origin Energy Smart Charging Trial - Final report,29/08/2023,Electric vehicles,Origin Energy Electric Vehicles Smart Charging Trial,https://arena.gov.au/knowledge-bank/origin-energy-smart-charging-trial-final-report/,Reports,https://arena.gov.au/projects/origin-energy-electric-vehicles-smart-charging-trial/,2020,Past
Next Generation Electric Bus Depot: Final Report,29/08/2023,Battery storage,Next Generation Electric Bus Depot,https://arena.gov.au/knowledge-bank/next-generation-electric-bus-depot-final-report/,Reports,https://arena.gov.au/projects/next-generation-electric-bus-depot/,2021,Past
Insights from Ultra-Fast Charging Network Data,8/08/2023,Electric vehicles,,https://arena.gov.au/knowledge-bank/insights-from-ultra-fast-charging-network-data/,Reports,,,
Insights from Smart Charging Trials Data,8/08/2023,Electric vehicles,,https://arena.gov.au/knowledge-bank/insights-from-smart-charging-trials-data/,Reports,,,
ARENA Insights Newsletter Edition #46,31/07/2023,Demand response,,https://arena.gov.au/knowledge-bank/arena-insights-newsletter-edition-46/,"Insights, InsightNewsletter",,,
Demand Flexibility Portfolio Retrospective Analysis Report,25/07/2023,Demand response,,https://arena.gov.au/knowledge-bank/demand-flexibility-portfolio-retrospective-analysis-report/,Reports,,,
The Incredible ULCS - Ultra Low Cost Solar White Paper,19/07/2023,Solar PV R&amp;D,,https://arena.gov.au/knowledge-bank/the-incredible-ulcs/,Reports,,,
V2X.au Summary Report Opportunities and Challenges for Bidirectional Charger in Australia,30/06/2023,Electric vehicles,,https://arena.gov.au/knowledge-bank/v2x-au-summary-report-opportunities-and-challenges-for-bidirectional-charger-in-australia/,Reports,,,
Repurposing Existing Generators as Synchronous Condensers,22/06/2023,System security and reliability,,https://arena.gov.au/knowledge-bank/repurposing-existing-generators-as-synchronous-condensers/,Reports,,,
ARENA Insights Newsletter Edition #45,5/06/2023,Hydrogen energy,,https://arena.gov.au/knowledge-bank/arena-insights-newsletter-edition-45/,InsightNewsletter,,,
Next-Gen Selective-Emitters for Commercial PERC and TOPCon Solar Panels Report,18/05/2023,"Solar energy, Solar PV R&amp;D",Next-Gen Selective-Emitters for Commercial PERC and TOPCon Solar Panels,https://arena.gov.au/knowledge-bank/next-gen-selective-emitters-for-commercial-perc-and-topcon-solar-panels-report/,Reports,https://arena.gov.au/projects/next-gen-selective-emitters-for-commercial-perc-and-topcon-solar-panels/,2020,Past
Social Science Report 1: Intermediary Insights on Dynamic and Shaped Operating Envelopes,16/05/2023,Distributed energy resources,Project Converge ACT Distributed Energy Resources Demonstration Pilot,https://arena.gov.au/knowledge-bank/social-science-report-1-intermediary-insights-on-dynamic-and-shaped-operating-envelopes/,Reports,https://arena.gov.au/projects/project-converge-act-distributed-energy-resources-demonstration-pilot/,2021,Past
UTS Domestic Hot Water and Flexibility Report,16/05/2023,Demand response,,https://arena.gov.au/knowledge-bank/uts-domestic-hot-water-and-flexibility-report/,Reports,,,
Smart Energy Hubs Deployment Project Lessons Learnt Report 1,9/05/2023,Demand response,Shell Energy Smart Energy Hubs Deployment Project,https://arena.gov.au/knowledge-bank/smart-energy-hubs-deployment-project-lessons-learnt-report-1/,"Reports, Lessons",https://arena.gov.au/projects/shell-energy-smart-energy-hubs-deployment-project/,2022,Past
Summary of ARENA Funded Hydrogen R&D Projects,2/05/2023,Hydrogen energy,,https://arena.gov.au/knowledge-bank/summary-of-arena-funded-hydrogen-rd-projects/,Reports,,,
Jemena EV Grid Trial Knowledge Sharing Final Report,30/04/2023,Electric vehicles,Jemena Dynamic Electric Vehicle Charging Trial,https://arena.gov.au/knowledge-bank/jemena-ev-grid-trial-knowledge-sharing-final-report/,Reports,https://arena.gov.au/projects/jemena-dynamic-electric-vehicle-charging-trial/,2020,Past
Hardwick Meatworks Heat Pump Installation and Power Upgrade Demonstration - Interim Report,28/04/2023,Renewables for industry,Hardwick Meatworks Heat Pump Installation and Power Upgrade Demonstration,https://arena.gov.au/knowledge-bank/heat-pump-project-interim-report/,Reports,https://arena.gov.au/projects/hardwick-meatworks-heat-pump-installation-and-power-upgrade-demonstration/,2022,Past
Report: Lessons Learnt: Inception to Financial Close,27/04/2023,"Battery storage, Hybrid technologies, Solar energy, Solar PV R&amp;D",APA Fortescue Solar Gas Hybrid Project,https://arena.gov.au/knowledge-bank/report-lessons-learnt-inception-to-financial-close/,"Reports, Lessons",https://arena.gov.au/projects/alinta-fortescue-solar-gas-hybrid-project/,2019,Current
Silicon to Solar Phase 1: Market Assessment Report,26/04/2023,"Solar energy, Solar PV R&amp;D",APVI Silicon to Solar Study,https://arena.gov.au/knowledge-bank/silicon-to-solar-phase-1-market-assessment-report/,Reports,https://arena.gov.au/projects/apvi-silicon-to-solar-study/,2023,Past
ARENA Insights Newsletter Edition #44,24/04/2023,Battery storage,,https://arena.gov.au/knowledge-bank/arena-insights-newsletter-edition-44/,InsightNewsletter,,,
Port Kembla Steelworks Renewables & Emissions Reduction Study Lessons Learnt 4,18/04/2023,Hydrogen energy,Port Kembla Steelworks Renewables & Emissions Reduction Study,https://arena.gov.au/knowledge-bank/port-kembla-steelworks-renewables-emissions-reduction-study-lessons-learnt-4/,"Reports, Lessons",https://arena.gov.au/projects/port-kembla-steelworks-renewables-emissions-reduction-study/,2022,Past
SunHQ ARK Lessons Learnt 2,3/04/2023,Hydrogen energy,Renewable Hydrogen Demonstration for Heavy Transport,https://arena.gov.au/knowledge-bank/sunhq-ark-lessons-learnt-2/,"Reports, Lessons",https://arena.gov.au/projects/renewable-hydrogen-demonstration-for-heavy-transport/,2021,Past
Horizon Power Denham Hydrogen Demonstration Lessons Learnt 1 & 2,3/04/2023,Hydrogen energy,Horizon Power Denham Hydrogen Demonstration,https://arena.gov.au/knowledge-bank/horizon-power-denham-hydrogen-demonstration-lessons-learnt-1-2/,"Reports, Lessons",https://arena.gov.au/projects/horizon-power-denham-hydrogen-demonstration/,2020,Past
Tandem Silicon - Durable Silicon Perovskites Tandem Photovoltaics Report,31/03/2023,"Solar energy, Solar PV R&amp;D",Durable Silicon Perovskite Tandem Photovoltaics,https://arena.gov.au/knowledge-bank/tandem-silicon-durable-silicon-perovskites-tandem-photovoltaics-report/,Reports,https://arena.gov.au/projects/durable-silicon-perovskite-tandem-photovoltaics/,2020,Past
Smart Energy Hubs Stage 1 Report: Regulatory Reform,30/03/2023,Demand response,Shell Energy Smart Energy Hubs Deployment Project,https://arena.gov.au/knowledge-bank/smart-energy-hubs-stage-1-report-regulatory-reform/,Reports,https://arena.gov.au/projects/shell-energy-smart-energy-hubs-deployment-project/,2022,Past
Pumped Hydro Energy Storage: Renewable Energy Zone and Network Benefits Assessment,30/03/2023,Hydropower / Pumped Hydro Energy Storage,OMPS New England PHES Benefits Study,https://arena.gov.au/knowledge-bank/pumped-hydro-energy-storage-renewable-energy-zone-and-network-benefits-assessment/,Reports,https://arena.gov.au/projects/omps-new-england-phes-benefits-study/,2019,Past
BOC Hydrogen Refuelling Guide,30/03/2023,Hydrogen energy,Renewable Hydrogen Production and Refuelling Project,https://arena.gov.au/knowledge-bank/boc-hydrogen-refuelling-guide/,"Reports, Guides",https://arena.gov.au/projects/renewable-hydrogen-production-and-refuelling-project/,2019,Past
Building Upgrade Finance Program Guide for Councils,28/03/2023,Renewables in buildings,Scaling Up Environmental Upgrade Agreements Across Australia,https://arena.gov.au/knowledge-bank/building-upgrade-finance-program-guide-for-councils/,Reports,https://arena.gov.au/projects/scaling-up-environmental-upgrade-agreements-across-australia/,2019,Current
Kidston Pumped Hydro Lessons Learnt 7,24/03/2023,Hydropower / Pumped Hydro Energy Storage,Kidston Pumped Hydro Energy Storage,https://arena.gov.au/knowledge-bank/kidston-pumped-hydro-lessons-learnt-7/,"Reports, Lessons",https://arena.gov.au/projects/kidston-pumped-hydro-energy-storage/,2021,Current
Addressing Black Spot Fast Charging Program Lessons Learnt Report 3,24/03/2023,Electric vehicles,Ampol Addressing Blackspots Fast Charging,https://arena.gov.au/knowledge-bank/addressing-black-spot-fast-charging-program-lessons-learnt-report-3/,"Reports, Lessons",https://arena.gov.au/projects/ampol-addressing-blackspots-fast-charging-project/,2021,Past
Hardwick Meatworks Heat Pump Installation and Power Upgrade Demonstration - Lessons Learnt Report 2,22/03/2023,Renewables for industry,Hardwick Meatworks Heat Pump Installation and Power Upgrade Demonstration,https://arena.gov.au/knowledge-bank/heat-pump-project-lessons-learnt-report-2/,Reports,https://arena.gov.au/projects/hardwick-meatworks-heat-pump-installation-and-power-upgrade-demonstration/,2022,Past
Short Term Off-River Energy Storage Stage 2 Final Report,22/03/2023,Hydropower / Pumped Hydro Energy Storage,Short Term Off-River Energy Storage Stage 2 (STORES 2),https://arena.gov.au/knowledge-bank/short-term-off-river-energy-storage-stage-2-final-report/,Reports,https://arena.gov.au/projects/short-term-off-river-energy-storage-stage-2-stores-2/,2020,Past
Sundrive Copper Metallisation Demonstration Project Final,22/03/2023,"Solar energy, Solar PV R&amp;D",SunDrive Copper Metallisation Demonstration,https://arena.gov.au/knowledge-bank/sundrive-copper-metallisation-demonstration-project-final-report/,Reports,https://arena.gov.au/projects/sundrive-copper-metallisation-demonstration/,2020,Past
Darlington Point Energy Storage System Lessons Learnt Report 1,20/03/2023,Battery storage,Darlington Point Energy Storage System,https://arena.gov.au/knowledge-bank/darlington-point-energy-storage-system-lessons-learnt-report-1/,"Reports, Lessons",https://arena.gov.au/projects/darlington-point-energy-storage-system/,2022,Current
System Inertia Measurement Demonstration Lessons Learnt 1,18/03/2023,System security and reliability,Reactive Technologies - System Inertia Measurement Demonstration,https://arena.gov.au/knowledge-bank/system-inertia-measurement-demonstration-lessons-learnt-1/,"Reports, Lessons",https://arena.gov.au/projects/reactive-technologies-system-inertia-measurement-demonstration/,2020,Past
"Efficient, Low-Cost, Eco-Friendly Solar PV Recycling Technology Interim Dissemination Report",13/03/2023,"Solar energy, Solar PV R&amp;D","Efficient, Low-Cost, Eco-Friendly Solar PV Recycling Technology",https://arena.gov.au/knowledge-bank/efficient-low-cost-eco-friendly-solar-pv-recycling-technology-interim-dissemination-report/,Reports,https://arena.gov.au/projects/efficient-low-cost-eco-friendly-solar-pv-recycling-technology/,2020,Past
Advancing Renewables with PCM Thermal Energy Storage ReefHQ White Paper,6/03/2023,Renewables for industry,Advancing Renewables with PCM Thermal Energy Storage,https://arena.gov.au/knowledge-bank/advancing-renewables-with-pcm-thermal-energy-storage-reefhq-white-paper/,Reports,https://arena.gov.au/projects/advancing-renewables-with-pcm-thermal-energy-storage/,2019,Past
Shaped Operating Envelopes: Technical Design and Implementation Report,27/02/2023,Distributed energy resources,Project Converge ACT Distributed Energy Resources Demonstration Pilot,https://arena.gov.au/knowledge-bank/shaped-operating-envelopes-technical-design-and-implementation-report/,Reports,https://arena.gov.au/projects/project-converge-act-distributed-energy-resources-demonstration-pilot/,2021,Past
openCEM Knowledge Sharing Report,27/02/2023,Renewables for industry,Open Source Grid Integration Model for the National Electricity Market,https://arena.gov.au/knowledge-bank/opencem-knowledge-sharing-report/,Reports,https://arena.gov.au/projects/open-source-grid-integration-model/,2018,Past
DEIP CEO Forum 27 February 2023,27/02/2023,Distributed energy resources,,https://arena.gov.au/knowledge-bank/deip-ceo-forum-27-february-2023/,Presentation,,,
Substitution of Niche-Market PV Production Tools with Cost-Effective Consumer-Electronics Report,27/02/2023,"Solar energy, Solar PV R&amp;D",Substitution of Niche-Market PV Production Tools with Cost-Effective Consumer-Electronics,https://arena.gov.au/knowledge-bank/substitution-of-niche-market-pv-production-tools-with-cost-effective-consumer-electronics-report/,"Reports, Lessons",https://arena.gov.au/projects/substitution-of-niche-market-pv-production-tools-with-cost-effective-consumer-electronics/,2020,Past
Efficient Adamantine Thin-Film on Silicon Tandem Cells Final Report,24/02/2023,"Solar energy, Solar PV R&amp;D",Efficient Adamantine Thin-Film on Silicon Tandem Cells,https://arena.gov.au/knowledge-bank/efficient-adamantine-thin-film-on-silicon-tandem-cells-final-report/,Reports,https://arena.gov.au/projects/efficient-adamantine-thin-film-on-silicon-tandem-cells/,2017,Past
Alice Springs Future Grid Lessons Learnt: Community Engagement,23/02/2023,"Solar energy, Solar PV R&amp;D",Alice Springs Future Grid Project,https://arena.gov.au/knowledge-bank/alice-springs-future-grid-lessons-learnt-community-engagement/,"Reports, Lessons",https://arena.gov.au/projects/alice-springs-future-grid-project/,2020,Past
Commercial Life Cycle Assessment for Loganholme Gasification Facility,22/02/2023,Bioenergy / Energy from waste,Logan City Biosolids Gasification Project,https://arena.gov.au/knowledge-bank/commercial-life-cycle-assessment-for-loganholme-gasification-facility/,Reports,https://arena.gov.au/projects/logan-city-biosolids-gasification-project/,2019,Current
Australian Industry ETI Delivery Stage Pathways to Industrial Decarbonisation: Phase 3,20/02/2023,Renewables for industry,Australian Industry ETI Delivery Stage Project,https://arena.gov.au/knowledge-bank/australian-industry-eti-delivery-stage-pathways-to-industrial-decarbonisation-phase-3/,Reports,https://arena.gov.au/projects/australian-industry-eti-delivery-stage-project/,2021,Past
ARENA Insights Newsletter Edition #43,15/02/2023,Electric vehicles,,https://arena.gov.au/knowledge-bank/arena-insights-newsletter-edition-43/,InsightNewsletter,,,
Yanderra Shallow Geothermal Solar Systems Demonstration Lessons Learnt 2,10/02/2023,Geothermal energy,Yanderra Shallow Geothermal Solar Systems Demonstration Project,https://arena.gov.au/knowledge-bank/yanderra-shallow-geothermal-solar-systems-demonstration-lessons-learnt-2/,,https://arena.gov.au/projects/yanderra-shallow-geothermal-solar-systems-demonstration-project/,2021,Past
Market Context Report MGA Thermal Energy Storage Application in Australia,8/02/2023,"Geothermal energy, Renewables for industry",MGA Thermal Energy Storage Project,https://arena.gov.au/knowledge-bank/market-context-report-mga-thermal-energy-storage-application-in-australia/,Reports,https://arena.gov.au/projects/mga-thermal-energy-storage-project/,2022,Past
Lower Solar PV Cost by a Combination of Luminescence Images and Machine-Learning Report,1/02/2023,"Solar energy, Solar PV R&amp;D",Lower Solar PV Cost by a Combination of Luminescence Images and Machine-Learning,https://arena.gov.au/knowledge-bank/lower-solar-pv-cost-by-a-combination-of-luminescence-images-and-machine-learning-report/,"Reports, Lessons",https://arena.gov.au/projects/lower-solar-pv-cost-by-a-combination-of-luminescence-images-and-machine-learning/,2020,Past
Port Kembla Steelworks Renewables & Emissions Reduction Study Lessons Learnt 3,31/01/2023,Hydrogen energy,Port Kembla Steelworks Renewables & Emissions Reduction Study,https://arena.gov.au/knowledge-bank/port-kembla-steelworks-renewables-emissions-reduction-study-lessons-learnt-3/,"Reports, Lessons",https://arena.gov.au/projects/port-kembla-steelworks-renewables-emissions-reduction-study/,2022,Past
Kidston Pumped Hydro Lessons Learnt 6,31/01/2023,Hydropower / Pumped Hydro Energy Storage,Kidston Pumped Hydro Energy Storage,https://arena.gov.au/knowledge-bank/kidston-pumped-hydro-lessons-learnt-6/,"Reports, Lessons",https://arena.gov.au/projects/kidston-pumped-hydro-energy-storage/,2021,Current
Energy from Waste through Pyrolysis Project Lessons Learnt Report 4,31/01/2023,Bioenergy / Energy from waste,Energy from Waste Through Pyrolysis,https://arena.gov.au/knowledge-bank/energy-from-waste-through-pyrolysis-project-lessons-learnt-report-4/,"Reports, Lessons",https://arena.gov.au/projects/energy-from-waste-through-pyrolysis/,2020,Past
Electric Highway Tasmania Lessons Learnt 3,30/01/2023,Electric vehicles,Hobart Electric Highway Tasmania Fast Charger Network,https://arena.gov.au/knowledge-bank/electric-highway-tasmania-lessons-learnt-3/,"Reports, Lessons",https://arena.gov.au/projects/hobart-electric-highway-tasmania-fast-charger-network-project/,2021,Past
UNSW Renewable Hydrogen for Export R&D Project End of Activity Report,30/01/2023,Hydrogen energy,Highly Efficient & Low Cost Photovoltaic-Electrolysis System,https://arena.gov.au/knowledge-bank/unsw-renewable-hydrogen-for-export-rd-project-end-of-activity-report/,Reports,https://arena.gov.au/projects/highly-efficient-and-low-cost-photovoltaic-electrolysis-pve-system-to-generate-hydrogen-by-harvesting-the-full-spectrum-of-sunlight/,2018,Past
Electric Highway Tasmania Lessons Learnt 2,27/01/2023,Electric vehicles,Hobart Electric Highway Tasmania Fast Charger Network,https://arena.gov.au/knowledge-bank/electric-highway-tasmania-lessons-learnt-2/,"Reports, Lessons",https://arena.gov.au/projects/hobart-electric-highway-tasmania-fast-charger-network-project/,2021,Past
Electric Highway Tasmania Lessons Learnt 1,27/01/2023,Electric vehicles,Hobart Electric Highway Tasmania Fast Charger Network,https://arena.gov.au/knowledge-bank/electric-highway-tasmania-lessons-learnt-1/,"Reports, Lessons",https://arena.gov.au/projects/hobart-electric-highway-tasmania-fast-charger-network-project/,2021,Past
Multifunctional Dielectric Layers Enabling Production of High-Efficiency Solar Cells Final Report,19/01/2023,"Solar energy, Solar PV R&amp;D",Multifunctional Dielectric Layers Enabling Production of High-Efficiency Solar Cells,https://arena.gov.au/knowledge-bank/multifunctional-dielectric-layers-enabling-production-of-high-efficiency-solar-cells-final-report/,Reports,https://arena.gov.au/projects/multifunctional-dielectric-layers-enabling-production-of-high-efficiency-solar-cells/,2020,Past
Grid Forming Inverter BESS Case Study at Carwarp,18/01/2023,Battery storage,Canadian Solar Connection Studies at Carwarp Solar Farm,https://arena.gov.au/knowledge-bank/grid-forming-inverter-bess-case-study-at-carwarp/,Reports,https://arena.gov.au/projects/canadian-solar-connection-studies-at-carwarp-solar-farm/,2021,Past
Waste Biomass to Renewable Hydrogen End of Activity Report,27/12/2022,Hydrogen energy,Waste Biomass to Renewable Hydrogen,https://arena.gov.au/knowledge-bank/waste-biomass-to-renewable-hydrogen-end-of-activity-report/,Reports,https://arena.gov.au/projects/waste-biomass-to-renewable-hydrogen/,2018,Past
Simply Energy Lesson Learnt 2,27/12/2022,"Solar energy, Solar PV R&amp;D",Simply Energy Virtual Power Plant (VPP),https://arena.gov.au/knowledge-bank/simply-energy-lesson-learnt-2/,"Reports, Lessons",https://arena.gov.au/projects/simply-energy-virtual-power-plant-vpp/,2018,Past
Intellihub - Street Power Pole EV Charger with Grid Integration - Lessons Learnt Report 2,22/12/2022,Renewables for industry,Intellihub Street Power Pole EV Charger with Grid Integration,https://arena.gov.au/knowledge-bank/intellihub-street-light-pole-ev-charger-project-ms2-knowledge-sharing-report/,Reports,https://arena.gov.au/projects/intellihub-street-power-pole-ev-charger-with-grid-integration/,2021,Past
Accenture Energy as a Service Report,20/12/2022,Distributed energy resources,,https://arena.gov.au/knowledge-bank/accenture-energy-as-a-service-report/,Reports,,,
ARENA Insights Forum Session Summaries and Key Points,16/12/2022,Hydrogen energy,,https://arena.gov.au/knowledge-bank/arena-insights-forum-session-summaries-and-key-points/,"Reports, Insights",,,
ARENA Insights Newsletter Edition #42,16/12/2022,Hydrogen energy,,https://arena.gov.au/knowledge-bank/arena-insights-newsletter-edition-42/,InsightNewsletter,,,
Modelling V2G Simulation - A Study of the Economic and Technical Value Proposition,15/12/2022,Electric vehicles,Realising Electric Vehicle-to-Grid Services,https://arena.gov.au/knowledge-bank/modelling-v2g-simulation-a-study-of-the-economic-and-technical-value-proposition/,Reports,https://arena.gov.au/projects/realising-electric-vehicle-to-grid-services/,2020,Past
Port Kembla Steelworks Renewables & Emissions Reduction Study Lessons Learnt 2,9/12/2022,Hydrogen energy,Port Kembla Steelworks Renewables & Emissions Reduction Study,https://arena.gov.au/knowledge-bank/port-kembla-steelworks-renewables-emissions-reduction-study-lessons-learnt-2/,"Reports, Lessons",https://arena.gov.au/projects/port-kembla-steelworks-renewables-emissions-reduction-study/,2022,Past
MVR Technical and Commercial Feasibility Studies Summary Report,1/12/2022,Renewables for industry,Mechanical Vapour Recompression for Low Carbon Alumina Refining,https://arena.gov.au/knowledge-bank/mvr-technical-and-commercial-feasibility-studies-summary-report/,Reports,https://arena.gov.au/projects/mechanical-vapour-recompression-for-low-carbon-alumina-refining/,2021,Past
Chargefox Future Fuels MetroFast Charging Project Results and Lessons Learnt,30/11/2022,Electric vehicles,NRMA - Future Fuels Public Fast Charging,https://arena.gov.au/knowledge-bank/chargefox-future-fuels-metrofast-charging-project-results-and-lessons-learnt/,"Reports, Lessons",https://arena.gov.au/projects/chargefox-future-fuels-public-fast-charging-project/,2021,Past
Hydrogenated Bifacial PERL Silicon PV Cells Public Dissemination Report,30/11/2022,"Solar energy, Solar PV R&amp;D",Hydrogenated Bifacial PERL Silicon PV Cells,https://arena.gov.au/knowledge-bank/hydrogenated-bifacial-perl-silicon-pv-cells-public-dissemination-report/,Reports,https://arena.gov.au/projects/hydrogenated-bifacial-perl-silicon-pv-cells/,2017,Past
"Monash University, Low-Cost, Robust, High-Activity Water Splitting Electrodes Final Report",30/11/2022,Hydrogen energy,"Low-Cost, Robust, High-Activity Water Splitting Electrodes",https://arena.gov.au/knowledge-bank/monash-university-low-cost-robust-high-activity-water-splitting-electrodes-report/,Reports,https://arena.gov.au/projects/low-cost-robust-high-activity-water-splitting-electrodes/,2018,Past
Project EDGE Lessons Learnt 2,30/11/2022,System security and reliability,AEMO - Project EDGE (Energy Demand and Generation Exchange),https://arena.gov.au/knowledge-bank/project-edge-lessons-learnt-2/,"Reports, Lessons",https://arena.gov.au/projects/project-edge-energy-demand-and-generation-exchange/,2020,Past
Toyota Ecopark Hydrogen Demonstration Public Technical and Financial Feasibility Report,24/11/2022,Hydrogen energy,Toyota Ecopark Hydrogen Demonstration,https://arena.gov.au/knowledge-bank/toyota-ecopark-hydrogen-demonstration-public-technical-and-financial-feasibility-report/,Reports,https://arena.gov.au/projects/toyota-ecopark-hydrogen-demonstration/,2019,Past
A Roadmap for Decarbonising Australian Alumina Refining,23/11/2022,Renewables for industry,,https://arena.gov.au/knowledge-bank/a-roadmap-for-decarbonising-australian-alumina-refining/,Reports,,,
MVR Retrofit and Commercialisation Report,18/11/2022,Renewables for industry,Mechanical Vapour Recompression for Low Carbon Alumina Refining,https://arena.gov.au/knowledge-bank/mvr-retrofit-and-commercialisation-report/,Reports,https://arena.gov.au/projects/mechanical-vapour-recompression-for-low-carbon-alumina-refining/,2021,Past
MVR Evaporation Feasibility Study,18/11/2022,Renewables for industry,Mechanical Vapour Recompression for Low Carbon Alumina Refining,https://arena.gov.au/knowledge-bank/mvr-evaporation-feasibility-study/,Reports,https://arena.gov.au/projects/mechanical-vapour-recompression-for-low-carbon-alumina-refining/,2021,Past
Kidston Pumped Hydro Energy Storage Construction Report,17/11/2022,Hydropower / Pumped Hydro Energy Storage,Kidston Pumped Hydro Energy Storage,https://arena.gov.au/knowledge-bank/kidston-pumped-hydro-energy-storage-construction-report/,Reports,https://arena.gov.au/projects/kidston-pumped-hydro-energy-storage/,2021,Current
Rio Tinto Hydrogen Feasibility Study Report,15/11/2022,Hydrogen energy,Rio Tinto Pacific Operations Hydrogen Program,https://arena.gov.au/knowledge-bank/rio-tinto-hydrogen-feasibility-study-report/,Reports,https://arena.gov.au/projects/rio-tinto-pacific-operations-hydrogen-program/,2021,Past
RouteZero: User Guide and Knowledge Sharing Report,14/11/2022,Battery storage,Next Generation Electric Bus Depot,https://arena.gov.au/knowledge-bank/routezero-user-guide-and-knowledge-sharing-report/,Reports,https://arena.gov.au/projects/next-generation-electric-bus-depot/,2021,Past
The Generator Operations Series: Unlocking Curtailed Solar Energy on the NEM Through Storage,10/11/2022,Large-scale solar,,https://arena.gov.au/knowledge-bank/the-generator-operations-series-unlocking-curtailed-solar-energy-on-the-nem-through-storage/,Reports,,,
My Energy Marketplace Lessons Learnt 5,2/11/2022,Distributed energy resources,My Energy Marketplace,https://arena.gov.au/knowledge-bank/my-energy-marketplace-lessons-learnt-5/,"Reports, Lessons",https://arena.gov.au/projects/wattwatchers-my-energy-marketplace/,2019,Past
Project Match Knowledge Sharing Report 2021-2022,1/11/2022,"Distributed energy resources, Solar energy, Solar PV R&amp;D",Project MATCH,https://arena.gov.au/knowledge-bank/project-match-knowledge-sharing-report-2021-2022/,"Reports, Lessons",https://arena.gov.au/projects/project-match/,2021,Past
Biological Hydrogen Production End of Activity Report,31/10/2022,Hydrogen energy,Biological Hydrogen Production,https://arena.gov.au/knowledge-bank/biological-hydrogen-production-end-of-activity-report/,Reports,https://arena.gov.au/projects/biological-hydrogen-production/,2018,Past
ARENA Insights Newsletter Edition #41,25/10/2022,Renewables for industry,,https://arena.gov.au/knowledge-bank/arena-insights-newsletter-edition-41/,InsightNewsletter,,,
Addressing Black Spot Fast Charging Program Lessons Learnt Report 2,25/10/2022,Electric vehicles,Ampol Addressing Blackspots Fast Charging,https://arena.gov.au/knowledge-bank/addressing-black-spot-fast-charging-program-lessons-learnt-report-2/,Reports,https://arena.gov.au/projects/ampol-addressing-blackspots-fast-charging-project/,2021,Past
Evie Networks Future Fuels Fast Charging Lessons Learnt 2,22/10/2022,Electric vehicles,Evie Networks Future Fuels Public Fast Charging,https://arena.gov.au/knowledge-bank/evie-networks-future-fuels-fast-charging-lessons-learnt-2/,"Reports, Lessons",https://arena.gov.au/projects/evie-networks-future-fuels-public-fast-charging/,2021,Past
Port Kembla Steelworks Identification of Prioritised Options,7/10/2022,Hydrogen energy,Port Kembla Steelworks Renewables & Emissions Reduction Study,https://arena.gov.au/knowledge-bank/port-kembla-steelworks-identification-of-prioritised-options/,Reports,https://arena.gov.au/projects/port-kembla-steelworks-renewables-emissions-reduction-study/,2022,Past
ASTRI Australian Solar Thermal Research Institute Public Dissemination Report 2021,4/10/2022,"Concentrated solar thermal, Solar energy",ASTRI Australian Solar Thermal Research Institute,https://arena.gov.au/knowledge-bank/astri-australian-solar-thermal-research-institute-public-dissemination-report-2021/,Reports,https://arena.gov.au/projects/astri-australian-solar-thermal-research-institute/,2012,Past
AGL EV Orchestration Trial Lessons Learnt Report 4,30/09/2022,"Battery storage, Electric vehicles",AGL Electric Vehicle Orchestration Trial,https://arena.gov.au/knowledge-bank/agl-ev-orchestration-trial-lessons-learnt-report-4/,"Reports, Lessons",https://arena.gov.au/projects/agl-electric-vehicle-orchestration-trial/,2020,Past
ARENA Insights Newsletter Edition #40,30/09/2022,Distributed energy resources,,https://arena.gov.au/knowledge-bank/arena-insights-newsletter-edition-40/,InsightNewsletter,,,
Kidston Pumped Hydro Lessons Learnt 5,30/09/2022,Hydropower / Pumped Hydro Energy Storage,Kidston Pumped Hydro Energy Storage,https://arena.gov.au/knowledge-bank/kidston-pumped-hydro-lessons-learnt-5/,"Reports, Lessons",https://arena.gov.au/projects/kidston-pumped-hydro-energy-storage/,2021,Current
Narara Ecovillage Smart Grid Lessons Learnt Report 2,30/09/2022,"Battery storage, Hybrid technologies, Renewables in buildings, Solar energy, Solar PV R&amp;D",Narara Ecovillage Smart Grid,https://arena.gov.au/knowledge-bank/narara-ecovillage-smart-grid-lessons-learnt-report-2/,"Reports, Lessons",https://arena.gov.au/projects/narara-ecovillage-smart-grid/,2016,Past
Creating Value from V2G - Business Model Report,30/09/2022,Electric vehicles,Realising Electric Vehicle-to-Grid Services,https://arena.gov.au/knowledge-bank/creating-value-from-v2g-business-model-report/,Reports,https://arena.gov.au/projects/realising-electric-vehicle-to-grid-services/,2020,Past
Vapour Deposited Passivating Contacts for High Efficiency Silicon Solar Cells,30/09/2022,"Solar energy, Solar PV R&amp;D",Vapour Deposited Passivating Contacts for High Efficiency Silicon Solar Cells,https://arena.gov.au/knowledge-bank/vapour-deposited-passivating-contacts-for-high-efficiency-silicon-solar-cells/,"Reports, Lessons",https://arena.gov.au/projects/vapour-deposited-passivating-contacts-for-high-efficiency-silicon-solar-cells/,2020,Past
5B Maverick Solar PV Automated Assembly & Deployment Lessons Learnt Report 2,30/09/2022,"Solar energy, Solar PV R&amp;D",5B Maverick Solar PV Automated Assembly & Deployment,https://arena.gov.au/knowledge-bank/5b-maverick-solar-pv-automated-assembly-deployment-lessons-learnt-report-2/,"Reports, Lessons",https://arena.gov.au/projects/5b-maverick-solar-pv-automated-assembly-deployment/,2021,Past
SunHQ Market and Technology Report,30/09/2022,Hydrogen energy,Renewable Hydrogen Demonstration for Heavy Transport,https://arena.gov.au/knowledge-bank/sunhq-market-and-technology-report/,Reports,https://arena.gov.au/projects/renewable-hydrogen-demonstration-for-heavy-transport/,2021,Past
DEIP Market Integration Trials Summary Report 1.0,29/09/2022,Distributed energy resources,,https://arena.gov.au/knowledge-bank/deip-der-market-integration-trials-summary-report/,Reports,,,
DEIP Dive - EV and DER Market Integration Event Summary and Presentations,29/09/2022,Distributed energy resources,,https://arena.gov.au/knowledge-bank/deip-dive-ev-and-der-market-integration-event-presentations/,Presentation,,,
Launch of a Photothermal Absorption Spectrometer for Cost Reduction in Photovoltaic Materials Lessons Learnt,27/09/2022,"Solar energy, Solar PV R&amp;D",Photothermal Absorption Spectrometer for Cost Reduction in PV Materials,https://arena.gov.au/knowledge-bank/launch-of-a-photothermal-absorption-spectrometer-for-cost-reduction-in-photovoltaic-materials-lessons-learnt/,"Reports, Lessons",https://arena.gov.au/projects/photothermal-absorption-spectrometer-for-cost-reduction-in-pv-materials/,2019,Past
ENGIE Future Fuels Public Fast Charging Lessons Learnt 2,24/09/2022,Electric vehicles,ENGIE Future Fuels Public Fast Charging,https://arena.gov.au/knowledge-bank/engie-future-fuels-public-fast-charging-lessons-learnt-2/,"Reports, Lessons",https://arena.gov.au/projects/engie-future-fuels-public-fast-charging/,2021,Past
Efficient Solar Hydrogen Generation Final Report,22/09/2022,Hydrogen energy,Efficient Solar Hydrogen Generation,https://arena.gov.au/knowledge-bank/efficient-solar-hydrogen-generation-final-report/,Reports,https://arena.gov.au/projects/efficient-solar-hydrogen-generation/,2018,Past
The Innovation Hub for Affordable Heating and Cooling (i-Hub) Final Report,20/09/2022,"Demand response, Distributed energy resources",Affordable Heating and Cooling Innovation Hub (iHub),https://arena.gov.au/knowledge-bank/the-innovation-hub-for-affordable-heating-and-cooling-i-hub-final-report/,Reports,https://arena.gov.au/projects/affordable-heating-and-cooling-innovation-hub-ihub/,2019,Past
RayGen Solar Power Plant Demonstration Project Lessons Learnt 2,16/09/2022,"Concentrated solar thermal, Solar energy",RayGen Solar Power Plant Demonstration,https://arena.gov.au/knowledge-bank/raygen-solar-power-plant-demonstration-project-lessons-learnt-2/,"Reports, Lessons",https://arena.gov.au/projects/raygen-solar-power-plant-demonstration/,2021,Past
Meridian Extended Forecasting Project Report,16/09/2022,Wind energy,Wind Forecasting Demonstration Project,https://arena.gov.au/knowledge-bank/meridian-extended-forecasting-project-report/,Reports,https://arena.gov.au/projects/wind-forecasting-demonstration-project/,2019,Past
"The Electricity System Benefits of Improved, Short-Term Wind Generation Forecasts",16/09/2022,Wind energy,Wind Forecasting Demonstration Project,https://arena.gov.au/knowledge-bank/the-electricity-system-benefits-of-improved-short-term-wind-generation-forecasts/,Reports,https://arena.gov.au/projects/wind-forecasting-demonstration-project/,2019,Past
Tesla Virtual Power Plant Lessons Learnt Report 2,15/09/2022,Battery storage,Tesla Virtual Power Plant,https://arena.gov.au/knowledge-bank/tesla-virtual-power-plant-lessons-learnt-report-2/,"Reports, Lessons",https://arena.gov.au/projects/tesla-virtual-power-plant/,2020,Past
The Generator Operations Series: Benchmarking Large-Scale Solar PV Performance in Australia,31/08/2022,Large-scale solar,,https://arena.gov.au/knowledge-bank/the-generator-operations-series-benchmarking-large-scale-solar-pv-performance-in-australia/,Reports,,,
Port Gregory Microgrid Knowledge Sharing Final Report,31/08/2022,"Battery storage, Hybrid technologies, Large-scale solar, Solar energy, Wind energy","Advanced Energy Resources Wind, Solar and Battery Project",https://arena.gov.au/knowledge-bank/port-gregory-microgrid-knowledge-sharing-final-report/,Reports,https://arena.gov.au/projects/advanced-energy-resources-wind-solar-and-battery-project/,2019,Current
Alinta Fortescue Solar Gas Hybrid Project Lessons Learnt Commissioning and Testing Phase,27/08/2022,"Battery storage, Hybrid technologies, Solar energy, Solar PV R&amp;D",APA Fortescue Solar Gas Hybrid Project,https://arena.gov.au/knowledge-bank/alinta-lessons-learnt-commissioning-and-testing-phase/,"Reports, Lessons",https://arena.gov.au/projects/alinta-fortescue-solar-gas-hybrid-project/,2019,Current
Building Integrated Photovoltaics (BIPV) Enabler Final Report,19/08/2022,Renewables in buildings,Building Integrated Photovoltaics (BIPV) Enabler,https://arena.gov.au/knowledge-bank/building-integrated-photovoltaics-bipv-enabler-final-report/,Reports,https://arena.gov.au/projects/building-integrated-photovoltaics-bipv-enabler/,2019,Past
Yanderra Shallow Geothermal-Solar Systems Demonstration Lessons Learnt 1,10/08/2022,Geothermal energy,Yanderra Shallow Geothermal Solar Systems Demonstration Project,https://arena.gov.au/knowledge-bank/yanderra-shallow-geothermal-solar-systems-demonstration-lessons-learnt-1/,"Reports, Lessons",https://arena.gov.au/projects/yanderra-shallow-geothermal-solar-systems-demonstration-project/,2021,Past
ARENA Insights Webinar: Grid Forming Inverters,9/08/2022,System security and reliability,,https://arena.gov.au/knowledge-bank/arena-insights-webinar-grid-forming-inverters/,"Insights, Videos",,,
Port Kembla Steelworks Renewables & Emissions Reduction Study Lessons Learnt 1,9/08/2022,Hydrogen energy,Port Kembla Steelworks Renewables & Emissions Reduction Study,https://arena.gov.au/knowledge-bank/port-kembla-steelworks-renewables-emissions-reduction-study-lessons-learnt-1/,"Reports, Lessons",https://arena.gov.au/projects/port-kembla-steelworks-renewables-emissions-reduction-study/,2022,Past
ARENA Insights Newsletter Edition #39,8/08/2022,Bioenergy / Energy from waste,,https://arena.gov.au/knowledge-bank/arena-insights-newsletter-edition-39/,InsightNewsletter,,,
Project Symphony Lessons Learnt 2,1/08/2022,Distributed energy resources,Western Australia Distributed Energy Resources Orchestration Pilot (Project Symphony),https://arena.gov.au/knowledge-bank/project-symphony-lessons-learnt-2/,"Reports, Lessons",https://arena.gov.au/projects/western-australia-distributed-energy-resources-orchestration-pilot/,2021,Past
Malabar Biomethane Injection Project Lessons Learnt Report 2,30/07/2022,Bioenergy / Energy from waste,Malabar Biomethane Injection Project,https://arena.gov.au/knowledge-bank/malabar-biomethane-injection-project-lessons-learnt-report-2/,"Reports, Lessons",https://arena.gov.au/projects/malabar-biomethane-injection-project/,2020,Past
Australian Hydrogen Centre Regional Towns Study,30/07/2022,Hydrogen energy,Australian Hydrogen Centre,https://arena.gov.au/knowledge-bank/australian-hydrogen-centre-regional-towns-study/,Reports,https://arena.gov.au/projects/australian-hydrogen-centre/,2019,Past
Malabar Biomethane Project Proof of Concept Life Cycle Assessment,29/07/2022,Bioenergy / Energy from waste,Malabar Biomethane Injection Project,https://arena.gov.au/knowledge-bank/malabar-biomethane-project-proof-of-concept-life-cycle-assessment/,Reports,https://arena.gov.au/projects/malabar-biomethane-injection-project/,2020,Past
Minituarised Methanol Production as Hydrogen Carrier from Biomass Pyrolysis Syngas,29/07/2022,Hydrogen energy,UWA Methanol from Syngas Research & Development,https://arena.gov.au/knowledge-bank/minituarised-methanol-production-as-hydrogen-carrier-from-biomass-pyrolysis-syngas/,Reports,https://arena.gov.au/projects/uwa-methanol-from-syngas-research-and-development/,2018,Past
ARENA Insights - Thermal Energy Storage Summit,28/07/2022,Renewables for industry,,https://arena.gov.au/knowledge-bank/arena-insights-thermal-energy-storage-unit/,Presentation,,,
Review of Dynamic Operating Envelope Adoption by DNSPs,25/07/2022,Distributed energy resources,,https://arena.gov.au/knowledge-bank/review-of-dynamic-operating-envelope-adoption-by-dnsps/,Reports,,,
Intellihub - Street Light Pole EV Charger with Grid Integration - Lessons Learnt Report 1,22/07/2022,Renewables for industry,Intellihub Street Power Pole EV Charger with Grid Integration,https://arena.gov.au/knowledge-bank/intellihub-street-light-pole-ev-charger-with-grid-integration-project-report/,Reports,https://arena.gov.au/projects/intellihub-street-power-pole-ev-charger-with-grid-integration/,2021,Past
Lake Bonney Operational Report 3 and 4,20/07/2022,Battery storage,Lake Bonney Battery Energy Storage System,https://arena.gov.au/knowledge-bank/lake-bonney-operational-report-3-and-4/,Reports,https://arena.gov.au/projects/lake-bonney-battery-energy-storage-system/,2018,Past
Project Edge Public Customer Insight and Engagement Study Interim Report,8/07/2022,System security and reliability,AEMO - Project EDGE (Energy Demand and Generation Exchange),https://arena.gov.au/knowledge-bank/project-edge-public-customer-insight-and-engagement-study-interim-report/,Reports,https://arena.gov.au/projects/project-edge-energy-demand-and-generation-exchange/,2020,Past
Project Edge Interim Public Project Report,8/07/2022,System security and reliability,AEMO - Project EDGE (Energy Demand and Generation Exchange),https://arena.gov.au/knowledge-bank/project-edge-interim-public-project-report/,Reports,https://arena.gov.au/projects/project-edge-energy-demand-and-generation-exchange/,2020,Past
Underground Pumped Hydro Energy Storage Project Final Report,1/07/2022,Hydropower / Pumped Hydro Energy Storage,Centennial Pumped Hydro Energy Storage,https://arena.gov.au/knowledge-bank/underground-pumped-hydro-energy-storage-project-final-report/,Reports,https://arena.gov.au/projects/centennial-pumped-hydro-energy-storage/,2021,Past
2021 Annual Report ' Australian Centre for Advanced Photovoltaics,1/07/2022,"Solar energy, Solar PV R&amp;D",Australian Centre for Advanced Photovoltaics (ACAP),https://arena.gov.au/knowledge-bank/2021-annual-report-australian-centre-for-advanced-photovoltaics/,Reports,https://arena.gov.au/projects/australian-centre-for-advanced-photovoltaics-acap/,2012,Current
Realising Electric Vehicle-to-Grid Services Crossing Sectors Report,30/06/2022,Electric vehicles,Realising Electric Vehicle-to-Grid Services,https://arena.gov.au/knowledge-bank/realising-electric-vehicle-to-grid-services-crossing-sectors-report/,Reports,https://arena.gov.au/projects/realising-electric-vehicle-to-grid-services/,2020,Past
Realising Electric Vehicle-to-Grid Services Final Social Report,30/06/2022,Electric vehicles,Realising Electric Vehicle-to-Grid Services,https://arena.gov.au/knowledge-bank/realising-electric-vehicle-to-grid-services-final-social-report/,Reports,https://arena.gov.au/projects/realising-electric-vehicle-to-grid-services/,2020,Past
Gridded Renewables Nowcasting Demonstration over SA Public Report,30/06/2022,System security and reliability,Gridded Renewables Nowcasting Demonstration over South Australia,https://arena.gov.au/knowledge-bank/gridded-renewables-nowcasting-demonstration-over-sa-public-report/,Reports,https://arena.gov.au/projects/gridded-renewables-nowcasting-demonstration-over-south-australia/,2020,Past
Kidston Pumped Hydro Lessons Learnt 4,30/06/2022,Hydropower / Pumped Hydro Energy Storage,Kidston Pumped Hydro Energy Storage,https://arena.gov.au/knowledge-bank/kidston-pumped-hydro-lessons-learnt-4/,"Reports, Lessons",https://arena.gov.au/projects/kidston-pumped-hydro-energy-storage/,2021,Current
Central Queensland Hydrogen Project Feasibility Study,30/06/2022,Hydrogen energy,Stanwell Central Queensland Hydrogen Project Feasibility Study,https://arena.gov.au/knowledge-bank/central-queensland-hydrogen-project-feasibility-study/,Reports,https://arena.gov.au/projects/stanwell-central-queensland-hydrogen-project-feasibility-study/,2021,Past
Assessment of FCAS Capabilities of a V2G Capable EV Charger - A Case Study,30/06/2022,Electric vehicles,Realising Electric Vehicle-to-Grid Services,https://arena.gov.au/knowledge-bank/assessment-of-fcas-capabilities-of-a-v2g-capable-ev-charger-a-case-study/,Reports,https://arena.gov.au/projects/realising-electric-vehicle-to-grid-services/,2020,Past
ANU Hydrogen Generation by Electro-Catalytic Systems Final Report,30/06/2022,Hydrogen energy,Bio Inspired Hydrogen Generation,https://arena.gov.au/knowledge-bank/anu-hydrogen-generation-by-electro-catalytic-systems-final-report/,Reports,https://arena.gov.au/projects/bio-inspired-hydrogen-generation/,2018,Past
Fairwater Living Lab Residential Heat Pump Study Annual Public Report,30/06/2022,Geothermal energy,Residential Heat Pump Study,https://arena.gov.au/knowledge-bank/fairwater-living-lab-residential-heat-pump-study-annual-public-report/,Reports,https://arena.gov.au/projects/residential-heat-pump-study/,2018,Past
SunHQ Market Lessons Learnt 1,27/06/2022,Hydrogen energy,Renewable Hydrogen Demonstration for Heavy Transport,https://arena.gov.au/knowledge-bank/sunhq-market-lessons-learnt-1/,"Reports, Lessons",https://arena.gov.au/projects/renewable-hydrogen-demonstration-for-heavy-transport/,2021,Past
NT SETuP Performance Report 3,26/06/2022,"Battery storage, Hybrid technologies, Off grid, Solar energy",NT Solar Energy Transformation Program,https://arena.gov.au/knowledge-bank/nt-setup-performance-report-3/,Reports,https://arena.gov.au/projects/northern-territory-solar-energy-transformation-program/,2014,Past
ARENA Insights Newsletter Edition #38,24/06/2022,Electric vehicles,,https://arena.gov.au/knowledge-bank/arena-insights-newsletter-edition-38/,InsightNewsletter,,,
Flexible Exports Lessons Learnt Report 4,23/06/2022,"Solar energy, Solar PV R&amp;D",SA Power Networks Flexible Exports for Solar PV Trial,https://arena.gov.au/knowledge-bank/flexible-exports-lessons-learnt-report-4/,"Reports, Lessons",https://arena.gov.au/projects/sa-power-networks-flexible-exports-for-solar-pv-trial/,2020,Past
Setting Up Industrial Regions for Net Zero: Phase 2 Report,20/06/2022,Renewables for industry,Australian Industry ETI Delivery Stage Project,https://arena.gov.au/knowledge-bank/setting-up-industrial-regions-for-net-zero-phase-2-report/,"Reports, Lessons",https://arena.gov.au/projects/australian-industry-eti-delivery-stage-project/,2021,Past
Realising Electric Vehicle-to-Grid Services Lessons Learnt 2,31/05/2022,Electric vehicles,Realising Electric Vehicle-to-Grid Services,https://arena.gov.au/knowledge-bank/realising-electric-vehicle-to-grid-services-lessons-learnt-2/,"Reports, Lessons",https://arena.gov.au/projects/realising-electric-vehicle-to-grid-services/,2020,Past
Jemena Dynamic Electric Vehicle Charging Trial Lessons Learnt 2,31/05/2022,Electric vehicles,Jemena Dynamic Electric Vehicle Charging Trial,https://arena.gov.au/knowledge-bank/jemena-dynamic-electric-vehicle-charging-trial-lessons-learnt-2/,"Reports, Lessons",https://arena.gov.au/projects/jemena-dynamic-electric-vehicle-charging-trial/,2020,Past
Origin Energy Electric Vehicles Smart Charging Trial Lessons Learnt 2,30/05/2022,Electric vehicles,Origin Energy Electric Vehicles Smart Charging Trial,https://arena.gov.au/knowledge-bank/origin-energy-electric-vehicles-smart-charging-trial-lessons-learnt-2/,"Reports, Lessons",https://arena.gov.au/projects/origin-energy-electric-vehicles-smart-charging-trial/,2020,Past
Advanced High-Efficiency Silicon Solar Cells Final Report,30/05/2022,"Solar energy, Solar PV R&amp;D",Advanced High-Efficiency Silicon Solar Cells,https://arena.gov.au/knowledge-bank/advanced-high-efficiency-silicon-solar-cells-final-report/,Reports,https://arena.gov.au/projects/advanced-high-efficiency-silicon-solar-cells/,2017,Past
Evie Networks Future Fuels Fast Charging Lessons Learnt 1,30/05/2022,Electric vehicles,Evie Networks Future Fuels Public Fast Charging,https://arena.gov.au/knowledge-bank/evie-networks-future-fuels-fast-charging-lessons-learnt-1/,"Reports, Lessons",https://arena.gov.au/projects/evie-networks-future-fuels-public-fast-charging/,2021,Past
ENGIE Future Fuels Public Fast Charging Lessons Learnt 1,30/05/2022,Electric vehicles,ENGIE Future Fuels Public Fast Charging,https://arena.gov.au/knowledge-bank/engie-future-fuels-public-fast-charging-lessons-learnt-1/,"Reports, Lessons",https://arena.gov.au/projects/engie-future-fuels-public-fast-charging/,2021,Past
Harmonic Study ' Large Renewable Energy Generators Final Report,30/05/2022,System security and reliability,Impact and Management of Harmonic Distortion for Large Renewable Generators,https://arena.gov.au/knowledge-bank/harmonic-study-large-renewable-energy-generators-final-report/,Reports,https://arena.gov.au/projects/impact-and-management-of-harmonic-distortion-for-large-renewable-generators/,2020,Past
Barcaldine Solar Farm Knowledge Sharing Report,18/05/2022,"Large-scale solar, Solar energy",Barcaldine Remote Community Solar Farm,https://arena.gov.au/knowledge-bank/barcaldine-solar-farm-knowledge-sharing-report/,Reports,https://arena.gov.au/projects/barcaldine-remote-community-solar-farm/,2014,Past
Advancing Renewables in the Manufacturing Sector Final Report,10/05/2022,Renewables for industry,Advancing Renewables in the Manufacturing Sector,https://arena.gov.au/knowledge-bank/advancing-renewables-in-the-manufacturing-sector-final-report/,Reports,https://arena.gov.au/projects/advancing-renewables-in-the-manufacturing-sector/,2019,Past
Next Generation Electric Bus Depot Lessons Learnt 1,5/05/2022,Battery storage,Next Generation Electric Bus Depot,https://arena.gov.au/knowledge-bank/next-generation-electric-bus-depot-lessons-learnt-1/,"Reports, Lessons",https://arena.gov.au/projects/next-generation-electric-bus-depot/,2021,Past
Project SHIELD Lessons Learnt Report 3,30/04/2022,Distributed energy resources,Project SHIELD - Synchronising Heterogeneous Information to Evaluate Limits for DNSP,https://arena.gov.au/knowledge-bank/project-shield-lessons-learnt-report-3/,"Reports, Lessons",https://arena.gov.au/projects/project-shield/,2020,Past
Hydrogen to Ammonia Research and Development Public Report,30/04/2022,Hydrogen energy,Hydrogen to Ammonia Research and Development,https://arena.gov.au/knowledge-bank/hydrogen-to-ammonia-research-and-development-public-report/,Reports,https://arena.gov.au/projects/hydrogen-to-ammonia/,2018,Past
OMPS New England PHES Benefits Study,30/04/2022,Hydropower / Pumped Hydro Energy Storage,OMPS New England PHES Benefits Study,https://arena.gov.au/knowledge-bank/omps-new-england-phes-benefits-study/,Reports,https://arena.gov.au/projects/omps-new-england-phes-benefits-study/,2019,Past
Project SHIELD Stage 1 Outcomes Report,30/04/2022,Distributed energy resources,Project SHIELD - Synchronising Heterogeneous Information to Evaluate Limits for DNSP,https://arena.gov.au/knowledge-bank/project-shield-stage-1-outcomes-report/,Reports,https://arena.gov.au/projects/project-shield/,2020,Past
Hardwick Meatworks Heat Pump Installation and Power Upgrade Demonstration - Lessons Learnt Report 1,29/04/2022,Renewables for industry,Hardwick Meatworks Heat Pump Installation and Power Upgrade Demonstration,https://arena.gov.au/knowledge-bank/hardwicks-meatworks-lessons-learnt-report-1/,"Reports, Lessons",https://arena.gov.au/projects/hardwick-meatworks-heat-pump-installation-and-power-upgrade-demonstration/,2022,Past
Wave Swell Energy Lessons Learnt 3,29/04/2022,Ocean energy,UniWave200 King Island Project - Wave Swell,https://arena.gov.au/knowledge-bank/wave-swell-energy-lessons-learnt-3/,"Reports, Lessons",https://arena.gov.au/projects/uniwave200-king-island-project-wave-swell/,2019,Past
Wave Swell Energy Lessons Learnt 2,29/04/2022,Ocean energy,UniWave200 King Island Project - Wave Swell,https://arena.gov.au/knowledge-bank/wave-swell-energy-lessons-learnt-2/,"Reports, Lessons",https://arena.gov.au/projects/uniwave200-king-island-project-wave-swell/,2019,Past
ARENA Insights Newsletter Edition #37,28/04/2022,Renewables for industry,,https://arena.gov.au/knowledge-bank/arena-insights-newsletter-edition-37/,InsightNewsletter,,,
Addressing Barriers to Efficient Renewable Integration Milestone 6,28/04/2022,"Solar energy, Solar PV R&amp;D, System security and reliability",UNSW Addressing Barriers to Efficient Renewable Integration,https://arena.gov.au/knowledge-bank/addressing-barriers-to-efficient-renewable-integration-milestone-6/,"Reports, Milestones",https://arena.gov.au/projects/addressing-barriers-efficient-renewable-integration/,2016,Past
Lord Howe Island Renewable Energy Project: Solar Resource Data Report,28/04/2022,"Battery storage, Hybrid technologies",Lord Howe Island Hybrid Renewable Energy System,https://arena.gov.au/knowledge-bank/lord-howe-island-renewable-energy-project-solar-resource-data-report/,Reports,https://arena.gov.au/projects/lord-howe-island-hybrid-renewable-energy-system/,2014,Past
Wave Swell Energy Lessons Learnt 1,22/04/2022,Ocean energy,UniWave200 King Island Project - Wave Swell,https://arena.gov.au/knowledge-bank/wave-swell-energy-lessons-learnt-1/,"Reports, Lessons",https://arena.gov.au/projects/uniwave200-king-island-project-wave-swell/,2019,Past
The Role of Dynamic Operating Envelopes in Co-ordinating and Optimising DER,11/04/2022,Distributed energy resources,evolve DER Project,https://arena.gov.au/knowledge-bank/the-role-of-dynamic-operating-envelopes-in-co-ordinating-and-optimising-der/,"Reports, Lessons",https://arena.gov.au/projects/evolve-der-project/,2019,Past
The Generator Operations Series: Forecasts vs Actuals from the LSS Projects,8/04/2022,Large-scale solar,,https://arena.gov.au/knowledge-bank/the-generator-operations-series-forecasts-vs-actuals-from-the-lss-projects/,Reports,,,
5B Maverick Solar PV Automated Assembly & Deployment Lessons Learnt Report 1,1/04/2022,"Solar energy, Solar PV R&amp;D",5B Maverick Solar PV Automated Assembly & Deployment,https://arena.gov.au/knowledge-bank/5b-maverick-solar-pv-automated-assembly-deployment-lessons-learnt-report-1/,"Reports, Lessons",https://arena.gov.au/projects/5b-maverick-solar-pv-automated-assembly-deployment/,2021,Past
South Australian Smart Network Project Lessons Learnt Report 2,1/04/2022,Distributed energy resources,Rheem Active Hot Water Control,https://arena.gov.au/knowledge-bank/south-australian-smart-network-project-lessons-learnt-report-2/,"Reports, Lessons",https://arena.gov.au/projects/rheem-active-hot-water-control/,2019,Past
Project Symphony Distribution Constraints Optimisation Algorithm Report,31/03/2022,Distributed energy resources,Western Australia Distributed Energy Resources Orchestration Pilot (Project Symphony),https://arena.gov.au/knowledge-bank/project-symphony-distribution-constraints-optimisation-algorithm-report/,Reports,https://arena.gov.au/projects/western-australia-distributed-energy-resources-orchestration-pilot/,2021,Past
Energy from Waste through Pyrolysis Project Lessons Learnt Report 3,31/03/2022,Bioenergy / Energy from waste,Energy from Waste Through Pyrolysis,https://arena.gov.au/knowledge-bank/energy-from-waste-through-pyrolysis-project-lessons-learnt-report-3/,"Reports, Lessons",https://arena.gov.au/projects/energy-from-waste-through-pyrolysis/,2020,Past
Thermal Energy Storage for Renewable Energy Uptake in Wineries White Paper,31/03/2022,Renewables for industry,Advancing Renewables with PCM Thermal Energy Storage,https://arena.gov.au/knowledge-bank/thermal-energy-storage-for-renewable-energy-uptake-in-wineries-white-paper/,Reports,https://arena.gov.au/projects/advancing-renewables-with-pcm-thermal-energy-storage/,2019,Past
Delivering the Design for Australia&rsquo;s First Biosolids Gasification Facility,30/03/2022,Bioenergy / Energy from waste,Logan City Biosolids Gasification Project,https://arena.gov.au/knowledge-bank/delivering-the-design-for-australias-first-biosolids-gasification-facility/,Reports,https://arena.gov.au/projects/logan-city-biosolids-gasification-project/,2019,Current
Addressing Black Spots Fast Charging Program Lessons Learnt,30/03/2022,Electric vehicles,Ampol Addressing Blackspots Fast Charging,https://arena.gov.au/knowledge-bank/addressing-black-spots-fast-charging-program-lessons-learnt/,"Reports, Lessons",https://arena.gov.au/projects/ampol-addressing-blackspots-fast-charging-project/,2021,Past
Gold Fields Agnew Gold Mine Final Report,30/03/2022,"Battery storage, Hybrid technologies, Off grid, Solar energy, Solar PV R&amp;D, Wind energy",Agnew Renewable Energy Microgrid,https://arena.gov.au/knowledge-bank/gold-fields-agnew-gold-mine-final-report/,"Reports, Lessons",https://arena.gov.au/projects/agnew-renewable-energy-microgrid/,2019,Past
DEIP Dynamic Operating Envelopes Workstream Final Outcomes Webinar,30/03/2022,Distributed energy resources,,https://arena.gov.au/knowledge-bank/deip-dynamic-operating-envelopes-workstream-final-outcomes-webinar/,Presentation,,,
AGL EV Orchestration Trial Lessons Learnt Report 3,30/03/2022,Electric vehicles,,https://arena.gov.au/knowledge-bank/agl-ev-orchestration-trial-lessons-learnt-report-3/,"Reports, Lessons",,,
Case Study Grid Performance of a V2G Capable EV Charger,29/03/2022,Electric vehicles,Realising Electric Vehicle-to-Grid Services,https://arena.gov.au/knowledge-bank/case-study-grid-performance-of-a-v2g-capable-ev-charger/,Reports,https://arena.gov.au/projects/realising-electric-vehicle-to-grid-services/,2020,Past
Integrating Concentrating Solar Thermal Energy into the Bayer Alumina Process,28/03/2022,"Concentrated solar thermal, Solar energy",Integrating Concentrating Solar Thermal Energy,https://arena.gov.au/knowledge-bank/integrating-concentrating-solar-thermal-energy-into-the-bayer-alumina-process/,Reports,https://arena.gov.au/projects/integrating-concentrating-solar-thermal-energy-into-the-bayer-alumina-process/,2016,Past
ARENA Insights Newsletter Edition #36,25/03/2022,Renewables for industry,,https://arena.gov.au/knowledge-bank/arena-insights-newsletter-edition-36/,InsightNewsletter,,,
Renewable Energy for Process Heat Opportunity Study Final Report,24/03/2022,Renewables for industry,Renewable Energy for Process Heat Opportunity Study Phase 2,https://arena.gov.au/knowledge-bank/renewable-energy-for-process-heat-opportunity-study-final-report/,Reports,https://arena.gov.au/projects/renewable-energy-for-process-heat-opportunity-study-phase-2/,2020,Past
Insights Spotlight Interview with AIRAH,24/03/2022,"Demand response, Distributed energy resources",Affordable Heating and Cooling Innovation Hub (iHub),https://arena.gov.au/knowledge-bank/insights-spotlight-interview-with-airah/,"Reports, Insights",https://arena.gov.au/projects/affordable-heating-and-cooling-innovation-hub-ihub/,2019,Past
Advancing Renewables with PCM Thermal Energy Storage Case Study,24/03/2022,Renewables for industry,Advancing Renewables with PCM Thermal Energy Storage,https://arena.gov.au/knowledge-bank/advancing-renewables-with-pcm-thermal-energy-storage-case-study/,Reports,https://arena.gov.au/projects/advancing-renewables-with-pcm-thermal-energy-storage/,2019,Past
Business Renewables Centre Australia Final Report,22/03/2022,"Renewables for industry, Renewables in buildings",Business Renewables Centre Australia,https://arena.gov.au/knowledge-bank/business-renewables-centre-australia-final-report/,Reports,https://arena.gov.au/projects/business-renewables-centre-australia/,2018,Past
Indra Monash Smart Energy City Final Report,22/03/2022,"Distributed energy resources, Renewables in buildings",Indra Monash Smart City,https://arena.gov.au/knowledge-bank/indra-monash-smart-energy-city-final-report/,"Reports, Lessons",https://arena.gov.au/projects/indra-monash-smart-city/,2018,Past
Kidston Pumped Hydro Lessons Learnt 3,22/03/2022,Hydropower / Pumped Hydro Energy Storage,Kidston Pumped Hydro Energy Storage,https://arena.gov.au/knowledge-bank/kidston-pumped-hydro-lessons-learnt-3/,"Reports, Lessons",https://arena.gov.au/projects/kidston-pumped-hydro-energy-storage/,2021,Current
Project Symphony Aggregator Report,17/03/2022,Distributed energy resources,Western Australia Distributed Energy Resources Orchestration Pilot (Project Symphony),https://arena.gov.au/knowledge-bank/project-symphony-aggregator-report/,Reports,https://arena.gov.au/projects/western-australia-distributed-energy-resources-orchestration-pilot/,2021,Past
Project Symphony DER Service Valuation Report,17/03/2022,Distributed energy resources,Western Australia Distributed Energy Resources Orchestration Pilot (Project Symphony),https://arena.gov.au/knowledge-bank/project-symphony-der-service-valuation-report/,Reports,https://arena.gov.au/projects/western-australia-distributed-energy-resources-orchestration-pilot/,2021,Past
Project Symphony DER Services Report,17/03/2022,Distributed energy resources,Western Australia Distributed Energy Resources Orchestration Pilot (Project Symphony),https://arena.gov.au/knowledge-bank/project-symphony-der-services-report/,Reports,https://arena.gov.au/projects/western-australia-distributed-energy-resources-orchestration-pilot/,2021,Past
Antimony Chalcogenide: Top Cell Alternative for Silicon Tandem Cells Mid Report,13/03/2022,"Solar energy, Solar PV R&amp;D",Antimony Chalcogenide: Top Cell Alternative for Silicon Tandem Cells,https://arena.gov.au/knowledge-bank/antimony-chalcogenide-top-cell-alternative-for-silicon-tandem-cells-mid-report/,"Reports, Lessons",https://arena.gov.au/projects/antimony-chalcogenide-top-cell-alternative-for-silicon-tandem-cells/,2020,Past
Hornsdale Power Reserve Virtual Machine Mode Testing Summary Report,9/03/2022,Battery storage,Hornsdale Power Reserve Upgrade,https://arena.gov.au/knowledge-bank/hornsdale-power-reserve-virtual-machine-mode-testing-summary-report/,Reports,https://arena.gov.au/projects/hornsdale-power-reserve-upgrade/,2019,Current
Low-Voltage Grid Battery Energy Storage Systems Trial Lessons Learnt 2,8/03/2022,Battery storage,United Energy Low Voltage Battery Trial,https://arena.gov.au/knowledge-bank/low-voltage-grid-battery-energy-storage-systems-trial-lessons-learnt-2/,"Reports, Lessons",https://arena.gov.au/projects/united-energy-low-voltage-battery-trial/,2021,Past
DEIP CEO Forum 4 March 2022,4/03/2022,Distributed energy resources,,https://arena.gov.au/knowledge-bank/deip-ceo-forum-4-march-2022/,Presentation,,,
DEIP Dynamic Operating Envelopes Workstream: Outcomes Report,3/03/2022,Distributed energy resources,,https://arena.gov.au/knowledge-bank/deip-dynamic-operating-envelopes-workstream-outcomes-report/,Reports,,,
Development of Novel Hydrogen Trapping Techniques Final Report,1/03/2022,"Solar energy, Solar PV R&amp;D",Development of Novel Hydrogen Trapping Techniques,https://arena.gov.au/knowledge-bank/development-of-novel-hydrogen-trapping-techniques-final-report/,Reports,https://arena.gov.au/projects/development-of-novel-hydrogen-trapping-techniques/,2017,Past
Project Symphony Platform Functional and Non-Functional Requirements Report,28/02/2022,Distributed energy resources,Western Australia Distributed Energy Resources Orchestration Pilot (Project Symphony),https://arena.gov.au/knowledge-bank/project-symphony-platform-functional-and-non-functional-requirements-report/,Reports,https://arena.gov.au/projects/western-australia-distributed-energy-resources-orchestration-pilot/,2021,Past
Meridian Energy Australia Wind Forecasting Demonstration Project Lessons Learnt 6,28/02/2022,Wind energy,Wind Forecasting Demonstration Project,https://arena.gov.au/knowledge-bank/meridian-energy-australia-wind-forecasting-demonstration-project-lessons-learnt-6/,"Reports, Lessons",https://arena.gov.au/projects/wind-forecasting-demonstration-project/,2019,Past
Smart Sodium Storage System Final Report,28/02/2022,Battery storage,Smart Sodium Storage System,https://arena.gov.au/knowledge-bank/smart-sodium-storage-system-final-report/,Reports,https://arena.gov.au/projects/smart-sodium-storage-system-for-renewable-energy-storage/,2016,Past
Optimal DER Scheduling for Frequency Stability Study Report,27/02/2022,Distributed energy resources,Optimal DER Scheduling for Frequency Stability,https://arena.gov.au/knowledge-bank/optimal-der-scheduling-for-frequency-stability-study-report/,Reports,https://arena.gov.au/projects/optimal-der-scheduling-for-frequency-stability-study/,2019,Past
BOC Renewable Hydrogen Production and Refuelling Lessons Learnt,27/02/2022,Hydrogen energy,Renewable Hydrogen Production and Refuelling Project,https://arena.gov.au/knowledge-bank/boc-renewable-hydrogen-production-and-refuelling-lessons-learnt/,"Reports, Lessons",https://arena.gov.au/projects/renewable-hydrogen-production-and-refuelling-project/,2019,Past
SunDrive Copper Metallisation Demonstration Project Lessons Learnt Report 1,25/02/2022,"Solar energy, Solar PV R&amp;D",SunDrive Copper Metallisation Demonstration,https://arena.gov.au/knowledge-bank/sundrive-copper-metallisation-demonstration-project-lessons-learnt-report-1/,"Reports, Lessons",https://arena.gov.au/projects/sundrive-copper-metallisation-demonstration/,2020,Past
ARENA Insights Newsletter Edition #35,24/02/2022,Battery storage,,https://arena.gov.au/knowledge-bank/arena-insights-newsletter-edition-35/,InsightNewsletter,,,
Smarter Homes for Distributed Energy,23/02/2022,Distributed energy resources,,https://arena.gov.au/knowledge-bank/smarter-homes-for-distributed-energy/,Reports,,,
A Double-Sided Causer Pays Implementation of Frequency Deviation Pricing ' Final Report,4/02/2022,System security and reliability,Australian Energy Council Double-Sided Causer Pays Study,https://arena.gov.au/knowledge-bank/a-double-sided-causer-pays-implementation-of-frequency-deviation-pricing-final-report/,Reports,https://arena.gov.au/projects/australian-energy-council-double-sided-causer-pays-study/,2021,Past
A Double-Sided Causer Pays Implementation of Frequency Deviation Pricing ' Analysis Report,4/02/2022,System security and reliability,Australian Energy Council Double-Sided Causer Pays Study,https://arena.gov.au/knowledge-bank/a-double-sided-causer-pays-implementation-of-frequency-deviation-pricing-analysis-report/,Reports,https://arena.gov.au/projects/australian-energy-council-double-sided-causer-pays-study/,2021,Past
Diffuse Energy Lessons Learnt Report 4,2/02/2022,Wind energy,Resilient Wind Energy for Telecommunication Sites,https://arena.gov.au/knowledge-bank/diffuse-energy-lessons-learnt-report-4/,"Reports, Lessons",https://arena.gov.au/projects/resilient-wind-energy-for-telecommunication-sites/,2020,Past
Multi-Model and Machine Learning Wind Forecast Final Report,2/02/2022,Wind energy,Ararat Wind Farm,https://arena.gov.au/knowledge-bank/multi-model-and-machine-learning-wind-forecast-final-report/,Reports,https://arena.gov.au/projects/ararat-wind-farm/,2019,Past
Valuing Load Flexibility in the NEM,1/02/2022,Demand response,,https://arena.gov.au/knowledge-bank/valuing-load-flexibility-in-the-nem/,Reports,,,
Substitution of Niche-Market PV Production Tools with Cost-Effective Technology,31/01/2022,"Solar energy, Solar PV R&amp;D",Substitution of Niche-Market PV Production Tools with Cost-Effective Consumer-Electronics,https://arena.gov.au/knowledge-bank/substitution-of-niche-market-pv-production-tools-with-cost-effective-technology/,"Reports, Lessons",https://arena.gov.au/projects/substitution-of-niche-market-pv-production-tools-with-cost-effective-consumer-electronics/,2020,Past
Alinta Fortescue Design and Construction Lessons Learnt,30/01/2022,"Battery storage, Hybrid technologies, Solar energy, Solar PV R&amp;D",APA Fortescue Solar Gas Hybrid Project,https://arena.gov.au/knowledge-bank/alinta-fortescue-design-and-construction-lessons-learnt/,"Reports, Lessons",https://arena.gov.au/projects/alinta-fortescue-solar-gas-hybrid-project/,2019,Current
Musselroe Wind Farm Public Report,30/01/2022,"System security and reliability, Wind energy",Musselroe Wind Farm FCAS Trial,https://arena.gov.au/knowledge-bank/musselroe-wind-farm-public-report/,Reports,https://arena.gov.au/projects/musselroe-wind-farm-fcas-trial/,2018,Past
"Electric Vehicles and The Grid: Analysis, Gaps and Recommendations",30/01/2022,Electric vehicles,Realising Electric Vehicle-to-Grid Services,https://arena.gov.au/knowledge-bank/electric-vehicles-and-the-grid-analysis-gaps-and-recommendations/,Reports,https://arena.gov.au/projects/realising-electric-vehicle-to-grid-services/,2020,Past
Transgrid Wallgrove Battery Lessons Learnt 2,28/01/2022,Battery storage,TransGrid Wallgrove Battery,https://arena.gov.au/knowledge-bank/transgrid-wallgrove-battery-lessons-learnt-2/,Reports,https://arena.gov.au/projects/transgrid-wallgrove-battery/,2020,Past
Proton Flow Reactor System End of Activity Report,18/01/2022,Hydrogen energy,Proton Flow Reactor System,https://arena.gov.au/knowledge-bank/proton-flow-reactor-system-end-of-activity-report/,Reports,https://arena.gov.au/projects/proton-flow-reactor-system/,2018,Past
Metro Advertising Revenue Funded Electric Vehicle Charging Trial Lessons Learnt 2,17/01/2022,Electric vehicles,Metro Advertising Revenue Funded Electric Vehicle Charging Trial,https://arena.gov.au/knowledge-bank/metro-advertising-revenue-funded-electric-vehicle-charging-trial-lessons-learnt-2/,"Reports, Lessons",https://arena.gov.au/projects/metro-advertising-revenue-funded-electric-vehicle-charging-trial/,2020,Past
Energy from Waste through Pyrolysis Project Lessons Learnt Report 2,7/01/2022,Bioenergy / Energy from waste,Energy from Waste Through Pyrolysis,https://arena.gov.au/knowledge-bank/energy-from-waste-through-pyrolysis-project-lessons-learnt-report-2/,"Reports, Lessons",https://arena.gov.au/projects/energy-from-waste-through-pyrolysis/,2020,Past
Mount Piper Energy Recovery Final Public Report,23/12/2021,Bioenergy / Energy from waste,Mount Piper Energy Recovery Project Final Investment Decision Study,https://arena.gov.au/knowledge-bank/mount-piper-energy-recovery-final-public-report/,Reports,https://arena.gov.au/projects/mount-piper-energy-recovery-project-final-investment-decision-study/,2018,Past
ARENA Insights Newsletter Edition #34,20/12/2021,Renewables for industry,,https://arena.gov.au/knowledge-bank/arena-insights-newsletter-edition-34/,InsightNewsletter,,,
Monolithic Perovskite ' Silicon Tandem Cells: Towards Commercial Reality Project Results and Lessons Learnt 2,20/12/2021,"Solar energy, Solar PV R&amp;D",Monolithic Perovskite-Silicon Tandem Cells: Towards Commercial Reality,https://arena.gov.au/knowledge-bank/monolithic-perovskite-silicon-tandem-cells-towards-commercial-reality-project-results-and-lessons-learnt-2/,"Reports, Lessons",https://arena.gov.au/projects/monolithic-perovskite-silicon-tandem-cells/,2017,Past
High Efficiency Silicon Solar Cell Technology Final Report,20/12/2021,"Solar energy, Solar PV R&amp;D",High Efficiency Silicon Solar Cell Technology,https://arena.gov.au/knowledge-bank/high-efficiency-silicon-solar-cell-technology-final-report/,Reports,https://arena.gov.au/projects/development-and-commercialisation-of-high-efficiency-silicon-solar-cell-technology/,2010,Past
State of the Market Report 2021,13/12/2021,"Renewables for industry, Renewables in buildings",Business Renewables Centre Australia,https://arena.gov.au/knowledge-bank/state-of-the-market-2021/,Reports,https://arena.gov.au/projects/business-renewables-centre-australia/,2018,Past
Solar Beam Pumps Lessons Learnt,13/12/2021,"Solar energy, Solar PV R&amp;D",Conversion of Remote Crude Oil Beam Pumps to Solar & Battery,https://arena.gov.au/knowledge-bank/solar-beam-pumps-lessons-learnt/,"Reports, Lessons",https://arena.gov.au/projects/conversion-of-remote-crude-oil-beam-pumps/,2018,Past
Conversion of Remote Crude Oil Beam Pumps to Solar & Battery Final Report,13/12/2021,"Solar energy, Solar PV R&amp;D",Conversion of Remote Crude Oil Beam Pumps to Solar & Battery,https://arena.gov.au/knowledge-bank/final-report-conversion-of-remote-crude-oil-beam-pumps-to-solar-battery/,Reports,https://arena.gov.au/projects/conversion-of-remote-crude-oil-beam-pumps/,2018,Past
Project Symphony Lessons Learnt Report 1,7/12/2021,Distributed energy resources,Western Australia Distributed Energy Resources Orchestration Pilot (Project Symphony),https://arena.gov.au/knowledge-bank/project-symphony-lessons-learnt-report-1/,"Reports, Lessons",https://arena.gov.au/projects/western-australia-distributed-energy-resources-orchestration-pilot/,2021,Past
RayGen Solar Power Plant Demonstration Project Lessons Learnt 1,6/12/2021,"Concentrated solar thermal, Solar energy",RayGen Solar Power Plant Demonstration,https://arena.gov.au/knowledge-bank/raygen-solar-power-plant-demonstration-project-lessons-learnt-1/,"Reports, Lessons",https://arena.gov.au/projects/raygen-solar-power-plant-demonstration/,2021,Past
Kidston Pumped Hydro Lessons Learnt 2,2/12/2021,Hydropower / Pumped Hydro Energy Storage,Kidston Pumped Hydro Energy Storage,https://arena.gov.au/knowledge-bank/kidston-pumped-hydro-lessons-learnt-2/,Reports,https://arena.gov.au/projects/kidston-pumped-hydro-energy-storage/,2021,Current
ARENA Insights Newsletter Edition #33,30/11/2021,System security and reliability,,https://arena.gov.au/knowledge-bank/arena-insights-newsletter-edition-33/,InsightNewsletter,,,
ARENA Insights Spotlight: Rheem Smart Network,30/11/2021,Distributed energy resources,Rheem Active Hot Water Control,https://arena.gov.au/knowledge-bank/arena-insights-spotlight-rheem-smart-network/,"Reports, Insights",https://arena.gov.au/projects/rheem-active-hot-water-control/,2019,Past
The Role of Flexible Demand in Australia's Energy Future,30/11/2021,Demand response,,https://arena.gov.au/knowledge-bank/the-role-of-flexible-demand-in-australias-energy-future/,"Reports, Insights",,,
Gannawarra Energy Storage System Final Report,30/11/2021,Battery storage,Gannawarra Energy Storage System (GESS),https://arena.gov.au/knowledge-bank/gannawarra-energy-storage-system-final-report/,Reports,https://arena.gov.au/projects/gannawarra-energy-storage-system/,2018,Past
Manufacturing of Printed Perovskite PV Modules Final Report,30/11/2021,"Solar energy, Solar PV R&amp;D",Manufacturing of Printed Perovskite PV Modules,https://arena.gov.au/knowledge-bank/manufacturing-of-printed-perovskite-pv-modules-final-report/,Reports,https://arena.gov.au/projects/printed-perovskite-pv-modules/,2017,Past
Development of Stable Electrodes for Perovskite Solar Cells Final Report,30/11/2021,"Solar energy, Solar PV R&amp;D",Development of Stable Electrodes for Perovskite Solar Cells,https://arena.gov.au/knowledge-bank/development-of-stable-electrodes-for-perovskite-solar-cells-final-report/,Reports,https://arena.gov.au/projects/development-stable-electrodes-perovskite-solar-cells/,2017,Past
Net Zero Energy Demand Homes Lessons Learnt 1,30/11/2021,Distributed energy resources,Frasers Property Net Zero Energy Demand Homes,https://arena.gov.au/knowledge-bank/net-zero-energy-demand-homes-lessons-learnt-1/,"Reports, Lessons",https://arena.gov.au/projects/net-zero-energy-demand-homes/,2019,Past
Mount Piper Commercialisation Life Cycle Analysis,23/11/2021,Bioenergy / Energy from waste,Mount Piper Energy Recovery Project Final Investment Decision Study,https://arena.gov.au/knowledge-bank/mount-piper-commercialisation-life-cycle-analysis/,Reports,https://arena.gov.au/projects/mount-piper-energy-recovery-project-final-investment-decision-study/,2018,Past
Brimbank Aquatic and Wellness Centre Integrated Energy System Lessons Learnt 1,20/11/2021,Renewables in buildings,Brimbank Aquatic and Wellness Centre Integrated Energy System,https://arena.gov.au/knowledge-bank/brimbank-aquatic-and-wellness-centre-integrated-energy-system-lessons-learnt-1/,"Reports, Lessons",https://arena.gov.au/projects/brimbank-aquatic-and-wellness-centre-integrated-energy-system/,2020,Past
Accelerating the Growth Development of Energy Monitoring Report,19/11/2021,Renewables for industry,Accelerating the Growth Development of Energy Monitoring,https://arena.gov.au/knowledge-bank/accelerating-the-growth-development-of-energy-monitoring-report/,Reports,https://arena.gov.au/projects/accelerating-the-growth-development-of-energy-monitoring/,2018,Past
My Energy Marketplace Lessons Learnt 4,19/11/2021,Distributed energy resources,My Energy Marketplace,https://arena.gov.au/knowledge-bank/my-energy-marketplace-lessons-learnt-4/,"Reports, Lessons",https://arena.gov.au/projects/wattwatchers-my-energy-marketplace/,2019,Past
Australia's Bioenergy Roadmap Report,18/11/2021,Bioenergy / Energy from waste,,https://arena.gov.au/knowledge-bank/australias-bioenergy-roadmap-report/,Reports,,,
Presentation: Competitive Battery Funding Round ARENA Consultation,8/11/2021,Battery storage,,https://arena.gov.au/knowledge-bank/presentation-competitive-battery-funding-round-arena-consultation/,Presentation,,,
Rheem Performance Report 1,3/11/2021,Distributed energy resources,Rheem Active Hot Water Control,https://arena.gov.au/knowledge-bank/rheem-performance-report-1/,Reports,https://arena.gov.au/projects/rheem-active-hot-water-control/,2019,Past
Monash University Building Integrated PV Study Public Dissemination Report,1/11/2021,"Solar energy, Solar PV R&amp;D",Monash University Building Integrated PV Study,https://arena.gov.au/knowledge-bank/monash-university-building-integrated-pv-study-public-dissemination-report/,Reports,https://arena.gov.au/projects/monash-university-building-integrated-pv-study/,2017,Past
National Low-Voltage Feeder Taxonomy Study,30/10/2021,Distributed energy resources,National Low-Voltage Feeder Taxonomy Study,https://arena.gov.au/knowledge-bank/national-low-voltage-feeder-taxonomy-study/,Reports,https://arena.gov.au/projects/national-low-voltage-feeder-taxonomy-study/,2018,Past
Wave Energy Cost Reduction Resource Assessment Report,30/10/2021,Ocean energy,Wave Energy Cost Reduction,https://arena.gov.au/knowledge-bank/wave-energy-cost-reduction-resource-assessment-report/,Reports,https://arena.gov.au/projects/wave-energy-cost-reduction-through-location-and-configuration-optimisation/,2016,Past
Advancing Renewables with PCM Thermal Energy Storage Lessons Learnt 1,29/10/2021,Renewables for industry,Advancing Renewables with PCM Thermal Energy Storage,https://arena.gov.au/knowledge-bank/advancing-renewables-with-pcm-thermal-energy-storage-lessons-learnt-1/,"Reports, Lessons",https://arena.gov.au/projects/advancing-renewables-with-pcm-thermal-energy-storage/,2019,Past
ARENA Insights Newsletter Edition #32,28/10/2021,Renewables for industry,,https://arena.gov.au/knowledge-bank/arena-insights-newsletter-edition-32/,InsightNewsletter,,,
Insights: Mechanical Vapour Recompression for Low Carbon Alumina Refining,26/10/2021,Renewables for industry,Mechanical Vapour Recompression for Low Carbon Alumina Refining,https://arena.gov.au/knowledge-bank/insights-mechanical-vapour-recompression-for-low-carbon-alumina-refining/,"Reports, Insights",https://arena.gov.au/projects/mechanical-vapour-recompression-for-low-carbon-alumina-refining/,2021,Past
Evie Lessons Learnt Report October 2021,25/10/2021,Electric vehicles,National Ultrafast EV Charging Infrastructure Network,https://arena.gov.au/knowledge-bank/evie-lessons-learnt-report-october-2021/,"Reports, Lessons",https://arena.gov.au/projects/national-ultrafast-ev-charging-infrastructure-network/,2019,Current
Phase 3 - Full Scale Test Work Report,19/10/2021,Off grid,Intermittent Dynamic Electrowinning Using Renewable Energy,https://arena.gov.au/knowledge-bank/phase-3-full-scale-test-work-report/,Reports,https://arena.gov.au/projects/intermittent-dynamic-electrowinning/,2019,Past
Ballarat Battery Energy Storage System Final Report,15/10/2021,Battery storage,Ballarat Energy Storage System (BESS),https://arena.gov.au/knowledge-bank/ballarat-battery-energy-storage-system-final-report/,Reports,https://arena.gov.au/projects/ballarat-energy-storage-system/,2018,Past
Demand Response Short Notice Trial RERT Trial Year 3 Report,11/10/2021,Demand response,,https://arena.gov.au/knowledge-bank/demand-response-short-notice-trial-rert-trial-year-3-report/,Reports,,,
CSIRO Solid Oxide Electrolysis Final Report,7/10/2021,Hydrogen energy,Liquid Fuel Carrier Research and Development,https://arena.gov.au/knowledge-bank/csiro-solid-oxide-electrolysis-final-report/,Reports,https://arena.gov.au/projects/liquid-fuel-carrier/,2018,Past
Triple Junction Silicon Perovskite Tandem Photovoltaics Interim Report,7/10/2021,"Solar energy, Solar PV R&amp;D",Triple Junction Silicon Perovskite Tandem Photovoltaics,https://arena.gov.au/knowledge-bank/triple-junction-silicon-perovskite-tandem-photovoltaics-interim-report/,"Reports, Lessons",https://arena.gov.au/projects/triple-junction-silicon-perovskite-tandem-photovoltaics/,2020,Past
Durable Silicon Perovskite Tandem Photovoltaics,7/10/2021,"Solar energy, Solar PV R&amp;D",Durable Silicon Perovskite Tandem Photovoltaics,https://arena.gov.au/knowledge-bank/durable-silicon-perovskite-tandem-photovoltaics/,"Reports, Lessons",https://arena.gov.au/projects/durable-silicon-perovskite-tandem-photovoltaics/,2020,Past
Presentation: DEIP Public Forum October 2021,6/10/2021,Distributed energy resources,,https://arena.gov.au/knowledge-bank/presentation-deip-public-forum-october-2021/,Presentation,,,
ARENA Short Term Forecasting Funding Round Evaluation,6/10/2021,System security and reliability,,https://arena.gov.au/knowledge-bank/arena-short-term-forecasting-funding-round-evaluation/,Reports,,,
Monolithic Si/Perovskite Tandem Solar Cell Report,1/10/2021,"Solar energy, Solar PV R&amp;D",Monolithic Si/Perovskite Tandem Solar Cell: Towards High-Efficiency at Low-Cost,https://arena.gov.au/knowledge-bank/monolithic-si-perovskite-tandem-solar-cell-report/,Reports,https://arena.gov.au/projects/monolithic-si-perovskite-tandem-solar-cell-towards-high-efficiency-at-low-cost/,2020,Past
Allume Rooftop Solar Final Report,1/10/2021,"Solar energy, Solar PV R&amp;D",Allume Rooftop Solar Salvation Army Pilot Demonstration,https://arena.gov.au/knowledge-bank/allume-rooftop-solar-final-report/,Reports,https://arena.gov.au/projects/allume-rooftop-solar-salvation-army-pilot-demonstration/,2019,Past
Wave Energy Cost Predictions: A Report for Wave Swell Energy Limited,1/10/2021,Ocean energy,UniWave200 King Island Project - Wave Swell,https://arena.gov.au/knowledge-bank/wave-energy-cost-predictions-a-report-for-wave-swell-energy-limited/,Reports,https://arena.gov.au/projects/uniwave200-king-island-project-wave-swell/,2019,Past
Multifunctional Dielectric Layers Enabling Production of High-Efficiency Solar Cells Interim Report,1/10/2021,"Solar energy, Solar PV R&amp;D",Multifunctional Dielectric Layers Enabling Production of High-Efficiency Solar Cells,https://arena.gov.au/knowledge-bank/multifunctional-dielectric-layers-enabling-production-of-high-efficiency-solar-cells-interim-report/,Reports,https://arena.gov.au/projects/multifunctional-dielectric-layers-enabling-production-of-high-efficiency-solar-cells/,2020,Past
DESIJN Advanced Silicon Solar Cells Final Report,30/09/2021,"Solar energy, Solar PV R&amp;D",Advanced Silicon Solar Cells,https://arena.gov.au/knowledge-bank/desijn-advanced-silicon-solar-cells-final-report/,Reports,https://arena.gov.au/projects/advanced-silicon-solar-cells/,2017,Past
AGL EV Orchestration Trial Lessons Learnt 2,30/09/2021,"Battery storage, Electric vehicles",AGL Electric Vehicle Orchestration Trial,https://arena.gov.au/knowledge-bank/agl-ev-orchestration-trial-lessons-learnt-2/,"Reports, Lessons",https://arena.gov.au/projects/agl-electric-vehicle-orchestration-trial/,2020,Past
Project Symphony Vision and Impact Pathway,30/09/2021,Distributed energy resources,Western Australia Distributed Energy Resources Orchestration Pilot (Project Symphony),https://arena.gov.au/knowledge-bank/project-symphony-vision-and-impact-pathway/,Reports,https://arena.gov.au/projects/western-australia-distributed-energy-resources-orchestration-pilot/,2021,Past
Copper-Zinc-Tin-Sulphide on Silicon Multi-Junction Solar Cells Final Report,30/09/2021,"Solar energy, Solar PV R&amp;D",Copper-Zinc-Tin-Sulphide on Silicon Multi-Junction Solar Cells,https://arena.gov.au/knowledge-bank/copper-zinc-tin-sulphide-on-silicon-multi-junction-solar-cells-final-report/,"Reports, Lessons",https://arena.gov.au/projects/low-cost-high-efficiency-copper-zinc-tin-sulphide-czts-on-silicon-multi-junction-solar-cells/,2012,Past
deX Program Final Report,30/09/2021,Distributed energy resources,Decentralised Energy Exchange (deX) Program,https://arena.gov.au/knowledge-bank/dex-program-final-report/,Reports,https://arena.gov.au/projects/decentralised-energy-exchange/,2019,Past
Heterocontact-Polysilicon Hybrid IBC Solar Cell Lessons Learnt,30/09/2021,"Solar energy, Solar PV R&amp;D",Heterocontact-Polysilicon Hybrid Interdigitated Back Contact Solar Cells,https://arena.gov.au/knowledge-bank/heterocontact-polysilicon-hybrid-ibc-solar-cell-lessons-learnt/,"Reports, Lessons",https://arena.gov.au/projects/heterocontact-polysilicon-hybrid-interdigitated-back-contact-solar-cells/,2020,Past
Meridian Energy Australia Wind Forecasting Demonstration Project Lessons Learnt 5,30/09/2021,Wind energy,Wind Forecasting Demonstration Project,https://arena.gov.au/knowledge-bank/meridian-energy-australia-wind-forecasting-demonstration-project-lessons-learnt-5/,"Reports, Lessons",https://arena.gov.au/projects/wind-forecasting-demonstration-project/,2019,Past
ARENA Insights Newsletter Edition #31,30/09/2021,Large-scale solar,,https://arena.gov.au/knowledge-bank/arena-insights-newsletter-edition-31/,InsightNewsletter,,,
Flexible Exports for Solar PV Lessons Learnt Report 3,30/09/2021,"Solar energy, Solar PV R&amp;D",SA Power Networks Flexible Exports for Solar PV Trial,https://arena.gov.au/knowledge-bank/flexible-exports-for-solar-pv-lessons-learnt-report-3/,"Reports, Lessons",https://arena.gov.au/projects/sa-power-networks-flexible-exports-for-solar-pv-trial/,2020,Past
Mussleroe Wind Farm Provision of FCAS,30/09/2021,"System security and reliability, Wind energy",Musselroe Wind Farm FCAS Trial,https://arena.gov.au/knowledge-bank/mussleroe-wind-farm-provision-of-fcas/,Reports,https://arena.gov.au/projects/musselroe-wind-farm-fcas-trial/,2018,Past
NOJA Power Intelligent Switchgear Final Report,30/09/2021,Distributed energy resources,NOJA Power Intelligent Switchgear,https://arena.gov.au/knowledge-bank/noja-power-intelligent-switchgear-final-report/,Reports,https://arena.gov.au/projects/noja-power-intelligent-switchgear/,2017,Past
The Generator Operations Series: Negative Pricing and Bidding Behaviour on the NEM,30/09/2021,Large-scale solar,,https://arena.gov.au/knowledge-bank/genops-three-negative-pricing-and-bidding-behaviour-on-the-nem/,Reports,,,
Phase 2 - Resource Assessment Report,26/09/2021,Off grid,Intermittent Dynamic Electrowinning Using Renewable Energy,https://arena.gov.au/knowledge-bank/phase-2-resource-assessment-report/,Reports,https://arena.gov.au/projects/intermittent-dynamic-electrowinning/,2019,Past
Project MATCH Lessons Learnt Report 1,24/09/2021,"Distributed energy resources, Solar energy, Solar PV R&amp;D",Project MATCH,https://arena.gov.au/knowledge-bank/project-match-lessons-learnt-report-1/,"Reports, Lessons",https://arena.gov.au/projects/project-match/,2021,Past
Diffuse Energy Lessons Learnt Report 3,23/09/2021,Wind energy,Resilient Wind Energy for Telecommunication Sites,https://arena.gov.au/knowledge-bank/diffuse-energy-lessons-learnt-report-3/,Reports,https://arena.gov.au/projects/resilient-wind-energy-for-telecommunication-sites/,2020,Past
Bringing All-Polymer Solar Cells Closer to Commercialization Lessons Learnt 2,21/09/2021,"Solar energy, Solar PV R&amp;D",Monash University Polymer PV Study,https://arena.gov.au/knowledge-bank/bringing-all-polymer-solar-cells-closer-to-commercialization-lessons-learnt-2/,"Reports, Lessons",https://arena.gov.au/projects/monash-university-polymer-pv-study/,2017,Past
AEMO NEM Virtual Power Plant Demonstrations Knowledge Sharing Report 4,15/09/2021,Distributed energy resources,AEMO Virtual Power Plant Demonstrations,https://arena.gov.au/knowledge-bank/aemo-nem-virtual-power-plant-demonstrations-knowledge-sharing-report-4/,"Reports, Milestones",https://arena.gov.au/projects/aemo-virtual-power-plant-demonstrations/,2019,Past
Virtual Power Plant Demonstrations Consumer Insights Report,15/09/2021,Distributed energy resources,AEMO Virtual Power Plant Demonstrations,https://arena.gov.au/knowledge-bank/virtual-power-plant-demonstrations-consumer-insights-report/,Reports,https://arena.gov.au/projects/aemo-virtual-power-plant-demonstrations/,2019,Past
Reduced Solar Module Temperature Project Progress and Lessons Learnt,13/09/2021,"Solar energy, Solar PV R&amp;D",Reduced Solar Module Temperature,https://arena.gov.au/knowledge-bank/reduced-solar-module-temperature-project-progress-and-lessons-learnt/,"Reports, Lessons",https://arena.gov.au/projects/reduced-solar-module-temperature/,2020,Past
Low Solar PV Cost Interim Public Dissemination Report,9/09/2021,"Solar energy, Solar PV R&amp;D",Lower Solar PV Cost by a Combination of Luminescence Images and Machine-Learning,https://arena.gov.au/knowledge-bank/low-solar-pv-cost-interim-public-dissemination-report/,Reports,https://arena.gov.au/projects/lower-solar-pv-cost-by-a-combination-of-luminescence-images-and-machine-learning/,2020,Past
Next Generation Industrial Bifacial Silicon Solar Cells Final Report,9/09/2021,"Solar energy, Solar PV R&amp;D",Next Generation Industrial Bifacial Silicon Solar Cells,https://arena.gov.au/knowledge-bank/next-generation-industrial-bifacial-silicon-solar-cells-final-report/,Reports,https://arena.gov.au/projects/next-generation-industrial-bifacial-silicon-solar-cells-rnd015/,2017,Past
Customer Energy Management Systems Study,6/09/2021,Distributed energy resources,,https://arena.gov.au/knowledge-bank/customer-energy-management-systems-study/,Reports,,,
Low-Voltage Grid Battery Energy Storage Systems Trial Lessons Learnt 1,6/09/2021,Battery storage,United Energy Low Voltage Battery Trial,https://arena.gov.au/knowledge-bank/low-voltage-grid-battery-energy-storage-systems-trial-lessons-learnt-1/,"Reports, Lessons",https://arena.gov.au/projects/united-energy-low-voltage-battery-trial/,2021,Past
Common Smart Inverter Profile Australia,6/09/2021,Distributed energy resources,,https://arena.gov.au/knowledge-bank/common-smart-inverter-profile-australia/,Reports,,,
ARENA Insights Newsletter Edition #30,30/08/2021,Distributed energy resources,,https://arena.gov.au/knowledge-bank/arena-insights-newsletter-edition-30/,InsightNewsletter,,,
Kidston Pumped Hydro Financial Close Report,28/08/2021,Hydropower / Pumped Hydro Energy Storage,Kidston Pumped Hydro Energy Storage,https://arena.gov.au/knowledge-bank/kidston-pumped-hydro-financial-close-report/,Reports,https://arena.gov.au/projects/kidston-pumped-hydro-energy-storage/,2021,Current
Spotlight Interview with Synergy for Insights,27/08/2021,Distributed energy resources,Solar and Storage Trial at Alkimos Beach Residential Development,https://arena.gov.au/knowledge-bank/spotlight-interview-with-synergy-for-insights/,Insights,https://arena.gov.au/projects/solar-and-storage-trial-at-alkimos-beach-residential-development/,2014,Past
Driving Increased Efficiency and Reliability in Silicon Photovoltaics Final Report,25/08/2021,"Solar energy, Solar PV R&amp;D",Driving Increased Efficiency and Reliability in Silicon Photovoltaics,https://arena.gov.au/knowledge-bank/driving-increased-efficiency-and-reliability-in-silicon-photovoltaics-final-report/,Reports,https://arena.gov.au/projects/driving-increased-efficiency-reliability-silicon-photovoltaics-ingots-modules/,2017,Past
Lord Howe Island Renewable Energy Project Lessons Learnt Report,23/08/2021,"Battery storage, Hybrid technologies",Lord Howe Island Hybrid Renewable Energy System,https://arena.gov.au/knowledge-bank/lord-howe-island-renewable-energy-project-lessons-learnt-report/,"Reports, Lessons",https://arena.gov.au/projects/lord-howe-island-hybrid-renewable-energy-system/,2014,Past
Lord Howe Island Renewable Energy Project System Design Report,23/08/2021,"Battery storage, Hybrid technologies",Lord Howe Island Hybrid Renewable Energy System,https://arena.gov.au/knowledge-bank/lord-howe-island-renewable-energy-project-system-design-report/,Reports,https://arena.gov.au/projects/lord-howe-island-hybrid-renewable-energy-system/,2014,Past
Kidston Pumped Hydro Lessons Learnt,20/08/2021,Hydropower / Pumped Hydro Energy Storage,Kidston Pumped Hydro Energy Storage,https://arena.gov.au/knowledge-bank/kidston-pumped-hydro-lessons-learnt/,"Reports, Lessons",https://arena.gov.au/projects/kidston-pumped-hydro-energy-storage/,2021,Current
The Generator Operations Series: Ramp Rates for Solar and Wind Generators on the NEM,19/08/2021,Solar energy,,https://arena.gov.au/knowledge-bank/the-generator-operations-series-ramp-rates-for-solar-and-wind-generators-on-the-nem/,Reports,,,
Rooftop CST for Hospital Heating and Cooling Case Study,16/08/2021,"Concentrated solar thermal, Solar energy",Capacity Improvement and Flow Balancing of CST Heating/Cooling System,https://arena.gov.au/knowledge-bank/rooftop-cst-for-hospital-heating-and-cooling-case-study/,Reports,https://arena.gov.au/projects/capacity-improvement-and-flow-balancing-of-rooftop-cst-heating-cooling-system/,2019,Past
Australian Industry Energy Transitions Initiative Presentation,16/08/2021,Renewables for industry,Australian Industry ETI Delivery Stage Project,https://arena.gov.au/knowledge-bank/australian-industry-energy-transitions-initiative-presentation/,Presentation,https://arena.gov.au/projects/australian-industry-eti-delivery-stage-project/,2021,Past
Addressing Barriers to Efficient Renewable Integration Milestone 5,16/08/2021,"Solar energy, Solar PV R&amp;D, System security and reliability",UNSW Addressing Barriers to Efficient Renewable Integration,https://arena.gov.au/knowledge-bank/addressing-barriers-to-efficient-renewable-integration-milestone-5/,"Reports, Milestones",https://arena.gov.au/projects/addressing-barriers-efficient-renewable-integration/,2016,Past
Simply Energy VPPX ARENA Stage 3,15/08/2021,"Solar energy, Solar PV R&amp;D",Simply Energy Virtual Power Plant (VPP),https://arena.gov.au/knowledge-bank/simply-energy-vppx-arena-stage-3/,"Reports, Milestones",https://arena.gov.au/projects/simply-energy-virtual-power-plant-vpp/,2018,Past
Tesla Virtual Power Plant Lessons Learnt Report 1,13/08/2021,Battery storage,Tesla Virtual Power Plant,https://arena.gov.au/knowledge-bank/tesla-virtual-power-plant-lessons-learnt-report-1/,"Reports, Lessons",https://arena.gov.au/projects/tesla-virtual-power-plant/,2020,Past
GERI Renewable Hydrogen and Ammonia Feasibility Study,11/08/2021,Hydrogen energy,Project GERI Feasibility Study,https://arena.gov.au/knowledge-bank/geri-renewable-hydrogen-and-ammonia-feasibility-study/,Reports,https://arena.gov.au/projects/project-geri-feasibility-study/,2020,Past
Integrating Industrial Black Silicon with High Efficiency Multicrystalline Solar Cells Lessons Learnt,8/08/2021,"Solar energy, Solar PV R&amp;D",Integrating Industrial Black Silicon,https://arena.gov.au/knowledge-bank/integrating-industrial-black-silicon-with-high-efficiency-multicrystalline-solar-cells-lessons-learnt/,"Reports, Lessons",https://arena.gov.au/projects/integrating-industrial-black-silicon-high-efficiency-multicrystalline-solar-cells/,2017,Past
Ultra Fast Charging Data Analysis Webinar Materials,5/08/2021,Electric vehicles,,https://arena.gov.au/knowledge-bank/ultra-fast-charging-data-analysis-webinar-materials/,Reports,,,
Net Zero Energy Homes Milestone 1,4/08/2021,Renewables in buildings,Mirvac Net Zero Energy Homes,https://arena.gov.au/knowledge-bank/net-zero-energy-homes-milestone-1/,"Reports, Milestones",https://arena.gov.au/projects/net-zero-energy-homes/,2019,Past
Displacement of Gas by Thermal Energy Storage Lessons Learnt,30/07/2021,Renewables for industry,Displacement of Gas by Thermal Energy Storage,https://arena.gov.au/knowledge-bank/displacement-of-gas-by-thermal-energy-storage-lessons-learnt/,Reports,https://arena.gov.au/projects/displacement-of-gas-by-thermal-energy-storage/,2019,Past
Lumea New England Renewable Energy Zone Final Report,30/07/2021,"Solar energy, Solar PV R&amp;D",TransGrid New England Renewable Energy Zone,https://arena.gov.au/knowledge-bank/lumea-new-england-renewable-energy-zone-final-report/,Reports,https://arena.gov.au/projects/transgrid-new-england-renewable-energy-zone/,2020,Past
Development of Beyond 20% Efficiency Kesterite Solar Cells Lessons Learnt 2,29/07/2021,"Solar energy, Solar PV R&amp;D",Development of Beyond 20% Efficiency Kesterite (CZTSSe) Solar Cells,https://arena.gov.au/knowledge-bank/development-of-beyond-20-efficiency-kesterite-solar-cells-lessons-learnt-2/,"Reports, Lessons",https://arena.gov.au/projects/development-of-kesterite-cztsse-solar-cells/,2017,Past
Development of Beyond 20% Efficiency Kesterite Solar Cells Lessons Learnt 1,29/07/2021,"Solar energy, Solar PV R&amp;D",Development of Beyond 20% Efficiency Kesterite (CZTSSe) Solar Cells,https://arena.gov.au/knowledge-bank/development-of-beyond-20-efficiency-kesterite-solar-cells-lessons-learnt-1/,Reports,https://arena.gov.au/projects/development-of-kesterite-cztsse-solar-cells/,2017,Past
DER Integration and Automation Project Final Report,28/07/2021,Distributed energy resources,DER Integration and Automation Project,https://arena.gov.au/knowledge-bank/der-integration-and-automation-project-final-report/,Reports,https://arena.gov.au/projects/der-integration-and-automation-project/,2019,Past
ARENA Insights Newsletter Edition #29,23/07/2021,Electric vehicles,,https://arena.gov.au/knowledge-bank/arena-insights-newsletter-edition-29/,InsightNewsletter,,,
Efficient Adamantine Thin-Film on Silicon Tandem Cells Lessons Learnt,23/07/2021,"Solar energy, Solar PV R&amp;D",Efficient Adamantine Thin-Film on Silicon Tandem Cells,https://arena.gov.au/knowledge-bank/efficient-adamantine-thin-film-on-silicon-tandem-cells-lessons-learnt/,"Reports, Lessons",https://arena.gov.au/projects/efficient-adamantine-thin-film-on-silicon-tandem-cells/,2017,Past
ReWired Season 4 Podcast,19/07/2021,General,,https://arena.gov.au/knowledge-bank/rewired-season-4-podcast/,Podcast,,,
Project SHIELD Lessons Learnt Report 2,17/07/2021,Distributed energy resources,Project SHIELD - Synchronising Heterogeneous Information to Evaluate Limits for DNSP,https://arena.gov.au/knowledge-bank/project-shield-lessons-learnt-report-2/,"Reports, Lessons",https://arena.gov.au/projects/project-shield/,2020,Past
Kidston Pumped Storage Hydro Report,16/07/2021,Hydropower / Pumped Hydro Energy Storage,Kidston Stage Two Hydro-Solar Project Activities,https://arena.gov.au/knowledge-bank/kidston-pumped-storage-hydro-report/,Reports,https://arena.gov.au/projects/project-development-activities-kidston-stage-two-hydro-solar-project/,2017,Past
A Double-Sided Causer Pays Implementation of Frequency Deviation Pricing - Inception Report,14/07/2021,System security and reliability,Australian Energy Council Double-Sided Causer Pays Study,https://arena.gov.au/knowledge-bank/a-double-sided-causer-pays-implementation-of-frequency-deviation-pricing-inception-report/,Reports,https://arena.gov.au/projects/australian-energy-council-double-sided-causer-pays-study/,2021,Past
A Double-Sided Causer Pays Implementation of Frequency Deviation Pricing - Control & Pricing Theory,14/07/2021,System security and reliability,Australian Energy Council Double-Sided Causer Pays Study,https://arena.gov.au/knowledge-bank/a-double-sided-causer-pays-implementation-of-frequency-deviation-pricing-control-pricing-theory/,Reports,https://arena.gov.au/projects/australian-energy-council-double-sided-causer-pays-study/,2021,Past
Alkimos Beach Energy Storage Trial Final Report,12/07/2021,Distributed energy resources,Solar and Storage Trial at Alkimos Beach Residential Development,https://arena.gov.au/knowledge-bank/alkimos-beach-energy-storage-trial-final-report/,Reports,https://arena.gov.au/projects/solar-and-storage-trial-at-alkimos-beach-residential-development/,2014,Past
DEIP Allocation Principles Workshop Summary,9/07/2021,Distributed energy resources,,https://arena.gov.au/knowledge-bank/deip-allocation-principles-workshop-summary/,Reports,,,
Carnarvon DER Trials End of Project Lessons Learnt,3/07/2021,Distributed energy resources,Horizon Power Business Model Pilot Phase 1,https://arena.gov.au/knowledge-bank/carnarvon-der-trials-lessons-learnt/,"Reports, Lessons",https://arena.gov.au/projects/horizon-power-business-model-pilot/,2017,Past
2020 Annual Report - Advanced Centre for Advanced Photovoltaics,1/07/2021,"Solar energy, Solar PV R&amp;D",Australian Centre for Advanced Photovoltaics (ACAP),https://arena.gov.au/knowledge-bank/2020-annual-report-advanced-centre-for-advanced-photovoltaics/,Reports,https://arena.gov.au/projects/australian-centre-for-advanced-photovoltaics-acap/,2012,Current
Lumea RFC Process Report 2,30/06/2021,"Solar energy, Solar PV R&amp;D",TransGrid New England Renewable Energy Zone,https://arena.gov.au/knowledge-bank/lumea-rfc-process-report-2/,Reports,https://arena.gov.au/projects/transgrid-new-england-renewable-energy-zone/,2020,Past
Stability-Enhancing Measures for Weak Grids Study Report,29/06/2021,System security and reliability,Stability Enhancing Measures for Weak Grids Study,https://arena.gov.au/knowledge-bank/stability-enhancing-measures-for-weak-grids-study/,Reports,https://arena.gov.au/projects/stability-enhancing-measures-for-weak-grids/,2020,Past
Australian Industry Energy Transitions Initiative Report,28/06/2021,Renewables for industry,Industry ETI Establishment Phase,https://arena.gov.au/knowledge-bank/australian-industry-energy-transitions-initiative-report/,Reports,https://arena.gov.au/projects/industry-eti-establishment-phase/,2020,Past
Bright Thinkers Power Station Knowledge Sharing Report,25/06/2021,"Solar energy, Solar PV R&amp;D",Bright Thinkers Power Station,https://arena.gov.au/knowledge-bank/bright-thinkers-power-station-knowledge-sharing-report/,Reports,https://arena.gov.au/projects/bright-thinkers-power-station/,2019,Past
Insights Spotlight: Gridded Renewable Nowcasting Demonstration,25/06/2021,System security and reliability,Gridded Renewables Nowcasting Demonstration over South Australia,https://arena.gov.au/knowledge-bank/insights-spotlight-gridded-renewable-nowcasting-demonstration/,Insights,https://arena.gov.au/projects/gridded-renewables-nowcasting-demonstration-over-south-australia/,2020,Past
ARENA Insights Newsletter Edition #28,24/06/2021,System security and reliability,,https://arena.gov.au/knowledge-bank/arena-insights-newsletter-edition-28/,InsightNewsletter,,,
RAMPP Consultation Webinar,23/06/2021,Distributed energy resources,,https://arena.gov.au/knowledge-bank/rampp-consultation-webinar/,Presentation,,,
Presentation: ARENA Industry Reference Panel #3,23/06/2021,Wind energy,Resilient Wind Energy for Telecommunication Sites,https://arena.gov.au/knowledge-bank/presentation-arena-industry-reference-panel-3/,Presentation,https://arena.gov.au/projects/resilient-wind-energy-for-telecommunication-sites/,2020,Past
Evie Lessons Learnt Report June 2021,21/06/2021,Electric vehicles,National Ultrafast EV Charging Infrastructure Network,https://arena.gov.au/knowledge-bank/evie-lessons-learnt-report-june-2021/,Reports,https://arena.gov.au/projects/national-ultrafast-ev-charging-infrastructure-network/,2019,Current
Methane Fuel Carrier Project Final Report,20/06/2021,Hydrogen energy,Methane Fuel Carrier Research and Development,https://arena.gov.au/knowledge-bank/methane-fuel-carrier-project-final-report/,Reports,https://arena.gov.au/projects/methane-fuel-carrier/,2018,Past
Origin EV Smart Charging Trial Interim Report,17/06/2021,Electric vehicles,Origin Energy Electric Vehicles Smart Charging Trial,https://arena.gov.au/knowledge-bank/origin-ev-smart-charging-trial-interim-report/,"Reports, Lessons",https://arena.gov.au/projects/origin-energy-electric-vehicles-smart-charging-trial/,2020,Past
June 2021 Project Performance Report - Energy Under Control,13/06/2021,Demand response,Flow Power Energy Under Control Demand Response,https://arena.gov.au/knowledge-bank/june-2021-project-performance-report-energy-under-control/,Reports,https://arena.gov.au/projects/flow-power-energy-under-control-demand-response/,2017,Past
Monitoring for Better Energy Outcomes Final Report,12/06/2021,"Solar energy, Solar PV R&amp;D",Solar Analytics: Monitoring for Better Energy Outcomes,https://arena.gov.au/knowledge-bank/monitoring-for-better-energy-outcomes-final-report/,Reports,https://arena.gov.au/projects/solar-analytics-monitoring-better-energy-outcomes/,2016,Past
Diffuse Energy Lessons Learnt Report 2,10/06/2021,Wind energy,Resilient Wind Energy for Telecommunication Sites,https://arena.gov.au/knowledge-bank/diffuse-energy-lessons-learnt-report-2/,"Reports, Lessons",https://arena.gov.au/projects/resilient-wind-energy-for-telecommunication-sites/,2020,Past
Evaluation of ARENA&rsquo;s 2017-2020 Demand Response Portfolio,6/06/2021,Demand response,,https://arena.gov.au/knowledge-bank/evaluation-of-arenas-2017-2020-demand-response-portfolio/,Reports,,,
Evaluation of ARENA&rsquo;s VPP Portfolio,6/06/2021,Distributed energy resources,,https://arena.gov.au/knowledge-bank/evaluation-of-arenas-vpp-portfolio/,Reports,,,
Evie Networks - Site Selection How To Guide,3/06/2021,Electric vehicles,National Ultrafast EV Charging Infrastructure Network,https://arena.gov.au/knowledge-bank/evie-networks-site-selection-how-to-guide/,Reports,https://arena.gov.au/projects/national-ultrafast-ev-charging-infrastructure-network/,2019,Current
Project EDGE Lessons Learnt 1,31/05/2021,System security and reliability,AEMO - Project EDGE (Energy Demand and Generation Exchange),https://arena.gov.au/knowledge-bank/project-edge-lessons-learnt-1/,"Reports, Lessons",https://arena.gov.au/projects/project-edge-energy-demand-and-generation-exchange/,2020,Past
Presentation: ARENA Insights Webinar Advanced Inverters,27/05/2021,System security and reliability,,https://arena.gov.au/knowledge-bank/presentation-arena-insights-webinar-advanced-inverters/,Presentation,,,
The Generator Operations Series: Large-Scale Solar Operations,24/05/2021,Large-scale solar,,https://arena.gov.au/knowledge-bank/report-one-large-scale-solar-operations/,Reports,,,
REVS Interim Social Report,23/05/2021,Electric vehicles,Realising Electric Vehicle-to-Grid Services,https://arena.gov.au/knowledge-bank/revs-interim-social-report/,Reports,https://arena.gov.au/projects/realising-electric-vehicle-to-grid-services/,2020,Past
AGL NSW Demand Response Final Report,21/05/2021,Demand response,AGL Demand Response,https://arena.gov.au/knowledge-bank/agl-nsw-demand-response-final-report/,Reports,https://arena.gov.au/projects/agl-demand-response/,2017,Past
AGL EV Orchestration Trial Lessons Learnt 1,21/05/2021,"Battery storage, Electric vehicles",AGL Electric Vehicle Orchestration Trial,https://arena.gov.au/knowledge-bank/agl-ev-orchestration-trial-lessons-learnt-1/,"Reports, Lessons",https://arena.gov.au/projects/agl-electric-vehicle-orchestration-trial/,2020,Past
Lessons Learnt 2: Building a Multi&#8208;Stakeholder Partnership,21/05/2021,"Solar energy, Solar PV R&amp;D",Alice Springs Future Grid Project,https://arena.gov.au/knowledge-bank/lessons-learnt-2-building-a-multi%e2%80%90stakeholder-partnership/,"Reports, Lessons",https://arena.gov.au/projects/alice-springs-future-grid-project/,2020,Past
Alice Springs Future Grid Project Execution Lessons Learnt #1,18/05/2021,"Solar energy, Solar PV R&amp;D",Alice Springs Future Grid Project,https://arena.gov.au/knowledge-bank/alice-springs-future-grid-project-execution-lessons-learnt/,"Reports, Lessons",https://arena.gov.au/projects/alice-springs-future-grid-project/,2020,Past
Advanced VPP Grid Integration Final Report,14/05/2021,Distributed energy resources,Advanced VPP Grid Integration,https://arena.gov.au/knowledge-bank/advanced-vpp-grid-integration-final-report/,Reports,https://arena.gov.au/projects/advanced-vpp-grid-integration/,2019,Past
Ballarat Battery Energy Storage System Operational Report 3 & 4,13/05/2021,Battery storage,Ballarat Energy Storage System (BESS),https://arena.gov.au/knowledge-bank/ballarat-battery-energy-storage-system-operational-reports-3-4/,Reports,https://arena.gov.au/projects/ballarat-energy-storage-system/,2018,Past
Ballarat Battery Energy Storage System Revenue Report,12/05/2021,Battery storage,Ballarat Energy Storage System (BESS),https://arena.gov.au/knowledge-bank/ballarat-battery-energy-storage-system-revenue-report/,Reports,https://arena.gov.au/projects/ballarat-energy-storage-system/,2018,Past
RayGen Solar Power Plant One Lessons Learnt,11/05/2021,"Concentrated solar thermal, Solar energy",Solar Power Plant Phase 1,https://arena.gov.au/knowledge-bank/raygen-solar-power-plant-one-lessons-learnt/,Reports,https://arena.gov.au/projects/solar-power-plant-phase-1/,2020,Past
RayGen Technical Assessment Report,11/05/2021,"Concentrated solar thermal, Solar energy",Solar Power Plant Phase 1,https://arena.gov.au/knowledge-bank/raygen-technical-assessment-report/,Reports,https://arena.gov.au/projects/solar-power-plant-phase-1/,2020,Past
RayGen Commercial Assessment Report,11/05/2021,"Concentrated solar thermal, Solar energy",Solar Power Plant Phase 1,https://arena.gov.au/knowledge-bank/raygen-commercial-assessment-report/,Reports,https://arena.gov.au/projects/solar-power-plant-phase-1/,2020,Past
Energy from Waste through Pyrolysis Project Lessons Learnt Report 1,6/05/2021,Bioenergy / Energy from waste,Energy from Waste Through Pyrolysis,https://arena.gov.au/knowledge-bank/energy-from-waste-through-pyrolysis-project-lessons-learnt-report-1/,"Reports, Lessons",https://arena.gov.au/projects/energy-from-waste-through-pyrolysis/,2020,Past
Carnarvon DER Trials Technical Report 2,3/05/2021,Distributed energy resources,Horizon Power Business Model Pilot Phase 1,https://arena.gov.au/knowledge-bank/carnarvon-der-trials-technical-report-2/,Reports,https://arena.gov.au/projects/horizon-power-business-model-pilot/,2017,Past
Pooled Energy Lessons Learnt,2/05/2021,Demand response,Pooled Energy Demonstration Project,https://arena.gov.au/knowledge-bank/pooled-energy-lessons-learnt/,"Reports, Lessons",https://arena.gov.au/projects/pooled-energy-demonstration-project/,2017,Past
Jemena Dynamic Electric Vehicle Charging Trial Project Lessons Learnt,1/05/2021,Electric vehicles,Jemena Dynamic Electric Vehicle Charging Trial,https://arena.gov.au/knowledge-bank/jemena-dynamic-electric-vehicle-charging-trial-project-lessons-learnt/,"Reports, Lessons",https://arena.gov.au/projects/jemena-dynamic-electric-vehicle-charging-trial/,2020,Past
Flexible Exports for Solar PV Lessons Learnt Report 2,30/04/2021,"Solar energy, Solar PV R&amp;D",SA Power Networks Flexible Exports for Solar PV Trial,https://arena.gov.au/knowledge-bank/flexible-exports-for-solar-pv-lessons-learnt-report-2/,"Reports, Lessons",https://arena.gov.au/projects/sa-power-networks-flexible-exports-for-solar-pv-trial/,2020,Past
My Energy Marketplace Lessons Learnt 3,23/04/2021,Distributed energy resources,My Energy Marketplace,https://arena.gov.au/knowledge-bank/my-energy-marketplace-lessons-learnt-3/,"Reports, Lessons",https://arena.gov.au/projects/wattwatchers-my-energy-marketplace/,2019,Past
Renewable Energy Hub Final Report,21/04/2021,Renewables for industry,Renewable Energy Hub Marketplace,https://arena.gov.au/knowledge-bank/renewable-energy-hub-final-report/,Reports,https://arena.gov.au/projects/renewable-energy-hub-marketplace/,2020,Past
Ausgrid Power2U Demand Management for Replacement Needs Report,21/04/2021,Demand response,Ausgrid Power2U Project,https://arena.gov.au/knowledge-bank/ausgrid-power2u-demand-management-for-replacement-needs-report/,Reports,https://arena.gov.au/projects/ausgrid-power2u/,2018,Past
Australian Biomass for Bioenergy Assessment Final Report,21/04/2021,Bioenergy / Energy from waste,Australian Biomass for Bioenergy Assessment 2015-2021,https://arena.gov.au/knowledge-bank/australian-biomass-for-bioenergy-assessment-final-report/,Reports,https://arena.gov.au/projects/australian-biomass-for-bioenergy-assessment-project/,2015,Past
Proof of Concept Lifecycle Assessment,20/04/2021,Bioenergy / Energy from waste,East Rockingham Waste to Energy,https://arena.gov.au/knowledge-bank/proof-of-concept-lifecycle-assessment/,Reports,https://arena.gov.au/projects/east-rockingham-waste-to-energy/,2019,Current
ARENA Insights Newsletter Edition #27,20/04/2021,Hydrogen energy,,https://arena.gov.au/knowledge-bank/arena-insights-newsletter-edition-27/,InsightNewsletter,,,
My Energy Marketplace Lessons Learnt #1,17/04/2021,Distributed energy resources,My Energy Marketplace,https://arena.gov.au/knowledge-bank/my-energy-marketplace-lessons-learnt-1/,"Reports, Lessons",https://arena.gov.au/projects/wattwatchers-my-energy-marketplace/,2019,Past
Realising Electric Vehicle-to-Grid Services Lessons learnt 1,16/04/2021,Electric vehicles,Realising Electric Vehicle-to-Grid Services,https://arena.gov.au/knowledge-bank/realising-electric-vehicle-to-grid-services-lessons-learnt-1/,"Reports, Lessons",https://arena.gov.au/projects/realising-electric-vehicle-to-grid-services/,2020,Past
Transgrid Wallgrove Battery Lessons Learnt 1,15/04/2021,Battery storage,TransGrid Wallgrove Battery,https://arena.gov.au/knowledge-bank/transgrid-wallgrove-battery-lessons-learnt-1/,"Reports, Lessons",https://arena.gov.au/projects/transgrid-wallgrove-battery/,2020,Past
QUT Hydrogen Process R&D Project Mid-Term Activity Report,14/04/2021,Hydrogen energy,QUT Hydrogen Process Research & Development,https://arena.gov.au/knowledge-bank/qut-hydrogen-process-rd-project-mid-term-activity-report/,Reports,https://arena.gov.au/projects/qut-hydrogen-process-research-and-development/,2018,Past
Wallumbilla Renewable Methane Demonstration Lessons Learnt,12/04/2021,Hydrogen energy,APA Renewable Methane Demonstration Project,https://arena.gov.au/knowledge-bank/wallumbilla-renewable-methane-demonstration-lessons-learnt/,"Reports, Lessons",https://arena.gov.au/projects/apa-renewable-methane-demonstration-project/,2020,Past
Lake Bonney Operational Report 2,9/04/2021,Battery storage,Lake Bonney Battery Energy Storage System,https://arena.gov.au/knowledge-bank/lake-bonney-operational-report-2/,Reports,https://arena.gov.au/projects/lake-bonney-battery-energy-storage-system/,2018,Past
Advanced Energy Resources Lessons Learnt,8/04/2021,"Battery storage, Hybrid technologies, Large-scale solar, Solar energy, Wind energy","Advanced Energy Resources Wind, Solar and Battery Project",https://arena.gov.au/knowledge-bank/advanced-energy-resources-lessons-learnt/,"Reports, Lessons",https://arena.gov.au/projects/advanced-energy-resources-wind-solar-and-battery-project/,2019,Current
Customer Segmentation Research and Design for Orchestration Programs,8/04/2021,Distributed energy resources,DER 2.0: Customer Focused Design for DER Participation,https://arena.gov.au/knowledge-bank/customer-segmentation-research-and-design-for-orchestration-programs/,Reports,https://arena.gov.au/projects/der-2-0-customer-focused-design-for-der-participation/,2020,Past
Wattwatchers Interim Knowledge Sharing Report,2/04/2021,Distributed energy resources,My Energy Marketplace,https://arena.gov.au/knowledge-bank/wattwatchers-interim-knowledge-sharing-report/,Reports,https://arena.gov.au/projects/wattwatchers-my-energy-marketplace/,2019,Past
Pilot Project To Trial Solar F2D2 Final Report,2/04/2021,"Large-scale solar, Solar energy",Pilot Project to Trial Solar F2D2,https://arena.gov.au/knowledge-bank/pilot-project-to-trial-solar-f2d2-final-report/,Reports,https://arena.gov.au/projects/pilot-project-to-trial-solar-f2d2/,2019,Past
PSCAD Assessment of The Effectiveness of Grid Forming Batteries,1/04/2021,System security and reliability,Powerlink Cost-Effective System Strength Study,https://arena.gov.au/knowledge-bank/pscad-assessment-of-the-effectiveness-of-grid-forming-batteries/,Reports,https://arena.gov.au/projects/powerlink-cost-effective-system-strength-study/,2019,Past
Module Design for Lower Field Operating Temperature and Improved Yield Study,31/03/2021,"Solar energy, Solar PV R&amp;D",Module Design for Lower Field Operating Temperature & Improved Yield Study,https://arena.gov.au/knowledge-bank/module-design-for-lower-field-operating-temperature-and-improved-yield-study/,"Reports, Lessons",https://arena.gov.au/projects/module-design-for-lower-field-operating-temperature-improved-yield-study/,2019,Past
Module Design for Lower Field Operating Temperature Project Results,31/03/2021,"Solar energy, Solar PV R&amp;D",Solar PV Module Design,https://arena.gov.au/knowledge-bank/module-design-for-lower-field-operating-temperature-project-results/,"Reports, Lessons",https://arena.gov.au/projects/solar-pv-module-design/,2019,Past
Improving World-Record Commercial High-Efficiency N-Type Solar Cells Project Results & Lessons Learnt,31/03/2021,"Solar energy, Solar PV R&amp;D",Improving World-Record Commercial High-Efficiency N-Type Solar Cells,https://arena.gov.au/knowledge-bank/improving-world-record-commercial-high-efficiency-n-type-solar-cells-project-results-lessons-learnt/,"Reports, Lessons",https://arena.gov.au/projects/improving-world-record-commercial-high-efficiency-n-type-solar-cells/,2017,Past
Prototyping a Photoluminescence Imaging Tool Lessons Learnt,31/03/2021,"Large-scale solar, Solar energy, Solar PV R&amp;D",Photoluminescence Imaging Tool,https://arena.gov.au/knowledge-bank/prototyping-a-photoluminescence-imaging-tool-lessons-learnt/,"Reports, Lessons",https://arena.gov.au/projects/photoluminescence-imaging-tool/,2019,Past
Normanton Solar Farm Grid Connection Report,31/03/2021,"Large-scale solar, Solar energy",Normanton Solar Farm,https://arena.gov.au/knowledge-bank/normanton-solar-farm-grid-connection-report/,Reports,https://arena.gov.au/projects/normanton-solar-farm/,2015,Past
ARENA-Funded Hydrogen R&D Projects,30/03/2021,Hydrogen energy,,https://arena.gov.au/knowledge-bank/arena-funded-hydrogen-rd-projects/,Reports,,,
ESCRI-SA Battery Energy Storage Final Report,30/03/2021,Battery storage,Energy Storage for Commercial Renewable Integration (ESCRI) Phase 2,https://arena.gov.au/knowledge-bank/escri-sa-battery-energy-storage-final-report/,Reports,https://arena.gov.au/projects/energy-storage-for-commercial-renewable-integration-escri-phase-2/,2017,Past
Biocatalyst Optimization for Efficient Production of Biofuels,26/03/2021,Bioenergy / Energy from waste,Biocatalyst Optimisation & Deployment,https://arena.gov.au/knowledge-bank/biocatalyst-optimization-for-efficient-production-of-biofuels/,Reports,https://arena.gov.au/projects/biocatalyst-optimisation-deployment-project-efficient-production-biofuels/,2017,Past
Direct Water Electrolysis Midterm Activity March 2021,26/03/2021,Hydrogen energy,"Improving Efficiency, Durability & Cost-effectiveness of III-V Semiconductors",https://arena.gov.au/knowledge-bank/direct-water-electrolysis-midterm-activity-march-2021/,Reports,https://arena.gov.au/projects/direct-water-electrolysis/,2018,Past
Efficient Solar Hydrogen Generation Mid-Term Activity March 2021,26/03/2021,Hydrogen energy,Efficient Solar Hydrogen Generation,https://arena.gov.au/knowledge-bank/efficient-solar-hydrogen-generation-mid-term-activity-march-2021/,Reports,https://arena.gov.au/projects/efficient-solar-hydrogen-generation/,2018,Past
Gridded Renewable Nowcasting Demonstration Lessons Learnt 3,25/03/2021,System security and reliability,Gridded Renewables Nowcasting Demonstration over South Australia,https://arena.gov.au/knowledge-bank/gridded-renewable-nowcasting-demonstration-lessons-learnt-3/,"Reports, Lessons",https://arena.gov.au/projects/gridded-renewables-nowcasting-demonstration-over-south-australia/,2020,Past
ARENA Insights Newsletter Edition #26,24/03/2021,Distributed energy resources,,https://arena.gov.au/knowledge-bank/arena-insights-newsletter-edition-26/,InsightNewsletter,,,
Alice Springs Future Grid March 2021,24/03/2021,"Solar energy, Solar PV R&amp;D",Alice Springs Future Grid Project,https://arena.gov.au/knowledge-bank/alice-springs-future-grid-march-2021/,Reports,https://arena.gov.au/projects/alice-springs-future-grid-project/,2020,Past
ARENA Spotlights Interview with Farrierswier,24/03/2021,Distributed energy resources,,https://arena.gov.au/knowledge-bank/arena-spotlights-interview-with-farrierswier/,Reports,,,
Loganholme Wastewater Treatment Plant,22/03/2021,Bioenergy / Energy from waste,Logan City Biosolids Gasification Project,https://arena.gov.au/knowledge-bank/loganholme-wastewater-treatment-plant/,Reports,https://arena.gov.au/projects/logan-city-biosolids-gasification-project/,2019,Current
Life Cycle Assessment of Ethanol Production from Bagasse using MicroBioGen Yeast Strains,21/03/2021,Bioenergy / Energy from waste,Biocatalyst Optimisation & Deployment,https://arena.gov.au/knowledge-bank/life-cycle-assessment-of-ethanol-production-from-bagasse-using-microbiogen-yeast-strains/,Reports,https://arena.gov.au/projects/biocatalyst-optimisation-deployment-project-efficient-production-biofuels/,2017,Past
On the Implementation and Publishing of Operating Envelopes,20/03/2021,Distributed energy resources,evolve DER Project,https://arena.gov.au/knowledge-bank/on-the-implementation-and-publishing-of-operating-envelopes/,Reports,https://arena.gov.au/projects/evolve-der-project/,2019,Past
DER Impacts on Operational Technology,20/03/2021,Distributed energy resources,evolve DER Project,https://arena.gov.au/knowledge-bank/der-impacts-on-operational-technology/,Reports,https://arena.gov.au/projects/evolve-der-project/,2019,Past
Presentation: DEIP CEO Forum 18 March 2021,18/03/2021,Distributed energy resources,,https://arena.gov.au/knowledge-bank/presentation-deip-ceo-forum-18-march-2021/,Presentation,,,
Technical Description of VPP API Implementation,14/03/2021,Distributed energy resources,Advanced VPP Grid Integration,https://arena.gov.au/knowledge-bank/technical-description-of-vpp-api-implementation/,Reports,https://arena.gov.au/projects/advanced-vpp-grid-integration/,2019,Past
Monitoring for Better Energy Outcomes Lessons Learnt Report,12/03/2021,"Solar energy, Solar PV R&amp;D",Solar Analytics: Monitoring for Better Energy Outcomes,https://arena.gov.au/knowledge-bank/monitoring-for-better-energy-outcomes-lessons-learnt-report/,"Reports, Lessons",https://arena.gov.au/projects/solar-analytics-monitoring-better-energy-outcomes/,2016,Past
Solar Power Ensemble Forecaster Final Report,7/03/2021,Solar energy,Solar Power Ensemble Forecaster,https://arena.gov.au/knowledge-bank/solar-power-ensemble-forecaster-final-report/,Reports,https://arena.gov.au/projects/solar-power-ensemble-forecaster/,2019,Past
Meridian Energy Australia Wind Forecasting Demonstration Project Lessons Learnt 4,6/03/2021,Wind energy,Wind Forecasting Demonstration Project,https://arena.gov.au/knowledge-bank/meridian-energy-australia-wind-forecasting-demonstration-project-lessons-learnt-4/,"Reports, Lessons",https://arena.gov.au/projects/wind-forecasting-demonstration-project/,2019,Past
Repurposing Existing Hydropower Assets for the Future Electricity Market,5/03/2021,Hydropower / Pumped Hydro Energy Storage,Repurposing the Tarraleah Hydropower Scheme,https://arena.gov.au/knowledge-bank/repurposing-existing-hydropower-assets-for-the-future-electricity-market/,Reports,https://arena.gov.au/projects/repurposing-the-tarraleah-hydropower-scheme/,2018,Past
LIDAR for Wind Forecasts End of Project Report,5/03/2021,Wind energy,Using Upstream LIDAR Measurements,https://arena.gov.au/knowledge-bank/lidar-for-wind-forecasts-end-of-project-report/,Reports,https://arena.gov.au/projects/using-upstream-lidar-measurements-to-improve-the-accuracy-of-5-minute-ahead-wind-forecasts/,2019,Past
Hydrogenated Bifacial Perl Silicon PV Cells with Laser Doping and Plated Contacts,4/03/2021,"Solar energy, Solar PV R&amp;D",Hydrogenated Bifacial PERL Silicon PV Cells,https://arena.gov.au/knowledge-bank/hydrogenated-bifacial-perl-silicon-pv-cells-with-laser-doping-and-plated-contacts/,Reports,https://arena.gov.au/projects/hydrogenated-bifacial-perl-silicon-pv-cells/,2017,Past
Deployment of the Solar Storage Sharing Governance Model,1/03/2021,Distributed energy resources,Increasing the Uptake of Solar PV in Strata Residential Developments,https://arena.gov.au/knowledge-bank/deployment-of-the-solar-storage-sharing-governance-model/,"Reports, Lessons",https://arena.gov.au/projects/increasing-the-uptake-of-solar-photovoltaics-in-strata-residential-developments/,2016,Past
Tandem PV Micro Concentrator Final Report,1/03/2021,"Solar energy, Solar PV R&amp;D",Tandem PV Micro Concentrator,https://arena.gov.au/knowledge-bank/tandem-pv-micro-concentrator-final-report/,"Reports, Lessons",https://arena.gov.au/projects/tandem-pv-micro-concentrator/,2017,Past
Solar Analytics Project Results and Lessons Learnt,1/03/2021,Distributed energy resources,Enhanced Reliability Through Short Time Resolution Data,https://arena.gov.au/knowledge-bank/solar-analytics-project-results-and-lessons-learnt/,"Reports, Lessons",https://arena.gov.au/projects/enhanced-reliability-through-short-time-resolution-data-around-voltage-disturbances/,2019,Past
Clean Energy Startup Support Program Final Report,25/02/2021,Renewables for industry,Clean Energy Startup Support Programs,https://arena.gov.au/knowledge-bank/clean-energy-startup-program-final-report/,Reports,https://arena.gov.au/projects/clean-energy-startup-support-programs/,2019,Past
State of DER Technology Integration Report,25/02/2021,Distributed energy resources,,https://arena.gov.au/knowledge-bank/state-of-der-technology-integration-report/,Reports,,,
Presentation Proton Flow Reactor System February 2021,25/02/2021,Hydrogen energy,Proton Flow Reactor System,https://arena.gov.au/knowledge-bank/presentation-proton-flow-reactor-system-february-2021/,Presentation,https://arena.gov.au/projects/proton-flow-reactor-system/,2018,Past
ARENA Insights Newsletter Edition #25,24/02/2021,Electric vehicles,,https://arena.gov.au/knowledge-bank/arena-insights-newsletter-edition-25/,InsightNewsletter,,,
Clean Energy Project Lessons Learnt Report 3,23/02/2021,Renewables for industry,Clean Energy Startup Support Programs,https://arena.gov.au/knowledge-bank/clean-energy-project-lessons-learnt-report-3/,Reports,https://arena.gov.au/projects/clean-energy-startup-support-programs/,2019,Past
Insights Spotlight: International Review of Vehicle to Grid Technology,23/02/2021,Electric vehicles,Realising Electric Vehicle-to-Grid Services,https://arena.gov.au/knowledge-bank/insights-spotlight-international-review-of-vehicle-to-grid-technology/,"Reports, Insights",https://arena.gov.au/projects/realising-electric-vehicle-to-grid-services/,2020,Past
BioDICE Feasibility Study Final Report,22/02/2021,Bioenergy / Energy from waste,BioDICE Feasibility Study,https://arena.gov.au/knowledge-bank/biodice-feasibility-study-final-report/,Reports,https://arena.gov.au/projects/biodice-feasibility-study/,2018,Past
ESCRI-SA Battery Energy Storage Project Operational Report 4,20/02/2021,Battery storage,Energy Storage for Commercial Renewable Integration (ESCRI) Phase 2,https://arena.gov.au/knowledge-bank/escri-sa-battery-energy-storage-project-operational-report-4/,Reports,https://arena.gov.au/projects/energy-storage-for-commercial-renewable-integration-escri-phase-2/,2017,Past
ARENA-funded Hydrogen R&D Project Presentations,18/02/2021,Hydrogen energy,,https://arena.gov.au/knowledge-bank/arena-funded-hydrogen-rd-project-presentations/,Presentation,,,
Advisian Wind & Solar Forecasting for the NEM Final Report,17/02/2021,"Solar energy, Wind energy",Application of Advanced Short Term Power Generation Forecasting,https://arena.gov.au/knowledge-bank/advisian-wind-solar-forecasting-for-the-nem/,Reports,https://arena.gov.au/projects/advanced-short-term-power-generation/,2018,Past
Fulcrum3D Wind Forecasting For the NEM Final Report,15/02/2021,Wind energy,Wind Forecasting for the NEM,https://arena.gov.au/knowledge-bank/fulcrum3d-wind-forecasting-for-the-nem-final-report/,Reports,https://arena.gov.au/projects/wind-forecasting-nem/,2019,Past
Fulcrum3D CloudCAM Solar Forecasting Final Report,15/02/2021,Solar energy,Fulcrum3D CloudCAM Solar Forecasting,https://arena.gov.au/knowledge-bank/fulcrum3d-cloudcam-solar-forecasting-final-report/,"Reports, Lessons",https://arena.gov.au/projects/fulcrum3d-cloudcam-solar-forecasting-for-the-nem/,2018,Past
Final Report Advanced Planning of PV-Rich Distribution Networks,15/02/2021,Distributed energy resources,Advanced Planning of PV-Rich Distribution Networks Study,https://arena.gov.au/knowledge-bank/advanced-planning-of-pv-rich-distribution-networks/,Reports,https://arena.gov.au/projects/advanced-planning-of-pv-rich-distribution-networks-study/,2019,Past
Virtual Power Plant Consumer Insights Interim Report,9/02/2021,Distributed energy resources,AEMO Virtual Power Plant Demonstrations,https://arena.gov.au/knowledge-bank/virtual-power-plant-consumer-insights-interim-report/,Reports,https://arena.gov.au/projects/aemo-virtual-power-plant-demonstrations/,2019,Past
AEMO Virtual Power Plant Demonstrations Knowledge Sharing Report 3,9/02/2021,Distributed energy resources,AEMO Virtual Power Plant Demonstrations,https://arena.gov.au/knowledge-bank/aemo-virtual-power-plant-demonstration-knowledge-sharing-report-3/,"Reports, Lessons",https://arena.gov.au/projects/aemo-virtual-power-plant-demonstrations/,2019,Past
Gannawarra Energy Storage System Operational Report 3 and 4,6/02/2021,Battery storage,Gannawarra Energy Storage System (GESS),https://arena.gov.au/knowledge-bank/gannawarra-energy-storage-system-operational-report-3-and-4/,Reports,https://arena.gov.au/projects/gannawarra-energy-storage-system/,2018,Past
Printing Solar Cells ' A Manufacturing Proposition for Australia,2/02/2021,"Solar energy, Solar PV R&amp;D",Printing Solar Cells,https://arena.gov.au/knowledge-bank/printing-solar-cells-a-manufacturing-proposition-for-australia/,Reports,https://arena.gov.au/projects/printing-solar-cells-a-manufacturing-proposal-for-australia/,2011,Past
Short-Term Forecasting Trial: Summary of Key Insights Apr to Oct 2020,1/02/2021,Solar energy,,https://arena.gov.au/knowledge-bank/short-term-forecasting-trial-summary-of-key-insights-apr-to-oct-2020/,Insights,,,
Solcast Nowcasting Lessons Learnt Report 3,1/02/2021,Solar energy,Solar Farm Solutions & the Australian Energy Sector,https://arena.gov.au/knowledge-bank/solcast-nowcasting-lessons-learnt-report-3/,Reports,https://arena.gov.au/projects/solcast-nowcasting-solutions-for-solar-farms/,2019,Past
Lessons Learnt Metro Advertising Revenue Funded Electric Vehicle Charging Trial,31/01/2021,Electric vehicles,Metro Advertising Revenue Funded Electric Vehicle Charging Trial,https://arena.gov.au/knowledge-bank/lessons-learnt-metro-advertising-revenue-funded-electric-vehicle-charging-trial/,"Reports, Lessons",https://arena.gov.au/projects/metro-advertising-revenue-funded-electric-vehicle-charging-trial/,2020,Past
Chargefox Lessons Learnt 4,30/01/2021,Electric vehicles,Chargefox Electric Vehicle Charging Network Project,https://arena.gov.au/knowledge-bank/chargefox-lessons-learnt-4/,"Reports, Lessons",https://arena.gov.au/projects/chargefox-electric-vehicle-charging-network-project/,2018,Past
Pro Analytics Final Report and Cost Benefit Analysis,30/01/2021,Solar energy,Proa Analytics Solar Forecasts,https://arena.gov.au/knowledge-bank/pro-analytics-final-report-and-cost-benefit-analysis/,Reports,https://arena.gov.au/projects/proa-analytics-solar-forecasts/,2019,Past
Proa Analytics Solar Farm Short Term Forecasting Project: Lessons Learnt 3,28/01/2021,Solar energy,Proa Analytics Solar Forecasts,https://arena.gov.au/knowledge-bank/proa-analytics-solar-farm-short-term-forecasting-project-lessons-learnt-3/,"Reports, Lessons",https://arena.gov.au/projects/proa-analytics-solar-forecasts/,2019,Past
DNV GL ' Multi-Model and Machine Learning Wind Forecast Project Lessons Learnt 3,28/01/2021,Wind energy,Ararat Wind Farm,https://arena.gov.au/knowledge-bank/dnv-gl-multi-model-and-machine-learning-wind-forecast-project-lessons-learnt-3/,"Reports, Lessons",https://arena.gov.au/projects/ararat-wind-farm/,2019,Past
Meridian Energy Australia Wind Forecasting Demonstration Project Lessons Learnt 3,28/01/2021,Wind energy,Wind Forecasting Demonstration Project,https://arena.gov.au/knowledge-bank/meridian-energy-australia-wind-forecasting-demonstration-project-lessons-learnt-3/,Reports,https://arena.gov.au/projects/wind-forecasting-demonstration-project/,2019,Past
Fulcrum3D CloudCAM Solar Forecasting for the NEM Lessons Learnt Report 3,28/01/2021,Solar energy,Fulcrum3D CloudCAM Solar Forecasting,https://arena.gov.au/knowledge-bank/fulcrum3d-cloudcam-solar-forecasting-for-the-nem-lessons-learnt-report-3/,"Reports, Lessons",https://arena.gov.au/projects/fulcrum3d-cloudcam-solar-forecasting-for-the-nem/,2018,Past
Fulcrum3D Wind Forecasting for the NEM Lessons Learnt 3,28/01/2021,Wind energy,Wind Forecasting for the NEM,https://arena.gov.au/knowledge-bank/fulcrum3d-wind-forecasting-for-the-nem-lessons-learnt-3/,"Reports, Lessons",https://arena.gov.au/projects/wind-forecasting-nem/,2019,Past
Hydrogen Generation by Electro Catalytic Systems Midterm Activity Jan 2021,25/01/2021,Hydrogen energy,Bio Inspired Hydrogen Generation,https://arena.gov.au/knowledge-bank/hydrogen-generation-by-electro-catalytic-systems-midterm-activity-jan-2021/,Reports,https://arena.gov.au/projects/bio-inspired-hydrogen-generation/,2018,Past
The A'Z of V2G,22/01/2021,Electric vehicles,Realising Electric Vehicle-to-Grid Services,https://arena.gov.au/knowledge-bank/the-a-z-of-v2g/,Reports,https://arena.gov.au/projects/realising-electric-vehicle-to-grid-services/,2020,Past
Increasing the Uptake of Solar PV and Battery Storage in Strata Residential Developments,21/01/2021,Distributed energy resources,Increasing the Uptake of Solar PV in Strata Residential Developments,https://arena.gov.au/knowledge-bank/increasing-the-uptake-of-solar-pv-and-battery-storage-in-strata-residential-developments/,Reports,https://arena.gov.au/projects/increasing-the-uptake-of-solar-photovoltaics-in-strata-residential-developments/,2016,Past
Flexible Exports for Solar PV Lessons Learnt Report 1,21/01/2021,"Solar energy, Solar PV R&amp;D",SA Power Networks Flexible Exports for Solar PV Trial,https://arena.gov.au/knowledge-bank/flexible-exports-for-solar-pv-lessons-learnt-report-1/,"Reports, Lessons",https://arena.gov.au/projects/sa-power-networks-flexible-exports-for-solar-pv-trial/,2020,Past
Diffuse Energy Presentation,21/01/2021,Wind energy,Resilient Wind Energy for Telecommunication Sites,https://arena.gov.au/knowledge-bank/diffuse-energy-presentation/,Presentation,https://arena.gov.au/projects/resilient-wind-energy-for-telecommunication-sites/,2020,Past
Analysis of the VPP Dynamic Network Constraint Management,19/01/2021,Distributed energy resources,Advanced VPP Grid Integration,https://arena.gov.au/knowledge-bank/analysis-of-the-vpp-dynamic-network-constraint-management/,Reports,https://arena.gov.au/projects/advanced-vpp-grid-integration/,2019,Past
Presentation: Bio-inspired Hydrogen Generation by Novel Bubble-Free Electro-Catalytic Systems,18/01/2021,Hydrogen energy,Bio Inspired Hydrogen Generation,https://arena.gov.au/knowledge-bank/presentation-bio-inspired-hydrogen-generation-by-novel-bubble-free-electro-catalytic-systems/,Presentation,https://arena.gov.au/projects/bio-inspired-hydrogen-generation/,2018,Past
deX Project Progress January 2021,7/01/2021,Distributed energy resources,Decentralised Energy Exchange (deX) Program,https://arena.gov.au/knowledge-bank/dex-project-progress-january-2021/,Reports,https://arena.gov.au/projects/decentralised-energy-exchange/,2019,Past
deX Industry & Vendor Training January 2021,7/01/2021,Distributed energy resources,Decentralised Energy Exchange (deX) Program,https://arena.gov.au/knowledge-bank/industry-vendor-training-january-2021/,Reports,https://arena.gov.au/projects/decentralised-energy-exchange/,2019,Past
Thermophysical Properties of Quartzite for High Temperature Thermal Storage Report,3/01/2021,Renewables for industry,Displacement of Gas by Thermal Energy Storage,https://arena.gov.au/knowledge-bank/thermophysical-properties-of-quartzite-for-high-temperature-thermal-storage-report/,Reports,https://arena.gov.au/projects/displacement-of-gas-by-thermal-energy-storage/,2019,Past
Project Fulfil Lessons Learnt Report,27/12/2020,"Battery storage, Hybrid technologies",Project Fulfil,https://arena.gov.au/knowledge-bank/project-fulfil-lessons-learnt-report/,"Reports, Lessons",https://arena.gov.au/projects/project-fulfil/,2016,Past
United Energy Demand Response ' Final Project Performance,21/12/2020,Demand response,United Energy Distribution Demand Response,https://arena.gov.au/knowledge-bank/united-energy-demand-response-final-project-performance/,Reports,https://arena.gov.au/projects/united-energy-distribution-demand-response/,2017,Past
Enel X ARENA Demand Response Trial 7,20/12/2020,Demand response,Enel X Demand Response Project,https://arena.gov.au/knowledge-bank/enel-x-arena-demand-response-trial-7/,Reports,https://arena.gov.au/projects/enel-x-demand-response-project/,2017,Past
Demand Response Trial Test 6 December 2020,18/12/2020,Demand response,EnergyAustralia Demand Response Program,https://arena.gov.au/knowledge-bank/demand-response-trial-test-6-december-2020/,Reports,https://arena.gov.au/projects/energyaustralia-demand-response-program/,2017,Past
ARENA Insights Newsletter Edition #24,18/12/2020,Distributed energy resources,,https://arena.gov.au/knowledge-bank/arena-insights-newsletter-edition-24/,InsightNewsletter,,,
Biogas from Sugarcane,18/12/2020,Bioenergy / Energy from waste,Utilising Biogas in Sugarcane Transport and Milling,https://arena.gov.au/knowledge-bank/biogas-from-sugarcane/,Reports,https://arena.gov.au/projects/utilising-biogas-in-sugarcane-transport-and-milling/,2016,Past
Implementing Community-Scale Batteries,17/12/2020,Distributed energy resources,Community Models for Deploying and Operating DER,https://arena.gov.au/knowledge-bank/implementing-community-scale-batteries/,Reports,https://arena.gov.au/projects/community-models-for-deploying-and-operating-distributed-energy-resources/,2019,Past
DEIP Dynamic Operating Envelopes Workstream: National Regulatory and Policy Design Issues,17/12/2020,Distributed energy resources,,https://arena.gov.au/knowledge-bank/deip-dynamic-operating-envelopes-workstream-national-regulatory-and-policy-design-issues/,Reports,,,
"Implementing Community-Scale Batteries: Regulatory, Technical and Logistical Considerations",17/12/2020,Distributed energy resources,Community Models for Deploying and Operating DER,https://arena.gov.au/knowledge-bank/implementing-community-scale-batteries-regulatory-technical-and-logistical-considerations/,Reports,https://arena.gov.au/projects/community-models-for-deploying-and-operating-distributed-energy-resources/,2019,Past
Waste Biomass to Renewable Hydrogen Midterm Activity December 2020,10/12/2020,Hydrogen energy,Waste Biomass to Renewable Hydrogen,https://arena.gov.au/knowledge-bank/waste-biomass-to-renewable-hydrogen-midterm-activity-december-2020/,Reports,https://arena.gov.au/projects/waste-biomass-to-renewable-hydrogen/,2018,Past
Intercast and Forge Demand Response Report 5,9/12/2020,Demand response,Intercast and Forge Demand Response,https://arena.gov.au/knowledge-bank/intercast-and-forge-demand-response-report-5/,Reports,https://arena.gov.au/projects/intercast-and-forge-demand-response/,2017,Past
"Enabling Efficient, Affordable & Robust Use of Renewable Hydrogen",9/12/2020,Hydrogen energy,"Enabling Efficient, Affordable & Robust Use of Renewable Hydrogen",https://arena.gov.au/knowledge-bank/enabling-efficient-affordable-robust-use-of-renewable-hydrogen/,Reports,https://arena.gov.au/projects/enabling-efficient-affordable-robust-renewable-hydrogen/,2018,Past
Cost Comparison Among Potential Solutions,7/12/2020,Distributed energy resources,Advanced Planning of PV-Rich Distribution Networks Study,https://arena.gov.au/knowledge-bank/cost-comparison-among-potential-solutions/,Reports,https://arena.gov.au/projects/advanced-planning-of-pv-rich-distribution-networks-study/,2019,Past
ARENA Insights Newsletter Edition #23,3/12/2020,Distributed energy resources,,https://arena.gov.au/knowledge-bank/arena-insights-newsletter-edition-23/,InsightNewsletter,,,
A Review of Publicly Available Energy Data Sets,2/12/2020,Distributed energy resources,My Energy Marketplace,https://arena.gov.au/knowledge-bank/a-review-of-publicly-available-energy-data-sets/,Reports,https://arena.gov.au/projects/wattwatchers-my-energy-marketplace/,2019,Past
Consumer Engagement in Energy Data Services: Recommendations Moving Forward,2/12/2020,Distributed energy resources,My Energy Marketplace,https://arena.gov.au/knowledge-bank/consumer-engagement-in-energy-data-services/,Reports,https://arena.gov.au/projects/wattwatchers-my-energy-marketplace/,2019,Past
Diffuse Energy Lessons Learnt Report 1,30/11/2020,Wind energy,Resilient Wind Energy for Telecommunication Sites,https://arena.gov.au/knowledge-bank/diffuse-energy-lessons-learnt-report-1/,"Reports, Lessons",https://arena.gov.au/projects/resilient-wind-energy-for-telecommunication-sites/,2020,Past
Voltage Controlled Frequency Regulation System Final Report,29/11/2020,System security and reliability,United Energy Voltage Controlled Frequency Regulation System,https://arena.gov.au/knowledge-bank/voltage-controlled-frequency-regulation-system-final-report/,Reports,https://arena.gov.au/projects/united-energy-voltage-controlled-frequency-regulation-system/,2019,Past
Smart Grids Innovation Challenge: An Interview with CSIRO,27/11/2020,System security and reliability,Smart Grids Innovation Challenge,https://arena.gov.au/knowledge-bank/smart-grids-innovation-challenge-an-interview-with-csiro/,Insights,https://arena.gov.au/projects/smart-grids-innovation-challenge/,2018,Past
Solar Thermochemical Hydrogen R&D Midterm Activity Nov 2020,26/11/2020,Hydrogen energy,CSIRO - Solar Thermochemical Hydrogen Research and Development,https://arena.gov.au/knowledge-bank/solar-thermochemical-hydrogen-rd-midterm-activity-nov-2020/,Reports,https://arena.gov.au/projects/solar-thermochemical-hydrogen-research-and-development/,2018,Past
My Energy Marketplace Lessons Learnt 2,23/11/2020,Distributed energy resources,My Energy Marketplace,https://arena.gov.au/knowledge-bank/my-energy-marketplace-lessons-learnt-2/,"Reports, Lessons",https://arena.gov.au/projects/wattwatchers-my-energy-marketplace/,2019,Past
Tidal Energy in Australia,20/11/2020,Ocean energy,Tidal Energy in Australia,https://arena.gov.au/knowledge-bank/tidal-energy-in-australia/,Reports,https://arena.gov.au/projects/tidal-energy-australia-assessing-resource-feasibility-australias-future-energy-mix/,2017,Past
NSW Demand Response Report November 2020,19/11/2020,Demand response,AGL Demand Response,https://arena.gov.au/knowledge-bank/nsw-demand-response-report-november-2020/,Reports,https://arena.gov.au/projects/agl-demand-response/,2017,Past
Renewable Energy Hub Legal Overview,19/11/2020,Renewables for industry,Renewable Energy Hub Marketplace,https://arena.gov.au/knowledge-bank/renewable-energy-hub-legal-overview/,Reports,https://arena.gov.au/projects/renewable-energy-hub-marketplace/,2020,Past
Renewable Energy Hub Platform Launch,19/11/2020,Renewables for industry,Renewable Energy Hub Marketplace,https://arena.gov.au/knowledge-bank/renewable-energy-hub-platform-launch/,Reports,https://arena.gov.au/projects/renewable-energy-hub-marketplace/,2020,Past
Renewable Energy Hub Contract Performance,19/11/2020,Renewables for industry,Renewable Energy Hub Marketplace,https://arena.gov.au/knowledge-bank/renewable-energy-hub-contract-performance/,Reports,https://arena.gov.au/projects/renewable-energy-hub-marketplace/,2020,Past
Narara Ecovillage Smart Grid Project Lessons Learnt,30/10/2020,"Battery storage, Hybrid technologies, Renewables in buildings, Solar energy, Solar PV R&amp;D",Narara Ecovillage Smart Grid,https://arena.gov.au/knowledge-bank/narara-ecovillage-smart-grid-project-lessons-learnt/,"Reports, Lessons",https://arena.gov.au/projects/narara-ecovillage-smart-grid/,2016,Past
Opportunities for Stand-Alone Power Systems to Enhance Network Resilience,30/10/2020,Distributed energy resources,,https://arena.gov.au/knowledge-bank/opportunities-for-stand-alone-power-systems-to-enhance-network-resilience/,Reports,,,
Assessment of the Effectiveness of a Centralised Synchronous Condenser Approach,30/10/2020,System security and reliability,Powerlink Cost-Effective System Strength Study,https://arena.gov.au/knowledge-bank/assessment-of-the-effectiveness-of-a-centralised-synchronous-condenser-approach/,Reports,https://arena.gov.au/projects/powerlink-cost-effective-system-strength-study/,2019,Past
ENGIE-YARA Renewable Hydrogen and Ammonia Deployment in Pilbara,30/10/2020,Hydrogen energy,Yara Pilbara Renewable Ammonia Feasibility Study,https://arena.gov.au/knowledge-bank/engie-yara-renewable-hydrogen-and-ammonia-deployment-in-pilbara/,Reports,https://arena.gov.au/projects/yara-pilbara-renewable-ammonia-feasibility-study/,2020,Past
Cultana Pumped Hydro Energy Storage Project Phase 2,28/10/2020,Hydropower / Pumped Hydro Energy Storage,Cultana Pumped Hydro Energy Storage Phase 2,https://arena.gov.au/knowledge-bank/cultana-pumped-hydro-energy-storage-project-phase-2/,Reports,https://arena.gov.au/projects/cultana-pumped-hydro-energy-storage-phase-2/,2018,Past
ARENA Insights Newsletter Edition #22,28/10/2020,Distributed energy resources,,https://arena.gov.au/knowledge-bank/arena-insights-newsletter-edition-22/,InsightNewsletter,,,
Simply Energy VPPX Lessons Learnt,24/10/2020,"Solar energy, Solar PV R&amp;D",Simply Energy Virtual Power Plant (VPP),https://arena.gov.au/knowledge-bank/simply-energy-vppx-lessons-learnt/,"Reports, Lessons",https://arena.gov.au/projects/simply-energy-virtual-power-plant-vpp/,2018,Past
Clean Energy Project Lessons Learnt Report #2,23/10/2020,Renewables for industry,Clean Energy Startup Support Programs,https://arena.gov.au/knowledge-bank/clean-energy-project-lessons-learnt-report-2/,Reports,https://arena.gov.au/projects/clean-energy-startup-support-programs/,2019,Past
Dynamic Operating Envelopes Workstream: Consumer Perspectives Workshop,22/10/2020,Distributed energy resources,,https://arena.gov.au/knowledge-bank/dynamic-operating-envelopes-workstream-consumer-perspectives-workshop/,Reports,,,
Virtual Power Plant in South Australia,20/10/2020,Distributed energy resources,AGL Virtual Power Plant,https://arena.gov.au/knowledge-bank/virtual-power-plant-in-south-australia/,Reports,https://arena.gov.au/projects/agl-virtual-power-plant/,2017,Past
Miniaturised Methanol Production as Hydrogen Carrier from Biomass Pyrolysis Syngas Mid-Term Activity October 2020,13/10/2020,Hydrogen energy,UWA Methanol from Syngas Research & Development,https://arena.gov.au/knowledge-bank/miniaturised-methanol-production-as-hydrogen-carrier-from-biomass-pyrolysis-syngas-mid-term-activity-october-2020/,Reports,https://arena.gov.au/projects/uwa-methanol-from-syngas-research-and-development/,2018,Past
Stanwell Hydrogen Project Feasibility Study,7/10/2020,Hydrogen energy,Stanwell Hydrogen Electrolysis Deployment Feasibility Study,https://arena.gov.au/knowledge-bank/stanwell-hydrogen-project-feasibility-study/,Reports,https://arena.gov.au/projects/stanwell-hydrogen-electrolysis-deployment-feasibility-study/,2020,Past
DEIP Dynamic Operating Envelopes Workstream,30/09/2020,Distributed energy resources,,https://arena.gov.au/knowledge-bank/deip-dynamic-operating-envelopes-webinar-1/,"Reports, Videos",,,
Dynamic Operating Envelopes Webinar Summary,30/09/2020,Distributed energy resources,,https://arena.gov.au/knowledge-bank/dynamic-operating-envelopes-webinar-summary/,"Reports, Insights",,,
On the Calculation and Use of Dynamic Operating Envelopes,30/09/2020,Distributed energy resources,evolve DER Project,https://arena.gov.au/knowledge-bank/on-the-calculation-and-use-of-dynamic-operating-envelopes/,Reports,https://arena.gov.au/projects/evolve-der-project/,2019,Past
Evie Networks Lessons Learnt Report September 2020,30/09/2020,Electric vehicles,National Ultrafast EV Charging Infrastructure Network,https://arena.gov.au/knowledge-bank/evie-networks-lessons-learnt-report-september/,"Reports, Lessons",https://arena.gov.au/projects/national-ultrafast-ev-charging-infrastructure-network/,2019,Current
Gridded Renewable Nowcasting Demonstration Lessons Learnt 2,25/09/2020,System security and reliability,Gridded Renewables Nowcasting Demonstration over South Australia,https://arena.gov.au/knowledge-bank/gridded-renewable-nowcasting-demonstration-lessons-learnt-2/,"Reports, Lessons",https://arena.gov.au/projects/gridded-renewables-nowcasting-demonstration-over-south-australia/,2020,Past
Highly Efficient & Low Cost Photovoltaic-Electrolysis System Midterm Activity Sept 2020,25/09/2020,Hydrogen energy,Highly Efficient & Low Cost Photovoltaic-Electrolysis System,https://arena.gov.au/knowledge-bank/highly-efficient-low-cost-photovoltaic-electrolysis-system-midterm-activity-sept-2020/,"Reports, Lessons",https://arena.gov.au/projects/highly-efficient-and-low-cost-photovoltaic-electrolysis-pve-system-to-generate-hydrogen-by-harvesting-the-full-spectrum-of-sunlight/,2018,Past
ARENA Insights Newsletter Edition #21,23/09/2020,Wind energy,,https://arena.gov.au/knowledge-bank/arena-insights-newsletter-edition-21/,InsightNewsletter,,,
Spotlight: Short Term Forecasting Trial on the NEM,23/09/2020,Wind energy,Lake Bonney Stages 2/3,https://arena.gov.au/knowledge-bank/spotlight-short-term-forecasting-trial-on-the-nem/,Insights,https://arena.gov.au/projects/lake-bonney-stages-2-3/,2019,Past
Improving Accuracy of Short-Term Forecasting in the NEM,23/09/2020,Wind energy,Lake Bonney Stages 2/3,https://arena.gov.au/knowledge-bank/improving-accuracy-of-short-term-forecasting-in-the-nem/,Reports,https://arena.gov.au/projects/lake-bonney-stages-2-3/,2019,Past
Technical Description of API Implementation,22/09/2020,Distributed energy resources,Advanced VPP Grid Integration,https://arena.gov.au/knowledge-bank/technical-description-of-api-implementation/,Reports,https://arena.gov.au/projects/advanced-vpp-grid-integration/,2019,Past
Lithium Ion Battery Testing Public Report 9,20/09/2020,Battery storage,Testing the Performance of Lithium Ion Batteries,https://arena.gov.au/knowledge-bank/lithium-ion-battery-testing-public-report-9/,Reports,https://arena.gov.au/projects/testing-the-performance-of-lithium-ion-batteries/,2015,Past
Methane Fuel Carrier Project September 2020,17/09/2020,Hydrogen energy,Methane Fuel Carrier Research and Development,https://arena.gov.au/knowledge-bank/methane-fuel-carrier-project-september-2020/,Reports,https://arena.gov.au/projects/methane-fuel-carrier/,2018,Past
Lake Bonney Operational Report #1,16/09/2020,Battery storage,Lake Bonney Battery Energy Storage System,https://arena.gov.au/knowledge-bank/lake-bonney-operational-report/,Reports,https://arena.gov.au/projects/lake-bonney-battery-energy-storage-system/,2018,Past
Lake Bonney Project Summary,16/09/2020,Battery storage,Lake Bonney Battery Energy Storage System,https://arena.gov.au/knowledge-bank/lake-bonney-project-summary/,Reports,https://arena.gov.au/projects/lake-bonney-battery-energy-storage-system/,2018,Past
Demand Response RERT Trial Year 2 Report,8/09/2020,Demand response,,https://arena.gov.au/knowledge-bank/demand-response-rert-trial-year-2-report/,"Reports, Insights",,,
New England Connection Capacity Auction - EOI Phase,8/09/2020,"Solar energy, Solar PV R&amp;D",TransGrid New England Renewable Energy Zone,https://arena.gov.au/knowledge-bank/new-england-connection-capacity-auction-eoi-phase/,Reports,https://arena.gov.au/projects/transgrid-new-england-renewable-energy-zone/,2020,Past
Field Study at Gullen Range Wind Farm,3/09/2020,System security and reliability,Gullen Range Wind Farm Field Study,https://arena.gov.au/knowledge-bank/field-study-at-gullen-range-wind-farm/,Reports,https://arena.gov.au/projects/gullen-range-wind-farm-field-study/,2018,Past
Gannawarra Energy Storage System Operational Report #1 and #2,31/08/2020,Battery storage,Gannawarra Energy Storage System (GESS),https://arena.gov.au/knowledge-bank/gannawarra-energy-storage-system-operational-report/,Reports,https://arena.gov.au/projects/gannawarra-energy-storage-system/,2018,Past
Ballarat Battery Energy Storage System Operational Report #1 & #2,31/08/2020,Battery storage,Ballarat Energy Storage System (BESS),https://arena.gov.au/knowledge-bank/ballarat-battery-energy-storage-system-operational-report/,Reports,https://arena.gov.au/projects/ballarat-energy-storage-system/,2018,Past
Jemena DER Hosting Capacity Project Final Report,30/08/2020,Distributed energy resources,Demonstration of Three Dynamic Grid-Side Technologies,https://arena.gov.au/knowledge-bank/jemena-der-hosting-capacity-project-final-report/,Reports,https://arena.gov.au/projects/demonstration-of-three-dynamic-grid-side-technologies/,2019,Past
Energy Freedom Solar Electric Vehicle Pilot Mid Project Report,30/08/2020,Electric vehicles,Energy Freedom Solar Electric Vehicle Pilot,https://arena.gov.au/knowledge-bank/energy-freedom-solar-electric-vehicle-pilot-mid-project-report/,"Reports, Lessons",https://arena.gov.au/projects/energy-freedom-solar-electric-vehicle-pilot/,2019,Past
Role of Decentralised Control for Managing Network Constraints for DER,23/08/2020,Distributed energy resources,Dynamic Limits DER Feasibility Study,https://arena.gov.au/knowledge-bank/role-of-decentralised-control-for-managing-network-constraints-for-der/,Reports,https://arena.gov.au/projects/dynamic-limits-der-feasibility-study/,2018,Past
Fast Charging Site Selection Guide,23/08/2020,Electric vehicles,Chargefox Electric Vehicle Charging Network Project,https://arena.gov.au/knowledge-bank/fast-charging-site-selection-guide/,Reports,https://arena.gov.au/projects/chargefox-electric-vehicle-charging-network-project/,2018,Past
Advanced Planning of PV-Rich Distribution Networks ' Deliverable 4: Non-Traditional Solutions,21/08/2020,Distributed energy resources,Advanced Planning of PV-Rich Distribution Networks Study,https://arena.gov.au/knowledge-bank/advanced-planning-of-pv-rich-distribution-networks-deliverable-4-non-traditional-solutions/,Reports,https://arena.gov.au/projects/advanced-planning-of-pv-rich-distribution-networks-study/,2019,Past
Clean Energy Project Lessons Learnt Report 1,21/08/2020,Renewables for industry,Clean Energy Startup Support Programs,https://arena.gov.au/knowledge-bank/clean-energy-project-lessons-learnt-report-1/,"Reports, Lessons",https://arena.gov.au/projects/clean-energy-startup-support-programs/,2019,Past
ESCRI-SA Battery Energy Storage Project Operational Report 3,20/08/2020,Battery storage,Energy Storage for Commercial Renewable Integration (ESCRI) Phase 2,https://arena.gov.au/knowledge-bank/escri-sa-battery-energy-storage-project-operational-report-3/,Reports,https://arena.gov.au/projects/energy-storage-for-commercial-renewable-integration-escri-phase-2/,2017,Past
ARENA Insights Newsletter Edition #20,19/08/2020,Distributed energy resources,,https://arena.gov.au/knowledge-bank/arena-insights-edition-20/,InsightNewsletter,,,
NT SETuP Performance Report 2,8/08/2020,"Battery storage, Hybrid technologies, Off grid, Solar energy",NT Solar Energy Transformation Program,https://arena.gov.au/knowledge-bank/nt-setup-performance-report-2/,Reports,https://arena.gov.au/projects/northern-territory-solar-energy-transformation-program/,2014,Past
NT SETuP Performance Report 1,8/08/2020,"Battery storage, Hybrid technologies, Off grid, Solar energy",NT Solar Energy Transformation Program,https://arena.gov.au/knowledge-bank/nt-setup-performance-report-1/,Reports,https://arena.gov.au/projects/northern-territory-solar-energy-transformation-program/,2014,Past
Community Batteries: A Cost/Benefit Analysis,4/08/2020,Distributed energy resources,Community Models for Deploying and Operating DER,https://arena.gov.au/knowledge-bank/community-batteries-a-cost-benefit-analysis/,Reports,https://arena.gov.au/projects/community-models-for-deploying-and-operating-distributed-energy-resources/,2019,Past
Stakeholder Views on the Potential Role of Community Scale Storage in Australia,4/08/2020,Distributed energy resources,Community Models for Deploying and Operating DER,https://arena.gov.au/knowledge-bank/stakeholder-views-on-the-potential-role-of-community-scale-storage-in-australia/,Reports,https://arena.gov.au/projects/community-models-for-deploying-and-operating-distributed-energy-resources/,2019,Past
Battery Storage System Performance Standard,3/08/2020,Battery storage,Battery Storage System Performance Standard,https://arena.gov.au/knowledge-bank/battery-storage-system-performance-standard/,"Reports, Milestones",https://arena.gov.au/projects/battery-storage-system-performance-standard/,2018,Past
Gridded Renewable Nowcasting Demonstration Lessons Learnt 1,3/08/2020,System security and reliability,Gridded Renewables Nowcasting Demonstration over South Australia,https://arena.gov.au/knowledge-bank/gridded-renewable-nowcasting-demonstration-lessons-learnt-1/,"Reports, Lessons",https://arena.gov.au/projects/gridded-renewables-nowcasting-demonstration-over-south-australia/,2020,Past
Insight into Distributed Energy Resource Customers,3/08/2020,Distributed energy resources,,https://arena.gov.au/knowledge-bank/insight-into-distributed-energy-resource-customers/,"Reports, Insights",,,
Dyno Nobel Renewable Hydrogen Feasibility Study,30/07/2020,Hydrogen energy,Renewable Green Hydrogen Feasibility,https://arena.gov.au/knowledge-bank/dyno-nobel-renewable-hydrogen-feasibility-study/,Reports,https://arena.gov.au/projects/renewable-green-hydrogen-feasibility/,2019,Past
Presentation: Synchrophasors in the Distribution Network,30/07/2020,Distributed energy resources,NOJA Power Intelligent Switchgear,https://arena.gov.au/knowledge-bank/presentation-synchrophasors-in-the-distribution-network/,Presentation,https://arena.gov.au/projects/noja-power-intelligent-switchgear/,2017,Past
Commercialisation of R&D Funding Initiative Pilot Initial Evaluation,30/07/2020,Solar PV R&amp;D,,https://arena.gov.au/knowledge-bank/commercialisation-of-rd-funding-initiative-pilot-initial-evaluation/,Reports,,,
deX Project Progress Report July 2020,30/07/2020,Distributed energy resources,Decentralised Energy Exchange (deX) Program,https://arena.gov.au/knowledge-bank/dex-project-progress-report-july-2020/,Reports,https://arena.gov.au/projects/decentralised-energy-exchange/,2019,Past
Enel X Demand Response Project ' Knowledge Sharing Report 6,28/07/2020,Demand response,Enel X Demand Response Project,https://arena.gov.au/knowledge-bank/enel-x-demand-response-project-knowledge-sharing-report-6/,Reports,https://arena.gov.au/projects/enel-x-demand-response-project/,2017,Past
Renewable Energy Venture Capital Fund Evaluation Report,28/07/2020,Renewables for industry,,https://arena.gov.au/knowledge-bank/renewable-energy-venture-capital-fund-evaluation-report/,Reports,,,
ARENA Insights Newsletter Edition #19,24/07/2020,System security and reliability,,https://arena.gov.au/knowledge-bank/arena-insights-edition-19/,InsightNewsletter,,,
AEMO Virtual Power Plant Demonstration Knowledge Sharing Report 2,22/07/2020,Distributed energy resources,AEMO Virtual Power Plant Demonstrations,https://arena.gov.au/knowledge-bank/aemo-virtual-power-plant-demonstration-knowledge-sharing-report-2/,"Reports, Lessons",https://arena.gov.au/projects/aemo-virtual-power-plant-demonstrations/,2019,Past
"Low-Cost, Robust, High-Activity Water Splitting Electrodes Mid-Term Activity",20/07/2020,Hydrogen energy,"Low-Cost, Robust, High-Activity Water Splitting Electrodes",https://arena.gov.au/knowledge-bank/low-cost-robust-high-activity-water-splitting-electrodes-mid-term-activity/,Reports,https://arena.gov.au/projects/low-cost-robust-high-activity-water-splitting-electrodes/,2018,Past
Keeping The Lights On in a Separation Event: What Role Did Renewables Play?,20/07/2020,Battery storage,,https://arena.gov.au/knowledge-bank/keeping-the-lights-on-in-a-separation-event-what-role-did-renewables-play/,"Insights, Videos",,,
Ammonia Production from Renewables Midterm Activity July 2020,20/07/2020,Hydrogen energy,Ammonia Production from Renewables,https://arena.gov.au/knowledge-bank/ammonia-production-from-renewables-midterm-activity-july-2020/,Reports,https://arena.gov.au/projects/ammonia-production-from-renewables/,2018,Past
CSIRO Hydrogen to Ammonia July 2020,17/07/2020,Hydrogen energy,Hydrogen to Ammonia Research and Development,https://arena.gov.au/knowledge-bank/csiro-hydrogen-to-ammonia-july-2020/,Reports,https://arena.gov.au/projects/hydrogen-to-ammonia/,2018,Past
Addressing Barriers to Efficient Renewable Integration Milestone 4,16/07/2020,"Solar energy, Solar PV R&amp;D, System security and reliability",UNSW Addressing Barriers to Efficient Renewable Integration,https://arena.gov.au/knowledge-bank/addressing-barriers-to-efficient-renewable-integration-milestone-4/,"Reports, Milestones",https://arena.gov.au/projects/addressing-barriers-efficient-renewable-integration/,2016,Past
DEIP Access and Pricing Reform Package Outcomes,16/07/2020,Distributed energy resources,,https://arena.gov.au/knowledge-bank/deip-access-and-pricing-reform-package-outcomes/,Reports,,,
Biological Hydrogen Production Mid-Term Activity,15/07/2020,Hydrogen energy,Biological Hydrogen Production,https://arena.gov.au/knowledge-bank/biological-hydrogen-production-mid-term-activity/,Reports,https://arena.gov.au/projects/biological-hydrogen-production/,2018,Past
Addressing Barriers to Efficient Renewable Integration Milestone 3,15/07/2020,"Solar energy, Solar PV R&amp;D, System security and reliability",UNSW Addressing Barriers to Efficient Renewable Integration,https://arena.gov.au/knowledge-bank/addressing-barriers-to-efficient-renewable-integration-milestone-3/,"Reports, Milestones",https://arena.gov.au/projects/addressing-barriers-efficient-renewable-integration/,2016,Past
Renewable Energy Hub Lessons Learnt Report 2,11/07/2020,Renewables for industry,Renewable Energy Hub Marketplace,https://arena.gov.au/knowledge-bank/renewable-energy-hub-lessons-learnt-report-2/,Reports,https://arena.gov.au/projects/renewable-energy-hub-marketplace/,2020,Past
International Engagement Program Mid Term Evaluation Report,10/07/2020,General,,https://arena.gov.au/knowledge-bank/international-engagement-program-mid-term-evaluation-report/,Reports,,,
Garden Island Microgrid Report,9/07/2020,Ocean energy,Garden Island Microgrid Project,https://arena.gov.au/knowledge-bank/garden-island-microgrid-report/,"Reports, Milestones",https://arena.gov.au/projects/garden-island-microgrid-project/,2016,Past
Short-Term Forecasting Trial: Summary of Key Insights Oct 2019 to Apr 2020,7/07/2020,Solar energy,,https://arena.gov.au/knowledge-bank/short-term-forecasting-trial-summary-of-key-insights/,Insights,,,
Simply Energy VPPX Stage 2,30/06/2020,"Solar energy, Solar PV R&amp;D",Simply Energy Virtual Power Plant (VPP),https://arena.gov.au/knowledge-bank/simply-energy-vppx-stage-2/,"Reports, Lessons",https://arena.gov.au/projects/simply-energy-virtual-power-plant-vpp/,2018,Past
Analysis of Solar PV Hybrid Energy Irrigation Trial at Bundaberg,30/06/2020,Solar energy,Adapting Renewable Energy Concepts to Irrigated Sugarcane Production,https://arena.gov.au/knowledge-bank/analysis-of-solar-pv-hybrid-energy-irrigation-trial-at-bundaberg/,Reports,https://arena.gov.au/projects/irrigated-sugarcane-production-bundaberg/,2017,Past
QNP Green Ammonia Project Feasibility Study,30/06/2020,Hydrogen energy,Feasibility Study for a Green Hydrogen and Ammonia Project,https://arena.gov.au/knowledge-bank/qnp-green-ammonia-project-feasibility-study/,Reports,https://arena.gov.au/projects/feasibility-study-for-a-green-hydrogen-and-ammonia-project/,2019,Past
Pricing for the Integration of Distributed Energy Resources,25/06/2020,Distributed energy resources,Pricing and Integration of Distributed Energy Resources,https://arena.gov.au/knowledge-bank/pricing-for-the-integration-of-distributed-energy-resources/,Reports,https://arena.gov.au/projects/pricing-and-integration-of-distributed-energy-resources-study/,2018,Past
Proton Flow Reactor System Midterm Activity June 2020,25/06/2020,Hydrogen energy,Proton Flow Reactor System,https://arena.gov.au/knowledge-bank/proton-flow-reactor-system-midterm-activity-june-2020/,"Reports, Presentation",https://arena.gov.au/projects/proton-flow-reactor-system/,2018,Past
CSIRO Solid Oxide Electrolysis June 2020,17/06/2020,Hydrogen energy,Liquid Fuel Carrier Research and Development,https://arena.gov.au/knowledge-bank/csiro-solid-oxide-electrolysis-june-2020/,Reports,https://arena.gov.au/projects/liquid-fuel-carrier/,2018,Past
Operation of South Australia as an Electrical Island,17/06/2020,System security and reliability,,https://arena.gov.au/knowledge-bank/operation-of-south-australia-as-an-electrical-island/,Presentation,,,
EVExperience Lessons Learnt,16/06/2020,Electric vehicles,Charge Together Phase 2,https://arena.gov.au/knowledge-bank/evexperience-lessons-learnt-report/,"Reports, Lessons",https://arena.gov.au/projects/charge-together-phase-2/,2019,Past
BetterFleet Lessons Learnt,16/06/2020,Electric vehicles,Charge Together Phase 2,https://arena.gov.au/knowledge-bank/betterfleet-lessons-learnt/,"Reports, Lessons",https://arena.gov.au/projects/charge-together-phase-2/,2019,Past
Evenergi Grey Market Report,16/06/2020,Electric vehicles,Charge Together Phase 2,https://arena.gov.au/knowledge-bank/evenergi-grey-market-report/,Reports,https://arena.gov.au/projects/charge-together-phase-2/,2019,Past
ARENA Insights Newsletter Edition #18,16/06/2020,Electric vehicles,,https://arena.gov.au/knowledge-bank/arena-insights-edition-18/,InsightNewsletter,,,
Demand Response Project Performance Milestone 7,10/06/2020,Demand response,United Energy Distribution Demand Response,https://arena.gov.au/knowledge-bank/demand-response-project-performance-milestone-7/,Reports,https://arena.gov.au/projects/united-energy-distribution-demand-response/,2017,Past
Demand Response Trial Test 5 June 2020,8/06/2020,Demand response,EnergyAustralia Demand Response Program,https://arena.gov.au/knowledge-bank/demand-response-trial-test-5-june-2020/,Reports,https://arena.gov.au/projects/energyaustralia-demand-response-program/,2017,Past
Future Grid for Distributed Energy,4/06/2020,"Distributed energy resources, System security and reliability",Distributed Energy Resources Hosting Capacity Study,https://arena.gov.au/knowledge-bank/future-grid-for-distributed-energy/,Reports,https://arena.gov.au/projects/distributed-energy-resources-hosting-capacity-study/,2018,Past
Renewable Energy for Process Heat Opportunity Study,29/05/2020,"Bioenergy / Energy from waste, Renewables for industry",Renewable Energy for Process Heat Opportunity Study,https://arena.gov.au/knowledge-bank/renewable-energy-for-process-heat-opportunity-study/,Reports,https://arena.gov.au/projects/renewable-energy-for-process-heat-opportunity-study/,2020,Past
Co-Location of Large-Scale Wind and Solar Farms - Learnings from Operation,29/05/2020,"Large-scale solar, Solar energy",Gullen Solar Farm,https://arena.gov.au/knowledge-bank/co-location-of-large-scale-wind-and-solar-farms-learnings-from-operation/,"Reports, Milestones",https://arena.gov.au/projects/gullen-solar-farm/,2014,Past
Shoalhaven Knowledge Sharing Report 2,29/05/2020,Hydropower / Pumped Hydro Energy Storage,Shoalhaven Pumped Hydro Expansion Feasibility Study,https://arena.gov.au/knowledge-bank/shoalhaven-knowledge-sharing-report-2/,Reports,https://arena.gov.au/projects/shoalhaven-pumped-hydro/,2018,Past
May 2020 Project Performance Report ' Energy Under Control,28/05/2020,Demand response,Flow Power Energy Under Control Demand Response,https://arena.gov.au/knowledge-bank/may-2020-project-performance-report-energy-under-control/,Reports,https://arena.gov.au/projects/flow-power-energy-under-control-demand-response/,2017,Past
DER Technology Integration Functional Framework,20/05/2020,Distributed energy resources,,https://arena.gov.au/knowledge-bank/der-technology-integration-functional-framework/,Reports,,,
East Rockingham Waste to Energy Lessons Learnt,18/05/2020,Bioenergy / Energy from waste,East Rockingham Waste to Energy,https://arena.gov.au/knowledge-bank/east-rockingham-waste-to-energy-lessons-learnt/,"Reports, Lessons",https://arena.gov.au/projects/east-rockingham-waste-to-energy/,2019,Current
2019 Annual Report - Advanced Centre for Advanced Photovoltaics,15/05/2020,"Solar energy, Solar PV R&amp;D",Australian Centre for Advanced Photovoltaics (ACAP),https://arena.gov.au/knowledge-bank/2019-annual-report-advanced-centre-for-advanced-photovoltaics/,Reports,https://arena.gov.au/projects/australian-centre-for-advanced-photovoltaics-acap/,2012,Current
Powershop Demand Response Program May 2020,9/05/2020,Demand response,Powershop Australia Demand Response Program,https://arena.gov.au/knowledge-bank/may-2020-powershop-demand-response-program/,Reports,https://arena.gov.au/projects/powershop-australia-demand-response-program/,2017,Past
Managing System Strength During the Transition to Renewables,6/05/2020,System security and reliability,Powerlink Cost-Effective System Strength Study,https://arena.gov.au/knowledge-bank/managing-system-strength-during-the-transition-to-renewables/,Reports,https://arena.gov.au/projects/powerlink-cost-effective-system-strength-study/,2019,Past
Malabar Biomethane Injection Project Lessons Learnt Report 1,3/05/2020,Bioenergy / Energy from waste,Malabar Biomethane Injection Project,https://arena.gov.au/knowledge-bank/malabar-biomethane-injection-project-lessons-learnt-report-1/,"Reports, Lessons",https://arena.gov.au/projects/malabar-biomethane-injection-project/,2020,Past
Chargefox Electric Vehicle Charging Network Project - Lessons Learnt 1,30/04/2020,Electric vehicles,Chargefox Electric Vehicle Charging Network Project,https://arena.gov.au/knowledge-bank/chargefox-electric-vehicle-charging-network-project-lessons-learnt-1-apr2020/,Reports,https://arena.gov.au/projects/chargefox-electric-vehicle-charging-network-project/,2018,Past
ARENA Insights Newsletter Edition #17,29/04/2020,Hydropower / Pumped Hydro Energy Storage,,https://arena.gov.au/knowledge-bank/arena-insights-edition-17/,InsightNewsletter,,,
Insights Spotlight: International Energy Agency Hydro on Flexibility,28/04/2020,Hydropower / Pumped Hydro Energy Storage,,https://arena.gov.au/knowledge-bank/arena-insights-spotlight-international-energy-agency-hydro-on-flexibility/,Insights,,,
ReWired Season 3 Podcast,27/04/2020,General,,https://arena.gov.au/knowledge-bank/rewired-season-3-podcast/,Podcast,,,
Chargefox Lessons Learnt 3,17/04/2020,Electric vehicles,Chargefox Electric Vehicle Charging Network Project,https://arena.gov.au/knowledge-bank/chargefox-lessons-learnt-3/,"Reports, Lessons",https://arena.gov.au/projects/chargefox-electric-vehicle-charging-network-project/,2018,Past
Solcast Nowcasting Lessons Learnt Report 2,6/04/2020,Solar energy,Solar Farm Solutions & the Australian Energy Sector,https://arena.gov.au/knowledge-bank/solcast-nowcasting-lessons-learnt-report-2/,"Reports, Lessons",https://arena.gov.au/projects/solcast-nowcasting-solutions-for-solar-farms/,2019,Past
Proa Analytics Solar Farm Short Term Forecasting Project: Lessons Learnt 2,6/04/2020,Solar energy,Proa Analytics Solar Forecasts,https://arena.gov.au/knowledge-bank/proa-analytics-solar-farm-short-term-forecasting-project-lessons-learnt-2/,"Reports, Lessons",https://arena.gov.au/projects/proa-analytics-solar-forecasts/,2019,Past
Solar Power Ensemble Forecaster Lessons Learnt 2,6/04/2020,Solar energy,Solar Power Ensemble Forecaster,https://arena.gov.au/knowledge-bank/solar-power-ensemble-forecaster-lessons-learnt-2/,"Reports, Lessons",https://arena.gov.au/projects/solar-power-ensemble-forecaster/,2019,Past
Fulcrum3D CloudCAM Solar Forecasting for the NEM Lessons Learnt Report 2,6/04/2020,Solar energy,Fulcrum3D CloudCAM Solar Forecasting,https://arena.gov.au/knowledge-bank/fulcrum3d-cloudcam-solar-forecasting-for-the-nem-lessons-learnt-report-2/,"Reports, Lessons",https://arena.gov.au/projects/fulcrum3d-cloudcam-solar-forecasting-for-the-nem/,2018,Past
Vestas Wind Forecasting for the NEM Lessons Learnt Report 2,5/04/2020,Wind energy,Lake Bonney Stages 2/3,https://arena.gov.au/knowledge-bank/vestas-wind-forecasting-for-the-nem-lessons-learnt-report-2/,"Reports, Lessons",https://arena.gov.au/projects/lake-bonney-stages-2-3/,2019,Past
Meridian Energy Australia Wind Forecasting Demonstration Project Lessons Learnt 2,5/04/2020,Wind energy,Wind Forecasting Demonstration Project,https://arena.gov.au/knowledge-bank/meridian-energy-australia-wind-forecasting-demonstration-project-lessons-learnt-2/,"Reports, Lessons",https://arena.gov.au/projects/wind-forecasting-demonstration-project/,2019,Past
Fulcrum3D Wind Forecasting for the NEM Lessons Learnt 2,5/04/2020,Wind energy,Wind Forecasting for the NEM,https://arena.gov.au/knowledge-bank/fulcrum3d-wind-forecasting-for-the-nem-lessons-learnt-2/,"Reports, Lessons",https://arena.gov.au/projects/wind-forecasting-nem/,2019,Past
DNV GL ' Multi-Model and Machine Learning Wind Forecast Project Lessons Learnt 2,5/04/2020,Wind energy,Ararat Wind Farm,https://arena.gov.au/knowledge-bank/dnv-gl-multi-model-and-machine-learning-wind-forecast-project-lessons-learnt-2/,"Reports, Lessons",https://arena.gov.au/projects/ararat-wind-farm/,2019,Past
Advisian Wind & Solar Forecasting for the NEM Project Lessons Learnt 2,5/04/2020,"Solar energy, Wind energy",Application of Advanced Short Term Power Generation Forecasting,https://arena.gov.au/knowledge-bank/advisian-wind-solar-forecasting-for-the-nem-project-lessons-learnt-2/,"Reports, Lessons",https://arena.gov.au/projects/advanced-short-term-power-generation/,2018,Past
Windlab Limited - LIDAR for Wind Forecasts Lessons Learnt 2,5/04/2020,Wind energy,Using Upstream LIDAR Measurements,https://arena.gov.au/knowledge-bank/lidar-for-wind-forecasts-lessons-learnt-2/,"Reports, Lessons",https://arena.gov.au/projects/using-upstream-lidar-measurements-to-improve-the-accuracy-of-5-minute-ahead-wind-forecasts/,2019,Past
Aeolius Wind Systems Wind Forecasting Demonstration Project Lessons Learnt 2,3/04/2020,Wind energy,Aeolius Wind Forecasting Project,https://arena.gov.au/knowledge-bank/aeolius-wind-systems-wind-forecasting-demonstration-project-lessons-learnt-2/,"Reports, Lessons",https://arena.gov.au/projects/aeolius-wind-forecasting-project/,2019,Current
Enel X Demand Response Project ' Knowledge Sharing Report 5,1/04/2020,Demand response,Enel X Demand Response Project,https://arena.gov.au/knowledge-bank/enel-x-demand-response-project-knowledge-sharing-report-5/,Reports,https://arena.gov.au/projects/enel-x-demand-response-project/,2017,Past
DER Hosting Capacity Project Interim Knowledge Sharing Report,30/03/2020,Distributed energy resources,Demonstration of Three Dynamic Grid-Side Technologies,https://arena.gov.au/knowledge-bank/jemena-der-hosting-capacity-project-interim-knowledge-sharing-report/,Reports,https://arena.gov.au/projects/demonstration-of-three-dynamic-grid-side-technologies/,2019,Past
ARENA Insights Newsletter Edition #16,27/03/2020,Distributed energy resources,,https://arena.gov.au/knowledge-bank/arena-insights-edition-16/,InsightNewsletter,,,
Network Hosting Capacity Projects Progress Report Year One,26/03/2020,Distributed energy resources,,https://arena.gov.au/knowledge-bank/network-hosting-capacity-projects-progress-report-year-one/,"Reports, Insights",,,
Horizon Power Carnarvon DER Lessons Learnt #1,26/03/2020,Distributed energy resources,Horizon Power Business Model Pilot Phase 1,https://arena.gov.au/knowledge-bank/horizon-power-carnarvon-der-lessons-learnt-1/,"Reports, Lessons",https://arena.gov.au/projects/horizon-power-business-model-pilot/,2017,Past
Horizon Power Carnarvon DER Trials Technical Report,26/03/2020,Distributed energy resources,Horizon Power Business Model Pilot Phase 1,https://arena.gov.au/knowledge-bank/horizon-power-carnarvon-der-trials-technical-report/,Reports,https://arena.gov.au/projects/horizon-power-business-model-pilot/,2017,Past
Towards Ultimate Performance Commercial Silicon Solar Cells,23/03/2020,"Solar energy, Solar PV R&amp;D",Towards Ultimate Performance Silicon Solar Cells,https://arena.gov.au/knowledge-bank/towards-ultimate-performance-commercial-silicon-solar-cells/,"Reports, Lessons",https://arena.gov.au/projects/towards-ultimate-performance-silicon-solar-cells/,2014,Past
Intercast and Forge Demand Response Report 3,19/03/2020,Demand response,Intercast and Forge Demand Response,https://arena.gov.au/knowledge-bank/intercast-and-forge-demand-response-report-3/,Reports,https://arena.gov.au/projects/intercast-and-forge-demand-response/,2017,Past
BMS-Inverter Hybrid Project Public Report,19/03/2020,Battery storage,BMS-Inverter Hybrid Project,https://arena.gov.au/knowledge-bank/bms-inverter-hybrid-project/,Reports,https://arena.gov.au/projects/bms-inverter-hybrid-project/,2018,Past
Renewable Hydrogen Deployment Funding Round,13/03/2020,Hydrogen energy,,https://arena.gov.au/knowledge-bank/renewable-hydrogen-deployment-funding-round/,Presentation,,,
AEMO Virtual Power Plant Demonstration Knowledge Sharing Report 1,13/03/2020,Distributed energy resources,AEMO Virtual Power Plant Demonstrations,https://arena.gov.au/knowledge-bank/aemo-virtual-power-plant-demonstration-knowledge-sharing-report-1/,Reports,https://arena.gov.au/projects/aemo-virtual-power-plant-demonstrations/,2019,Past
Conversion of Remote Crude Oil Beam Pumps to Solar & Battery Report,13/03/2020,"Solar energy, Solar PV R&amp;D",Conversion of Remote Crude Oil Beam Pumps to Solar & Battery,https://arena.gov.au/knowledge-bank/conversion-of-remote-crude-oil-beam-pumps-to-solar-battery-report/,Reports,https://arena.gov.au/projects/conversion-of-remote-crude-oil-beam-pumps/,2018,Past
Conversion of Remote Crude Oil Beam Pumps to Solar & Battery Lessons Learnt,13/03/2020,"Solar energy, Solar PV R&amp;D",Conversion of Remote Crude Oil Beam Pumps to Solar & Battery,https://arena.gov.au/knowledge-bank/conversion-of-remote-crude-oil-beam-pumps-to-solar-battery-lessons-learnt/,"Reports, Lessons",https://arena.gov.au/projects/conversion-of-remote-crude-oil-beam-pumps/,2018,Past
DEIP Access and Pricing Workshop 3,13/03/2020,Distributed energy resources,,https://arena.gov.au/knowledge-bank/deip-access-and-pricing-workshop-3/,Reports,,,
Renewable Energy Hub Lessons Learnt Report 1,11/03/2020,Renewables for industry,Renewable Energy Hub Marketplace,https://arena.gov.au/knowledge-bank/renewable-energy-hub-lessons-learnt-report-1/,Reports,https://arena.gov.au/projects/renewable-energy-hub-marketplace/,2020,Past
Shoalhaven Knowledge Sharing Report 1,28/02/2020,Hydropower / Pumped Hydro Energy Storage,Shoalhaven Pumped Hydro Expansion Feasibility Study,https://arena.gov.au/knowledge-bank/shoalhaven-knowledge-sharing-report-1/,Reports,https://arena.gov.au/projects/shoalhaven-pumped-hydro/,2018,Past
Advanced Planning of PV-Rich Distribution Networks ' Deliverable 3: Traditional Solutions,25/02/2020,Distributed energy resources,Advanced Planning of PV-Rich Distribution Networks Study,https://arena.gov.au/knowledge-bank/advanced-planning-of-pv-rich-distribution-networks-deliverable-3-traditional-solutions/,Reports,https://arena.gov.au/projects/advanced-planning-of-pv-rich-distribution-networks-study/,2019,Past
Using the CIM for Electrical Network Model Exchange,25/02/2020,Distributed energy resources,evolve DER Project,https://arena.gov.au/knowledge-bank/using-the-cim-for-electrical-network-model-exchange/,"Reports, Milestones",https://arena.gov.au/projects/evolve-der-project/,2019,Past
DEIP Access and Pricing Workshop 2,21/02/2020,Distributed energy resources,,https://arena.gov.au/knowledge-bank/deip-access-and-pricing-workshop-2/,Presentation,,,
DEIP Access and Pricing Workshop 1,21/02/2020,Distributed energy resources,,https://arena.gov.au/knowledge-bank/deip-access-and-pricing-workshop-1/,Reports,,,
ESCRI-SA Battery Energy Storage Project Operational Report 2,20/02/2020,Battery storage,Energy Storage for Commercial Renewable Integration (ESCRI) Phase 2,https://arena.gov.au/knowledge-bank/escri-sa-battery-energy-storage-project-operational-report-2/,Reports,https://arena.gov.au/projects/energy-storage-for-commercial-renewable-integration-escri-phase-2/,2017,Past
ARENA Insights Newsletter Edition #15,19/02/2020,Distributed energy resources,,https://arena.gov.au/knowledge-bank/arena-insights-newsletter-edition-15/,InsightNewsletter,,,
International Engagement Program - Year 1 Summary,17/02/2020,Renewables for industry,,https://arena.gov.au/knowledge-bank/international-engagement-program-year-1-summary/,"Reports, Insights",,,
Operating a Community-Scale Battery: Electricity Tariffs to Maximise Customer and Network Benefits,6/02/2020,Distributed energy resources,Community Models for Deploying and Operating DER,https://arena.gov.au/knowledge-bank/operating-a-community-scale-battery-electricity-tariffs-to-maximise-customer-and-network-benefits/,Reports,https://arena.gov.au/projects/community-models-for-deploying-and-operating-distributed-energy-resources/,2019,Past
Short-Term Forecasting Trial on the NEM Progress Report (April to October 2019),31/01/2020,Wind energy,Lake Bonney Stages 2/3,https://arena.gov.au/knowledge-bank/short-term-forecasting-trial-on-the-nem-progress-report-april-to-october-2019/,"Reports, Insights",https://arena.gov.au/projects/lake-bonney-stages-2-3/,2019,Past
Insights From the First Wave of Large-Scale Solar Projects in Australia,31/01/2020,Large-scale solar,,https://arena.gov.au/knowledge-bank/insights-from-the-first-wave-of-large-scale-solar-projects-in-australia/,"Reports, Insights",,,
Co-Location of Large-Scale Wind and Solar Farms - Learnings from Development and Construction,29/01/2020,"Large-scale solar, Solar energy",Gullen Solar Farm,https://arena.gov.au/knowledge-bank/co-location-of-large-scale-wind-and-solar-farms-learnings-development-construction/,"Reports, Milestones",https://arena.gov.au/projects/gullen-solar-farm/,2014,Past
Development of Renewable Energy Zones in the NEM,23/01/2020,System security and reliability,,https://arena.gov.au/knowledge-bank/development-of-renewable-energy-zones-in-the-nem/,Reports,,,
Review of ARENA's Reliability Portfolio,20/01/2020,System security and reliability,,https://arena.gov.au/knowledge-bank/review-of-arenas-reliability-portfolio/,Reports,,,
Evie Networks Lessons Learnt Report December 2019,22/12/2019,Electric vehicles,National Ultrafast EV Charging Infrastructure Network,https://arena.gov.au/knowledge-bank/evie-networks-lessons-learnt-report/,"Reports, Lessons",https://arena.gov.au/projects/national-ultrafast-ev-charging-infrastructure-network/,2019,Current
deX Consumer Insights,20/12/2019,Distributed energy resources,Decentralised Energy Exchange (deX) Program,https://arena.gov.au/knowledge-bank/dex-consumer-insights/,Reports,https://arena.gov.au/projects/decentralised-energy-exchange/,2019,Past
DEIP CEO Forum Materials - November 2019,20/12/2019,Distributed energy resources,,https://arena.gov.au/knowledge-bank/presentation-deip-ceo-forum-materials/,Presentation,,,
ARENA Insights Newsletter Edition #14,20/12/2019,Distributed energy resources,,https://arena.gov.au/knowledge-bank/arena-insights-newsletter-edition-14/,InsightNewsletter,,,
Chargefox Lessons Learnt 2,20/12/2019,Electric vehicles,Chargefox Electric Vehicle Charging Network Project,https://arena.gov.au/knowledge-bank/chargefox-lessons-learnt-2/,"Reports, Lessons",https://arena.gov.au/projects/chargefox-electric-vehicle-charging-network-project/,2018,Past
Large Scale Solar Portfolio Evaluation,20/12/2019,Large-scale solar,,https://arena.gov.au/knowledge-bank/large-scale-solar-portfolio-evaluation/,Reports,,,
ARENA Insights Newsletter Edition #13,20/12/2019,System security and reliability,,https://arena.gov.au/knowledge-bank/arena-insights-newsletter-edition-13/,InsightNewsletter,,,
Pilot Landfill Solar Report Feasibility Study,19/12/2019,"Solar energy, Solar PV R&amp;D",Pilot Landfill Solar Project,https://arena.gov.au/knowledge-bank/pilot-landfill-solar-report-feasibility-study/,Reports,https://arena.gov.au/projects/pilot-landfill-solar-project/,2016,Past
Demand Response Project Performance Milestone 6,17/12/2019,Demand response,United Energy Distribution Demand Response,https://arena.gov.au/knowledge-bank/demand-response-project-performance-milestone-6/,Reports,https://arena.gov.au/projects/united-energy-distribution-demand-response/,2017,Past
Presentation: Renewable Energy for Business Simplified Nov 2019,16/12/2019,"Renewables for industry, Renewables in buildings",Business Renewables Centre Australia,https://arena.gov.au/knowledge-bank/presentation-renewable-energy-for-business-simplified-nov-2019/,Presentation,https://arena.gov.au/projects/business-renewables-centre-australia/,2018,Past
ARENA Insights Forum Session Summaries & Key Points,16/12/2019,Distributed energy resources,,https://arena.gov.au/knowledge-bank/arena-insights-forum-session-summaries-key-points/,"Reports, Insights",,,
Ramp Rate Control for PV Plant Integration: Experience from Karratha Airport&rsquo;s Hybrid Power Station,16/12/2019,"Large-scale solar, Solar energy",Karratha Airport Solar Plant,https://arena.gov.au/knowledge-bank/ramp-rate-control-for-pv-plant-integration-experience-from-karratha-airports-hybrid-power-station/,Reports,https://arena.gov.au/projects/karratha-airport-solar-plant/,2015,Past
Grid vs Garage,13/12/2019,Distributed energy resources,,https://arena.gov.au/knowledge-bank/grid-vs-garage/,Reports,,,
DEIP EV Working Group Materials,11/12/2019,Electric vehicles,,https://arena.gov.au/knowledge-bank/deip-ev-working-group-materials/,Presentation,,,
Proa Analytics Solar Farm Short Term Forecasting Project: Lessons Learnt 1,9/12/2019,Solar energy,Proa Analytics Solar Forecasts,https://arena.gov.au/knowledge-bank/proa-analytics-solar-farm-short-term-forecasting-project-lessons-learned-1/,"Reports, Lessons",https://arena.gov.au/projects/proa-analytics-solar-forecasts/,2019,Past
Aeolius Wind Systems Wind Forecasting Demonstration Project Lessons Learnt 1,9/12/2019,Wind energy,Aeolius Wind Forecasting Project,https://arena.gov.au/knowledge-bank/aeolius-wind-systems-wind-forecasting-demonstration-project-lessons-learnt-1/,"Reports, Lessons",https://arena.gov.au/projects/aeolius-wind-forecasting-project/,2019,Current
Vestas Short Term Forecasting of Wind Farms Lessons Learnt 1,9/12/2019,Wind energy,Lake Bonney Stages 2/3,https://arena.gov.au/knowledge-bank/vestas-short-term-forecasting-of-wind-farms-lessons-learnt-1/,"Reports, Lessons",https://arena.gov.au/projects/lake-bonney-stages-2-3/,2019,Past
Fulcrum3D Wind Forecasting for the NEM Lessons Learnt 1,9/12/2019,Wind energy,Wind Forecasting for the NEM,https://arena.gov.au/knowledge-bank/fulcrum3d-wind-forecasting-for-the-nem-lessons-learnt-1/,"Reports, Lessons",https://arena.gov.au/projects/wind-forecasting-nem/,2019,Past
DNV GL ' Multi-Model and Machine Learning Wind Forecast Project Lessons Learnt 1,9/12/2019,Wind energy,Ararat Wind Farm,https://arena.gov.au/knowledge-bank/dnv-gl-multi-model-and-machine-learning-wind-forecast-project-lessons-learnt-1/,"Reports, Lessons",https://arena.gov.au/projects/ararat-wind-farm/,2019,Past
Advisian Wind & Solar Forecasting for the NEM Project Lessons Learnt 1,9/12/2019,"Solar energy, Wind energy",Application of Advanced Short Term Power Generation Forecasting,https://arena.gov.au/knowledge-bank/advisian-wind-and-solar-forecasting-for-the-nem-project-lessons-learnt-1/,"Reports, Insights",https://arena.gov.au/projects/advanced-short-term-power-generation/,2018,Past
Solcast Nowcasting Lessons Learned Report 1,9/12/2019,Solar energy,Solar Farm Solutions & the Australian Energy Sector,https://arena.gov.au/knowledge-bank/solcast-nowcasting-lessons-learnt-report/,"Reports, Lessons",https://arena.gov.au/projects/solcast-nowcasting-solutions-for-solar-farms/,2019,Past
Meridian Energy Australia Wind Forecasting Demonstration Project Lessons Learnt 1,9/12/2019,Wind energy,Wind Forecasting Demonstration Project,https://arena.gov.au/knowledge-bank/meridian-energy-australia-wind-forecasting-demonstration-project-lessons-learnt/,"Reports, Lessons",https://arena.gov.au/projects/wind-forecasting-demonstration-project/,2019,Past
Solar Power Ensemble Forecaster Lessons Learnt 1,9/12/2019,Solar energy,Solar Power Ensemble Forecaster,https://arena.gov.au/knowledge-bank/solar-power-ensemble-forecaster-lessons-learnt-1/,"Reports, Lessons",https://arena.gov.au/projects/solar-power-ensemble-forecaster/,2019,Past
Windlab Limited - LIDAR for Wind Forecasts Lessons Learnt 1,9/12/2019,Wind energy,Using Upstream LIDAR Measurements,https://arena.gov.au/knowledge-bank/windlab-limited-lidar-for-wind-forecasts-lessons-learnt-1/,"Reports, Lessons",https://arena.gov.au/projects/using-upstream-lidar-measurements-to-improve-the-accuracy-of-5-minute-ahead-wind-forecasts/,2019,Past
Fulcrum3D CloudCAM Solar Forecasting for the NEM Lessons Learnt Report 1,9/12/2019,Solar energy,Fulcrum3D CloudCAM Solar Forecasting,https://arena.gov.au/knowledge-bank/fulcrum3d-cloudcam-solar-forecasting-for-the-nem-lessons-learnt-report-1/,"Reports, Lessons",https://arena.gov.au/projects/fulcrum3d-cloudcam-solar-forecasting-for-the-nem/,2018,Past
Demand Response Trial Test 4 December 2019,9/12/2019,Demand response,EnergyAustralia Demand Response Program,https://arena.gov.au/knowledge-bank/demand-response-trial-test-4-december-2019/,Reports,https://arena.gov.au/projects/energyaustralia-demand-response-program/,2017,Past
Solar Enablement Initiative Final Report,5/12/2019,"Solar energy, Solar PV R&amp;D",Increasing Visibility of Distribution Networks,https://arena.gov.au/knowledge-bank/solar-enablement-initiative-final-report/,Reports,https://arena.gov.au/projects/increasing-visibility-of-distribution-networks/,2017,Past
Solar Enablement Initiative Lessons Learnt Report,5/12/2019,"Solar energy, Solar PV R&amp;D",Increasing Visibility of Distribution Networks,https://arena.gov.au/knowledge-bank/solar-enablement-initiative-lessons-learnt-report/,"Reports, Lessons",https://arena.gov.au/projects/increasing-visibility-of-distribution-networks/,2017,Past
Solar Enablement Initiative Project Progress Report,5/12/2019,"Solar energy, Solar PV R&amp;D",Increasing Visibility of Distribution Networks,https://arena.gov.au/knowledge-bank/solar-enablement-initiative-project-progress-report/,Reports,https://arena.gov.au/projects/increasing-visibility-of-distribution-networks/,2017,Past
Project Marinus Business Case Assessment Report,5/12/2019,System security and reliability,Project Marinus: Further Bass Strait Interconnection,https://arena.gov.au/knowledge-bank/project-marinus-business-case-assessment-report/,Reports,https://arena.gov.au/projects/project-marinus-further-bass-strait-interconnection/,2018,Past
Intercast and Forge Demand Response Report 4,30/11/2019,Demand response,Intercast and Forge Demand Response,https://arena.gov.au/knowledge-bank/intercast-and-forge-demand-response-report-4/,Reports,https://arena.gov.au/projects/intercast-and-forge-demand-response/,2017,Past
Mussleroe Wind Farm Lessons Learnt Progress Report 2019,30/11/2019,"System security and reliability, Wind energy",Musselroe Wind Farm FCAS Trial,https://arena.gov.au/knowledge-bank/mussleroe-wind-farm-lessons-learnt-progress-report-2019/,"Reports, Lessons",https://arena.gov.au/projects/musselroe-wind-farm-fcas-trial/,2018,Past
A Robotic Vision System for Rapid Inspection and Evaluation of Solar Plant Infrastructure,29/11/2019,"Solar energy, Solar PV R&amp;D",Robotic Vision System for Automatic Inspection & Evaluation of Solar Plants,https://arena.gov.au/knowledge-bank/a-robotic-vision-system-for-rapid-inspection-and-evaluation-of-solar-plant-infrastructure/,"Reports, Lessons",https://arena.gov.au/projects/a-robotic-vision-system-for-automatic-inspection-and-evaluation-of-solar-plants/,2016,Past
Alkimos Beach Energy Storage Trial Customer Insights 2019,28/11/2019,Distributed energy resources,Solar and Storage Trial at Alkimos Beach Residential Development,https://arena.gov.au/knowledge-bank/alkimos-beach-energy-storage-trial-customer-insights-2019/,Reports,https://arena.gov.au/projects/solar-and-storage-trial-at-alkimos-beach-residential-development/,2014,Past
Renewable Energy Options for Industrial Process Heat,21/11/2019,Renewables for industry,,https://arena.gov.au/knowledge-bank/renewable-energy-options-for-industrial-process-heat/,Reports,,,
Corporate Renewable Power Purchase Agreements in Australia - State of the Market 2019,20/11/2019,"Renewables for industry, Renewables in buildings",Business Renewables Centre Australia,https://arena.gov.au/knowledge-bank/corporate-renewable-power-purchase-agreements-in-australia-state-of-the-market-2019/,Reports,https://arena.gov.au/projects/business-renewables-centre-australia/,2018,Past
Presentation: AEMO Renewable Integration Study Update,20/11/2019,System security and reliability,,https://arena.gov.au/knowledge-bank/presentation-aemo-renewable-integration-study-update/,Presentation,,,
Evaluation of ARENA&rsquo;s Impact and Effectiveness,18/11/2019,Renewables for industry,,https://arena.gov.au/knowledge-bank/evaluation-of-arenas-impact-and-effectiveness/,Reports,,,
Presentation: Distributed Energy Integration Program DEIP CEO Forum Materials,18/11/2019,Distributed energy resources,,https://arena.gov.au/knowledge-bank/presentation-distributed-energy-integration-program-deip-ceo-forum/,Presentation,,,
"Presentation: The German Energy Transition: Status, Challenges and Solutions",16/11/2019,Renewables for industry,,https://arena.gov.au/knowledge-bank/presentation-the-german-energy-transition-status-challenges-and-solutions/,Presentation,,,
Presentation: Toyota Australia Fuel Cell Project,16/11/2019,Hydrogen energy,Toyota Ecopark Hydrogen Demonstration,https://arena.gov.au/knowledge-bank/presentation-toyota-australia-fuel-cell-project/,Presentation,https://arena.gov.au/projects/toyota-ecopark-hydrogen-demonstration/,2019,Past
Presentation: ATCO Clean Energy Innovation Hub Lessons,16/11/2019,Hydrogen energy,ATCO Hydrogen Microgrid,https://arena.gov.au/knowledge-bank/presentation-atco-clean-energy-innovation-hub-lessons/,Presentation,https://arena.gov.au/projects/atco-hydrogen-microgrid/,2018,Past
Biofuels and Transport: An Australian opportunity,15/11/2019,Bioenergy / Energy from waste,,https://arena.gov.au/knowledge-bank/biofuels-and-transport-an-australian-opportunity/,Reports,,,
Lord Howe Island Lessons Learnt Report: Value Management,15/11/2019,"Battery storage, Hybrid technologies",Lord Howe Island Hybrid Renewable Energy System,https://arena.gov.au/knowledge-bank/lord-howe-island-lessons-learnt-report-value-management/,"Reports, Lessons",https://arena.gov.au/projects/lord-howe-island-hybrid-renewable-energy-system/,2014,Past
Source Hydropanel Demonstration Report,11/11/2019,"Solar energy, Solar PV R&amp;D",SOURCE Hydropanel Demonstration Project,https://arena.gov.au/knowledge-bank/source-hydropanel-demonstration-report/,Reports,https://arena.gov.au/projects/source-hydropanel-demonstration/,2018,Past
November 2019 Powershop Demand Response Program,3/11/2019,Demand response,Powershop Australia Demand Response Program,https://arena.gov.au/knowledge-bank/november-2019-powershop-demand-response-program/,Reports,https://arena.gov.au/projects/powershop-australia-demand-response-program/,2017,Past
November 2019 Project Performance Report - Energy Under Control,3/11/2019,Demand response,Flow Power Energy Under Control Demand Response,https://arena.gov.au/knowledge-bank/november-2019-project-performance-report-energy-under-control/,Reports,https://arena.gov.au/projects/flow-power-energy-under-control-demand-response/,2017,Past
deX Project Progress Report October 2019,1/11/2019,Distributed energy resources,Decentralised Energy Exchange (deX) Program,https://arena.gov.au/knowledge-bank/dex-project-progress-report/,Reports,https://arena.gov.au/projects/decentralised-energy-exchange/,2019,Past
Advanced Planning of PV-Rich Distribution Networks - Deliverable 2: Innovative Analytical Techniques,22/10/2019,Distributed energy resources,Advanced Planning of PV-Rich Distribution Networks Study,https://arena.gov.au/knowledge-bank/advanced-planning-of-pv-rich-distribution-networks-deliverable-2-innovative-analytical-techniques/,Reports,https://arena.gov.au/projects/advanced-planning-of-pv-rich-distribution-networks-study/,2019,Past
ARENA Insights Newsletter Edition #12,18/10/2019,Battery storage,,https://arena.gov.au/knowledge-bank/arena-insights-edition-12/,InsightNewsletter,,,
Solar SETuP Fact Sheet,18/10/2019,"Battery storage, Hybrid technologies, Off grid, Solar energy",NT Solar Energy Transformation Program,https://arena.gov.au/knowledge-bank/solar-setup-fact-sheet/,Guides,https://arena.gov.au/projects/northern-territory-solar-energy-transformation-program/,2014,Past
SETuP ' Lessons Learnt Report ' Rollout Challenges,18/10/2019,"Battery storage, Hybrid technologies, Off grid, Solar energy",NT Solar Energy Transformation Program,https://arena.gov.au/knowledge-bank/setup-lessons-learnt-report-rollout-challenges/,"Reports, Lessons",https://arena.gov.au/projects/northern-territory-solar-energy-transformation-program/,2014,Past
SETuP ' Lessons Learnt Report ' Remoteness Challenges,18/10/2019,"Battery storage, Hybrid technologies, Off grid, Solar energy",NT Solar Energy Transformation Program,https://arena.gov.au/knowledge-bank/setup-lessons-learnt-report-remoteness-challenges/,"Reports, Lessons",https://arena.gov.au/projects/northern-territory-solar-energy-transformation-program/,2014,Past
SETuP ' Lessons Learnt Report ' Remote Community Engagement,18/10/2019,"Battery storage, Hybrid technologies, Off grid, Solar energy",NT Solar Energy Transformation Program,https://arena.gov.au/knowledge-bank/setup-lessons-learnt-report-remote-community-engagement/,"Reports, Lessons",https://arena.gov.au/projects/northern-territory-solar-energy-transformation-program/,2014,Past
SETuP Knowledge Sharing ' Daly River Lessons Learnt,18/10/2019,"Battery storage, Hybrid technologies, Off grid, Solar energy",NT Solar Energy Transformation Program,https://arena.gov.au/knowledge-bank/setup-knowledge-sharing-daly-river-lessons-learnt/,"Reports, Lessons",https://arena.gov.au/projects/northern-territory-solar-energy-transformation-program/,2014,Past
Solar SETuP Case Study ' Rollout of Tranche One Medium Contribution Sites,18/10/2019,"Battery storage, Hybrid technologies, Off grid, Solar energy",NT Solar Energy Transformation Program,https://arena.gov.au/knowledge-bank/solar-setup-case-study-rollout-of-tranche-one-medium-contribution-sites/,Reports,https://arena.gov.au/projects/northern-territory-solar-energy-transformation-program/,2014,Past
Solar/Diesel Mini-Grid Handbook 2nd Edition,18/10/2019,"Battery storage, Hybrid technologies, Off grid, Solar energy",NT Solar Energy Transformation Program,https://arena.gov.au/knowledge-bank/solar-diesel-mini-grid-handbook-2/,Reports,https://arena.gov.au/projects/northern-territory-solar-energy-transformation-program/,2014,Past
SETuP Knowledge Sharing - Daly River Lessons Learnt,17/10/2019,"Solar energy, Solar PV R&amp;D",Daly River Solar Research Project,https://arena.gov.au/knowledge-bank/setup-knowledge-sharing-daly-river-lessons-learnt-2/,Reports,https://arena.gov.au/projects/daly-river-solar-research-project/,2012,Past
Gannawarra Energy Storage System: Project Summary Report,17/10/2019,Battery storage,Gannawarra Energy Storage System (GESS),https://arena.gov.au/knowledge-bank/gannawarra-energy-storage-system-project-summary-report/,Reports,https://arena.gov.au/projects/gannawarra-energy-storage-system/,2018,Past
Ballarat BESS: Knowledge Sharing Report,17/10/2019,Battery storage,Ballarat Energy Storage System (BESS),https://arena.gov.au/knowledge-bank/ballarat-bess-knowledge-sharing-report/,Reports,https://arena.gov.au/projects/ballarat-energy-storage-system/,2018,Past
Pricing and Integration of DER Webinar Summary,15/10/2019,Distributed energy resources,Pricing and Integration of Distributed Energy Resources,https://arena.gov.au/knowledge-bank/pricing-and-integration-of-der-webinar-summary/,Reports,https://arena.gov.au/projects/pricing-and-integration-of-distributed-energy-resources-study/,2018,Past
United Energy Demand Response Project Performance Milestone 5,15/10/2019,Demand response,United Energy Distribution Demand Response,https://arena.gov.au/knowledge-bank/united-energy-demand-response-project-performance-report-milestone-report-5/,"Reports, Milestones",https://arena.gov.au/projects/united-energy-distribution-demand-response/,2017,Past
NSW Demand Response Report October 2019,9/10/2019,Demand response,AGL Demand Response,https://arena.gov.au/knowledge-bank/nsw-demand-response-report-october-2019/,Reports,https://arena.gov.au/projects/agl-demand-response/,2017,Past
Activation of the ARENA DR Trial Portfolio Under the SN RERT Panel,2/10/2019,Demand response,,https://arena.gov.au/knowledge-bank/activation-of-the-arena-dr-trial-portfolio-under-the-sn-rert-panel/,Reports,,,
Enel X Demand Response Project - Knowledge Sharing Report 4,30/09/2019,Demand response,Enel X Demand Response Project,https://arena.gov.au/knowledge-bank/enel-x-demand-response-project-knowledge-sharing-report-4/,Reports,https://arena.gov.au/projects/enel-x-demand-response-project/,2017,Past
Lithium Ion Battery Testing Report 7,30/09/2019,Battery storage,Testing the Performance of Lithium Ion Batteries,https://arena.gov.au/knowledge-bank/report-7-lithium-ion-battery-testing/,Reports,https://arena.gov.au/projects/testing-the-performance-of-lithium-ion-batteries/,2015,Past
Networks Renewed: Project Results and Lessons Learnt,30/09/2019,Distributed energy resources,Networks Renewed,https://arena.gov.au/knowledge-bank/networks-renewed-project-results-and-lessons-learnt/,Reports,https://arena.gov.au/projects/networks-renewed/,2016,Past
Clean Energy Innovation Hub,29/09/2019,Hydrogen energy,ATCO Hydrogen Microgrid,https://arena.gov.au/knowledge-bank/clean-energy-innovation-hub/,"Reports, Lessons",https://arena.gov.au/projects/atco-hydrogen-microgrid/,2018,Past
Large-Scale Battery Storage Knowledge Sharing Report,25/09/2019,Battery storage,,https://arena.gov.au/knowledge-bank/large-scale-battery-storage-knowledge-sharing-report/,"Reports, Insights",,,
Baselining the ARENA-AEMO Demand Response RERT Trial,25/09/2019,Demand response,,https://arena.gov.au/knowledge-bank/baselining-the-arena-aemo-demand-response-rert-trial/,Reports,,,
ARENA Insights Newsletter Edition #11,18/09/2019,Solar PV R&amp;D,,https://arena.gov.au/knowledge-bank/arena-insights-edition-11/,InsightNewsletter,,,
ARENA-Funded Cutting Edge Research in Photovoltaics,16/09/2019,Solar PV R&amp;D,,https://arena.gov.au/knowledge-bank/cutting-edge-research-in-photovoltaics-through-arena-funded-projects/,Reports,,,
ARENA Insights Spotlight: Dr Brett Hallam from UNSW,16/09/2019,"Solar energy, Solar PV R&amp;D",Hydrogenated and Hybrid Heterojunction P-Type Silicon Solar Cells,https://arena.gov.au/knowledge-bank/arena-insights-spotlight-dr-brett-hallam-from-unsw/,Insights,https://arena.gov.au/projects/hydrogenated-hybrid-heterojunction-p-type-silicon-solar-cells/,2017,Past
ARENA Insights Spotlight: Professor Kylie Catchpole from ANU,16/09/2019,"Solar energy, Solar PV R&amp;D",Monolithic Perovskite-Silicon Tandem Cells: Towards Commercial Reality,https://arena.gov.au/knowledge-bank/arena-insights-spotlight-professor-kylie-catchpole-from-anu/,Insights,https://arena.gov.au/projects/monolithic-perovskite-silicon-tandem-cells/,2017,Past
ARENA Insights Spotlight: Dr Doojin Vak from CSIRO,16/09/2019,"Solar energy, Solar PV R&amp;D",Manufacturing of Printed Perovskite PV Modules,https://arena.gov.au/knowledge-bank/arena-insights-spotlight-dr-doojin-vak-from-csiro/,Insights,https://arena.gov.au/projects/printed-perovskite-pv-modules/,2017,Past
Hydrogenated and Hybrid Heterojunction P-Type Silicon PV Cells,4/09/2019,"Solar energy, Solar PV R&amp;D",Hydrogenated and Hybrid Heterojunction P-Type Silicon Solar Cells,https://arena.gov.au/knowledge-bank/hydrogenated-and-hybrid-heterojunction-p-type-silicon-pv-cells/,"Reports, Lessons",https://arena.gov.au/projects/hydrogenated-hybrid-heterojunction-p-type-silicon-solar-cells/,2017,Past
Uniwater Final and Project Failure,30/08/2019,Bioenergy / Energy from waste,Unitywater Sewage Waste to Energy Feasibility Study,https://arena.gov.au/knowledge-bank/uniwater-final-and-project-failure/,Reports,https://arena.gov.au/projects/unitywater-sewage-waste-energy-feasibility-study/,2016,Past
Battery of the Nation - Challenges in Modelling the Transforming NEM,28/08/2019,Hydropower / Pumped Hydro Energy Storage,Battery of the Nation Future State NEM Analysis (Stage 2),https://arena.gov.au/knowledge-bank/battery-of-the-nation-challenges-in-modelling-the-transforming-nem/,Reports,https://arena.gov.au/projects/battery-of-the-nation-future-state-nem-analysis-stage-2/,2019,Past
Battery of the Nation - Unlocking Investment in Storage for a Future Reliable NEM,28/08/2019,Hydropower / Pumped Hydro Energy Storage,Battery of the Nation Future State NEM Analysis (Stage 2),https://arena.gov.au/knowledge-bank/battery-of-the-nation-unlocking-investment-in-storage-for-a-future-reliable-nem/,Reports,https://arena.gov.au/projects/battery-of-the-nation-future-state-nem-analysis-stage-2/,2019,Past
Battery of the Nation - Understanding Reliability in the Future NEM,28/08/2019,Hydropower / Pumped Hydro Energy Storage,Battery of the Nation Future State NEM Analysis (Stage 2),https://arena.gov.au/knowledge-bank/report-battery-of-the-nation-understanding-reliability-in-the-future-nem/,Reports,https://arena.gov.au/projects/battery-of-the-nation-future-state-nem-analysis-stage-2/,2019,Past
Battery of the Nation - Operation of Storages Without Perfect Foresight,28/08/2019,Hydropower / Pumped Hydro Energy Storage,Battery of the Nation Future State NEM Analysis (Stage 2),https://arena.gov.au/knowledge-bank/battery-of-the-nation-operation-of-storages-without-perfect-foresight/,Reports,https://arena.gov.au/projects/battery-of-the-nation-future-state-nem-analysis-stage-2/,2019,Past
The Case for Deep Storage - Why the NEM Needs Battery of the Nation,28/08/2019,Hydropower / Pumped Hydro Energy Storage,Battery of the Nation Future State NEM Analysis (Stage 2),https://arena.gov.au/knowledge-bank/the-case-for-deep-storage-why-the-nem-needs-battery-of-the-nation/,Reports,https://arena.gov.au/projects/battery-of-the-nation-future-state-nem-analysis-stage-2/,2019,Past
Lessons Learnt: Hydrogenated Bifacial PERL Silicon PV Cells with Laser Doping and Plated Contacts,28/08/2019,"Solar energy, Solar PV R&amp;D",Hydrogenated Bifacial PERL Silicon PV Cells,https://arena.gov.au/knowledge-bank/report-hydrogenated-bifacial-perl-silicon-pv-cells-with-laser-doping-and-plated-contacts-project-results-and-lessons-learnt/,"Reports, Lessons",https://arena.gov.au/projects/hydrogenated-bifacial-perl-silicon-pv-cells/,2017,Past
How Battery of the Nation Can Contribute to Victoria's Energy Needs and Objectives,28/08/2019,Hydropower / Pumped Hydro Energy Storage,Battery of the Nation Future State NEM Analysis (Stage 2),https://arena.gov.au/knowledge-bank/how-battery-of-the-nation-can-contribute-to-victorias-energy-needs-and-objectives/,Reports,https://arena.gov.au/projects/battery-of-the-nation-future-state-nem-analysis-stage-2/,2019,Past
Integrating Industrial Black Silicon with High Efficiency Multicrystalline Solar Cells,28/08/2019,"Solar energy, Solar PV R&amp;D",Integrating Industrial Black Silicon,https://arena.gov.au/knowledge-bank/integrating-industrial-black-silicon-with-high-efficiency-multicrystalline-solar-cells/,"Reports, Lessons",https://arena.gov.au/projects/integrating-industrial-black-silicon-high-efficiency-multicrystalline-solar-cells/,2017,Past
Accelerating Industrial Solar Cells Efficiency by Development of Plasma-Enhanced Chemical Vapour Deposition,28/08/2019,"Solar energy, Solar PV R&amp;D",Accelerating Industrial Solar Cells,https://arena.gov.au/knowledge-bank/accelerating-industrial-solar-cells-efficiency-by-development-of-plasma-enhanced-chemical-vapour-deposition-pecvd-based-metal-oxides/,"Reports, Lessons",https://arena.gov.au/projects/accelerating-industrial-solar-cells-efficiency/,2017,Past
Advanced High Efficiency Solar Cells Employing Innovative Atomic Scale Engineered Surface & Contact Passivation Layers,28/08/2019,"Solar energy, Solar PV R&amp;D",Advanced High-Efficiency Silicon Solar Cells,https://arena.gov.au/knowledge-bank/advanced-high-efficiency-silicon-solar-cells-employing-innovative-atomic-scale-engineered-surface-and-contact-passivation-layers/,"Reports, Lessons",https://arena.gov.au/projects/advanced-high-efficiency-silicon-solar-cells/,2017,Past
Bringing All-Polymer Solar Cells Closer to Commercialization Lessons Learnt 1,28/08/2019,"Solar energy, Solar PV R&amp;D",Monash University Polymer PV Study,https://arena.gov.au/knowledge-bank/bringing-all-polymer-solar-cells-closer-to-commercialization/,"Reports, Lessons",https://arena.gov.au/projects/monash-university-polymer-pv-study/,2017,Past
Investigate Metallised Encapsulant for Silicon PV Modules,28/08/2019,"Solar energy, Solar PV R&amp;D",Metallised Encapsulant for Silicon PV Modules,https://arena.gov.au/knowledge-bank/investigate-metallised-encapsulant-for-silicon-pv-modules/,"Reports, Lessons",https://arena.gov.au/projects/metallised-encapsulant-silicon-pv-modules/,2017,Past
Next Generation Silicon Sub-cells for High Efficiency III-V/Si Multi-Junction Solar Cells,28/08/2019,"Solar energy, Solar PV R&amp;D",Next Generation Silicon Sub-Cells,https://arena.gov.au/knowledge-bank/next-generation-silicon-sub-cells-for-high-efficiency-iii-v-si-multi-junction-solar-cells/,"Reports, Lessons",https://arena.gov.au/projects/next-generation-silicon-sub-cells/,2017,Past
Improving World-Record Commercial N-Type Solar Cells Through Recombination Analysis & Innovative Passivation,28/08/2019,"Solar energy, Solar PV R&amp;D",Improving World-Record Commercial High-Efficiency N-Type Solar Cells,https://arena.gov.au/knowledge-bank/improving-world-record-commercial-high-efficiency-n-type-solar-cells-through-recombination-analysis-innovative-passivation/,"Reports, Lessons",https://arena.gov.au/projects/improving-world-record-commercial-high-efficiency-n-type-solar-cells/,2017,Past
ESCRI-SA Battery Energy Storage Project Operational Report 1,23/08/2019,Battery storage,Energy Storage for Commercial Renewable Integration (ESCRI) Phase 2,https://arena.gov.au/knowledge-bank/escri-sa-battery-energy-storage-project-operational-report-1/,Reports,https://arena.gov.au/projects/energy-storage-for-commercial-renewable-integration-escri-phase-2/,2017,Past
Environmental Upgrade Finance - Program Guide for Councils,23/08/2019,"Solar energy, Solar PV R&amp;D",Expansion of the Environmental Upgrade Agreement Market,https://arena.gov.au/knowledge-bank/environmental-upgrade-finance-program-guide-for-councils/,Guides,https://arena.gov.au/projects/expansion-environmental-upgrade-agreement-market-victoria/,2016,Past
ARENA/AEMO DR Trial Project Performance Report Summer 2019,23/08/2019,Demand response,Zen Ecosystems Demand Response,https://arena.gov.au/knowledge-bank/arena-aemo-dr-trial-project-performance-report-summer-2019/,Reports,https://arena.gov.au/projects/zen-ecosystems-demand-response/,2017,Past
ARENA Insights Newsletter Edition #10,16/08/2019,Distributed energy resources,,https://arena.gov.au/knowledge-bank/arena-insights-edition-10/,InsightNewsletter,,,
High-Efficiency Silicon - Perovskite Tandem Cells and Modules: Demonstration and Commercial Evaluation,15/08/2019,"Solar energy, Solar PV R&amp;D",Creating a Better Solar Cell,https://arena.gov.au/knowledge-bank/high-efficiency-silicon-perovskite-tandem-cells-and-modules-demonstration-and-commercial-evaluation/,"Reports, Lessons",https://arena.gov.au/projects/creating-a-better-solar-cell-unsw/,2014,Past
ARENA Insights Spotlight: Local Champions in the Cities Power Partnership,15/08/2019,Distributed energy resources,Cities Power Partnership,https://arena.gov.au/knowledge-bank/arena-insights-spotlight-local-champions-in-the-cities-power-partnership/,Insights,https://arena.gov.au/projects/cities-power-partnership/,2018,Past
ARENA Insights Spotlight: The Cities Power Partnership,15/08/2019,Distributed energy resources,Cities Power Partnership,https://arena.gov.au/knowledge-bank/arena-insights-spotlight-the-cities-power-partnership/,Insights,https://arena.gov.au/projects/cities-power-partnership/,2018,Past
Battery of The Nation PHES Prefeasibility Studies Summary,15/08/2019,Hydropower / Pumped Hydro Energy Storage,Tasmanian Pumped Hydro Energy Storage Opportunities Stage 2,https://arena.gov.au/knowledge-bank/battery-of-the-nation-phes-prefeasibility-studies-summary/,Reports,https://arena.gov.au/projects/tasmanian-pumped-hydro-energy-storage-opportunities-stage-2/,2018,Past
Applying Behavioural Insights to Powershop&rsquo;s Curb Your Power Program,14/08/2019,Demand response,Powershop Australia Demand Response Program,https://arena.gov.au/knowledge-bank/applying-behavioural-insights-to-powershops-curb-your-power-program/,Reports,https://arena.gov.au/projects/powershop-australia-demand-response-program/,2017,Past
Tandem PV Micro Concentrator Project Results and Lessons Learnt,12/08/2019,"Solar energy, Solar PV R&amp;D",Tandem PV Micro Concentrator,https://arena.gov.au/knowledge-bank/tandem-pv-micro-concentrator/,"Reports, Lessons",https://arena.gov.au/projects/tandem-pv-micro-concentrator/,2017,Past
Monolithic Perovskite ' Silicon Tandem Cells: Towards Commercial Reality Project Results and Lessons Learnt,7/08/2019,"Solar energy, Solar PV R&amp;D",Monolithic Perovskite-Silicon Tandem Cells: Towards Commercial Reality,https://arena.gov.au/knowledge-bank/monolithic-perovskite-silicon-tandem-cells-towards-commercial-reality-project-results-and-lessons-learnt/,"Reports, Lessons",https://arena.gov.au/projects/monolithic-perovskite-silicon-tandem-cells/,2017,Past
Development of Stable Electrodes for Perovskite Solar Cells Project Results and Lessons Learnt,7/08/2019,"Solar energy, Solar PV R&amp;D",Development of Stable Electrodes for Perovskite Solar Cells,https://arena.gov.au/knowledge-bank/development-of-stable-electrodes-for-perovskite-solar-cells/,"Reports, Lessons",https://arena.gov.au/projects/development-stable-electrodes-perovskite-solar-cells/,2017,Past
Latrobe Valley Microgrid Feasibility Assessment,5/08/2019,Distributed energy resources,Latrobe Valley Microgrid Feasibility Study,https://arena.gov.au/knowledge-bank/latrobe-valley-microgrid-feasibility-assessment/,Reports,https://arena.gov.au/projects/latrobe-valley-microgrid-feasibility-study/,2018,Past
Synthetic Fuel Manufacture - Proof of Concept,30/07/2019,Bioenergy / Energy from waste,Hardwood Residue Bio-Refinery Feasibility Study,https://arena.gov.au/knowledge-bank/synthetic-fuel-manufacture-proof-of-concept/,Reports,https://arena.gov.au/projects/hardwood-residue-bio-refinery-feasibility-study/,2018,Past
Hardwood Residue Bio-Refinery Feasibility Study,30/07/2019,Bioenergy / Energy from waste,Hardwood Residue Bio-Refinery Feasibility Study,https://arena.gov.au/knowledge-bank/hardwood-residue-bio-refinery-feasibility-study/,Reports,https://arena.gov.au/projects/hardwood-residue-bio-refinery-feasibility-study/,2018,Past
Integrating Renewable Energy for Industrial Process Heat Training Workshop Summary,29/07/2019,Renewables for industry,,https://arena.gov.au/knowledge-bank/integrating-renewable-energy-for-industrial-process-heat-training-workshop-summary/,Reports,,,
Intercast and Forge Demand Response Report 2,29/07/2019,Demand response,Intercast and Forge Demand Response,https://arena.gov.au/knowledge-bank/intercast-and-forge-demand-response-report-2/,Reports,https://arena.gov.au/projects/intercast-and-forge-demand-response/,2017,Past
Bladed Receivers with Active Airflow Control,24/07/2019,"Concentrated solar thermal, Solar energy",Improving Solar Thermal Receivers for Reduced Heat Loss,https://arena.gov.au/knowledge-bank/bladed-receivers-with-active-airflow-control/,"Reports, Lessons",https://arena.gov.au/projects/improving-solar-thermal-receivers-for-reduced-heat-loss/,2014,Past
ARENA Insights Newsletter Edition #9,19/07/2019,Distributed energy resources,,https://arena.gov.au/knowledge-bank/arena-insights-edition-9/,InsightNewsletter,,,
Smart Energy City Introductory Report,18/07/2019,"Distributed energy resources, Renewables in buildings",Indra Monash Smart City,https://arena.gov.au/knowledge-bank/smart-energy-city-introductory-report/,Reports,https://arena.gov.au/projects/indra-monash-smart-city/,2018,Past
2018 Annual Report ' Advanced Centre for Advanced Photovoltaics,16/07/2019,"Solar energy, Solar PV R&amp;D",Australian Centre for Advanced Photovoltaics (ACAP),https://arena.gov.au/knowledge-bank/2018-annual-report-advanced-centre-for-advanced-photovoltaics/,Reports,https://arena.gov.au/projects/australian-centre-for-advanced-photovoltaics-acap/,2012,Current
Regulatory DEIP Dive Workshop,15/07/2019,Distributed energy resources,,https://arena.gov.au/knowledge-bank/regulatory-distributed-energy-integration-program-deip-dive-workshop/,Reports,,,
Addressing Barriers to Efficient Renewable Integration Milestone 2,15/07/2019,"Solar energy, Solar PV R&amp;D, System security and reliability",UNSW Addressing Barriers to Efficient Renewable Integration,https://arena.gov.au/knowledge-bank/addressing-barriers-to-efficient-renewable-integration-milestone-2/,"Reports, Milestones",https://arena.gov.au/projects/addressing-barriers-efficient-renewable-integration/,2016,Past
Specifying Guidelines for Assessing Perovskite Solar Cells,13/07/2019,"Solar energy, Solar PV R&amp;D",Specifying Guidelines for Assessing Next Generation Solar Cells,https://arena.gov.au/knowledge-bank/specifying-guidelines-for-assessing-perovskite-solar-cells/,Reports,https://arena.gov.au/projects/specifying-guidelines-for-assessing-next-generation-solar-cells/,2015,Past
Smart Energy City Net Zero Initiative,11/07/2019,"Distributed energy resources, Renewables in buildings",Indra Monash Smart City,https://arena.gov.au/knowledge-bank/smart-energy-city-net-zero-initiative/,Reports,https://arena.gov.au/projects/indra-monash-smart-city/,2018,Past
Middleback Ranges PHES Pre-Feasibility Study,10/07/2019,Hydropower / Pumped Hydro Energy Storage,Middleback Ranges PHES Pre-Feasibility Study,https://arena.gov.au/knowledge-bank/middleback-ranges-phes-pre-feasibility-study/,Reports,https://arena.gov.au/projects/middleback-ranges-pumped-hydro-energy-storage-project-pre-feasibility-study/,2018,Past
NSW Schools Energy Productivity Program (SEPP) Project Results,8/07/2019,"Solar energy, Solar PV R&amp;D",NSW Schools Energy Productivity Program (SEPP) Pilot,https://arena.gov.au/knowledge-bank/nsw-schools-energy-productivity-program-sepp-project-results/,Reports,https://arena.gov.au/projects/nsw-schools-energy-productivity-program-sepp-pilot/,2018,Past
Residential Solar and Storage Program Final Report,5/07/2019,Battery storage,Peak Demand Reduction Using Solar and Storage,https://arena.gov.au/knowledge-bank/residential-solar-and-storage-program-final-report/,Reports,https://arena.gov.au/projects/peak-demand-reduction-using-solar-storage/,2017,Past
Presentation: Monash Smart Energy City,4/07/2019,"Distributed energy resources, Renewables in buildings",Indra Monash Smart City,https://arena.gov.au/knowledge-bank/presentation-monash-smart-energy-city/,Presentation,https://arena.gov.au/projects/indra-monash-smart-city/,2018,Past
Presentation: Lessons From Hawaii: The Journey To 100% Renewable Grids,4/07/2019,Renewables for industry,,https://arena.gov.au/knowledge-bank/presentation-lessons-from-hawaii-the-journey-to-100-renewable-grids/,Presentation,,,
Presentation: Demand Response RERT Trial,3/07/2019,Demand response,,https://arena.gov.au/knowledge-bank/presentation-demand-response-rert-trial/,Presentation,,,
Presentation: Solar Enablement Initiative ' Distribution State Estimation,3/07/2019,Distributed energy resources,,https://arena.gov.au/knowledge-bank/presentation-solar-enablement-initiative-distribution-state-estimation/,Presentation,,,
"Presentation: Virtual Power Plants: Creating value, overcoming challenges and what comes next?",3/07/2019,Distributed energy resources,,https://arena.gov.au/knowledge-bank/presentation-virtual-power-plants-creating-value-overcoming-challenges-and-what-comes-next/,Presentation,,,
Presentation: Intra-Day Forecasting,3/07/2019,System security and reliability,,https://arena.gov.au/knowledge-bank/presentation-intra-day-forecasting/,Presentation,,,
Presentation: Fulcrum3D Solar and Wind Forecasting for the NEM,3/07/2019,Solar energy,Fulcrum3D CloudCAM Solar Forecasting,https://arena.gov.au/knowledge-bank/presentation-fulcrum3d-solar-and-wind-forecasting-for-the-nem/,Presentation,https://arena.gov.au/projects/fulcrum3d-cloudcam-solar-forecasting-for-the-nem/,2018,Past
Presentation: Lakeland Solar and Storage Project: Lessons and Opportunities,3/07/2019,"Large-scale solar, Solar energy",Lakeland Solar and Storage Project,https://arena.gov.au/knowledge-bank/presentation-lakeland-solar-and-storage-project-lessons-and-opportunities/,Presentation,https://arena.gov.au/projects/lakeland-solar-storage-project/,2016,Past
The Solar Energy Transformation Program (SETuP): Lessons and Opportunities for High Renewables Mini-Grids,3/07/2019,"Battery storage, Hybrid technologies, Off grid, Solar energy",NT Solar Energy Transformation Program,https://arena.gov.au/knowledge-bank/presentation-the-solar-energy-transformation-program-setup-lessons-and-opportunities-for-high-renewables-mini-grids/,Presentation,https://arena.gov.au/projects/northern-territory-solar-energy-transformation-program/,2014,Past
Presentation: Large Scale Battery Storage: Services and Value Streams,3/07/2019,Battery storage,,https://arena.gov.au/knowledge-bank/presentation-large-scale-battery-storage-services-and-value-streams/,Presentation,,,
Presentation: System Services: Security Needs in a Transitioning System,3/07/2019,System security and reliability,,https://arena.gov.au/knowledge-bank/presentation-system-services-security-needs-in-a-transitioning-system/,Presentation,,,
Real-time Operational Distributed PV Simulations for Distribution Network Providers,30/06/2019,"Solar energy, Solar PV R&amp;D",Real-Time Operational PV Simulations,https://arena.gov.au/knowledge-bank/real-time-operational-distributed-pv-simulations-for-distribution-network-providers/,Reports,https://arena.gov.au/projects/real-time-operational-pv-simulations-for-distribution-network-service-providers/,2016,Past
Manufacturing of Printed Perovskite PV Modules,30/06/2019,"Solar energy, Solar PV R&amp;D",Manufacturing of Printed Perovskite PV Modules,https://arena.gov.au/knowledge-bank/manufacturing-of-printed-perovskite-pv-modules/,"Reports, Lessons",https://arena.gov.au/projects/printed-perovskite-pv-modules/,2017,Past
Coober Pedy Hybrid Renewable Project Second Year Performance,30/06/2019,"Battery storage, Hybrid technologies, Solar energy, Wind energy",Coober Pedy Renewable Diesel Hybrid,https://arena.gov.au/knowledge-bank/coober-pedy-hybrid-renewable-project-second-year-performance-report/,Reports,https://arena.gov.au/projects/coober-pedy-renewable-diesel-hybrid/,2014,Past
Developing a New Type of High Efficiency Building Integrated PV Cell,28/06/2019,"Solar energy, Solar PV R&amp;D",Monash University Building Integrated PV Study,https://arena.gov.au/knowledge-bank/developing-a-new-type-of-high-efficiency-building-integrated-pv-cell/,"Reports, Lessons",https://arena.gov.au/projects/monash-university-building-integrated-pv-study/,2017,Past
Advanced Silicon Solar Cells by DESIJN (Deposited Silicon Junctions),27/06/2019,"Solar energy, Solar PV R&amp;D",Advanced Silicon Solar Cells,https://arena.gov.au/knowledge-bank/advanced-silicon-solar-cells-by-desijn-deposited-silicon-junctions/,"Reports, Lessons",https://arena.gov.au/projects/advanced-silicon-solar-cells/,2017,Past
Lessons From the Fringes: Australian Fringe-Of-Grid Projects in ARENA&rsquo;s Portfolio,26/06/2019,Off grid,,https://arena.gov.au/knowledge-bank/lessons-from-the-fringes-australian-fringe-of-grid-projects-in-arenas-portfolio/,"Reports, Insights",,,
ARENA Insights Forum Presentation Summaries & Key Points ' DER Stream,25/06/2019,Distributed energy resources,,https://arena.gov.au/knowledge-bank/arena-insights-forum-presentation-summaries-key-points-der-stream/,Reports,,,
ARENA Insights Forum Presentation Summaries & Key Points ' Plenary Session,25/06/2019,Distributed energy resources,,https://arena.gov.au/knowledge-bank/arena-insights-forum-presentation-summaries-key-points-plenary-session/,Reports,,,
ARENA Insights Forum Presentation Summaries & Key Points ' Large-Scale Projects Stream,25/06/2019,Battery storage,,https://arena.gov.au/knowledge-bank/arena-insights-forum-presentation-summaries-key-points-large-scale-projects-stream/,Reports,,,
Hydroelectricity and Pumped Hydroelectricity Energy Storage Projects,25/06/2019,Hydropower / Pumped Hydro Energy Storage,,https://arena.gov.au/knowledge-bank/hydroelectricity-and-pumped-hydroelectricity-energy-storage-projects/,Insights,,,
Driving Increased Efficiency and Reliability in Silicon Photovoltaics ' From Ingots to Modules,22/06/2019,"Solar energy, Solar PV R&amp;D",Driving Increased Efficiency and Reliability in Silicon Photovoltaics,https://arena.gov.au/knowledge-bank/driving-increased-efficiency-and-reliability-in-silicon-photovoltaics-from-ingots-to-modules/,"Reports, Lessons",https://arena.gov.au/projects/driving-increased-efficiency-reliability-silicon-photovoltaics-ingots-modules/,2017,Past
ASTRI Australian Solar Thermal Research Institute Public Dissemination Report,20/06/2019,"Concentrated solar thermal, Solar energy",ASTRI Australian Solar Thermal Research Institute,https://arena.gov.au/knowledge-bank/astri-australian-solar-thermal-research-institute-public-dissemination-report/,Reports,https://arena.gov.au/projects/astri-australian-solar-thermal-research-institute/,2012,Past
ARENA Insights Newsletter Edition #8,17/06/2019,Renewables for industry,,https://arena.gov.au/knowledge-bank/arena-insights-edition-8/,InsightNewsletter,,,
Hydrogen Communities & H2City Tool,16/06/2019,Hydrogen energy,,https://arena.gov.au/knowledge-bank/hydrogen-communities/,"Reports, Tools",,,
Report 6 Lithium Ion Battery Testing,14/06/2019,Battery storage,Testing the Performance of Lithium Ion Batteries,https://arena.gov.au/knowledge-bank/report-6-lithium-ion-battery-testing/,Reports,https://arena.gov.au/projects/testing-the-performance-of-lithium-ion-batteries/,2015,Past
ARENA Insights Spotlight: Corporations Making the Shift to Renewables,12/06/2019,"Renewables for industry, Renewables in buildings",Business Renewables Centre Australia,https://arena.gov.au/knowledge-bank/arena-insights-spotlight-why-corporations-are-making-the-shift-to-renewables-and-what-theyre-learning/,Insights,https://arena.gov.au/projects/business-renewables-centre-australia/,2018,Past
Advanced Planning of PV-Rich Distribution Networks - Deliverable 1: HV-LV Modelling of Selected HV Feeders,10/06/2019,Distributed energy resources,Advanced Planning of PV-Rich Distribution Networks Study,https://arena.gov.au/knowledge-bank/advanced-planning-of-pv-rich-distribution-networks-deliverable-1-hv-lv-modelling-of-selected-hv-feeders/,Reports,https://arena.gov.au/projects/advanced-planning-of-pv-rich-distribution-networks-study/,2019,Past
Demand Response Project Performance June 2019,8/06/2019,Demand response,EnergyAustralia Demand Response Program,https://arena.gov.au/knowledge-bank/demand-response-project-performance-june-2019/,Reports,https://arena.gov.au/projects/energyaustralia-demand-response-program/,2017,Past
CONSORT - Commercialisation Plan,7/06/2019,Battery storage,Consumer Energy Systems Providing Cost-Effective Grid Support,https://arena.gov.au/knowledge-bank/consort-commercialisation-plan/,Reports,https://arena.gov.au/projects/consumer-energy-systems-providing-cost-effective-grid-support-consort/,2016,Past
CONSORT - Social Science Report,7/06/2019,Battery storage,Consumer Energy Systems Providing Cost-Effective Grid Support,https://arena.gov.au/knowledge-bank/consort-social-science-report/,Reports,https://arena.gov.au/projects/consumer-energy-systems-providing-cost-effective-grid-support-consort/,2016,Past
CONSORT - Participant System Financial Performance,7/06/2019,Battery storage,Consumer Energy Systems Providing Cost-Effective Grid Support,https://arena.gov.au/knowledge-bank/consort-participant-system-financial-performance/,Reports,https://arena.gov.au/projects/consumer-energy-systems-providing-cost-effective-grid-support-consort/,2016,Past
CONSORT - Reward Structures Report,7/06/2019,Battery storage,Consumer Energy Systems Providing Cost-Effective Grid Support,https://arena.gov.au/knowledge-bank/consort-reward-structures-report/,Reports,https://arena.gov.au/projects/consumer-energy-systems-providing-cost-effective-grid-support-consort/,2016,Past
CONSORT - Network Aware Coordination (NAC),7/06/2019,Battery storage,Consumer Energy Systems Providing Cost-Effective Grid Support,https://arena.gov.au/knowledge-bank/consort-network-aware-coordination-nac/,Reports,https://arena.gov.au/projects/consumer-energy-systems-providing-cost-effective-grid-support-consort/,2016,Past
CONSORT - Lessons Learnt During Trial Deployment,7/06/2019,Battery storage,Consumer Energy Systems Providing Cost-Effective Grid Support,https://arena.gov.au/knowledge-bank/consort-lessons-learnt-during-trial-deployment/,"Reports, Lessons",https://arena.gov.au/projects/consumer-energy-systems-providing-cost-effective-grid-support-consort/,2016,Past
CONSORT - Project Results and Lessons Learnt,7/06/2019,Battery storage,Consumer Energy Systems Providing Cost-Effective Grid Support,https://arena.gov.au/knowledge-bank/consort-project-results-and-lessons-learnt/,"Reports, Lessons",https://arena.gov.au/projects/consumer-energy-systems-providing-cost-effective-grid-support-consort/,2016,Past
AGL Solar Project Final Report,3/06/2019,"Large-scale solar, Solar energy",AGL Solar Project,https://arena.gov.au/knowledge-bank/agl-solar-project-final-report/,Reports,https://arena.gov.au/projects/agl-solar-project/,2013,Current
AGL Solar Project Feedback and Areas for Improvement Report,3/06/2019,"Large-scale solar, Solar energy",AGL Solar Project,https://arena.gov.au/knowledge-bank/feedback-and-areas-for-improvement-report/,Reports,https://arena.gov.au/projects/agl-solar-project/,2013,Current
Development of Novel Hydrogen Trapping Techniques for Breakthrough Si Casting & Wafering Technologies,1/06/2019,"Solar energy, Solar PV R&amp;D",Development of Novel Hydrogen Trapping Techniques,https://arena.gov.au/knowledge-bank/development-of-novel-hydrogen-trapping-techniques-for-breakthrough-si-casting-and-wafering-technologies/,"Reports, Lessons",https://arena.gov.au/projects/development-of-novel-hydrogen-trapping-techniques/,2017,Past
Large-Scale Battery Storage Workshop Presentation,21/05/2019,Battery storage,,https://arena.gov.au/knowledge-bank/large-scale-battery-storage-workshop-presentation/,Presentation,,,
Large-Scale Battery Storage Knowledge Sharing Workshop Summary,21/05/2019,Battery storage,,https://arena.gov.au/knowledge-bank/large-scale-battery-storage-knowledge-sharing-workshop-summary/,"Lessons, Presentation",,,
High Temperature Solar Thermal Energy Storage via Manganese-Oxide Based Redox Cycling Report,17/05/2019,"Concentrated solar thermal, Solar energy",High-Temperature Solar Thermal Energy Storage,https://arena.gov.au/knowledge-bank/high-temperature-solar-thermal-energy-storage-via-manganese-oxide-based-redox-cycling-report/,"Reports, Lessons",https://arena.gov.au/projects/high-temperature-solar-thermal/,2014,Past
SunSHIFT Webinar Summary,16/05/2019,"Solar energy, Solar PV R&amp;D",SunSHIFT Pre-Commercial Deployment,https://arena.gov.au/knowledge-bank/sunshift-webinar-summary/,Presentation,https://arena.gov.au/projects/sunshift-pre-commercial-deployment/,2017,Past
ARENA Insights Newsletter Edition #7,16/05/2019,Hybrid technologies,,https://arena.gov.au/knowledge-bank/arena-insights-edition-7/,InsightNewsletter,,,
Vast Solar Leadership in the CSP Sector Report,14/05/2019,"Concentrated solar thermal, Solar energy",CSP Pilot Plant,https://arena.gov.au/knowledge-bank/vast-solar-leadership-in-the-csp-sector-narrative-report/,Reports,https://arena.gov.au/projects/csp-pilot-plant/,2014,Past
ANU STORES - An Atlas of Pumped Hydro Energy Storage,9/05/2019,Hydropower / Pumped Hydro Energy Storage,Atlas of Pumped Hydro Energy Storage,https://arena.gov.au/knowledge-bank/an-atlas-of-pumped-hydro-energy-storage-public-dissemination-report/,Reports,https://arena.gov.au/projects/atlas-pumped-hydro-energy-storage/,2016,Past
Maximising Solar PV with Phase Change Thermal Energy Storage,7/05/2019,"Renewables for industry, Renewables in buildings, Solar energy, Solar PV R&amp;D",Maximising Solar PV with Phase Change Thermal Energy Storage,https://arena.gov.au/knowledge-bank/maximising-solar-pv-with-phase-change-thermal-energy-storage/,"Reports, Lessons",https://arena.gov.au/projects/maximising-solar-photovoltaic-with-phase-change-thermal-energy-storage/,2016,Past
Tasmanian and Victorian Second Bass Strait Interconnector Reports (Project Marinus),3/05/2019,System security and reliability,Project Marinus: Further Bass Strait Interconnection,https://arena.gov.au/knowledge-bank/lessons-learnt-tasmanian-and-victorian-second-bass-strait-interconnector-feasibility-study-project-marinus/,"Reports, Lessons",https://arena.gov.au/projects/project-marinus-further-bass-strait-interconnection/,2018,Past
May 2019 Powershop Demand Response Program,3/05/2019,Demand response,Powershop Australia Demand Response Program,https://arena.gov.au/knowledge-bank/may-2019-powershop-demand-response-program/,Reports,https://arena.gov.au/projects/powershop-australia-demand-response-program/,2017,Past
May 2019 Project Performance Report ' Energy Under Control,3/05/2019,Demand response,Flow Power Energy Under Control Demand Response,https://arena.gov.au/knowledge-bank/may-2019-project-performance-report-energy-under-control/,Reports,https://arena.gov.au/projects/flow-power-energy-under-control-demand-response/,2017,Past
The Business Case for Behind-the-Meter Inverter Control for Regulating Voltage,30/04/2019,Distributed energy resources,Networks Renewed,https://arena.gov.au/knowledge-bank/the-business-case-for-behind-the-meter-inverter-control-for-regulating-voltage/,Reports,https://arena.gov.au/projects/networks-renewed/,2016,Past
A-Lab Impact Report 2018,24/04/2019,General,,https://arena.gov.au/knowledge-bank/a-lab-impact-report-2018/,Reports,,,
Vast Solar Regulatory Environment and the Connect Process,17/04/2019,"Concentrated solar thermal, Solar energy",CSP Pilot Plant,https://arena.gov.au/knowledge-bank/vast-solar-regulatory-environment-and-the-connect-process/,Reports,https://arena.gov.au/projects/csp-pilot-plant/,2014,Past
Vast Solar External Engagement Community Consultation Report,17/04/2019,"Concentrated solar thermal, Solar energy",CSP Pilot Plant,https://arena.gov.au/knowledge-bank/vast-solar-external-engagement-community-consultation-report/,Reports,https://arena.gov.au/projects/csp-pilot-plant/,2014,Past
ARENA Insights Spotlight: Gannawarra Energy Storage System (GESS),5/04/2019,Battery storage,Gannawarra Energy Storage System (GESS),https://arena.gov.au/knowledge-bank/arena-insights-spotlight-gannawarra-energy-storage-system-gess/,"Reports, Insights",https://arena.gov.au/projects/gannawarra-energy-storage-system/,2018,Past
ARENA Insights Spotlight: Energy Storage for Commercial Renewable Integration (ESCRI),5/04/2019,"Battery storage, System security and reliability",Energy Storage for Commercial Renewable Integration,https://arena.gov.au/knowledge-bank/arena-insights-spotlight-energy-storage-for-commercial-renewable-integration-escri/,"Reports, Insights",https://arena.gov.au/projects/energy-storage-for-commercial-renewable-integration/,2014,Past
ARENA Insights Newsletter Edition #6,5/04/2019,Battery storage,,https://arena.gov.au/knowledge-bank/arena-insights-edition-6/,InsightNewsletter,,,
ARENA Distributed Energy Resources Projects,4/04/2019,Distributed energy resources,,https://arena.gov.au/knowledge-bank/arena-distributed-energy-resources-projects/,Reports,,,
ARENA&rsquo;s Virtual Power Plant Knowledge Sharing Workshop Summary,2/04/2019,Distributed energy resources,,https://arena.gov.au/knowledge-bank/arenas-virtual-power-plant-knowledge-sharing-workshop-summary/,"Reports, Presentation",,,
A Low Emission Biofuel Technology,16/03/2019,Bioenergy / Energy from waste,Low Emission Biofuel Technology,https://arena.gov.au/knowledge-bank/a-low-emission-biofuel-technology/,"Reports, Lessons",https://arena.gov.au/projects/low-emission-biofuel-technology/,2014,Past
Demand Response RERT Trial Year 1 Report,15/03/2019,Demand response,,https://arena.gov.au/knowledge-bank/demand-response-rert-trial-year-1-report/,Reports,,,
ARENA Insights Newsletter Edition #5,8/03/2019,Demand response,,https://arena.gov.au/knowledge-bank/arena-insights-edition-5/,InsightNewsletter,,,
Biogas Opportunities for Australia,7/03/2019,Bioenergy / Energy from waste,,https://arena.gov.au/knowledge-bank/biogas-opportunities-for-australia/,Reports,,,
Executive Summary - Strategic Regional PEV Adoption Program,7/03/2019,Electric vehicles,SA Strategic Regional Electric Vehicle Adoption Program,https://arena.gov.au/knowledge-bank/executive-summary-strategic-regional-pev-adoption-program/,Reports,https://arena.gov.au/projects/south-australian-electric-vehicle-adoption/,2018,Past
Managing the Impacts of Renewably Powered Electric Vehicles on Distribution Networks,7/03/2019,Electric vehicles,SA Strategic Regional Electric Vehicle Adoption Program,https://arena.gov.au/knowledge-bank/managing-the-impacts-of-renewably-powered-electric-vehicles-on-distribution-networks/,Reports,https://arena.gov.au/projects/south-australian-electric-vehicle-adoption/,2018,Past
Unlocking Demand for Renewably Powered Electric Vehicles,7/03/2019,Electric vehicles,SA Strategic Regional Electric Vehicle Adoption Program,https://arena.gov.au/knowledge-bank/unlocking-demand-for-renewably-powered-electric-vehicles/,Reports,https://arena.gov.au/projects/south-australian-electric-vehicle-adoption/,2018,Past
Vast Solar Manufacturing and Other Challenges Report,3/03/2019,"Concentrated solar thermal, Solar energy",CSP Pilot Plant,https://arena.gov.au/knowledge-bank/vast-solar-manufacturing-and-other-challenges-report/,Reports,https://arena.gov.au/projects/csp-pilot-plant/,2014,Past
Vast Solar Financial and Institutional Innovation Report,2/03/2019,"Concentrated solar thermal, Solar energy",CSP Pilot Plant,https://arena.gov.au/knowledge-bank/vast-solar-financial-institutional-innovation-report/,Reports,https://arena.gov.au/projects/csp-pilot-plant/,2014,Past
Distributed Energy Resources (DER) Integration Project Contribution Assessment,1/03/2019,Distributed energy resources,,https://arena.gov.au/knowledge-bank/distributed-energy-resources-der-integration-project-contribution-assessment/,Reports,,,
Intercast and Forge Demand Response Report 1,26/02/2019,Demand response,Intercast and Forge Demand Response,https://arena.gov.au/knowledge-bank/intercast-and-forge-demand-response-report-1/,Reports,https://arena.gov.au/projects/intercast-and-forge-demand-response/,2017,Past
Addressing Barriers to Efficient Renewable Integration Milestone 1,21/02/2019,"Solar energy, Solar PV R&amp;D, System security and reliability",UNSW Addressing Barriers to Efficient Renewable Integration,https://arena.gov.au/knowledge-bank/addressing-barriers-to-efficient-renewable-integration-milestone-1/,"Reports, Milestones",https://arena.gov.au/projects/addressing-barriers-efficient-renewable-integration/,2016,Past
Simply Energy VPPX ARENA Stage 1,17/02/2019,"Solar energy, Solar PV R&amp;D",Simply Energy Virtual Power Plant (VPP),https://arena.gov.au/knowledge-bank/simply-energy-vppx-arena-stage-1/,"Reports, Milestones",https://arena.gov.au/projects/simply-energy-virtual-power-plant-vpp/,2018,Past
Zen Ecosystems Project Performance Report Winter 2018,15/02/2019,Demand response,Zen Ecosystems Demand Response,https://arena.gov.au/knowledge-bank/zen-ecosystems-project-performance-report-winter-2018/,Reports,https://arena.gov.au/projects/zen-ecosystems-demand-response/,2017,Past
DC Solar Rooftop Electricity Retailer Report #2,10/02/2019,"Solar energy, Solar PV R&amp;D",Solar Rooftop Electricity Retailer,https://arena.gov.au/knowledge-bank/dc-solar-rooftop-electricity-retailer-report-2/,Reports,https://arena.gov.au/projects/solar-rooftop-electricity-retailer/,2018,Past
Start-up Spotlight: Southern Cross Renewable Energy Fund,1/02/2019,Renewables for industry,,https://arena.gov.au/knowledge-bank/start-up-spotlight-southern-cross-renewable-energy-fund/,Reports,,,
Presentation: Yurika,1/02/2019,Distributed energy resources,,https://arena.gov.au/knowledge-bank/presentation-yurika/,Presentation,,,
Presentation: Intelligent Switchgear with Phasor Measurement Unit,1/02/2019,Distributed energy resources,NOJA Power Intelligent Switchgear,https://arena.gov.au/knowledge-bank/presentation-intelligent-switchgear-with-phasor-measurement-unit/,Presentation,https://arena.gov.au/projects/noja-power-intelligent-switchgear/,2017,Past
Presentation: DER Value Sharing: What Does it Mean Anyway?,1/02/2019,Battery storage,Consumer Energy Systems Providing Cost-Effective Grid Support,https://arena.gov.au/knowledge-bank/presentation-der-value-sharing-what-does-it-mean-anyway/,Presentation,https://arena.gov.au/projects/consumer-energy-systems-providing-cost-effective-grid-support-consort/,2016,Past
Presentation: Distributed Energy Integration Program,1/02/2019,Distributed energy resources,,https://arena.gov.au/knowledge-bank/presentation-distributed-energy-integration-program/,Presentation,,,
ARENA Insights Newsletter Edition #4,1/02/2019,Battery storage,,https://arena.gov.au/knowledge-bank/arena-insights-edition-4/,InsightNewsletter,,,
Building the World's First Consumer Owned Solar Retail and Services Company,31/01/2019,Solar energy,,https://arena.gov.au/knowledge-bank/building-the-worlds-first-consumer-owned-solar-retail-and-services-company/,Reports,,,
Container Roll Out Solar System,29/01/2019,"Solar energy, Solar PV R&amp;D",ECLIPS Container Roll Out Solar System (CROSS),https://arena.gov.au/knowledge-bank/container-roll-out-solar-system/,Reports,https://arena.gov.au/projects/eclips-container-roll-out-solar-system/,2017,Past
Australian Concentrating Solar Thermal Industry Roadmap,21/01/2019,Solar energy,,https://arena.gov.au/knowledge-bank/australian-concentrating-solar-thermal-industry-roadmap/,Reports,,,
Industry Development Opportunities from Developing Concentrating Solar Thermal Power in Australia,21/01/2019,Solar energy,,https://arena.gov.au/knowledge-bank/industry-development-opportunities-from-developing-cst/,Reports,,,
Demand Response Project Performance January 2019,4/01/2019,Demand response,EnergyAustralia Demand Response Program,https://arena.gov.au/knowledge-bank/demand-response-project-performance-report/,Reports,https://arena.gov.au/projects/energyaustralia-demand-response-program/,2017,Past
Kidston Pumped Storage Hydro Project,31/12/2018,Hybrid technologies,Kidston Pumped Storage Project,https://arena.gov.au/knowledge-bank/kidston-pumped-storage-hydro-project/,Reports,https://arena.gov.au/projects/kidston-pumped-storage-project/,2015,Past
Kwinana Waste to Energy Project,31/12/2018,Bioenergy / Energy from waste,Kwinana Energy Recovery Project,https://arena.gov.au/knowledge-bank/kwinana-waste-to-energy-project/,Reports,https://arena.gov.au/projects/kwinana-energy-recovery-project/,2018,Current
Flinders Island Hybrid Energy Hub,23/12/2018,"Battery storage, Hybrid technologies, Solar energy, Wind energy",Flinders Island Hybrid Energy Hub,https://arena.gov.au/knowledge-bank/flinders-island-hybrid-energy-hub/,Reports,https://arena.gov.au/projects/flinders-island-hybrid-energy-hub/,2014,Past
Enel X Demand Response Project ' Knowledge Sharing Report 3,21/12/2018,Demand response,Enel X Demand Response Project,https://arena.gov.au/knowledge-bank/enel-x-demand-response-trial-knowledge-sharing-project-performance-report/,Reports,https://arena.gov.au/projects/enel-x-demand-response-project/,2017,Past
White Gum Valley Project Market Acceptance Report,18/12/2018,Distributed energy resources,Increasing the Uptake of Solar PV in Strata Residential Developments,https://arena.gov.au/knowledge-bank/white-gum-valley-project-market-acceptance-report/,Reports,https://arena.gov.au/projects/increasing-the-uptake-of-solar-photovoltaics-in-strata-residential-developments/,2016,Past
The Australian Public's Perception of Hydrogen for Energy,17/12/2018,Hydrogen energy,,https://arena.gov.au/knowledge-bank/the-australian-publics-perception-of-hydrogen-for-energy/,Reports,,,
United Energy Demand Response Project Performance Milestone 4,15/12/2018,Demand response,United Energy Distribution Demand Response,https://arena.gov.au/knowledge-bank/united-energy-demand-response-project-performance-report-milestone-4-2/,Reports,https://arena.gov.au/projects/united-energy-distribution-demand-response/,2017,Past
Southern Oil Refining Renewable Fuels Pilot Plant,7/12/2018,Bioenergy / Energy from waste,Northern Oil Advanced Biofuels Laboratory,https://arena.gov.au/knowledge-bank/southern-oil-refining-renewable-fuels-pilot-plant/,Reports,https://arena.gov.au/projects/northern-oil-advanced-biofuels-laboratory/,2015,Past
March 2018 Powershop Demand Response Program,7/12/2018,Demand response,Powershop Australia Demand Response Program,https://arena.gov.au/knowledge-bank/powershop-demand-response-program/,Reports,https://arena.gov.au/projects/powershop-australia-demand-response-program/,2017,Past
November 2018 Project Performance Report - Energy Under Control,7/12/2018,Demand response,Flow Power Energy Under Control Demand Response,https://arena.gov.au/knowledge-bank/project-performance-report-energy-under-control/,Reports,https://arena.gov.au/projects/flow-power-energy-under-control-demand-response/,2017,Past
ARENA Insights Newsletter Edition #3,7/12/2018,Demand response,,https://arena.gov.au/knowledge-bank/arena-insights-edition-3/,InsightNewsletter,,,
ARENA&rsquo;s Large-Scale Solar Program: A look at Levelised Cost of Energy,7/12/2018,Solar energy,,https://arena.gov.au/knowledge-bank/arenas-large-scale-solar-program-a-look-at-levelised-cost-of-energy/,Reports,,,
NT SETuP: A First Look at The Integration of PV and Diesel Power Stations in Remote Communities,7/12/2018,"Battery storage, Hybrid technologies, Off grid, Solar energy",NT Solar Energy Transformation Program,https://arena.gov.au/knowledge-bank/nt-setup-a-first-look-at-the-integration-of-pv-and-diesel-power-stations-in-remote-communities/,Reports,https://arena.gov.au/projects/northern-territory-solar-energy-transformation-program/,2014,Past
The Power of Far Flung Arrays: Yulara's Dispersed Design to Reduce System Variability,7/12/2018,"Solar energy, Solar PV R&amp;D",Yulara Solar Project,https://arena.gov.au/knowledge-bank/the-power-of-far-flung-arrays-yularas-dispersed-design-to-reduce-system-variability/,Reports,https://arena.gov.au/projects/yulara-solar-project/,2014,Past
Presentation: Exchanging DER Value,6/12/2018,Distributed energy resources,,https://arena.gov.au/knowledge-bank/presentation-exchanging-der-value/,Presentation,,,
NSW Demand Response Report September 2018,4/12/2018,Demand response,AGL Demand Response,https://arena.gov.au/knowledge-bank/nsw-demand-response/,Reports,https://arena.gov.au/projects/agl-demand-response/,2017,Past
Rottnest Island Water and Renewable Energy Nexus,4/12/2018,"Battery storage, Hybrid technologies, Solar energy, Wind energy",Rottnest Island Water and Renewable Energy Nexus (WREN) Project,https://arena.gov.au/knowledge-bank/rottnest-island-water-and-renewable-energy-nexus/,Reports,https://arena.gov.au/projects/rottnest-island-water-and-renewable-energy-nexus-wren-project/,2015,Past
Lessons Learnt - Whitsunday Solar Farm Securing Project Funding,3/12/2018,"Large-scale solar, Solar energy",Whitsunday Solar Farm,https://arena.gov.au/knowledge-bank/whitsunday-solar-farm-securing-project-funding/,"Reports, Lessons",https://arena.gov.au/projects/whitsunday-solar-farm/,2017,Past
Presentation: Barcaldine Remote Community Solar Farm,30/11/2018,"Large-scale solar, Solar energy",Barcaldine Remote Community Solar Farm,https://arena.gov.au/knowledge-bank/presentation-barcaldine-remote-community-solar-farm/,Presentation,https://arena.gov.au/projects/barcaldine-remote-community-solar-farm/,2014,Past
Presentation: Can Pragmatism Trump Policy? Our Innovation Story,30/11/2018,Distributed energy resources,Decentralised Energy Exchange (deX),https://arena.gov.au/knowledge-bank/presentation-our-innovation-story/,Presentation,https://arena.gov.au/projects/decentralised-energy-exchange-dex/,2017,Past
Presentation: Solar Analytics,30/11/2018,"Solar energy, Solar PV R&amp;D",Solar Analytics: Monitoring for Better Energy Outcomes,https://arena.gov.au/knowledge-bank/presentation-solar-analytics/,Presentation,https://arena.gov.au/projects/solar-analytics-monitoring-better-energy-outcomes/,2016,Past
Presentation: Hornsdale Power Reserve,30/11/2018,Battery storage,Hornsdale Power Reserve Upgrade,https://arena.gov.au/knowledge-bank/presentation-hornsdale-power-reserve/,Presentation,https://arena.gov.au/projects/hornsdale-power-reserve-upgrade/,2019,Current
Presentation: Services From Variable Renewables,30/11/2018,Renewables for industry,,https://arena.gov.au/knowledge-bank/presentation-services-from-variable-renewables/,Presentation,,,
Presentation: Hornsdale Wind Farm FCAS Trial,30/11/2018,"System security and reliability, Wind energy",Hornsdale Wind Farm Stage 2 FCAS Trial,https://arena.gov.au/knowledge-bank/presentation-hornsdale-wind-farm-fcas-trial/,Presentation,https://arena.gov.au/projects/hornsdale-wind-farm-stage-2/,2017,Past
Social Access Solar Gardens for Australia,18/11/2018,"Solar energy, Solar PV R&amp;D",Social Access Solar Gardens,https://arena.gov.au/knowledge-bank/social-access-solar-gardens-for-australia/,Reports,https://arena.gov.au/projects/social-access-solar-gardens/,2018,Past
Installed Cost Calculator Spreadsheet,17/11/2018,Renewables for industry,Comparison of Dispatchable Renewable Electricity Options,https://arena.gov.au/knowledge-bank/installed-cost-calculator-spreadsheet/,Tools,https://arena.gov.au/projects/dispatchable-renewable-electricity-options/,2017,Past
Levelised Cost Calculator Spreadsheet,17/11/2018,Renewables for industry,Comparison of Dispatchable Renewable Electricity Options,https://arena.gov.au/knowledge-bank/levelised-cost-calculator-spreadsheet/,Tools,https://arena.gov.au/projects/dispatchable-renewable-electricity-options/,2017,Past
ARENA Insights Forum November 2018 LSP Summary,16/11/2018,Solar energy,,https://arena.gov.au/knowledge-bank/arena-insights-forum-november-2018-lsp-summary/,"Insights, Presentation",,,
ARENA Insights Forum November 2018 DER Summary,16/11/2018,Distributed energy resources,,https://arena.gov.au/knowledge-bank/arena-insights-forum-november-2018-der-summary/,"Reports, Insights",,,
Metal Assisted Chemical Etching of SLIVERs,9/11/2018,Solar energy,,https://arena.gov.au/knowledge-bank/metal-assisted-chemical-etching-of-slivers/,Reports,,,
Battery Test Centre Report 5,5/11/2018,Battery storage,Testing the Performance of Lithium Ion Batteries,https://arena.gov.au/knowledge-bank/battery-test-centre-report-5/,Reports,https://arena.gov.au/projects/testing-the-performance-of-lithium-ion-batteries/,2015,Past
ARENA/AEMO DR Trial Project Performance Report,5/11/2018,Demand response,Zen Ecosystems Demand Response,https://arena.gov.au/knowledge-bank/arena-aemo-dr-trial-project-performance-report/,Reports,https://arena.gov.au/projects/zen-ecosystems-demand-response/,2017,Past
November 2018 Powershop Demand Response Program,3/11/2018,Demand response,Powershop Australia Demand Response Program,https://arena.gov.au/knowledge-bank/november-2018-powershop-demand-response-program/,Reports,https://arena.gov.au/projects/powershop-australia-demand-response-program/,2017,Past
ARENA Insights Newsletter Edition #2,2/11/2018,Solar energy,,https://arena.gov.au/knowledge-bank/arena-insights-edition-2/,InsightNewsletter,,,
Solar Forecasting for Low Voltage Network Operators,2/11/2018,Solar energy,,https://arena.gov.au/knowledge-bank/solar-forecasting-for-low-voltage-network-operators/,Reports,,,
Develop Lithium Sulphur Batteries for Large Scale Electrical Energy Storage,31/10/2018,Battery storage,Lithium-Sulfur Batteries for Large-Scale Energy Storage,https://arena.gov.au/knowledge-bank/develop-lithium-sulphur-batteries-for-large-scale-electrical-energy-storage/,Reports,https://arena.gov.au/projects/lithium-sulfur-batteries-for-large-scale-energy-storage/,2014,Past
EnelX Demand Response Project - Knowledge Sharing Report 2,29/10/2018,Demand response,Enel X Demand Response Project,https://arena.gov.au/knowledge-bank/enel-x-demand-response-project-knowledge-sharing-report-2/,Reports,https://arena.gov.au/projects/enel-x-demand-response-project/,2017,Past
EnelX Demand Response Project - Knowledge Sharing Report 1,29/10/2018,Demand response,Enel X Demand Response Project,https://arena.gov.au/knowledge-bank/enernocs-demand-response-project-knowledge-sharing-report-1/,Reports,https://arena.gov.au/projects/enel-x-demand-response-project/,2017,Past
Empowered Consumers: Distributed Energy Resources Portfolio Update,25/10/2018,Distributed energy resources,,https://arena.gov.au/knowledge-bank/empowered-consumers-distributed-energy-resources-portfolio-update/,Insights,,,
ASTRI Milestone 12 Report,24/10/2018,"Concentrated solar thermal, Solar energy",ASTRI Australian Solar Thermal Research Institute,https://arena.gov.au/knowledge-bank/astri-milestone-12-report/,"Reports, Milestones",https://arena.gov.au/projects/astri-australian-solar-thermal-research-institute/,2012,Past
"Eliminating Material Quality Barriers to Low Cost, Very High Efficiency Solar Cells and Modules",24/10/2018,Solar energy,,https://arena.gov.au/knowledge-bank/eliminating-material-quality-barriers-to-low-cost-very-high-efficiency-solar-cells-and-modules/,Reports,,,
ANU Stores - STORES Storage Comparison,23/10/2018,Hydropower / Pumped Hydro Energy Storage,Atlas of Pumped Hydro Energy Storage,https://arena.gov.au/knowledge-bank/anu-stores-stores-storage-comparison/,Reports,https://arena.gov.au/projects/atlas-pumped-hydro-energy-storage/,2016,Past
ANU STORES - STORES GIS Methodology,23/10/2018,Hydropower / Pumped Hydro Energy Storage,Atlas of Pumped Hydro Energy Storage,https://arena.gov.au/knowledge-bank/anu-stores-stores-gis-methodology/,Reports,https://arena.gov.au/projects/atlas-pumped-hydro-energy-storage/,2016,Past
ANU STORES - STORES Environmental and Water Consumption Impacts,23/10/2018,Hydropower / Pumped Hydro Energy Storage,Atlas of Pumped Hydro Energy Storage,https://arena.gov.au/knowledge-bank/anu-stores-stores-environmental-and-water-consumption-impacts/,Reports,https://arena.gov.au/projects/atlas-pumped-hydro-energy-storage/,2016,Past
ANU STORES - STORES Ancillary Services,23/10/2018,Hydropower / Pumped Hydro Energy Storage,Atlas of Pumped Hydro Energy Storage,https://arena.gov.au/knowledge-bank/anu-stores-stores-ancillary-services/,Reports,https://arena.gov.au/projects/atlas-pumped-hydro-energy-storage/,2016,Past
ANU STORES - Renewable Precincts,23/10/2018,Hydropower / Pumped Hydro Energy Storage,Atlas of Pumped Hydro Energy Storage,https://arena.gov.au/knowledge-bank/anu-stores-renewable-precincts/,Reports,https://arena.gov.au/projects/atlas-pumped-hydro-energy-storage/,2016,Past
ANU STORES - An Atlas of Pumped Hydro Energy Storage - The Complete Atlas,23/10/2018,Hydropower / Pumped Hydro Energy Storage,Atlas of Pumped Hydro Energy Storage,https://arena.gov.au/knowledge-bank/anu-stores-an-atlas-of-pumped-hydro-energy-storage-the-complete-atlas/,Reports,https://arena.gov.au/projects/atlas-pumped-hydro-energy-storage/,2016,Past
ANU STORES - 100% Renewable Electricity in Australia,23/10/2018,Hydropower / Pumped Hydro Energy Storage,Atlas of Pumped Hydro Energy Storage,https://arena.gov.au/knowledge-bank/anu-stores-100-renewable-electricity-in-australia/,Reports,https://arena.gov.au/projects/atlas-pumped-hydro-energy-storage/,2016,Past
ANU STORES - 90-100% Renewable Electricity for The SWIS,23/10/2018,Hydropower / Pumped Hydro Energy Storage,Atlas of Pumped Hydro Energy Storage,https://arena.gov.au/knowledge-bank/anu-stores-90-100-renewable-electricity-for-the-swis/,Reports,https://arena.gov.au/projects/atlas-pumped-hydro-energy-storage/,2016,Past
In The Spotlight: Australian Solar Energy R&D Outcomes and Achievements in a Global Context,23/10/2018,Solar energy,,https://arena.gov.au/knowledge-bank/in-the-spotlight-australian-solar-energy-rd-outcomes-and-achievements-in-a-global-context/,Reports,,,
Power to Gas infographic,22/10/2018,Hydrogen energy,Jemena Power to Gas Demonstration,https://arena.gov.au/knowledge-bank/power-to-gas-infographic/,Infographics,https://arena.gov.au/projects/jemena-power-to-gas-demonstration/,2018,Past
2017 Annual Report ' Advanced Centre for Advanced Photovoltaics,17/10/2018,"Solar energy, Solar PV R&amp;D",Australian Centre for Advanced Photovoltaics (ACAP),https://arena.gov.au/knowledge-bank/2017-annual-report-advanced-centre-for-advanced-photovoltaics/,Reports,https://arena.gov.au/projects/australian-centre-for-advanced-photovoltaics-acap/,2012,Current
ARENA Insights Newsletter Edition #1,5/10/2018,Distributed energy resources,,https://arena.gov.au/knowledge-bank/arena-insights-edition-1/,InsightNewsletter,,,
Renewable Energy & Load Management - for Retail Businesses,4/10/2018,Renewables for industry,REALM: Renewable Energy and Load Management,https://arena.gov.au/knowledge-bank/renewable-energy-load-management-for-retail-businesses/,Reports,https://arena.gov.au/projects/realm-renewable-energy-load-management-businesses/,2019,Past
Renewable Energy & Load Management - for Manufacturing,4/10/2018,Renewables for industry,REALM: Renewable Energy and Load Management,https://arena.gov.au/knowledge-bank/renewable-energy-load-management-for-manufacturing/,Reports,https://arena.gov.au/projects/realm-renewable-energy-load-management-businesses/,2019,Past
Renewable Energy & Load Management - for Food Businesses,4/10/2018,Renewables for industry,REALM: Renewable Energy and Load Management,https://arena.gov.au/knowledge-bank/renewable-energy-load-management-for-food-businesses/,Reports,https://arena.gov.au/projects/realm-renewable-energy-load-management-businesses/,2019,Past
Renewable Energy & Load Management - for Agribusiness,4/10/2018,Renewables for industry,REALM: Renewable Energy and Load Management,https://arena.gov.au/knowledge-bank/renewable-energy-load-management-for-agribusiness/,Reports,https://arena.gov.au/projects/realm-renewable-energy-load-management-businesses/,2019,Past
Renewable Energy & Load Management (REALM) Industry Report,4/10/2018,Renewables for industry,REALM: Renewable Energy and Load Management,https://arena.gov.au/knowledge-bank/realm-industry-report-final/,Reports,https://arena.gov.au/projects/realm-renewable-energy-load-management-businesses/,2019,Past
Citizen Utilities,3/10/2018,Distributed energy resources,Increasing the Uptake of Solar PV in Strata Residential Developments,https://arena.gov.au/knowledge-bank/citizen-utilities/,Reports,https://arena.gov.au/projects/increasing-the-uptake-of-solar-photovoltaics-in-strata-residential-developments/,2016,Past
Presentation: Developing the Pentland Bioenergy Project Bioenergy Australia,6/09/2018,Bioenergy / Energy from waste,Pentland Bioenergy Project,https://arena.gov.au/knowledge-bank/knowledge-sharing-report-developing-the-pentland-bioenergy-project-bioenergy-australia/,Presentation,https://arena.gov.au/projects/pentland-bioenergy-project/,2015,Past
Hydrogen for Australia&rsquo;s Future,5/09/2018,Hydrogen energy,,https://arena.gov.au/knowledge-bank/hydrogen-for-australias-future/,Reports,,,
EPC Technology Smarter Energy Feasibility Study,31/08/2018,"Renewables for industry, Solar energy",Medium-Scale Solar on Industrial Rooftops,https://arena.gov.au/knowledge-bank/epc-technology-smarter-energy-feasibility-study/,Reports,https://arena.gov.au/projects/medium-scale-solar-on-industrial-rooftops/,2017,Past
Demand Response Consumer Insights Report,31/08/2018,Demand response,,https://arena.gov.au/knowledge-bank/demand-response-consumer-insights-report/,Reports,,,
Residential Solar PV + Battery (Hybrid Energy Service) Pilot,30/08/2018,"Battery storage, Distributed energy resources, Solar energy",Trialling a New Residential Solar PV and Battery Model,https://arena.gov.au/knowledge-bank/residential-solar-pv-battery-hybrid-energy-service-pilot-july-2015/,Reports,https://arena.gov.au/projects/trialling-a-new-residential-solar-pv-and-battery-model/,2015,Past
Powering Daintree,21/08/2018,Off grid,,https://arena.gov.au/knowledge-bank/powering-daintree/,Reports,,,
RayGen&rsquo;s PV Ultra: Expanding The Global Solar Market Beyond Daylight Power,21/08/2018,"Solar energy, Solar PV R&amp;D",RayGen Resources PV Ultra Commercialisation Project,https://arena.gov.au/knowledge-bank/raygens-pv-ultra-expanding-the-global-solar-market-beyond-daylight-power/,Reports,https://arena.gov.au/projects/raygen-resources-pv-ultra-commercialisation-project/,2017,Past
Opportunities for Australia from Hydrogen Exports,17/08/2018,Hydrogen energy,,https://arena.gov.au/knowledge-bank/opportunities-for-australia-from-hydrogen-exports/,Reports,,,
Towards an Australian Capability in Arrays of Ocean Wave-Power Machines,17/08/2018,Ocean energy,Ocean Wave-Power Machines,https://arena.gov.au/knowledge-bank/towards-an-australian-capability-in-arrays-of-ocean-wave-power-machines/,Reports,https://arena.gov.au/projects/arrays-of-ocean-wave-power-machines/,2014,Past
Presentation: RayGen Presentation Introducing PV Ultra,2/08/2018,"Solar energy, Solar PV R&amp;D",RayGen Resources PV Ultra Commercialisation Project,https://arena.gov.au/knowledge-bank/presentation-raygen-presentation-introducing-pv-ultra/,Presentation,https://arena.gov.au/projects/raygen-resources-pv-ultra-commercialisation-project/,2017,Past
AEMO Hornsdale Wind Farm 2 FCAS Trial,26/07/2018,"System security and reliability, Wind energy",Hornsdale Wind Farm Stage 2 FCAS Trial,https://arena.gov.au/knowledge-bank/aemo-hornsdale-wind-farm-fcas-trial-report/,Reports,https://arena.gov.au/projects/hornsdale-wind-farm-stage-2/,2017,Past
Hornsdale 2 ' Frequency Control Ancillary Service Trial Knowledge Sharing Report,26/07/2018,"System security and reliability, Wind energy",Hornsdale Wind Farm Stage 2 FCAS Trial,https://arena.gov.au/knowledge-bank/siemens-hornsdale-wind-farm-fcas-trial-report/,Reports,https://arena.gov.au/projects/hornsdale-wind-farm-stage-2/,2017,Past
Neoen Hornsdale Wind Farm FCAS Trial Report,26/07/2018,"System security and reliability, Wind energy",Hornsdale Wind Farm Stage 2 FCAS Trial,https://arena.gov.au/knowledge-bank/neoen-hornsdale-wind-farm-fcas-trial-report/,Reports,https://arena.gov.au/projects/hornsdale-wind-farm-stage-2/,2017,Past
Advanced Recombination-Based Loss Analysis Methods for Silicon Wafer and Silicon Solar Cells,13/07/2018,"Solar energy, Solar PV R&amp;D",Improving Solar Cell Performance Testing,https://arena.gov.au/knowledge-bank/advanced-recombination-based-loss-analysis-methods-for-silicon-wafer-and-silicon-solar-cells/,Reports,https://arena.gov.au/projects/improving-solar-cell-performance-testing/,2014,Past
Karratha Airport Solar Public Impact Report,9/07/2018,"Large-scale solar, Solar energy",Karratha Airport Solar Plant,https://arena.gov.au/knowledge-bank/karratha-airport-solar-project-impact-report/,Reports,https://arena.gov.au/projects/karratha-airport-solar-plant/,2015,Past
Hybrid Power Generation for Australian Off-Grid Mines,22/06/2018,Hybrid technologies,,https://arena.gov.au/knowledge-bank/hybrid-power-generation-for-australian-off-grid-mines/,Reports,,,
Australian Electric Vehicle Market Study,21/06/2018,Electric vehicles,,https://arena.gov.au/knowledge-bank/australian-electric-vehicle-market-study/,Reports,,,
Repurposing Tarraleah Hydropower Scheme for The Future Electricity Market,21/06/2018,Hydropower / Pumped Hydro Energy Storage,Battery of the Nation,https://arena.gov.au/knowledge-bank/repurposing-tarraleah-hydropower-scheme-for-the-future-electricity-market/,Reports,https://arena.gov.au/projects/augmenting-tasmanian-hydropower-system/,2017,Past
Novel Concepts for Low Cost Small Heliostats in Remote Installations Project Results and lessons learnt,18/06/2018,"Concentrated solar thermal, Solar energy",Novel Concepts for Low Cost Small Heliostats in Remote Installations,https://arena.gov.au/knowledge-bank/novel-concepts-for-low-cost-small-heliostats-in-remote-installations-project-results-and-lessons-learnt/,"Reports, Lessons",https://arena.gov.au/projects/novel-concepts-for-low-cost-small-heliostats-in-remote-installations/,2014,Past
The Tidal Turbine Reef (TTR) Feasibility Study,14/06/2018,Ocean energy,Tidal Turbine Reef Feasibility Study,https://arena.gov.au/knowledge-bank/the-tidal-turbine-reef-ttr-feasibility-study/,Reports,https://arena.gov.au/projects/tidal-turbine-reef-feasibility-study/,2016,Past
Mt Piper Energy Recovery Project,13/06/2018,Bioenergy / Energy from waste,Mt Piper Power Station Energy Recovery Feasibility,https://arena.gov.au/knowledge-bank/mt-piper-energy-recovery-project/,Reports,https://arena.gov.au/projects/mt-piper-power-station-energy-recovery-feasibility-study/,2017,Past
United Energy Demand Response Project Performance Milestone 3,8/06/2018,Demand response,United Energy Distribution Demand Response,https://arena.gov.au/knowledge-bank/united-energy-demand-response-project-performance-report-milestone-3/,"Reports, Milestones",https://arena.gov.au/projects/united-energy-distribution-demand-response/,2017,Past
Battery of The Nation - Analysis of The Future NEM,7/06/2018,Hydropower / Pumped Hydro Energy Storage,Battery of the Nation - Future State NEM Analysis Stage 1,https://arena.gov.au/knowledge-bank/battery-of-the-nation-analysis-of-the-future-nem/,Reports,https://arena.gov.au/projects/battery-of-the-nation-future-state-nem-analysis/,2017,Past
Battery of the Nation ' Tasmanian Pumped Hydro in Australia&rsquo;s Future Electricity Market,6/06/2018,Hydropower / Pumped Hydro Energy Storage,Battery of the Nation – A Concept Study of Tasmanian Pumped Hydro Options,https://arena.gov.au/knowledge-bank/battery-of-the-nation-tasmanian-pumped-hydro-in-australias-future-electricity-market/,Reports,https://arena.gov.au/projects/battery-of-the-nation/,2017,Past
The State of Electric Vehicles in Australia,6/06/2018,Electric vehicles,,https://arena.gov.au/knowledge-bank/the-state-of-electric-vehicles-in-australia/,Reports,,,
Hydrogen Our Next Great Export?,5/06/2018,Hydrogen energy,,https://arena.gov.au/knowledge-bank/hydrogen-our-next-great-export/,Infographics,,,
How Demand Response Works,5/06/2018,Demand response,,https://arena.gov.au/knowledge-bank/how-demand-response-works/,Infographics,,,
ITP Battery Test Centre Report 4,30/05/2018,Battery storage,Testing the Performance of Lithium Ion Batteries,https://arena.gov.au/knowledge-bank/itp-battery-test-centre-report-4/,Reports,https://arena.gov.au/projects/testing-the-performance-of-lithium-ion-batteries/,2015,Past
May 2018 Project Performance Report ' Energy Under Control,19/05/2018,Demand response,Flow Power Energy Under Control Demand Response,https://arena.gov.au/knowledge-bank/may-2018-project-performance-report-energy-under-control/,Reports,https://arena.gov.au/projects/flow-power-energy-under-control-demand-response/,2017,Past
Planet Innovation RERT Demand Response Program Performance Summary Summer 2017/18,17/05/2018,Demand response,Zen Ecosystems Demand Response,https://arena.gov.au/knowledge-bank/planet-innovation-rert-demand-response-program-performance-summary-summer-2017-18/,Reports,https://arena.gov.au/projects/zen-ecosystems-demand-response/,2017,Past
The Australian Structural Permeability Map Project,16/05/2018,Geothermal energy,Geothermal Structural Permeability Map,https://arena.gov.au/knowledge-bank/australian-structural-permeability-map-project/,Reports,https://arena.gov.au/projects/geothermal-structural-permeability-map/,2015,Past
Distributed Energy Resources Video Playlist,16/05/2018,Distributed energy resources,,https://arena.gov.au/knowledge-bank/distributed-energy-resources-video-playlist/,Videos,,,
Electric Vehicles Video Playlist,16/05/2018,Electric vehicles,,https://arena.gov.au/knowledge-bank/electric-vehicle-video-playlist/,Videos,,,
Distributed Energy Integration Program Video Playlist,16/05/2018,Distributed energy resources,,https://arena.gov.au/knowledge-bank/distributed-energy-integration-program-video-playlist/,Videos,,,
Wind Energy Video Playlist,15/05/2018,Wind energy,,https://arena.gov.au/knowledge-bank/wind-energy-video-playlist/,Videos,,,
Hybrid Technologies Video Playlist,15/05/2018,Hybrid technologies,,https://arena.gov.au/knowledge-bank/hybrid-video-playlist/,Videos,,,
A-Lab Video Playlist,15/05/2018,Renewables for industry,,https://arena.gov.au/knowledge-bank/a-lab-video-playlist/,Videos,,,
Solar PV Video Playlist,15/05/2018,Solar PV R&amp;D,,https://arena.gov.au/knowledge-bank/solar-pv-video-playlist/,Videos,,,
Concentrated Solar Thermal Video Playlist,15/05/2018,Concentrated solar thermal,,https://arena.gov.au/knowledge-bank/concentrated-solar-thermal-video-playlist/,Videos,,,
Solar Energy Video Playlist,15/05/2018,Solar energy,,https://arena.gov.au/knowledge-bank/solar-energy-video-playlist/,Videos,,,
Renewables in Buildings Video Playlist,15/05/2018,Renewables in buildings,,https://arena.gov.au/knowledge-bank/renewables-in-buildings-video-playlist/,Videos,,,
Ocean Energy Video Playlist,15/05/2018,Ocean energy,,https://arena.gov.au/knowledge-bank/ocean-energy-video-playlist/,Videos,,,
Hydropower and Pumped Hydro Energy Storage Video Playlist,15/05/2018,Hydropower / Pumped Hydro Energy Storage,,https://arena.gov.au/knowledge-bank/hydropower-and-pumped-hydro-energy-storage-video-playlist/,Videos,,,
Hydrogen Energy Video Playlist,15/05/2018,Hydrogen energy,,https://arena.gov.au/knowledge-bank/hydrogen-energy-video-playlist/,Videos,,,
Demand Response Video Playlist,15/05/2018,Demand response,,https://arena.gov.au/knowledge-bank/demand-response-video-playlist/,Videos,,,
Bioenergy and Energy From Waste Video Playlist,15/05/2018,Bioenergy / Energy from waste,,https://arena.gov.au/knowledge-bank/bioenergy-and-energy-from-waste-video-playlist/,Videos,,,
Battery Storage Video Playlist,15/05/2018,Battery storage,,https://arena.gov.au/knowledge-bank/battery-storage-video-playlist/,Videos,,,
Large-Scale Solar Video Playlist,15/05/2018,Large-scale solar,,https://arena.gov.au/knowledge-bank/large-scale-solar-video-playlist/,Videos,,,
Lithium Ion Battery Testing Public Report 3,2/05/2018,Battery storage,Testing the Performance of Lithium Ion Batteries,https://arena.gov.au/knowledge-bank/lithium-ion-battery-testing-public-report-3/,Reports,https://arena.gov.au/projects/testing-the-performance-of-lithium-ion-batteries/,2015,Past
ITP Battery Test Centre Report 2,2/05/2018,Battery storage,Testing the Performance of Lithium Ion Batteries,https://arena.gov.au/knowledge-bank/itp-battery-test-centre-report-2/,Reports,https://arena.gov.au/projects/testing-the-performance-of-lithium-ion-batteries/,2015,Past
ITP Battery Test Centre Reports,2/05/2018,Battery storage,Testing the Performance of Lithium Ion Batteries,https://arena.gov.au/knowledge-bank/itp-battery-test-centre-reports/,Reports,https://arena.gov.au/projects/testing-the-performance-of-lithium-ion-batteries/,2015,Past
Residential Solar and Storage Program Interim Report,23/04/2018,Battery storage,Peak Demand Reduction Using Solar and Storage,https://arena.gov.au/knowledge-bank/residential-solar-storage-program-interim-report/,Reports,https://arena.gov.au/projects/peak-demand-reduction-using-solar-storage/,2017,Past
Presentation: Short Term Forecasting Funding Announcement Information Session,9/04/2018,Solar energy,,https://arena.gov.au/knowledge-bank/presentation-short-term-forecasting-funding-announcement-information-session/,Presentation,,,
Virtual Power Plant in South Australia - Stage 1 & 2 Reports,29/03/2018,Distributed energy resources,AGL Virtual Power Plant,https://arena.gov.au/knowledge-bank/virtual-power-plant-south-australia/,Reports,https://arena.gov.au/projects/agl-virtual-power-plant/,2017,Past
PV-Mate Photovoltaic Modules for the Australian Environment,14/03/2018,"Solar energy, Solar PV R&amp;D",Solar Panels for the Australian Environment,https://arena.gov.au/knowledge-bank/pv-mate-photovoltaic-modules-australian-environment-report/,Reports,https://arena.gov.au/projects/solar-panels-for-the-australian-environment/,2014,Past
Synthesis Of Responses To ARENA&rsquo;s RFI On CST Projects,8/03/2018,Concentrated solar thermal,,https://arena.gov.au/knowledge-bank/synthesis-responses-arenas-2017-rfi-cst-projects/,Reports,,,
Advanced Biomass Gasification Technology,5/03/2018,Bioenergy / Energy from waste,Advanced Biomass Gasification Technology,https://arena.gov.au/knowledge-bank/advanced-biomass-gasification-technology/,Reports,https://arena.gov.au/projects/advanced-biomass-gasification-technology/,2012,Past
Presentation: Market Participant Self-Forecasting Technologies Workshop,2/03/2018,Solar energy,,https://arena.gov.au/knowledge-bank/presentation-market-participant-self-forecasting-technologies-workshop/,Presentation,,,
Presentation: ARENA Information Session Distributed Energy Resources Funding Announcements A and B,2/03/2018,Distributed energy resources,,https://arena.gov.au/knowledge-bank/presentation-arena-information-session-distributed-energy-resources-funding-announcements-a-and-b/,Presentation,,,
The Australian Wave Energy Atlas Project Overview and Final Report,19/02/2018,Ocean energy,Australian Wave Energy Atlas,https://arena.gov.au/knowledge-bank/australian-wave-energy-atlas-project-overview-final-report/,Reports,https://arena.gov.au/projects/australian-wave-energy-atlas/,2014,Past
National Electricity Market (NEM) Outlook and Snowy 2.0,16/02/2018,Hydropower / Pumped Hydro Energy Storage,Snowy 2.0 Feasibility Study,https://arena.gov.au/knowledge-bank/national-electricity-market-nem-outlook-snowy-2-0/,Reports,https://arena.gov.au/projects/snowy-2-0-feasibility-study/,2017,Past
"Presentation: Summary Pack, Conversion Tracker: Short-Term Forecasting Workshop ARENA / AEMO",15/02/2018,Solar energy,,https://arena.gov.au/knowledge-bank/presentation-summary-pack-conversion-tracker-short-term-forecasting-workshop-arena-aemo/,Presentation,,,
United Energy Demand Response Project Performance Milestone 2,14/02/2018,Demand response,United Energy Distribution Demand Response,https://arena.gov.au/knowledge-bank/united-energy-demand-response-project-performance-report-milestone-2/,"Reports, Milestones",https://arena.gov.au/projects/united-energy-distribution-demand-response/,2017,Past
Advancing Solar in Australia Through RD&D,12/02/2018,Solar energy,,https://arena.gov.au/knowledge-bank/advancing-solar-australia-rdd/,Reports,,,
Virtual Power Station 2.0,7/02/2018,Distributed energy resources,Virtual Power Station 2,https://arena.gov.au/knowledge-bank/virtual-power-station-2-0/,Reports,https://arena.gov.au/projects/virtual-power-station-2/,2014,Past
Presentation: Self Forecasting Technologies Workshop February 2018,2/02/2018,Solar energy,,https://arena.gov.au/knowledge-bank/presentation-self-forecasting-technologies-workshop-february-2018/,Presentation,,,
Presentation: ARENA&rsquo;s R&D Program Round 4 Hydrogen Information Session,2/02/2018,Hydrogen energy,,https://arena.gov.au/knowledge-bank/presentation-arenas-rd-program-round-4-hydrogen-information-session/,Presentation,,,
Hydropower Asset Improvement at Gordon Power Station,31/01/2018,Hydropower / Pumped Hydro Energy Storage,Battery of the Nation,https://arena.gov.au/knowledge-bank/hydropower-asset-improvement-at-gordon-power-station/,Reports,https://arena.gov.au/projects/augmenting-tasmanian-hydropower-system/,2017,Past
Kennedy Park FinClose Report,30/01/2018,Hybrid technologies,Kennedy Energy Park,https://arena.gov.au/knowledge-bank/kennedy-park-finclose-report/,Reports,https://arena.gov.au/projects/kennedy-energy-park/,2017,Current
Comparison of Dispatchable Renewable Electricity Options,30/01/2018,Renewables for industry,Comparison of Dispatchable Renewable Electricity Options,https://arena.gov.au/knowledge-bank/comparison-of-dispatchable-renewable-electricity-options/,Reports,https://arena.gov.au/projects/dispatchable-renewable-electricity-options/,2017,Past
Cultana Pumped Hydro Project Feasibility Study,21/12/2017,Hydropower / Pumped Hydro Energy Storage,EnergyAustralia South Australian (PHES) Feasibility Study,https://arena.gov.au/knowledge-bank/cultana-pumped-hydro-project/,Reports,https://arena.gov.au/projects/energyaustralia-south-australian-pumped-hydro-energy-storage-phes-feasibility-study/,2017,Past
ReWired Season 2 Podcast,21/12/2017,General,,https://arena.gov.au/knowledge-bank/rewired-season-2-podcast/,Podcast,,,
Advanced Surface and Contact Technologies for Industrial Silicon Photovoltaics,20/12/2017,"Solar energy, Solar PV R&amp;D",Advanced Surface and Contact Technologies Improving Solar Cells,https://arena.gov.au/knowledge-bank/advanced-surface-contact-technologies-industrial-silicon-photovoltaics/,Reports,https://arena.gov.au/projects/advanced-surface-and-contact-technologies-improving-solar-cells/,2014,Past
Development and Commercialisation of High Efficiency Silicon Solar Cell Technology,18/12/2017,"Solar energy, Solar PV R&amp;D",High Efficiency Silicon Solar Cell Technology,https://arena.gov.au/knowledge-bank/development-commercialisation-high-efficiency-silicon-solar-cell-technology/,Reports,https://arena.gov.au/projects/development-and-commercialisation-of-high-efficiency-silicon-solar-cell-technology/,2010,Past
Rottnest Island WREN Project Case Study,12/12/2017,"Battery storage, Hybrid technologies, Solar energy, Wind energy",Rottnest Island Water and Renewable Energy Nexus (WREN) Project,https://arena.gov.au/knowledge-bank/rottnest-island-wren-project-case-study/,Reports,https://arena.gov.au/projects/rottnest-island-water-and-renewable-energy-nexus-wren-project/,2015,Past
Solar Driven Supercritical CO2 Brayton Cycle,28/11/2017,"Concentrated solar thermal, Solar energy",Solar-Driven Supercritical CO<sup>2</sup> Brayton Cycle,https://arena.gov.au/knowledge-bank/solar-driven-supercritical-co2-brayton-cycle/,Reports,https://arena.gov.au/projects/solar-driven-supercritical-co2-brayton-cycle/,2011,Past
Market Analysis of Opportunities in Australia for Anaerobic Digestion Deployment,15/11/2017,Bioenergy / Energy from waste,Goulburn Bioenergy Project,https://arena.gov.au/knowledge-bank/market-analysis-of-opportunities-in-australia-for-anaerobic-digestion-deployment/,Reports,https://arena.gov.au/projects/goulburn-bioenergy-project/,2017,Past
United Energy Demand Response Project Performance Milestone Report 1,14/11/2017,Demand response,United Energy Distribution Demand Response,https://arena.gov.au/knowledge-bank/united-energy-demand-response-project-performance-report-milestone-1/,"Reports, Milestones",https://arena.gov.au/projects/united-energy-distribution-demand-response/,2017,Past
Here Comes The Sun,14/11/2017,"Solar energy, Solar PV R&amp;D",Moreland Micro-Grid Investigation,https://arena.gov.au/knowledge-bank/here-comes-the-sun/,Reports,https://arena.gov.au/projects/moreland-micro-grid-investigation/,2015,Past
Renewable Energy in the Australian Mining Sector,14/11/2017,Hybrid technologies,,https://arena.gov.au/knowledge-bank/renewable-energy-australian-mining-sector/,Reports,,,
Delivering Higher Renewable Penetration in New Land & Housing Developments Through Edge-of-Grid Microgrids,1/11/2017,Off grid,Higher Renewable Penetration in New Land & Housing Developments,https://arena.gov.au/knowledge-bank/delivering-higher-renewable-penetration-new-land-housing-developments-edge-grid-microgrids/,Reports,https://arena.gov.au/projects/delivering-higher-renewable-penetration-in-new-land-and-housing-developments-through-off-grid-microgrids/,2015,Past
LCOE Calculator,29/10/2017,Large-scale solar,,https://arena.gov.au/knowledge-bank/lcoe-calculator/,Tools,,,
Optimisation of Central Receivers for Advanced Power Cycles,26/10/2017,"Concentrated solar thermal, Solar energy",Optimisation of Central Receivers for Advanced Power Cycles,https://arena.gov.au/knowledge-bank/optimisation-of-central-receivers-for-advanced-power-cycles/,Reports,https://arena.gov.au/projects/optimisation-of-central-receivers-for-advanced-power-cycles/,2011,Past
Presentation: Solar Generation System on a Landfill Case Study - An Australian First,12/10/2017,Solar PV R&amp;D,,https://arena.gov.au/knowledge-bank/presentation-solar-generation-system-on-a-landfill-case-study-an-australian-first/,Presentation,,,
Presentation: Solar Generation System on a Landfill Case Study - An Australian First,12/10/2017,"Solar energy, Solar PV R&amp;D",Pilot Landfill Solar Project,https://arena.gov.au/knowledge-bank/solar-generation-system-on-a-landfill-case-study/,Presentation,https://arena.gov.au/projects/pilot-landfill-solar-project/,2016,Past
"Cost-Effective&#8203; &#8203;GaAsP&#8203; &#8203;Top Solar&#8203; &#8203;Cell&#8203; &#8203;Grown&#8203; &#8203;On&#8203; &#8203;A&#8203; &#8203;High Performance,&#8203; &#8203;Low&#8203; &#8203;Cost Silicon&#8203; &#8203;Solar&#8203; &#8203;Cell",11/10/2017,"Solar energy, Solar PV R&amp;D",Cost Effective Gallium Arsenide Phosphide Top Solar Cell,https://arena.gov.au/knowledge-bank/cost-effective%e2%80%8b-%e2%80%8bgaasp%e2%80%8b-%e2%80%8btop-solar%e2%80%8b-%e2%80%8bcell%e2%80%8b-%e2%80%8bgrown%e2%80%8b-%e2%80%8bon%e2%80%8b-%e2%80%8ba%e2%80%8b-%e2%80%8bhigh-performance%e2%80%8b/,Reports,https://arena.gov.au/projects/cost-effective-gallium-arsenide-phosphide-top-solar-cell-grown-on-a-high-performance-low-cost-silicon-solar-cell/,2011,Past
Development of High Temperature Phase Change Storage Systems and a Test Facility,11/10/2017,"Concentrated solar thermal, Solar energy",Testing Facility for Storing Heat from Solar Energy,https://arena.gov.au/knowledge-bank/development-high-temperature-phase-change-storage-systems-test-facility/,Reports,https://arena.gov.au/projects/development-of-a-testing-facility-for-storing-heat-from-solar-energy-at-high-temperatures/,2011,Past
Peer-to-Peer Distributed Ledger Technology Assessment,3/10/2017,Demand response,AGL Virtual Trial of Peer-to-Peer Energy Trading,https://arena.gov.au/knowledge-bank/peer-peer-distributed-ledger-technology-assessment/,Reports,https://arena.gov.au/projects/agl-virtual-trial-peer-to-peer-trading/,2017,Past
EnergyAustralia South Australian Pumped Hydro Energy Storage (PHES) Feasibility Study,27/09/2017,Hydropower / Pumped Hydro Energy Storage,EnergyAustralia South Australian (PHES) Feasibility Study,https://arena.gov.au/knowledge-bank/energyaustralia-south-australian-pumped-hydro-energy-storage-phes-feasibility-study/,Reports,https://arena.gov.au/projects/energyaustralia-south-australian-pumped-hydro-energy-storage-phes-feasibility-study/,2017,Past
Presentation: Silicon Solar Cells: Australian Role in Present Low PV Costs & Lower Future Costs,14/08/2017,Solar PV R&amp;D,,https://arena.gov.au/knowledge-bank/presentation-silicon-solar-cells-australian-role-in-present-low-pv-costs-lower-future-costs/,Presentation,,,
Presentation: The Role for Solar Thermal in a Sustainable Future,2/08/2017,Concentrated solar thermal,,https://arena.gov.au/knowledge-bank/presentation-the-role-for-solar-thermal-in-a-sustainable-future/,Presentation,,,
Presentation: Innovation in Energy Productivity: Fifth Fuel ' First Choice,2/08/2017,General,,https://arena.gov.au/knowledge-bank/presentation-innovation-in-energy-productivity-fifth-fuel-first-choice/,Presentation,,,
Presentation: Is Hydrogen a Crime Against Thermodynamics?,2/08/2017,Hydrogen energy,,https://arena.gov.au/knowledge-bank/presentation-is-hydrogen-a-crime-against-thermodynamics/,Presentation,,,
Presentation: Pumped Hydro Storage and 100% Renewable Electricity,2/08/2017,Hydropower / Pumped Hydro Energy Storage,,https://arena.gov.au/knowledge-bank/presentation-pumped-hydro-storage-and-100-renewable-electricity/,Presentation,,,
Why Australia's Biggest Businesses are Lagging Behind Their Global Peers on Renewable Energy?,18/07/2017,Renewables for industry,,https://arena.gov.au/knowledge-bank/australias-biggest-businesses-lagging-behind-global-peers-renewable-energy/,Reports,,,
2016 Annual Report ' Advanced Centre for Advanced Photovoltaics,16/07/2017,"Solar energy, Solar PV R&amp;D",Australian Centre for Advanced Photovoltaics (ACAP),https://arena.gov.au/knowledge-bank/2016-annual-report-advanced-centre-for-advanced-photovoltaics/,Reports,https://arena.gov.au/projects/australian-centre-for-advanced-photovoltaics-acap/,2012,Current
Presentation: Solar Heat for Industrial Production Processes - Latest Research and Large Scale Installations,2/07/2017,Renewables for industry,,https://arena.gov.au/knowledge-bank/presentation-solar-heat-for-industrial-production-processes-latest-research-and-large-scale-installations/,Presentation,,,
Demand Management Incentives Review,28/06/2017,Renewables for industry,,https://arena.gov.au/knowledge-bank/demand-management-incentives-review/,Reports,,,
Large Scale Solar PV Projects 2017,23/06/2017,Solar energy,,https://arena.gov.au/knowledge-bank/large-scale-solar-pv-projects-2017/,Reports,,,
Presentation: ARENA&rsquo;s R&D Program Round 3: Solar PV Research Information Session,2/06/2017,Solar PV R&amp;D,,https://arena.gov.au/knowledge-bank/presentation-arenas-rd-program-round-3-solar-pv-research-information-session/,Presentation,,,
Capacity and Energy-Only Markets Under High Renewable Penetration,1/06/2017,Hybrid technologies,Achieving Cost-Affective Abatement,https://arena.gov.au/knowledge-bank/capacity-and-energy-only-markets-under-high-renewable-penetration/,Reports,https://arena.gov.au/projects/achieving-cost-effective-abatement-australian-electricity-generation/,2012,Past
ReWired Season 1 Podcast,29/05/2017,General,,https://arena.gov.au/knowledge-bank/rewired-season-1-podcast/,Podcast,,,
Presentation: A-Lab Accelerate - Designing a demand response initiative,19/05/2017,Demand response,,https://arena.gov.au/knowledge-bank/presentation-a-lab-accelerate-designing-a-demand-response-initiative/,Presentation,,,
Renewable Energy Hub Knowledge Sharing Report,9/05/2017,System security and reliability,TransGrid New England Renewable Hub (REHub) Feasibility Study,https://arena.gov.au/knowledge-bank/renewable-energy-hub-knowledge-sharing-report/,Reports,https://arena.gov.au/projects/transgrid-new-england-renewable-rehub-feasibility-study/,2016,Past
Remote Australia's Renewables Data Specification Guidance,4/05/2017,Hybrid technologies,,https://arena.gov.au/knowledge-bank/remote-australias-renewables-data-specification-guidance/,Reports,,,
DeGrussa Solar Project Report,4/05/2017,"Solar energy, Solar PV R&amp;D",DeGrussa Solar Project,https://arena.gov.au/knowledge-bank/degrussa-solar-project/,Reports,https://arena.gov.au/projects/degrussa-solar-project/,2014,Past
Insights From The Portfolio of Projects Funded Under The Regional Australia's Renewables Program,4/05/2017,Hybrid technologies,,https://arena.gov.au/knowledge-bank/an-introduction-to-arenas-remote-and-regional-projects/,Reports,,,
ARENA's Remote and Regional Projects: Data Specification to Benefit Financial and Operational Yields,4/05/2017,Hybrid technologies,,https://arena.gov.au/knowledge-bank/regional-australias-renewables-rar-data-specification-outlines-minimum-data-reporting/,Reports,,,
Achieving Cost-Effective Abatement from Australian Electricity Generation,30/03/2017,Hybrid technologies,Achieving Cost-Affective Abatement,https://arena.gov.au/knowledge-bank/achieving-cost-effective-abatement-from-australian-electricity-generation/,Reports,https://arena.gov.au/projects/achieving-cost-effective-abatement-australian-electricity-generation/,2012,Past
Grantee Toolbox - A Guide for Funding Recipients,16/03/2017,General,,https://arena.gov.au/knowledge-bank/grantee-toolbox/,Tools,,,
Plug and Play Solar Project Results,10/03/2017,"Solar energy, Solar PV R&amp;D",Plug and Play Solar Power,https://arena.gov.au/knowledge-bank/plug-and-play-solar-project-results/,"Reports, Lessons",https://arena.gov.au/projects/plug-and-play-solar-power/,2012,Past
Solar Panels for the Australian Environment Lessons Learnt,15/02/2017,"Solar energy, Solar PV R&amp;D",Solar Panels for the Australian Environment,https://arena.gov.au/knowledge-bank/solar-panels-for-the-australian-environment-lessons-learnt/,"Reports, Lessons",https://arena.gov.au/projects/solar-panels-for-the-australian-environment/,2014,Past
Lessons Learnt Report Solar Landfill Project,3/02/2017,"Solar energy, Solar PV R&amp;D",Pilot Landfill Solar Project,https://arena.gov.au/knowledge-bank/lessons-learnt-report-solar-landfill-project/,"Reports, Lessons",https://arena.gov.au/projects/pilot-landfill-solar-project/,2016,Past
A Commercially Viable Application of Electricity Storage for Australia&rsquo;s National Electricity Grid,31/01/2017,"Solar energy, Solar PV R&amp;D, System security and reliability",Intelligent Storage for Australia's Grid,https://arena.gov.au/knowledge-bank/a-commercially-viable-application-of-electricity-storage-for-australias-national-electricity-grid/,Reports,https://arena.gov.au/projects/intelligent-storage-for-australias-grid/,2014,Past
Perovskite Solar Cells: Establishing the Basis for Industrial Development,31/01/2017,"Solar energy, Solar PV R&amp;D",Establishing the Basis for Industrial Development,https://arena.gov.au/knowledge-bank/perovskite-solar-cells-establishing-the-basis-for-industrial-development/,Reports,https://arena.gov.au/projects/perovskite-solar-cells-establishing-basis-industrial-development/,2015,Past
Networks Renewed Technical Analysis,2/01/2017,Distributed energy resources,Networks Renewed,https://arena.gov.au/knowledge-bank/networks-renewed-technical-analysis/,Reports,https://arena.gov.au/projects/networks-renewed/,2016,Past
Establishing the Social Licence to Operate Large Scale Solar Facilities in Australia,19/11/2016,Solar energy,Utility-Scale Solar Installations,https://arena.gov.au/knowledge-bank/establishing-the-social-licence-to-operate-large-scale-solar-facilities-in-australia/,Reports,https://arena.gov.au/projects/utility-scale-solar-installations-social-license-to-operate-in-australia/,2012,Past
"Presentation: Large-Scale Solar in Australia: Past, Present and Future",19/07/2016,Large-scale solar,,https://arena.gov.au/knowledge-bank/presentation-large-scale-solar-in-australia-past-present-and-future/,Presentation,,,
2015 Annual Report ' Advanced Centre for Advanced Photovoltaics,16/07/2016,"Solar energy, Solar PV R&amp;D",Australian Centre for Advanced Photovoltaics (ACAP),https://arena.gov.au/knowledge-bank/2015-annual-report-advanced-centre-for-advanced-photovoltaics/,Reports,https://arena.gov.au/projects/australian-centre-for-advanced-photovoltaics-acap/,2012,Current
Machine-Learning-Based Forecasting of Distributed Solar Energy Production,1/07/2016,"Solar energy, Solar PV R&amp;D",Machine-Learning-Based Forecasting of Distributed Solar Energy Production,https://arena.gov.au/knowledge-bank/machine-learning-based-forecasting-of-distributed-solar-energy-production/,Reports,https://arena.gov.au/projects/machine-learning-based-forecasting-distributed-solar-energy-production/,2012,Past
Concentrating Solar Fuels Roadmap Final Report,8/05/2016,"Concentrated solar thermal, Solar energy",Solar Hybrid Fuels,https://arena.gov.au/knowledge-bank/concentrating-solar-fuels-roadmap-final-report/,Reports,https://arena.gov.au/projects/solar-hybrid-fuels/,2012,Past
Sunshift Demonstration Report,23/04/2016,Hybrid technologies,Re-Deployable Hybrid Power (Sunshift),https://arena.gov.au/knowledge-bank/sunshift-demonstration-report/,Reports,https://arena.gov.au/projects/redeployable-hybrid-power/,2014,Past
The Incremental Cost of Renewable Generation an Australian National Electricity Market Case Study,8/04/2016,Hybrid technologies,Achieving Cost-Affective Abatement,https://arena.gov.au/knowledge-bank/what-cost-for-more-renewables-the-incremental-cost-of-renewable-generation-an-australian-national-electricity-market-case-study/,Reports,https://arena.gov.au/projects/achieving-cost-effective-abatement-australian-electricity-generation/,2012,Past
Cost Assessment of Hydrogen Production from PV and Electrolysis,21/03/2016,"Concentrated solar thermal, Solar energy",Solar Hybrid Fuels,https://arena.gov.au/knowledge-bank/cost-assessment-of-hydrogen-production-from-pv-and-electrolysis/,Reports,https://arena.gov.au/projects/solar-hybrid-fuels/,2012,Past
Presentation: ARENA Large-Scale Solar PV Competitive Round,16/03/2016,Large-scale solar,,https://arena.gov.au/knowledge-bank/presentation-arena-large-scale-solar-pv-competitive-round/,Presentation,,,
"Least Cost, Utility Scale abatement from Australia's NEM Part 2",3/02/2016,Hybrid technologies,Achieving Cost-Affective Abatement,https://arena.gov.au/knowledge-bank/least-cost-utility-scale-abatement-from-australias-nem-part-2/,Reports,https://arena.gov.au/projects/achieving-cost-effective-abatement-australian-electricity-generation/,2012,Past
"Least cost, Utility Scale Abatement from Australia's NEM",3/02/2016,Hybrid technologies,Achieving Cost-Affective Abatement,https://arena.gov.au/knowledge-bank/least-cost-utility-scale-abatement-from-australias-nem/,Reports,https://arena.gov.au/projects/achieving-cost-effective-abatement-australian-electricity-generation/,2012,Past
Bombora Wave Power Cost of Energy Study&nbsp;,1/01/2016,Ocean energy,Energy Cost Study for Bombora Wave Energy Converter,https://arena.gov.au/knowledge-bank/bombora-wave-power-cost-of-energy-study/,Reports,https://arena.gov.au/projects/energy-cost-study-for-bombora-wave-energy-converter/,2015,Past
Fulcrum 3D CloudCAM Final Report,1/01/2016,"Solar energy, Solar PV R&amp;D",Predicting Cloud Movements to Maximise Solar PV Use,https://arena.gov.au/knowledge-bank/fulcrum-3d-cloudcam-final-report/,Reports,https://arena.gov.au/projects/predicting-cloud-movements-to-maximise-solar-pv-use/,2014,Past
Ocean Energy Report by Seanergy and Ernst and Young,1/01/2016,Ocean energy,,https://arena.gov.au/knowledge-bank/ocean-energy-report-by-seanergy-and-ernst-and-young/,Reports,,,
Kogan Creek Solar Boost Final Report,1/01/2016,"Concentrated solar thermal, Solar energy",Kogan Creek Solar Boost Project,https://arena.gov.au/knowledge-bank/kogan-creek-solar-boost-final-report/,Reports,https://arena.gov.au/projects/kogan-creek-solar-boost-project/,2011,Past
"Large-Scale Solar in Australia ' The Past, Present and Future",1/01/2016,Solar energy,,https://arena.gov.au/knowledge-bank/large-scale-solar-in-australia-the-past-present-and-future/,Reports,,,
Next Generation Crystalline Silicon on Glass Modules Final Report,1/01/2016,"Solar energy, Solar PV R&amp;D",Next Generation Crystalline Silicon on Glass Modules,https://arena.gov.au/knowledge-bank/next-generation-crystalline-silicon-on-glass-modules-final-report/,Reports,https://arena.gov.au/projects/next-generation-crystalline-silicon-on-glass-modules/,2012,Past
Estimate of Economic Benefits to Australia of Past Australian Photovoltaic Research,1/01/2016,Solar PV R&amp;D,,https://arena.gov.au/knowledge-bank/estimate-of-economic-benefits-to-australia-of-past-australian-photovoltaic-research/,Reports,,,
Wind-Solar Co-Location Study,1/01/2016,Hybrid technologies,,https://arena.gov.au/knowledge-bank/wind-solar-co-location-study/,Reports,,,
Renewable Energy for the Australian Dairy Industry ' Workshop Presentations,1/01/2016,Renewables for industry,,https://arena.gov.au/knowledge-bank/renewable-energy-for-the-australian-dairy-industry-workshop-presentations/,Presentation,,,
Renewable Energy Opportunities in The Australian Water Sector,1/01/2016,Bioenergy / Energy from waste,,https://arena.gov.au/knowledge-bank/renewable-energy-opportunities-in-the-australian-water-sector/,Reports,,,
Australian Solar Energy Forecasting System Final Report: Project Results and Lessons Learnt,1/01/2016,Solar energy,Australian Solar Energy Forecasting System - Phase 1,https://arena.gov.au/knowledge-bank/australian-solar-energy-forecasting-system-final-report-project-results-and-lessons-learnt/,"Reports, Lessons",https://arena.gov.au/projects/australian-solar-energy-forecasting-system-asefs-phase-1/,2013,Past
AGL Knowledge Sharing Report 6,1/01/2016,"Large-scale solar, Solar energy",AGL Solar Project,https://arena.gov.au/knowledge-bank/agl-knowledge-sharing-report-6/,Reports,https://arena.gov.au/projects/agl-solar-project/,2013,Current
Hybrid Concentrating Solar Thermal Systems for Large Scale Applications,1/01/2016,"Concentrated solar thermal, Solar energy",Hybrid Concentrating Solar Thermal Systems,https://arena.gov.au/knowledge-bank/hybrid-concentrating-solar-thermal-systems-for-large-scale-applications/,Reports,https://arena.gov.au/projects/hybrid-concentrating-solar-thermal-systems-for-large-scale-applications/,2012,Past
3-A018 Solar Hybrid Fuels (Stream 2),1/01/2016,"Concentrated solar thermal, Solar energy",Solar Hybrid Fuels,https://arena.gov.au/knowledge-bank/solar-hybrid-fules-stream-2/,Reports,https://arena.gov.au/projects/solar-hybrid-fuels/,2012,Past
Stocktake: Database of Renewable Energy Grid Integration Projects ' First Edition Results,1/01/2016,Hybrid technologies,,https://arena.gov.au/knowledge-bank/stocktake-database-of-renewable-energy-grid-integration-projects-first-edition-results/,Reports,,,
Energy Storage for Renewable Integration South Australia (ESCRI) ' General Project Report Phase 1,1/01/2016,"Battery storage, System security and reliability",Energy Storage for Commercial Renewable Integration,https://arena.gov.au/knowledge-bank/energy-storage-for-renewable-integration-south-australia-escri-general-project-report-phase-1/,Reports,https://arena.gov.au/projects/energy-storage-for-commercial-renewable-integration/,2014,Past
AGL Nyngan and Broken Hill Solar Plant Knowledge Sharing Report 5,1/01/2016,"Large-scale solar, Solar energy",AGL Solar Project,https://arena.gov.au/knowledge-bank/agl-nyngan-and-broken-hill-solar-plant-knowledge-sharing-report-5/,Reports,https://arena.gov.au/projects/agl-solar-project/,2013,Current
Integrated Solar Radiation Data Sources over Australia,1/01/2016,Solar energy,Integrated Solar Radiation Data Sources over Australia,https://arena.gov.au/knowledge-bank/integrated-solar-radiation-data-sources-over-australia/,Reports,https://arena.gov.au/projects/integrated-solar-radiation-data-sources-over-australia/,2012,Past
Characterising and Forecasting Grid Connected Solar Energy,1/01/2016,Solar energy,Characterising and Forecasting Grid Connected Solar Energy,https://arena.gov.au/knowledge-bank/characterising-and-forecasting-grid-connected-solar-energy/,"Reports, Lessons",https://arena.gov.au/projects/characterising-and-forecasting-grid-connected-solar-energy/,2011,Past
Integrated Solar PV Roofing ' Project Results and Lessons Learnt,1/01/2016,"Solar energy, Solar PV R&amp;D",Integrated PV Solar Roofing,https://arena.gov.au/knowledge-bank/integrated-solar-pv-roofing-project-results-and-lessons-learnt/,"Reports, Lessons",https://arena.gov.au/projects/integrated-pv-solar-roofing/,2012,Past
A Pilot-Scale Plant for the Production of Solar Antireflection Coatings,19/11/2015,"Solar energy, Solar PV R&amp;D",Pilot-Scale Plant for the Production of Solar Anti-Reflection Coatings,https://arena.gov.au/knowledge-bank/a-pilot-scale-plant-for-the-production-of-solar-antireflection-coatings/,Reports,https://arena.gov.au/projects/pilot-scale-plant-for-the-production-of-solar-anti-reflection-coatings/,2012,Past
Presentation: Jandakot Bioenergy Plant,2/11/2015,Bioenergy / Energy from waste,,https://arena.gov.au/knowledge-bank/presentation-jandakot-bioenergy-plant/,Presentation,,,
Renewable Energy Options for Australian Industrial Gas Users,16/10/2015,Renewables for industry,,https://arena.gov.au/knowledge-bank/renewable-energy-options-australian-industrial-gas-users/,Reports,,,
How to Plate Copper to Both Polarities of Metal Contacts for Silicon Solar Cells,17/09/2015,"Solar energy, Solar PV R&amp;D",Overcoming Performance Limitations of Commercial Solar Cells,https://arena.gov.au/knowledge-bank/how-to-plate-copper-to-both-polarities-of-metal-contacts-for-silicon-solar-cells/,Reports,https://arena.gov.au/projects/overcoming-the-fundamental-performance-limitations-of-commercial-solar-cells/,2010,Past
Performance Limitations for Standard Commercial Solar Cells,17/09/2015,"Solar energy, Solar PV R&amp;D",Overcoming Performance Limitations of Commercial Solar Cells,https://arena.gov.au/knowledge-bank/performance-limitations-for-standard-commercial-solar-cells/,Reports,https://arena.gov.au/projects/overcoming-the-fundamental-performance-limitations-of-commercial-solar-cells/,2010,Past
The Value and Importance of the Solar Industrial Research Facility,17/09/2015,"Solar energy, Solar PV R&amp;D",Overcoming Performance Limitations of Commercial Solar Cells,https://arena.gov.au/knowledge-bank/the-value-and-importance-of-the-solar-industrial-research-facility/,Reports,https://arena.gov.au/projects/overcoming-the-fundamental-performance-limitations-of-commercial-solar-cells/,2010,Past
How to Significantly Reduce the Costs Associated With Commercial PV Devices,17/09/2015,"Solar energy, Solar PV R&amp;D",Overcoming Performance Limitations of Commercial Solar Cells,https://arena.gov.au/knowledge-bank/how-to-significantly-reduce-the-costs-associated-with-commercial-pv-devices/,Reports,https://arena.gov.au/projects/overcoming-the-fundamental-performance-limitations-of-commercial-solar-cells/,2010,Past
How to Use Hydrogen Passivation to Fix Defects in Silicon,17/09/2015,"Solar energy, Solar PV R&amp;D",Overcoming Performance Limitations of Commercial Solar Cells,https://arena.gov.au/knowledge-bank/how-to-use-hydrogen-passivation-to-fix-defects-in-silicon/,Reports,https://arena.gov.au/projects/overcoming-the-fundamental-performance-limitations-of-commercial-solar-cells/,2010,Past
Central Receiver CPV Pilot Project ' Stage 2,24/08/2015,"Solar energy, Solar PV R&amp;D",Central Receiver CPV Pilot Project Stage 2,https://arena.gov.au/knowledge-bank/central-receiver-cpv-pilot-project-stage-2/,Reports,https://arena.gov.au/projects/central-receiver-cpv-pilot-project-stage-2/,2012,Past
Solar Diesel Mini Grid Handbook 1st Edition,7/08/2015,"Solar energy, Solar PV R&amp;D",Daly River Solar Research Project,https://arena.gov.au/knowledge-bank/solar-diesel-mini-grid-handbook/,Reports,https://arena.gov.au/projects/daly-river-solar-research-project/,2012,Past
2014 Annual Report ' Advanced Centre for Advanced Photovoltaics,16/07/2015,"Solar energy, Solar PV R&amp;D",Australian Centre for Advanced Photovoltaics (ACAP),https://arena.gov.au/knowledge-bank/2014-annual-report-advanced-centre-for-advanced-photovoltaics/,Reports,https://arena.gov.au/projects/australian-centre-for-advanced-photovoltaics-acap/,2012,Current
"Roof-Mounted Hybrid CST System for Distributed Generation of Heating, Cooling and Electricity",30/05/2015,"Concentrated solar thermal, Solar energy",Roof-Mounted Hybrid CST System,https://arena.gov.au/knowledge-bank/roof-mounted-hybrid-cst-system-for-distributed-generation-of-heating-cooling-and-electricity/,"Reports, Lessons",https://arena.gov.au/projects/roof-mounted-hybrid-cst-system-self-generated-heating-cooling-electricity/,2011,Past
Presentation: ARENA Solar Presentation 2015,22/02/2015,Solar energy,,https://arena.gov.au/knowledge-bank/presentation-arena-solar-presentation-2015/,Presentation,,,
Improved High-Temperature Receivers for Dish Concentrators,14/01/2015,"Concentrated solar thermal, Solar energy",Improved High-Temperature Receivers for Dish Concentrators,https://arena.gov.au/knowledge-bank/improved-high-temperature-receivers-for-dish-concentrators/,"Reports, Lessons",https://arena.gov.au/projects/world-class-solar-thermal-concentrators/,2012,Past
Energy Storage Study,1/01/2015,Hybrid technologies,,https://arena.gov.au/knowledge-bank/energy-storage-study/,Reports,,,
Advancing Marine Microalgae Biofuel to Commercialisation,1/01/2015,Bioenergy / Energy from waste,Advancing Marine Microalgae Biofuel to Commercialisation,https://arena.gov.au/knowledge-bank/advancing-marine-microalgae-biofuel-to-commercialisation/,Reports,https://arena.gov.au/projects/advancing-marine-microalgae-biofuel-to-commercialisation/,2013,Past
High-Energy Algal Fuels Project,1/01/2015,Bioenergy / Energy from waste,High-Energy Algal Fuels,https://arena.gov.au/knowledge-bank/high-energy-algal-fuels-project/,Reports,https://arena.gov.au/projects/high-energy-algal-fuels/,2012,Past
Hot Carrier Solar Cell ' Project Results and Lessons Learnt,1/01/2015,"Solar energy, Solar PV R&amp;D",Towards a Practical Hot Carrier Solar Cell,https://arena.gov.au/knowledge-bank/hot-carrier-solar-cell-project-results-and-lessons-learnt/,"Reports, Lessons",https://arena.gov.au/projects/towards-a-practical-hot-carrier-solar-cell/,2011,Past
Optimising Thin-Film Building Integrated Photovoltaic Thermal for Retrofitting,1/01/2015,"Solar energy, Solar PV R&amp;D",Optimising Building Integrated Photovoltaic Thermal for Retrofitting,https://arena.gov.au/knowledge-bank/optimising-thin-film-building-integrated-photovoltaic-thermal-for-retrofitting/,Reports,https://arena.gov.au/projects/optimising-thin-film-building-integrated-photovoltaic-thermal-for-retrofitting/,2012,Past
Vast Solar ' Public Dissemination Report,1/01/2015,"Concentrated solar thermal, Solar energy",Validation of CST Solar Array Performance Modelling,https://arena.gov.au/knowledge-bank/vast-solar-public-dissemination-report/,Reports,https://arena.gov.au/projects/validation-of-cst-solar-array-performance-modelling/,2012,Past
Hybridisation of Concentrated Solar Thermal with Carbon Capture and Storage,1/01/2015,"Concentrated solar thermal, Solar energy",Hybridisation of Concentrated Solar Thermal,https://arena.gov.au/knowledge-bank/hybridisation-of-concentrated-solar-thermal-with-carbon-capture-and-storage/,Reports,https://arena.gov.au/projects/hybridisation-of-concentrated-solar-thermal-with-carbon-capture-and-storage/,2012,Past
Investigating the Impact of Solar Variability on Grid Stability,1/01/2015,"Solar energy, Solar PV R&amp;D",Analysis of Variations in Instantaneous Weather Effects,https://arena.gov.au/knowledge-bank/investigating-the-impact-of-solar-variability-on-grid-stability/,Reports,https://arena.gov.au/projects/analysis-of-variations-in-instantaneous-weather-effects/,2012,Past
Improving Translation Models for Predicting the Energy Yield of Photovoltaic Power Systems,1/01/2015,"Solar energy, Solar PV R&amp;D",Improving Translation Models for Predicting Energy Yields,https://arena.gov.au/knowledge-bank/improving-translation-models-for-predicting-the-energy-yield-of-photovoltaic-power-systems/,Reports,https://arena.gov.au/projects/improving-translation-models-for-predicting-the-energy-yield-of-photovoltaic-pv-power-systems/,2012,Past
Novel Texture Processes for The Latest Wafer and Advanced Cell Concepts,1/01/2015,"Solar energy, Solar PV R&amp;D",Novel Texture Processes for the Latest Industrial Wafer,https://arena.gov.au/knowledge-bank/novel-texture-processes-for-the-latest-wafer-and-advanced-cell-concepts/,Reports,https://arena.gov.au/projects/novel-texture-processes-for-the-latest-industrial-wafer-and-advanced-cell-concepts/,2012,Past
Overcoming the Fundamental Performance Limitations of Commercial Solar Cells,1/01/2015,"Solar energy, Solar PV R&amp;D",Overcoming Performance Limitations of Commercial Solar Cells,https://arena.gov.au/knowledge-bank/overcoming-the-fundamental-performance-limitations-of-commercial-solar-cells/,Reports,https://arena.gov.au/projects/overcoming-the-fundamental-performance-limitations-of-commercial-solar-cells/,2010,Past
Thermoelectric Generator for Concentrated Solar Thermal Systems,1/01/2015,"Concentrated solar thermal, Solar energy",Thermoelectric Generator for Concentrated Solar Thermal Systems,https://arena.gov.au/knowledge-bank/thermoelectric-generator-for-concentrated-solar-thermal-systems/,Reports,https://arena.gov.au/projects/thermoelectric-generator-for-concentrated-solar-thermal-systems/,2011,Past
Redeployable Hybrid Power ' Product Development Report,1/01/2015,Hybrid technologies,Re-Deployable Hybrid Power (Sunshift),https://arena.gov.au/knowledge-bank/redeployable-hybrid-power-product-development-report/,Reports,https://arena.gov.au/projects/redeployable-hybrid-power/,2014,Past
High Quality Laser Doping For Solar Cells Final Report,1/01/2015,"Solar energy, Solar PV R&amp;D",High Quality Laser Doping for Solar Cells,https://arena.gov.au/knowledge-bank/high-quality-laser-doping-for-solar-cells-final-report-project-results-and-lessons-learnt/,"Reports, Lessons",https://arena.gov.au/projects/high-quality-laser-doping-for-solar-cells-through-improved-characterisation-techniques/,2013,Past
Electricity Market Implications of a Least-Cost Carbon Abatement Plan: An Australian Perspective,1/10/2014,Hybrid technologies,Achieving Cost-Affective Abatement,https://arena.gov.au/knowledge-bank/electricity-market-implications-of-a-least-cost-carbon-abatement-plan-an-australian-perspective/,Reports,https://arena.gov.au/projects/achieving-cost-effective-abatement-australian-electricity-generation/,2012,Past
A Game-Theoretic Analysis of Wind Generation Variability on Electricity Markets,5/09/2014,Hybrid technologies,Achieving Cost-Affective Abatement,https://arena.gov.au/knowledge-bank/a-game-theoretic-analysis-of-wind-generation-variability-on-electricity-markets/,Reports,https://arena.gov.au/projects/achieving-cost-effective-abatement-australian-electricity-generation/,2012,Past
Development of Advanced Solar Thermal Energy Storage Technologies,30/08/2014,"Concentrated solar thermal, Solar energy",Advanced Solar Thermal Energy Storage Technologies,https://arena.gov.au/knowledge-bank/development-of-advanced-solar-thermal-energy-storage-technologies/,Reports,https://arena.gov.au/projects/advanced-solar-thermal-energy-storage-technologies/,2010,Past
2013 Annual Report ' Advanced Centre for Advanced Photovoltaics,16/07/2014,"Solar energy, Solar PV R&amp;D",Australian Centre for Advanced Photovoltaics (ACAP),https://arena.gov.au/knowledge-bank/2013-annual-report-advanced-centre-for-advanced-photovoltaics/,Reports,https://arena.gov.au/projects/australian-centre-for-advanced-photovoltaics-acap/,2012,Current
Industry Ready N-Type Silicon Solar Cells Findings,15/07/2014,"Solar energy, Solar PV R&amp;D",Industry Ready N-Type Silicon Solar Cells,https://arena.gov.au/knowledge-bank/industry-ready-n-type-silicon-solar-cells-findings/,Reports,https://arena.gov.au/projects/industry-ready-n-type-silicon-solar-cells/,2011,Past
Enhancing Efficiencies in Printed Solar Cells by Controlling Morphology Development,30/06/2014,"Solar energy, Solar PV R&amp;D",Enhancing Efficiencies in Printed Solar Cells,https://arena.gov.au/knowledge-bank/enhancing-efficiencies-in-printed-solar-cells-by-controlling-morphology-development/,Reports,https://arena.gov.au/projects/enhancing-efficiencies-in-printed-solar-cells-by-controlling-morphology-development-2/,2012,Past
Next Generation SLIVER Solar Cells,30/06/2014,"Solar energy, Solar PV R&amp;D",Next Generation SLIVER Cells,https://arena.gov.au/knowledge-bank/next-generation-sliver-solar-cells/,Reports,https://arena.gov.au/projects/next-generation-sliver-cells/,2010,Past
Granite Power Solar Thermal Demonstration Plant,7/06/2014,"Concentrated solar thermal, Solar energy",Solar Supercritical Organic Rankine Cycle,https://arena.gov.au/knowledge-bank/granite-power-solar-thermal-demonstration-plant/,Reports,https://arena.gov.au/projects/solar-supercritical-organic-rankine-cycle-for-power-and-industrial-heat/,2012,Past
Laser Doping Using Laser Chemical Processing Technology for Advanced Silicon Solar Cells,31/05/2014,"Solar energy, Solar PV R&amp;D",Local Doping Using Laser Chemical Processing Technology,https://arena.gov.au/knowledge-bank/laser-doping-using-laser-chemical-processing-technology-for-advanced-silicon-solar-cells/,Reports,https://arena.gov.au/projects/local-doping-using-laser-chemical-processing-technology-for-advanced-silicon-solar-cells/,2012,Past
BT Imaging Final Report,30/05/2014,"Solar energy, Solar PV R&amp;D",Inline Inspection Tools for Photovoltaic Manufacturing,https://arena.gov.au/knowledge-bank/bt-imaging-final-report/,Reports,https://arena.gov.au/projects/inline-inspection-tools-for-photovoltaic-manufacturing/,2010,Past
Presentation: ARENA&rsquo;s Ocean Energy Sector Review Clean Energy Week 2014,8/02/2014,Ocean energy,,https://arena.gov.au/knowledge-bank/presentation-arenas-ocean-energy-sector-review-clean-energy-week-2014/,Presentation,,,
"Australian Energy Resource Assessment ' Second edition, 2014",1/01/2014,Renewables for industry,,https://arena.gov.au/knowledge-bank/australian-energy-resource-assessment-second-edition-2014/,Reports,,,
Australia&rsquo;s Off-Grid Clean Energy Market Research Paper,1/01/2014,Hybrid technologies,,https://arena.gov.au/knowledge-bank/australias-off-grid-clean-energy-market-research-paper/,Reports,,,
"Looking Forward: Barriers, Risks and Rewards of the Australian Geothermal Sector to 2020 and 2030",1/01/2014,Geothermal energy,,https://arena.gov.au/knowledge-bank/looking-forward-barriers-risks-and-rewards-of-the-australian-geothermal-sector-to-2020-and-2030/,Reports,,,
Model for Community-Owned Solar,1/01/2014,"Solar energy, Solar PV R&amp;D",Model for Community-Owned Solar,https://arena.gov.au/knowledge-bank/model-for-community-owned-solar/,"Reports, Lessons",https://arena.gov.au/projects/model-for-community-owned-solar/,2012,Past
Renewable Energy Research and Development in Australia&rsquo;s Universities A Discussion Paper,1/01/2014,Solar energy,,https://arena.gov.au/knowledge-bank/renewable-energy-research-and-development-in-australias-universities-a-discussion-paper/,Reports,,,
Integrating Renewables into the Grid: Stocktake Project,1/01/2014,Hybrid technologies,,https://arena.gov.au/knowledge-bank/integrating-renewables-into-the-grid-stocktake-project/,Reports,,,
Technology and Commercial Readiness Tools,1/01/2014,General,,https://arena.gov.au/knowledge-bank/technology-and-commercial-readiness-tools/,"Reports, Tools",,,
Reservoir Quality in Sedimentary Geothermal Resources ' Program 1 Summary Report,1/01/2014,Geothermal energy,Reservoir Quality in Sedimentary Geothermal Resources,https://arena.gov.au/knowledge-bank/reservoir-quality-in-sedimentary-geothermal-resources-program-1-summary-report/,Reports,https://arena.gov.au/projects/reservoir-quality-in-sedimentary-geothermal-resources/,2012,Past
Reservoir Quality in Sedimentary Geothermal Resources ' Program 2 Summary Report,1/01/2014,Geothermal energy,Reservoir Quality in Sedimentary Geothermal Resources,https://arena.gov.au/knowledge-bank/reservoir-quality-in-sedimentary-geothermal-resources-program-2-summary-report/,Reports,https://arena.gov.au/projects/reservoir-quality-in-sedimentary-geothermal-resources/,2012,Past
Reservoir Quality in Sedimentary Geothermal Resources ' Program 3 Summary Report,1/01/2014,Geothermal energy,Reservoir Quality in Sedimentary Geothermal Resources,https://arena.gov.au/knowledge-bank/reservoir-quality-in-sedimentary-geothermal-resources-program-3-summary-report/,Reports,https://arena.gov.au/projects/reservoir-quality-in-sedimentary-geothermal-resources/,2012,Past
Collinsville Solar Thermal Power Station Knowledge Sharing Report 4,1/01/2014,"Concentrated solar thermal, Solar energy",Conversion of Coal to Hybrid Solar Thermal/Gas,https://arena.gov.au/knowledge-bank/collinsville-solar-thermal-power-station-knowledge-sharing-report-4/,"Reports, Milestones",https://arena.gov.au/projects/feasibility-study-into-conversion-of-collinsville-power-station-from-coal-to-hybrid-solar-thermalgas/,2013,Past
Collinsville Solar Thermal Power Station Knowledge Sharing Report 6,1/01/2014,"Concentrated solar thermal, Solar energy",Conversion of Coal to Hybrid Solar Thermal/Gas,https://arena.gov.au/knowledge-bank/collinsville-solar-thermal-power-station-knowledge-sharing-report-6/,"Reports, Milestones",https://arena.gov.au/projects/feasibility-study-into-conversion-of-collinsville-power-station-from-coal-to-hybrid-solar-thermalgas/,2013,Past
Collinsville Solar Thermal Power Station Solar Yield Report,1/01/2014,"Concentrated solar thermal, Solar energy",Conversion of Coal to Hybrid Solar Thermal/Gas,https://arena.gov.au/knowledge-bank/collinsville-solar-thermal-power-station-solar-yield-report/,Reports,https://arena.gov.au/projects/feasibility-study-into-conversion-of-collinsville-power-station-from-coal-to-hybrid-solar-thermalgas/,2013,Past
Collinsville Solar Thermal Power Station Knowledge Sharing Report 5,1/01/2014,"Concentrated solar thermal, Solar energy",Conversion of Coal to Hybrid Solar Thermal/Gas,https://arena.gov.au/knowledge-bank/collinsville-solar-thermal-power-station-knowledge-sharing-report-5/,"Reports, Milestones",https://arena.gov.au/projects/feasibility-study-into-conversion-of-collinsville-power-station-from-coal-to-hybrid-solar-thermalgas/,2013,Past
Collinsville Solar Thermal Power Station Technical Feasibility Study,1/01/2014,"Concentrated solar thermal, Solar energy",Conversion of Coal to Hybrid Solar Thermal/Gas,https://arena.gov.au/knowledge-bank/collinsville-solar-thermal-power-station-technical-feasibility-study/,Reports,https://arena.gov.au/projects/feasibility-study-into-conversion-of-collinsville-power-station-from-coal-to-hybrid-solar-thermalgas/,2013,Past
CSIRO Solar Air Turbine Project Final Report,1/01/2014,"Concentrated solar thermal, Solar energy",Solar Air Turbine Systems,https://arena.gov.au/knowledge-bank/csiro-solar-air-turbine-project-final-report/,Reports,https://arena.gov.au/projects/solar-air-turbine-systems/,2010,Past
Data Fusion & Machine Learning for Geothermal Target Exploration & Characterisation Software Code,1/01/2014,Geothermal energy,Data Fusion and Machine Learning,https://arena.gov.au/knowledge-bank/data-fusion-and-machine-learning-for-geothermal-target-exploration-and-characterisation-software-code/,Reports,https://arena.gov.au/projects/data-fusion-and-machine-learning-for-geothermal/,2012,Past
Development of Combined Cycle Using Solar Reformed Gas Final Report,1/01/2014,"Concentrated solar thermal, Solar energy",Development of Combined Cycle Using Solar Reformed Gas,https://arena.gov.au/knowledge-bank/development-of-combined-cycle-using-solar-reformed-gas-final-report-project-results-and-lessons-learned/,"Reports, Lessons",https://arena.gov.au/projects/development-of-combined-cycle-using-solar-reformed-gas/,2012,Past
Downstream Fish Passage Criteria for Hydropower and Irrigation,1/01/2014,Hydropower / Pumped Hydro Energy Storage,Small Scale Hydropower Technologies Impact on Australian Native Fish,https://arena.gov.au/knowledge-bank/downstream-fish-passage-criteria-for-hydropower-and-irrigation/,Reports,https://arena.gov.au/projects/impact-of-small-scale-hydropower-technologies-on-australian-native-fish-species-2/,2012,Past
Generating Receivers for High-Concentration Solar Collector,1/01/2014,"Concentrated solar thermal, Solar energy",Advanced Steam-Generating Receivers,https://arena.gov.au/knowledge-bank/generating-receivers-for-high-concentration-solar-collector/,Reports,https://arena.gov.au/projects/advanced-steam-generating-receivers-for-high-concentration-solar-collectors/,2010,Past
Geoportal ' Data Fusion and Machine Learning for Geothermal Target Exploration and Characterisation Tool,1/01/2014,Geothermal energy,Data Fusion and Machine Learning,https://arena.gov.au/knowledge-bank/geoportal-data-fusion-and-machine-learning-for-geothermal-target-exploration-and-characterisation-tool/,"Reports, Tools",https://arena.gov.au/projects/data-fusion-and-machine-learning-for-geothermal/,2012,Past
Geothermal Subterranean Data Portal Calculations,1/01/2014,Geothermal energy,Data Fusion and Machine Learning,https://arena.gov.au/knowledge-bank/geothermal-subterranean-data-portal-calculations/,Reports,https://arena.gov.au/projects/data-fusion-and-machine-learning-for-geothermal/,2012,Past
Definition of Project Scope Between Multiple Contractors,1/01/2014,"Large-scale solar, Solar energy",AGL Solar Project,https://arena.gov.au/knowledge-bank/definition-of-project-scope-between-multiple-contractors/,Reports,https://arena.gov.au/projects/agl-solar-project/,2013,Current
Grid Connection Modelling to Define Solar Plant Performance Characteristics,1/01/2014,"Large-scale solar, Solar energy",AGL Solar Project,https://arena.gov.au/knowledge-bank/grid-connection-modelling-to-define-solar-plant-performance-characteristics/,Reports,https://arena.gov.au/projects/agl-solar-project/,2013,Current
Lessons for Improving the Fabrication of Thermionic Device Using Advanced Ceramics,1/01/2014,"Concentrated solar thermal, Solar energy",Fabrication of Thermionic Device using Advanced Ceramics,https://arena.gov.au/knowledge-bank/lessons-for-improving-the-fabrication-of-thermionic-device-using-advanced-ceramics/,"Reports, Lessons",https://arena.gov.au/projects/fabrication-of-thermionic-device-using-advanced-ceramics/,2010,Past
Review of Connection Feasibility on the UQ Gatton 3.3MW Photovoltaic Array,1/01/2014,"Large-scale solar, Solar energy",AGL Solar Project,https://arena.gov.au/knowledge-bank/review-of-connection-feasibility-on-the-uq-gatton-3-3mw-photovoltaic-array/,Reports,https://arena.gov.au/projects/agl-solar-project/,2013,Current
Defining Communications Requirements for a New Generator,1/01/2014,"Large-scale solar, Solar energy",AGL Solar Project,https://arena.gov.au/knowledge-bank/defining-communications-requirements-for-a-new-generator/,Reports,https://arena.gov.au/projects/agl-solar-project/,2013,Current
Design and Operation of Pilot Scale Solar Supercritical Systems,1/01/2014,"Concentrated solar thermal, Solar energy",Advanced Steam-Generating Receivers,https://arena.gov.au/knowledge-bank/design-and-operation-of-pilot-scale-solar-supercritical-systems/,Reports,https://arena.gov.au/projects/advanced-steam-generating-receivers-for-high-concentration-solar-collectors/,2010,Past
Grid Connection Modelling and Inverter Characteristics,1/01/2014,"Large-scale solar, Solar energy",AGL Solar Project,https://arena.gov.au/knowledge-bank/grid-connection-modelling-and-inverter-characteristics/,Reports,https://arena.gov.au/projects/agl-solar-project/,2013,Current
Impact of Temperature on Plant Performance and Overhead Line Design,1/01/2014,"Large-scale solar, Solar energy",AGL Solar Project,https://arena.gov.au/knowledge-bank/impact-of-temperature-on-plant-performance-and-overhead-line-design/,Reports,https://arena.gov.au/projects/agl-solar-project/,2013,Current
Preparation of Connection Studies,1/01/2014,"Large-scale solar, Solar energy",AGL Solar Project,https://arena.gov.au/knowledge-bank/preparation-of-connection-studies/,Reports,https://arena.gov.au/projects/agl-solar-project/,2013,Current
Market & Technology Analysis for Organic Photovoltaics,1/01/2014,"Solar energy, Solar PV R&amp;D",New Materials and Architectures for Organic Solar Cells,https://arena.gov.au/knowledge-bank/market-technology-analysis-for-organic-photovoltaics/,"Reports, Lessons",https://arena.gov.au/projects/new-materials-and-architectures-for-organic-solar-cells/,2010,Past
Moree Solar Farm Lessons Learnt Report,1/01/2014,"Large-scale solar, Solar energy",Moree Solar Farm,https://arena.gov.au/knowledge-bank/moree-solar-farm-lessons-learnt-report/,"Reports, Lessons",https://arena.gov.au/projects/moree-solar-farm/,2013,Past
Port Augusta Solar Thermal Generation Feasibility Study Project Definition Report,1/01/2014,"Battery storage, Hybrid technologies, Solar energy, Wind energy",Port Augusta Solar Thermal Feasibility Study,https://arena.gov.au/knowledge-bank/port-augusta-solar-thermal-generation-feasibility-study-project-definition-report/,Reports,https://arena.gov.au/projects/port-augusta-solar-thermal-feasibility-study/,2013,Past
Port Augusta Solar Thermal Generation Feasibility Study Options Study Report,1/01/2014,"Battery storage, Hybrid technologies, Solar energy, Wind energy",Port Augusta Solar Thermal Feasibility Study,https://arena.gov.au/knowledge-bank/port-augusta-solar-thermal-generation-feasibility-study-options-study-report/,Reports,https://arena.gov.au/projects/port-augusta-solar-thermal-feasibility-study/,2013,Past
Port Augusta Solar Thermal Generation Feasibility Study Milestone 2 Summary Report,1/01/2014,"Battery storage, Hybrid technologies, Solar energy, Wind energy",Port Augusta Solar Thermal Feasibility Study,https://arena.gov.au/knowledge-bank/port-augusta-solar-thermal-generation-feasibility-study-milestone-2-summary-report/,"Reports, Milestones",https://arena.gov.au/projects/port-augusta-solar-thermal-feasibility-study/,2013,Past
Solar Thermal Foundation Project Results,1/01/2014,"Concentrated solar thermal, Solar energy",Solar Thermal Research Hub,https://arena.gov.au/knowledge-bank/solar-thermal-foundation-project-results/,Reports,https://arena.gov.au/projects/solar-thermal-research-hub/,2009,Past
Solar/Diesel Mini-Grid Handbook and Mini-Grid Power System Modelling Tool,1/01/2014,"Battery storage, Hybrid technologies, Off grid, Solar energy",NT Solar Energy Transformation Program,https://arena.gov.au/knowledge-bank/solar-diesel-mini-grid-handbook-and-mini-grid-power-system-modelling-tool/,Reports,https://arena.gov.au/projects/northern-territory-solar-energy-transformation-program/,2014,Past
Upconversion of The Solar Spectrum for Improved Photovoltaic Energy Conversion,1/01/2014,"Solar energy, Solar PV R&amp;D",Improved PV Energy Conversion,https://arena.gov.au/knowledge-bank/upconversion-of-the-solar-spectrum-for-improved-photovoltaic-energy-conversion/,Reports,https://arena.gov.au/projects/upconversion-of-the-solar-spectrum-for-improved-pv-energy-conversion/,2011,Past
Guide to Local Procurement ' Nyngan Solar Plant,1/01/2014,"Large-scale solar, Solar energy",AGL Solar Project,https://arena.gov.au/knowledge-bank/guide-to-local-procurement-nyngan-solar-plant/,"Reports, Guides",https://arena.gov.au/projects/agl-solar-project/,2013,Current
Guide to Labour and Accommodation ' Nyngan Solar,1/01/2014,"Large-scale solar, Solar energy",AGL Solar Project,https://arena.gov.au/knowledge-bank/guide-to-labour-and-accommodation-nyngan-solar/,Reports,https://arena.gov.au/projects/agl-solar-project/,2013,Current
Guide to Engineering Design and Procurement ' Nyngan Solar Plant,1/01/2014,"Large-scale solar, Solar energy",AGL Solar Project,https://arena.gov.au/knowledge-bank/guide-to-engineering-design-and-procurement-nyngan-solar-plant/,Reports,https://arena.gov.au/projects/agl-solar-project/,2013,Current
Guide to Early Works Activities ' Nyngan Solar Plant,1/01/2014,"Large-scale solar, Solar energy",AGL Solar Project,https://arena.gov.au/knowledge-bank/guide-to-early-works-activities-nyngan-solar-plant/,"Reports, Guides",https://arena.gov.au/projects/agl-solar-project/,2013,Current
Guide to Site Mobilisation ' Nyngan Solar Plant,1/01/2014,"Large-scale solar, Solar energy",AGL Solar Project,https://arena.gov.au/knowledge-bank/guide-to-site-mobilisation-nyngan-solar-plant/,"Reports, Guides",https://arena.gov.au/projects/agl-solar-project/,2013,Current
Guide to Access Road Construction ' Nyngan Solar Plant,1/01/2014,"Large-scale solar, Solar energy",AGL Solar Project,https://arena.gov.au/knowledge-bank/guide-to-access-road-construction-nyngan-solar-plant/,"Reports, Guides",https://arena.gov.au/projects/agl-solar-project/,2013,Current
Guide to Materials Delivery ' Nyngan Solar Plant,1/01/2014,"Large-scale solar, Solar energy",AGL Solar Project,https://arena.gov.au/knowledge-bank/guide-to-materials-delivery-nyngan-solar-plant/,"Reports, Guides",https://arena.gov.au/projects/agl-solar-project/,2013,Current
Guide to International Knowledge Transfer - Nyngan Solar Plant,1/01/2014,"Large-scale solar, Solar energy",AGL Solar Project,https://arena.gov.au/knowledge-bank/guide-to-international-knowledge-transfer-nyngan-solar-plant/,"Reports, Guides",https://arena.gov.au/projects/agl-solar-project/,2013,Current
Guide to Local Supply Chain Issues ' Nyngan Solar Plant,1/01/2014,"Large-scale solar, Solar energy",AGL Solar Project,https://arena.gov.au/knowledge-bank/guide-to-local-supply-chain-issues-nyngan-solar-plant/,"Reports, Guides",https://arena.gov.au/projects/agl-solar-project/,2013,Current
Guide to Switchyard Construction ' Nyngan Solar Plant,1/01/2014,"Large-scale solar, Solar energy",AGL Solar Project,https://arena.gov.au/knowledge-bank/guide-to-switchyard-construction-nyngan-solar-plant/,"Reports, Guides",https://arena.gov.au/projects/agl-solar-project/,2013,Current
Guide to Transmission Easement ' Nyngan Solar Plant,1/01/2014,"Large-scale solar, Solar energy",AGL Solar Project,https://arena.gov.au/knowledge-bank/guide-to-transmission-easement-nyngan-solar-plant/,"Reports, Guides",https://arena.gov.au/projects/agl-solar-project/,2013,Current
Habanero Geothermal Project Field Development Plan,1/01/2014,Geothermal energy,Cooper Basin Enhanced Geothermal Systems,https://arena.gov.au/knowledge-bank/habanero-geothermal-project-field-development-plan/,Reports,https://arena.gov.au/projects/cooper-basin-enhanced-geothermal-systems-heat-and-power-development/,2010,Past
Comparing Least Cost Scenarios for Renewable Electricity with Low Emission Fossil Fuel Scenarios in the NEM,31/12/2013,Hybrid technologies,Achieving Cost-Affective Abatement,https://arena.gov.au/knowledge-bank/comparing-least-cost-scenarios-for-renewable-electricity-with-low-emission-fossil-fuel-scenarios-in-the-nem/,Reports,https://arena.gov.au/projects/achieving-cost-effective-abatement-australian-electricity-generation/,2012,Past
Designing Electricity Markets for a High Penetration of Variable Renewables,31/12/2013,Hybrid technologies,Achieving Cost-Affective Abatement,https://arena.gov.au/knowledge-bank/designing-electricity-markets-for-a-high-penetration-of-variable-renewables/,Reports,https://arena.gov.au/projects/achieving-cost-effective-abatement-australian-electricity-generation/,2012,Past
A Distributed Energy Market: Consumer & Utility Interest and the Regulatory Requirements,19/08/2013,Distributed energy resources,Distributed Energy Market,https://arena.gov.au/knowledge-bank/a-distributed-energy-market-consumer-utility-interest-and-the-regulatory-requirements/,Reports,https://arena.gov.au/projects/a-distributed-energy-market-consumer-and-utility-interest-and-the-regulatory-requirements/,2012,Past
Generating Renewable Energy from Almond Waste Final Report,19/07/2013,Bioenergy / Energy from waste,Generating Renewable Energy from Almond Waste,https://arena.gov.au/knowledge-bank/generating-renewable-energy-from-almond-waste-final-report/,Reports,https://arena.gov.au/projects/generating-renewable-energy-from-almond-waste/,2012,Past
Presentation: The Australian Renewable Energy Agency and the New Energy Course,2/07/2013,Solar energy,,https://arena.gov.au/knowledge-bank/presentation-the-australian-renewable-energy-agency-and-the-new-energy-course/,Presentation,,,
Presentation: Renewable Energy Technology and The Future,2/07/2013,Renewables for industry,,https://arena.gov.au/knowledge-bank/presentation-renewable-energy-technology-and-the-future-driving-the-long-term-transformation-to-a-clean-energy-technology-economy-in-queensland/,Presentation,,,
Presentation: Role of Govt in Improving The Competitiveness of Renewable Energy Technologies,19/02/2013,Solar energy,,https://arena.gov.au/knowledge-bank/presentation-the-role-of-government-in-improving-the-competitiveness-of-renewable-energy-technologies-and-increasing-the-supply-of-renewable-energy-in-australia/,Presentation,,,
Householder Interest in Active Participation in the Solar Distributed Energy Market,1/01/2013,Solar energy,,https://arena.gov.au/knowledge-bank/a-distributed-energy-market-consumer-utility-interest-and-the-regulatory-requirements-focus-groups-report/,Reports,,,
Discovering Renewable Potential Through Hybridisation,1/01/2013,Hybrid technologies,,https://arena.gov.au/knowledge-bank/discovering-renewable-potential-through-hybridisation/,Reports,,,
Drivers of domestic PV uptake: Characteristics of households with solar photovoltaic systems,1/01/2013,Solar energy,,https://arena.gov.au/knowledge-bank/drivers-of-domestic-pv-uptake-characteristics-of-households-with-solar-photovoltaic-systems/,Reports,,,
Australian Feedstock and Refining Capacity to Produce Sustainable Aviation Fuel (SAF),1/01/2013,Bioenergy / Energy from waste,Australian Feedstock and Refining Capacity,https://arena.gov.au/knowledge-bank/australian-feedstock-and-refining-capacity-to-produce-sustainable-aviation-fuel-saf/,Reports,https://arena.gov.au/projects/australian-feedstock-and-refining-capacity-to-produce-sustainable-aviation-fuel-saf/,2012,Past
"Biofuel from Microalgae: Efficient Separation, Processing and Utilisation of Algal Biomass",1/01/2013,Bioenergy / Energy from waste,Production of Biofuel from Microalgae,https://arena.gov.au/knowledge-bank/biofuel-from-microalgae-efficient-separation-processing-and-utilisation-of-algal-biomass/,Reports,https://arena.gov.au/projects/production-of-biofuel-from-microalgae/,2009,Past
Collinsville Solar Thermal Power Station Initial Plant Assessment Report,1/01/2013,"Concentrated solar thermal, Solar energy",Conversion of Coal to Hybrid Solar Thermal/Gas,https://arena.gov.au/knowledge-bank/collinsville-solar-thermal-power-station-initial-plant-assessment-report/,Reports,https://arena.gov.au/projects/feasibility-study-into-conversion-of-collinsville-power-station-from-coal-to-hybrid-solar-thermalgas/,2013,Past
Collinsville Solar Thermal Feasibility Study: Report 1,1/01/2013,"Concentrated solar thermal, Solar energy",Conversion of Coal to Hybrid Solar Thermal/Gas,https://arena.gov.au/knowledge-bank/collinsville-solar-thermal-feasibility-study-report-1/,"Reports, Milestones",https://arena.gov.au/projects/feasibility-study-into-conversion-of-collinsville-power-station-from-coal-to-hybrid-solar-thermalgas/,2013,Past
Collinsville Solar Thermal Feasibility Study: Report 2,1/01/2013,"Concentrated solar thermal, Solar energy",Conversion of Coal to Hybrid Solar Thermal/Gas,https://arena.gov.au/knowledge-bank/collinsville-solar-thermal-feasibility-study-report-2/,"Reports, Milestones",https://arena.gov.au/projects/feasibility-study-into-conversion-of-collinsville-power-station-from-coal-to-hybrid-solar-thermalgas/,2013,Past
Collinsville Solar Thermal Power Station Knowledge Sharing Report 3,1/01/2013,"Concentrated solar thermal, Solar energy",Conversion of Coal to Hybrid Solar Thermal/Gas,https://arena.gov.au/knowledge-bank/collinsville-solar-thermal-power-station-knowledge-sharing-report-3/,"Reports, Milestones",https://arena.gov.au/projects/feasibility-study-into-conversion-of-collinsville-power-station-from-coal-to-hybrid-solar-thermalgas/,2013,Past
Collinsville Solar Thermal Power Station Modelling Optimisation,1/01/2013,"Concentrated solar thermal, Solar energy",Conversion of Coal to Hybrid Solar Thermal/Gas,https://arena.gov.au/knowledge-bank/collinsville-solar-thermal-power-station-modelling-optimisation/,Reports,https://arena.gov.au/projects/feasibility-study-into-conversion-of-collinsville-power-station-from-coal-to-hybrid-solar-thermalgas/,2013,Past
Presentation: Bioenergy and The Renewable Energy Agenda,26/11/2012,Bioenergy / Energy from waste,,https://arena.gov.au/knowledge-bank/presentation-bioenergy-and-the-renewable-energy-agenda/,Presentation,,,
Solar Energy Management for Utilities,1/07/2012,Solar energy,Solar Energy Management System for Utilities,https://arena.gov.au/knowledge-bank/solar-energy-management-for-utilities/,"Reports, Lessons",https://arena.gov.au/projects/solar-energy-management-system-for-utilities/,2012,Past
"Production of Generation 2 Ethanol, High Nutrition Feed and Green Coal from Sugarcane Bagasse",25/04/2012,Bioenergy / Energy from waste,Generation 2 Ethanol from Sugarcane Waste,https://arena.gov.au/knowledge-bank/production-of-generation-2-ethanol-high-nutrition-feed-and-green-coal-from-sugarcane-bagasse/,Reports,https://arena.gov.au/projects/production-of-generation-2-ethanol-from-sugarcane-waste/,2009,Past
Carnarvon: A Case Study of Increasing Levels of PV Penetration in an Isolated Electricity Supply System,1/01/2012,Solar energy,,https://arena.gov.au/knowledge-bank/carnarvon-a-case-study-of-increasing-levels-of-pv-penetration-in-an-isolated-electricity-supply-system/,Reports,,,
Commercial Demonstration of Lignocellulosics to (Unique) Stable Bio-Crude Oil,1/01/2012,Bioenergy / Energy from waste,Demonstrate Commercial Production of Bio-Crude Oil from Biomass,https://arena.gov.au/knowledge-bank/commercial-demonstration-of-lignocellulosics-to-unique-stable-bio-crude-oil/,Reports,https://arena.gov.au/projects/demonstrate-commercial-production-of-bio-crude-oil-from-biomass/,2009,Past
Alice Springs: A Case Study of Increasing Levels of PV Penetration in an Electricity Supply System,1/01/2012,Solar energy,,https://arena.gov.au/knowledge-bank/alice-springs-a-case-study-of-increasing-levels-of-pv-penetration-in-an-electricity-supply-system/,Reports,,,
Cane2Fuel: Feasibility of Producing Biofuel from Sugarcane Waste,1/01/2012,Bioenergy / Energy from waste,Cane2Fuel: Feasibility of Producing Biofuel from Sugarcane Waste,https://arena.gov.au/knowledge-bank/cane2fuel-feasibility-of-producing-biofuel-from-sugarcane-waste/,Reports,https://arena.gov.au/projects/cane2fuel-feasibility-of-producing-biofuel-from-sugarcane-waste/,2010,Past
Sustainable Production of Transport Biofuels from Mallee Crops by Pyrolysis and Biorefinery,1/01/2012,Bioenergy / Energy from waste,Sustainable Production of Transport Biofuels,https://arena.gov.au/knowledge-bank/sustainable-production-of-transport-biofuels-from-mallee-crops-by-pyrolysis-and-biorefinery/,Reports,https://arena.gov.au/projects/sustainable-production-of-transport-biofuels-from-mallee-crops-by-pyrolysis-and-biorefinery/,2009,Past
Advanced Biofuels Study,1/01/2012,Bioenergy / Energy from waste,High-Energy Algal Fuels,https://arena.gov.au/knowledge-bank/advanced-biofuels-study/,Reports,https://arena.gov.au/projects/high-energy-algal-fuels/,2012,Past
,,,,,,,,
,,,,,,,,
"Disclaimer: ARENA strives to keep information stored on this website up to date, but does not guarantee the accuracy, reliability or currency of the information. Any errors in the information that are brought to our attention will be corrected as soon as possible.",,,,,,,,
